,index,Catalyst,Imine,Thiol,ddG/kcal/mol,ddG,fold
0,913,O=P1(O)OC2=C([Si](C3=CC=CC=C3)(C4=CC=CC=C4)C5=CC=CC=C5)C=C6C(C=CC=C6)=C2C7=C(O1)C([Si](C8=CC=CC=C8)(C9=CC=CC=C9)C%10=CC=CC=C%10)=CC%11=C7C=CC=C%11,O=C(C1=CC=CC=C1)/N=C/C2=CC=CC3=C2C=CC=C3,SC1=CC=C(OC)C=C1,0.166908496,0.698345147,6
1,463,O=P1(O)OC2=C(C3=C(C=CC4=CC=CC(C=C5)=C46)C6=C5C=C3)C=C7C(C=CC=C7)=C2C8=C(O1)C(C9=CC=C(C=C%10)C%11=C9C=CC%12=CC=CC%10=C%11%12)=CC%13=C8C=CC=C%13,O=C(C1=CC=CC=C1)/N=C/C2=CC=C(OC)C=C2,CCS,0.166908496,0.698345147,0
2,829,O=P1(O)OC2=C(C3=CC(C(C)(C)C)=CC(C(C)(C)C)=C3)C=C4C(CCCC4)=C2C5=C(O1)C(C6=CC(C(C)(C)C)=CC(C(C)(C)C)=C6)=CC7=C5CCCC7,O=C(C1=CC=CC=C1)/N=C/C2=CC=CC=C2,SC1CCCCC1,0.559297578,2.340101066,0
3,762,O=P1(O)OC2=C(C3=CC(C4=C(C)C=C(C)C=C4C)=CC(C5=C(C)C=C(C)C=C5C)=C3)C=C6C(CCCC6)=C2C7=C(O1)C(C8=CC(C9=C(C)C=C(C)C=C9C)=CC(C%10=C(C)C=C(C)C=C%10C)=C8)=CC%11=C7CCCC%11,O=C(C1=CC=CC=C1)/N=C/C2=CC=CC=C2,SC1=CC=CC=C1,1.629422542,6.817503916,6
4,669,O=P1(O)OC2=C(C3=CC=C(OC)C=C3)C=C4C(C=CC=C4)=C2C5=C(O1)C(C6=CC=C(OC)C=C6)=CC7=C5C=CC=C7,O=C(C1=CC=CC=C1)/N=C/C2=CC=CC=C2,CCS,0.650583556,2.722041598,5
5,106,O=P1(O)OC2=C(C3=C(C(C)C)C=C(C(C)C)C=C3C(C)C)C=C4C(C=CC=C4)=C2C5=C(O1)[C@@]([C@@]6=C(C(C)C)C=C(C(C)C)C=C6C(C)C)=CC7=C5C=CC=C7,O=C(C1=CC=CC=C1)/N=C/C2=CC=C(C(F)(F)F)C=C2,SC1=CC=CC=C1,2.058499317,8.612761142,9
6,545,O=P1(O)OC2=C(C3=CC(C(C)(C)C)=CC(C(C)(C)C)=C3)C=C4C(C=CC=C4)=C2C5=C(O1)C(C6=CC(C(C)(C)C)=CC(C(C)(C)C)=C6)=CC7=C5C=CC=C7,O=C(C1=CC=CC=C1)/N=C/C2=CC=C(OC)C=C2,SC1=CC=CC=C1,1.370103771,5.732514178,0
7,74,O=P1(O)OC2=[C@]([C@]3=C(Cl)C=C(Cl)C=C3Cl)C=C4C(CCCC4)=[C@]2[C@]5=C(O1)C(C6=C(Cl)C=C(Cl)C=C6Cl)=CC7=C5CCCC7,O=C(C1=CC=CC=C1)/N=C/C2=CC=C(C(F)(F)F)C=C2,SC1=CC=C(OC)C=C1,2.478059282,10.36820004,2
8,596,O=P1(O)OC2=C(C3=C(C=CC=C4)C4=CC5=C3C=CC=C5)C=C6C(C=CC=C6)=C2C7=C(O1)[C@@]([C@@]8=C(C=CC=C9)C9=CC%10=C8C=CC=C%10)=CC%11=C7C=CC=C%11,O=C(C1=CC=CC=C1)/N=C/C2=CC=C(OC)C=C2,SC1=CC=CC=C1C,1.882001124,7.874292703,9
9,814,O=P1(O)OC2=C(C3=C(OC)C=CC=C3OC)C=C4C(C=CC=C4)=C2C5=C(O1)[C@@]([C@@]6=C(OC)C=CC=C6OC)=CC7=C5C=CC=C7,O=C(C1=CC=CC=C1)/N=C/C2=CC=CC=C2,SC1=CC=CC=C1C,1.809159214,7.569522151,6
10,958,O=P1(O)OC2=C(CC)C=C3C(CCCC3)=C2C4=C(O1)C(CC)=CC5=C4CCCC5,O=C(C1=CC=CC=C1)/N=C/C2=CC=CC3=C2C=CC=C3,SC1=CC=CC=C1,0.682601444,2.856004442,5
11,874,O=P1(O)OC2=C(Br)C=C3C(C=CC=C3)=C2C4=C(O1)C(Br)=CC5=CC=CC=C54,O=C(C1=CC=CC=C1)/N=C/C2=CC=CC3=C2C=CC=C3,CCS,-0.240111033,-1.004624562,3
12,353,O=P1(O)OC2=C(Br)C=C3C(CCCC3)=C2C4=C(O1)C(Br)=CC5=C4CCCC5,O=C(C1=CC=CC=C1)/N=C/C2=CC=C(Cl)C=C2Cl,SC1=CC=CC=C1C,0.240111033,1.004624562,5
13,279,O=P1(O)OC2=C(C3=CC=C(C(C)(C)C)C=C3)C=C4C(C=CC=C4)=C2C5=C(O1)C(C6=CC=C(C(C)(C)C)C=C6)=CC7=C5C=CC=C7,O=C(C1=CC=CC=C1)/N=C/C2=CC=C(Cl)C=C2Cl,SC1=CC=C(OC)C=C1,1.238109014,5.180248115,8
14,677,O=P1(O)OC2=C(C3=C(C=CC4=CC=CC(C=C5)=C46)C6=C5C=C3)C=C7C(C=CC=C7)=C2C8=C(O1)C(C9=CC=C(C=C%10)C%11=C9C=CC%12=CC=CC%10=C%11%12)=CC%13=C8C=CC=C%13,O=C(C1=CC=CC=C1)/N=C/C2=CC=CC=C2,CCS,0.559297578,2.340101066,2
15,420,O=P1(O)OC2=C(C3=CC(C4=CC(C=CC=C5)=C5C=C4)=CC=C3)C=C6C(C=CC=C6)=C2C7=C(O1)C(C8=CC=CC(C9=CC=C(C=CC=C%10)C%10=C9)=C8)=CC%11=C7C=CC=C%11,O=C(C1=CC=CC=C1)/N=C/C2=CC=C(Cl)C=C2Cl,SC1CCCCC1,0.589002233,2.464385343,3
16,627,O=P1(O)OC2=C(C3=C(OC(F)(F)F)C=CC=C3)C=C4C(C=CC=C4)=C2C5=C(O1)C(C6=CC=CC=C6OC(F)(F)F)=CC7=C5C=CC=C7,O=C(C1=CC=CC=C1)/N=C/C2=CC=C(OC)C=C2,SC1CCCCC1,0.784603173,3.282779676,0
17,107,O=P1(O)OC2=C(C3=CC(C)=C(OC(C)C)C(C)=C3)C=C4C(C=CC=C4)=C2C5=C(O1)C(C6=CC(C)=C(OC(C)C)C(C)=C6)=CC7=C5C=CC=C7,O=C(C1=CC=CC=C1)/N=C/C2=CC=C(C(F)(F)F)C=C2,SC1=CC=CC=C1,1.370103771,5.732514178,7
18,548,O=P1(O)OC2=C(C3=CC(C4=C(C)C=C(C)C=C4C)=CC(C5=C(C)C=C(C)C=C5C)=C3)C=C6C(CCCC6)=C2C7=C(O1)C(C8=CC(C9=C(C)C=C(C)C=C9C)=CC(C%10=C(C)C=C(C)C=C%10C)=C8)=CC%11=C7CCCC%11,O=C(C1=CC=CC=C1)/N=C/C2=CC=C(OC)C=C2,SC1=CC=CC=C1,1.531802956,6.409063568,2
19,959,O=P1(O)OC2=C(C3=CC=C(OC)C=C3)C=C4C(C=CC=C4)=C2C5=C(O1)C(C6=CC=C(OC)C=C6)=CC7=C5C=CC=C7,O=C(C1=CC=CC=C1)/N=C/C2=CC=CC3=C2C=CC=C3,SC1=CC=CC=C1,1.238109014,5.180248115,3
20,204,O=P1(O)OC2=C(C3=CC=C(C4=CC=C(C=CC=C5)C5=C4)C=C3)C=C6C(C=CC=C6)=C2C7=C(O1)C(C8=CC=C(C9=CC(C=CC=C%10)=C%10C=C9)C=C8)=CC%11=C7C=CC=C%11,O=C(C1=CC=CC=C1)/N=C/C2=CC=C(C(F)(F)F)C=C2,SC1CCCCC1,0.715545793,2.993843598,9
21,338,O=P1(O)OC2=C(C3=C(C=CC4=CC=CC(C=C5)=C46)C6=C5C=C3)C=C7C(C=CC=C7)=C2C8=C(O1)C(C9=CC=C(C=C%10)C%11=C9C=CC%12=CC=CC%10=C%11%12)=CC%13=C8C=CC=C%13,O=C(C1=CC=CC=C1)/N=C/C2=CC=C(Cl)C=C2Cl,SC1=CC=CC=C1,1.743657522,7.295463072,9
22,479,O=P1(O)OC2=C([Si](C3=CC=CC=C3)(C)C4=CC=CC=C4)C=C5C(C=CC=C5)=C2C6=C(O1)C([Si](C7=CC=CC=C7)(C8=CC=CC=C8)C)=CC9=C6C=CC=C9,O=C(C1=CC=CC=C1)/N=C/C2=CC=C(OC)C=C2,SC1=CC=C(OC)C=C1,0.820945045,3.434834068,8
23,369,O=P1(O)OC2=C(C3=C(C(C)C)C=C(C(C)C)C=C3C(C)C)C=C4C(C=CC=C4)=C2C5=C(O1)[C@@]([C@@]6=C(C(C)C)C=C(C(C)C)C=C6C(C)C)=CC7=C5C=CC=C7,O=C(C1=CC=CC=C1)/N=C/C2=CC=C(Cl)C=C2Cl,SC1=CC=CC=C1C,2.304684113,9.642798329,3
24,674,O=P1(O)OC2=C(C3=C(OC(F)(F)F)C=CC=C3)C=C4C(C=CC=C4)=C2C5=C(O1)C(C6=CC=CC=C6OC(F)(F)F)=CC7=C5C=CC=C7,O=C(C1=CC=CC=C1)/N=C/C2=CC=CC=C2,CCS,0.5302345,2.218501148,0
25,217,O=P1(O)OC2=C(C3=C(C)C=C(C)C=C3C)C=C4C(C=CC=C4)=C2C5=C(O1)[C@@]([C@@]6=C(C)C=C(C)C=C6C)=CC7=C5C=CC=C7,O=C(C1=CC=CC=C1)/N=C/C2=CC=C(Cl)C=C2Cl,CCS,1.027207628,4.297836716,8
26,23,O=P1(O)OC2=C(C3=CC(COC)=CC=C3)C=C4C(C=CC=C4)=C2C5=C(O1)C(C6=CC=CC(COC)=C6)=CC7=C5C=CC=C7,O=C(C1=CC=CC=C1)/N=C/C2=CC=C(C(F)(F)F)C=C2,CCS,0.559297578,2.340101066,8
27,255,O=P1(O)OC2=C(C3=CC(C(F)(F)F)=CC(C(F)(F)F)=C3)C=C4C(C=CC=C4)=C2C5=C(O1)C(C6=CC(C(F)(F)F)=CC(C(F)(F)F)=C6)=CC7=C5C=CC=C7,O=C(C1=CC=CC=C1)/N=C/C2=CC=C(Cl)C=C2Cl,CCS,0.252474461,1.056353145,5
28,642,O=P1(O)OC2=[C@]([C@]3=C(Cl)C=C(Cl)C=C3Cl)C=C4C(CCCC4)=[C@]2[C@]5=C(O1)C(C6=C(Cl)C=C(Cl)C=C6Cl)=CC7=C5CCCC7,O=C(C1=CC=CC=C1)/N=C/C2=CC=C(OC)C=C2,SC1CCCCC1,1.370103771,5.732514178,4
29,932,O=P1(O)OC2=C(C3=CC=C(C4=CC(C(F)(F)F)=CC(C(F)(F)F)=C4)C=C3)C=C5C(C=CC=C5)=C2C6=C(O1)C(C7=CC=C(C8=CC(C(F)(F)F)=CC(C(F)(F)F)=C8)C=C7)=CC9=C6C=CC=C9,O=C(C1=CC=CC=C1)/N=C/C2=CC=CC3=C2C=CC=C3,SC1=CC=C(OC)C=C1,1.370103771,5.732514178,8
30,890,O=P1(O)OC2=C(C3=CC=C(C(C)(C)C)C=C3)C=C4C(C=CC=C4)=C2C5=C(O1)C(C6=CC=C(C(C)(C)C)C=C6)=CC7=C5C=CC=C7,O=C(C1=CC=CC=C1)/N=C/C2=CC=CC3=C2C=CC=C3,CCS,0.406036647,1.698857331,7
31,329,O=P1(O)OC2=C(C3=CC(C(C)(C)C)=CC(C(C)(C)C)=C3)C=C4C(CCCC4)=C2C5=C(O1)C(C6=CC(C(C)(C)C)=CC(C(C)(C)C)=C6)=CC7=C5CCCC7,O=C(C1=CC=CC=C1)/N=C/C2=CC=C(Cl)C=C2Cl,SC1=CC=CC=C1,1.301167112,5.444083197,2
32,729,O=P1(O)OC2=C(C3=C(OC)C=CC=C3OC)C=C4C(C=CC=C4)=C2C5=C(O1)[C@@]([C@@]6=C(OC)C=CC=C6OC)=CC7=C5C=CC=C7,O=C(C1=CC=CC=C1)/N=C/C2=CC=CC=C2,SC1=CC=C(OC)C=C1,1.882001124,7.874292703,6
33,947,O=P1(O)OC2=C(C3=CC=C(S(F)(F)(F)(F)F)C=C3)C=C4C(C=CC=C4)=C2C5=C(O1)C(C6=CC=C(S(F)(F)(F)(F)F)C=C6)=CC7=C5C=CC=C7,O=C(C1=CC=CC=C1)/N=C/C2=CC=CC3=C2C=CC=C3,SC1=CC=CC=C1,1.17989059,4.936662229,0
34,45,O=P1(O)OC2=C(CC3=CC=C(OC)C=C3)C=C4C(CCCC4)=C2C5=C(O1)C(CC6=CC=C(OC)C=C6)=CC7=C5CCCC7,O=C(C1=CC=CC=C1)/N=C/C2=CC=C(C(F)(F)F)C=C2,SC1=CC=C(OC)C=C1,0.264892334,1.108309525,9
35,840,O=P1(O)OC2=[C@]([C@]3=C(Cl)C=C(Cl)C=C3Cl)C=C4C(CCCC4)=[C@]2[C@]5=C(O1)C(C6=C(Cl)C=C(Cl)C=C6Cl)=CC7=C5CCCC7,O=C(C1=CC=CC=C1)/N=C/C2=CC=CC=C2,SC1CCCCC1,1.099959936,4.602232372,8
36,418,O=P1(O)OC2=C(C3=C(C=CC4=CC=CC(C=C5)=C46)C6=C5C=C3)C=C7C(C=CC=C7)=C2C8=C(O1)C(C9=CC=C(C=C%10)C%11=C9C=CC%12=CC=CC%10=C%11%12)=CC%13=C8C=CC=C%13,O=C(C1=CC=CC=C1)/N=C/C2=CC=C(Cl)C=C2Cl,SC1CCCCC1,0.820945045,3.434834068,0
37,552,O=P1(O)OC2=C(C3=CC=C(OC)C=C3)C=C4C(C=CC=C4)=C2C5=C(O1)C(C6=CC=C(OC)C=C6)=CC7=C5C=CC=C7,O=C(C1=CC=CC=C1)/N=C/C2=CC=C(OC)C=C2,SC1=CC=CC=C1,1.301167112,5.444083197,3
38,518,O=P1(O)OC2=C(C3=CC=C(S(F)(F)(F)(F)F)C=C3)C=C4C(C=CC=C4)=C2C5=C(O1)C(C6=CC=C(S(F)(F)(F)(F)F)C=C6)=CC7=C5C=CC=C7,O=C(C1=CC=CC=C1)/N=C/C2=CC=C(OC)C=C2,SC1=CC=CC=C1,1.238109014,5.180248115,1
39,33,O=P1(O)OC2=C(C3=CC=C(C4CCCCC4)C=C3)C=C5C(CCCC5)=C2C6=C(O1)C(C7=CC=C(C8CCCCC8)C=C7)=CC9=C6CCCC9,O=C(C1=CC=CC=C1)/N=C/C2=CC=C(C(F)(F)F)C=C2,CCS,0.5302345,2.218501148,7
40,976,O=P1(O)OC2=C(C3=CC(C4=C(C)C=C(C)C=C4C)=CC(C5=C(C)C=C(C)C=C5C)=C3)C=C6C(CCCC6)=C2C7=C(O1)C(C8=CC(C9=C(C)C=C(C)C=C9C)=CC(C%10=C(C)C=C(C)C=C%10C)=C8)=CC%11=C7CCCC%11,O=C(C1=CC=CC=C1)/N=C/C2=CC=CC3=C2C=CC=C3,SC1=CC=CC=C1,1.629422542,6.817503916,2
41,311,O=P1(O)OC2=C(C3=CC(C4=CC=C(OC)C=C4)=CC(C5=CC=C(OC)C=C5)=C3)C=C6C(C=CC=C6)=C2C7=C(O1)C(C8=CC(C9=CC=C(OC)C=C9)=CC(C%10=CC=C(OC)C=C%10)=C8)=CC%11=C7C=CC=C%11,O=C(C1=CC=CC=C1)/N=C/C2=CC=C(Cl)C=C2Cl,SC1=CC=CC=C1,1.238109014,5.180248115,5
42,189,O=P1(O)OC2=C([Si](C3=CC=C(C(C)(C)C)C=C3)(C4=CC=C(C(C)(C)C)C=C4)C5=CC=C(C(C)(C)C)C=C5)C=C6C(CCCC6)=C2C7=C(O1)C([Si](C8=CC=C(C(C)(C)C)C=C8)(C9=CC=C(C(C)(C)C)C=C9)C%10=CC=C(C(C)(C)C)C=C%10)=CC%11=C7CCCC%11,O=C(C1=CC=CC=C1)/N=C/C2=CC=C(C(F)(F)F)C=C2,SC1CCCCC1,0.047400225,0.198322541,0
43,2,O=P1(O)OC2=C(C3=C(C)C=C(C)C=C3C)C=C4C(C=CC=C4)=C2C5=C(O1)[C@@]([C@@]6=C(C)C=C(C)C=C6C)=CC7=C5C=CC=C7,O=C(C1=CC=CC=C1)/N=C/C2=CC=C(C(F)(F)F)C=C2,CCS,1.17989059,4.936662229,9
44,531,O=P1(O)OC2=C(C3=CC=C(C)C=C3)C=C4C(C=CC=C4)=C2C5=C(O1)C(C6=CC=C(C)C=C6)=CC7=C5C=CC=C7,O=C(C1=CC=CC=C1)/N=C/C2=CC=C(OC)C=C2,SC1=CC=CC=C1,1.125722444,4.710022706,4
45,339,O=P1(O)OC2=C(C3=C(C4=CC(C=CC=C5)=C5C=C4)C=CC=C3)C=C6C(CCCC6)=C2C7=C(O1)C(C8=CC=CC=C8C9=CC=C(C=CC=C%10)C%10=C9)=CC%11=C7CCCC%11,O=C(C1=CC=CC=C1)/N=C/C2=CC=C(Cl)C=C2Cl,SC1=CC=CC=C1,1.446325365,6.051425327,1
46,423,O=P1(O)OC2=C(C3=CC(C(F)(F)F)=CC(C(F)(F)F)=C3)C=C4C(C=CC=C4)=C2C5=C(O1)C(C6=CC(C(F)(F)F)=CC(C(F)(F)F)=C6)=CC7=C5C=CC=C7,O=C(C1=CC=CC=C1)/N=C/C2=CC=C(Cl)C=C2Cl,SC1CCCCC1,0.515926322,2.158635731,9
47,157,O=P1(O)OC2=C(C3=CC(C4=C(C)C=C(C)C=C4C)=CC(C5=C(C)C=C(C)C=C5C)=C3)C=C6C(CCCC6)=C2C7=C(O1)C(C8=CC(C9=C(C)C=C(C)C=C9C)=CC(C%10=C(C)C=C(C)C=C%10C)=C8)=CC%11=C7CCCC%11,O=C(C1=CC=CC=C1)/N=C/C2=CC=C(C(F)(F)F)C=C2,SC1=CC=CC=C1C,1.629422542,6.817503916,7
48,340,O=P1(O)OC2=C(C3=CC=C(C4=CC=C(C=CC=C5)C5=C4)C=C3)C=C6C(C=CC=C6)=C2C7=C(O1)C(C8=CC=C(C9=CC(C=CC=C%10)=C%10C=C9)C=C8)=CC%11=C7C=CC=C%11,O=C(C1=CC=CC=C1)/N=C/C2=CC=C(Cl)C=C2Cl,SC1=CC=CC=C1,1.301167112,5.444083197,3
49,525,O=P1(O)OC2=C(Br)C=C3C(CCCC3)=C2C4=C(O1)C(Br)=CC5=C4CCCC5,O=C(C1=CC=CC=C1)/N=C/C2=CC=C(OC)C=C2,SC1=CC=CC=C1,0.166908496,0.698345147,2
50,952,O=P1(O)OC2=C([Si](C3=CC=CC=C3)(C)C4=CC=CC=C4)C=C5C(C=CC=C5)=C2C6=C(O1)C([Si](C7=CC=CC=C7)(C8=CC=CC=C8)C)=CC9=C6C=CC=C9,O=C(C1=CC=CC=C1)/N=C/C2=CC=CC3=C2C=CC=C3,SC1=CC=CC=C1,0.650583556,2.722041598,4
51,607,O=P1(O)OC2=C(CC3=CC=C(OC)C=C3)C=C4C(CCCC4)=C2C5=C(O1)C(CC6=CC=C(OC)C=C6)=CC7=C5CCCC7,O=C(C1=CC=CC=C1)/N=C/C2=CC=C(OC)C=C2,SC1CCCCC1,0.749510758,3.135953011,6
52,289,O=P1(O)OC2=C(C3=C(C4CCCCC4)C=C(C5CCCCC5)C=C3C6CCCCC6)C=C7C(C=CC=C7)=C2C8=C(O1)[C@@]([C@@]9=C(C%10CCCCC%10)C=C(C%11CCCCC%11)C=C9C%12CCCCC%12)=CC%13=C8C=CC=C%13,O=C(C1=CC=CC=C1)/N=C/C2=CC=C(Cl)C=C2Cl,SC1=CC=C(OC)C=C1,3.134624572,13.11526921,2
53,309,O=P1(O)OC2=C([Si](C3=CC=CC=C3)(C)C4=CC=CC=C4)C=C5C(C=CC=C5)=C2C6=C(O1)C([Si](C7=CC=CC=C7)(C8=CC=CC=C8)C)=CC9=C6C=CC=C9,O=C(C1=CC=CC=C1)/N=C/C2=CC=C(Cl)C=C2Cl,SC1=CC=CC=C1,1.027207628,4.297836716,9
54,275,O=P1(O)OC2=C(C3=C(OCC)C=CC(C)=C3)C=C4C(C=CC=C4)=C2C5=C(O1)C(C6=CC(C)=CC=C6OCC)=CC7=C5C=CC=C7,O=C(C1=CC=CC=C1)/N=C/C2=CC=C(Cl)C=C2Cl,SC1=CC=C(OC)C=C1,1.125722444,4.710022706,5
55,689,O=P1(O)OC2=C(C3=CC=C(S(F)(F)(F)(F)F)C=C3)C=C4C(C=CC=C4)=C2C5=C(O1)C(C6=CC=C(S(F)(F)(F)(F)F)C=C6)=CC7=C5C=CC=C7,O=C(C1=CC=CC=C1)/N=C/C2=CC=CC=C2,SC1=CC=C(OC)C=C1,1.17989059,4.936662229,6
56,1057,O=P1(O)OC2=C(C3=C(OCC)C=CC(C)=C3)C=C4C(C=CC=C4)=C2C5=C(O1)C(C6=CC(C)=CC=C6OCC)=CC7=C5C=CC=C7,O=C(C1=CC=CC=C1)/N=C/C2=CC=CC3=C2C=CC=C3,SC1CCCCC1,0.981980567,4.108606692,8
57,939,O=P1(O)OC2=C(C3=CC(COC)=CC=C3)C=C4C(CCCC4)=C2C5=C(O1)C(C6=CC=CC(COC)=C6)=CC7=C5CCCC7,O=C(C1=CC=CC=C1)/N=C/C2=CC=CC3=C2C=CC=C3,SC1=CC=C(OC)C=C1,1.301167112,5.444083197,8
58,835,O=P1(O)OC2=C([Si](C3=CC=C(C(C)(C)C)C=C3)(C4=CC=C(C(C)(C)C)C=C4)C5=CC=C(C(C)(C)C)C=C5)C=C6C(CCCC6)=C2C7=C(O1)C([Si](C8=CC=C(C(C)(C)C)C=C8)(C9=CC=C(C(C)(C)C)C=C9)C%10=CC=C(C(C)(C)C)C=C%10)=CC%11=C7CCCC%11,O=C(C1=CC=CC=C1)/N=C/C2=CC=CC=C2,SC1CCCCC1,0.023690626,0.099121579,7
59,583,O=P1(O)OC2=C(C3=C(C)C=C(C)C=C3C)C=C4C(C=CC=C4)=C2C5=C(O1)[C@@]([C@@]6=C(C)C=C(C)C=C6C)=CC7=C5C=CC=C7,O=C(C1=CC=CC=C1)/N=C/C2=CC=C(OC)C=C2,SC1=CC=CC=C1C,1.301167112,5.444083197,3
60,438,O=P1(O)OC2=C(CC3=C(C=CC=C4)C4=CC5=C3C=CC=C5)C=C6C(C=CC=C6)=C2C7=C(O1)C(CC8=C(C=CC=C9)C9=CC%10=C8C=CC=C%10)=CC%11=C7C=CC=C%11,O=C(C1=CC=CC=C1)/N=C/C2=CC=C(OC)C=C2,CCS,0.289903935,1.212958064,6
61,643,O=P1(O)OC2=C(C3=C(OCC)C=CC(C)=C3)C=C4C(C=CC=C4)=C2C5=C(O1)C(C6=CC(C)=CC=C6OCC)=CC7=C5C=CC=C7,O=C(C1=CC=CC=C1)/N=C/C2=CC=C(OC)C=C2,SC1CCCCC1,1.743657522,7.295463072,4
62,434,O=P1(O)OC2=C(C3=CC=C(S(F)(F)(F)(F)F)C=C3)C=C4C(C=CC=C4)=C2C5=C(O1)C(C6=CC=C(S(F)(F)(F)(F)F)C=C6)=CC7=C5C=CC=C7,O=C(C1=CC=CC=C1)/N=C/C2=CC=C(OC)C=C2,CCS,0.446373616,1.867627209,9
63,1056,O=P1(O)OC2=C(C3=CC=C(OC)C=C3)C=C4C(C=CC=C4)=C2C5=C(O1)C(C6=CC=C(OC)C=C6)=CC7=C5C=CC=C7,O=C(C1=CC=CC=C1)/N=C/C2=CC=CC3=C2C=CC=C3,SC1CCCCC1,0.501758501,2.099357568,9
64,1042,O=P1(O)OC2=C([Si](C3=CC=CC=C3)(C)C4=CC=CC=C4)C=C5C(C=CC=C5)=C2C6=C(O1)C([Si](C7=CC=CC=C7)(C8=CC=CC=C8)C)=CC9=C6C=CC=C9,O=C(C1=CC=CC=C1)/N=C/C2=CC=CC3=C2C=CC=C3,SC1CCCCC1,0.240111033,1.004624562,9
65,968,O=P1(O)OC2=C(C3=C(C(C)C)C=C(C(C)C)C=C3C(C)C)C=C4C(C=CC=C4)=C2C5=C(O1)[C@@]([C@@]6=C(C(C)C)C=C(C(C)C)C=C6C(C)C)=CC7=C5C=CC=C7,O=C(C1=CC=CC=C1)/N=C/C2=CC=CC3=C2C=CC=C3,SC1=CC=CC=C1,2.721168735,11.38536999,3
66,860,O=P1(O)OC2=C(C3=CC=CC=C3)C=C4C(C=CC=C4)=C2C5=C(O1)C(C6=CC=CC=C6)=CC7=C5C=CC=C7,O=C(C1=CC=CC=C1)/N=C/C2=CC=CC3=C2C=CC=C3,CCS,0.240111033,1.004624562,0
67,774,O=P1(O)OC2=C(C3=CC(C)=C(OC(C)C)C(C)=C3)C=C4C(C=CC=C4)=C2C5=C(O1)C(C6=CC(C)=C(OC(C)C)C(C)=C6)=CC7=C5C=CC=C7,O=C(C1=CC=CC=C1)/N=C/C2=CC=CC=C2,SC1=CC=CC=C1C,1.125722444,4.710022706,1
68,558,O=P1(O)OC2=C(C3=C(OC)C=CC=C3OC)C=C4C(C=CC=C4)=C2C5=C(O1)[C@@]([C@@]6=C(OC)C=CC=C6OC)=CC7=C5C=CC=C7,O=C(C1=CC=CC=C1)/N=C/C2=CC=C(OC)C=C2,SC1=CC=CC=C1,1.531802956,6.409063568,9
69,1023,O=P1(O)OC2=C(C3=C(C(C)C)C=C(C4=CC=C(C(C)(C)C)C=C4)C=C3C(C)C)C=C5C(C=CC=C5)=[C@]2[C@]6=C(O1)C(C7=C(C(C)C)C=C(C8=CC=C(C(C)(C)C)C=C8)C=C7C(C)C)=CC9=C6C=CC=C9,O=C(C1=CC=CC=C1)/N=C/C2=CC=CC3=C2C=CC=C3,SC1=CC=CC=C1C,2.721168735,11.38536999,2
70,349,O=P1(O)OC2=C(CC3=C(C=CC=C4)C4=CC5=C3C=CC=C5)C=C6C(C=CC=C6)=C2C7=C(O1)C(CC8=C(C=CC=C9)C9=CC%10=C8C=CC=C%10)=CC%11=C7C=CC=C%11,O=C(C1=CC=CC=C1)/N=C/C2=CC=C(Cl)C=C2Cl,SC1=CC=CC=C1C,0.682601444,2.856004442,0
71,555,O=P1(O)OC2=C(C3=CC(COC)=CC=C3)C=C4C(CCCC4)=C2C5=C(O1)C(C6=CC=CC(COC)=C6)=CC7=C5CCCC7,O=C(C1=CC=CC=C1)/N=C/C2=CC=C(OC)C=C2,SC1=CC=CC=C1,1.370103771,5.732514178,4
72,638,O=P1(O)OC2=C(C3=C(C(C)C)C=C(C(C)C)C=C3C(C)C)C=C4C(C=CC=C4)=C2C5=C(O1)[C@@]([C@@]6=C(C(C)C)C=C(C(C)C)C=C6C(C)C)=CC7=C5C=CC=C7,O=C(C1=CC=CC=C1)/N=C/C2=CC=C(OC)C=C2,SC1CCCCC1,1.743657522,7.295463072,5
73,401,O=P1(O)OC2=C(Br)C=C3C(CCCC3)=C2C4=C(O1)C(Br)=CC5=C4CCCC5,O=C(C1=CC=CC=C1)/N=C/C2=CC=C(Cl)C=C2Cl,SC1CCCCC1,0.0,0.0,7
74,567,O=P1(O)OC2=C(C3=CC(C(C)(C)C)=CC(C(C)(C)C)=C3)C=C4C(C=CC=C4)=C2C5=C(O1)C(C6=CC(C(C)(C)C)=CC(C(C)(C)C)=C6)=CC7=C5C=CC=C7,O=C(C1=CC=CC=C1)/N=C/C2=CC=C(OC)C=C2,SC1=CC=CC=C1C,1.17989059,4.936662229,6
75,116,O=P1(O)OC2=C(C3=C(C=CC=C4)C4=C(C5=CC(C=CC=C6)=C6C=C5)C7=C3C=CC=C7)C=C8C(C=CC=C8)=[C@]2[C@]9=C(O1)C(C%10=C(C=CC=C%11)C%11=C(C%12=CC=C(C=CC=C%13)C%13=C%12)C%14=C%10C=CC=C%14)=CC%15=C9C=CC=C%15,O=C(C1=CC=CC=C1)/N=C/C2=CC=C(C(F)(F)F)C=C2,SC1=CC=CC=C1,2.058499317,8.612761142,0
76,980,O=P1(O)OC2=C(C3=C(OCC)C=CC(C)=C3)C=C4C(C=CC=C4)=C2C5=C(O1)C(C6=CC(C)=CC=C6OCC)=CC7=C5C=CC=C7,O=C(C1=CC=CC=C1)/N=C/C2=CC=CC3=C2C=CC=C3,SC1=CC=CC=C1,1.446325365,6.051425327,1
77,821,O=P1(O)OC2=C(C3=CC=C(S(F)(F)(F)(F)F)C=C3)C=C4C(C=CC=C4)=C2C5=C(O1)C(C6=CC=C(S(F)(F)(F)(F)F)C=C6)=CC7=C5C=CC=C7,O=C(C1=CC=CC=C1)/N=C/C2=CC=CC=C2,SC1CCCCC1,0.559297578,2.340101066,4
78,658,O=P1(O)OC2=C(C3=CC(C4=CC=C(OC)C=C4)=CC(C5=CC=C(OC)C=C5)=C3)C=C6C(C=CC=C6)=C2C7=C(O1)C(C8=CC(C9=CC=C(OC)C=C9)=CC(C%10=CC=C(OC)C=C%10)=C8)=CC%11=C7C=CC=C%11,O=C(C1=CC=CC=C1)/N=C/C2=CC=CC=C2,CCS,0.446373616,1.867627209,7
79,974,O=P1(O)OC2=C(C3=CC(C4=CC=C(OC)C=C4)=CC(C5=CC=C(OC)C=C5)=C3)C=C6C(C=CC=C6)=C2C7=C(O1)C(C8=CC(C9=CC=C(OC)C=C9)=CC(C%10=CC=C(OC)C=C%10)=C8)=CC%11=C7C=CC=C%11,O=C(C1=CC=CC=C1)/N=C/C2=CC=CC3=C2C=CC=C3,SC1=CC=CC=C1,1.531802956,6.409063568,6
80,173,O=P1(O)OC2=C(C3=C(F)C=C(OC)C=C3F)C=C4C(C=CC=C4)=[C@]2[C@]5=C(O1)C(C6=C(F)C=C(OC)C=C6F)=CC7=C5C=CC=C7,O=C(C1=CC=CC=C1)/N=C/C2=CC=C(C(F)(F)F)C=C2,SC1CCCCC1,0.820945045,3.434834068,4
81,466,O=P1(O)OC2=C(C3=CC=C(C4=CC=C(C=CC=C5)C5=C4)C=C3)C=C6C(C=CC=C6)=C2C7=C(O1)C(C8=CC=C(C9=CC(C=CC=C%10)=C%10C=C9)C=C8)=CC%11=C7C=CC=C%11,O=C(C1=CC=CC=C1)/N=C/C2=CC=C(OC)C=C2,CCS,0.619408639,2.591605746,5
82,603,O=P1(O)OC2=C(C3=C(F)C=C(OC)C=C3F)C=C4C(C=CC=C4)=[C@]2[C@]5=C(O1)C(C6=C(F)C=C(OC)C=C6F)=CC7=C5C=CC=C7,O=C(C1=CC=CC=C1)/N=C/C2=CC=C(OC)C=C2,SC1CCCCC1,0.897960775,3.757067883,4
83,711,O=P1(O)OC2=C(C3=CC(C(F)(F)F)=CC(C(F)(F)F)=C3)C=C4C(CCCC4)=C2C5=C(O1)C(C6=CC(C(F)(F)F)=CC(C(F)(F)F)=C6)=CC7=C5CCCC7,O=C(C1=CC=CC=C1)/N=C/C2=CC=CC=C2,SC1=CC=C(OC)C=C1,0.981980567,4.108606692,5
84,765,O=P1(O)OC2=[C@]([C@]3=C(Cl)C=C(Cl)C=C3Cl)C=C4C(CCCC4)=[C@]2[C@]5=C(O1)C(C6=C(Cl)C=C(Cl)C=C6Cl)=CC7=C5CCCC7,O=C(C1=CC=CC=C1)/N=C/C2=CC=CC=C2,SC1=CC=CC=C1,1.684091101,7.046237167,5
85,508,O=P1(O)OC2=C(C3=CC(COC)=CC=C3)C=C4C(C=CC=C4)=C2C5=C(O1)C(C6=CC=CC(COC)=C6)=CC7=C5C=CC=C7,O=C(C1=CC=CC=C1)/N=C/C2=CC=C(OC)C=C2,SC1=CC=C(OC)C=C1,1.446325365,6.051425327,6
86,528,O=P1(O)OC2=C([Si](C3=CC=C(C(C)(C)C)C=C3)(C4=CC=C(C(C)(C)C)C=C4)C5=CC=C(C(C)(C)C)C=C5)C=C6C(CCCC6)=C2C7=C(O1)C([Si](C8=CC=C(C(C)(C)C)C=C8)(C9=CC=C(C(C)(C)C)C=C9)C%10=CC=C(C(C)(C)C)C=C%10)=CC%11=C7CCCC%11,O=C(C1=CC=CC=C1)/N=C/C2=CC=C(OC)C=C2,SC1=CC=CC=C1,-0.047400225,-0.198322541,0
87,539,O=P1(O)OC2=C(C3=CC(C(F)(F)F)=CC(C(F)(F)F)=C3)C=C4C(CCCC4)=C2C5=C(O1)C(C6=CC(C(F)(F)F)=CC(C(F)(F)F)=C6)=CC7=C5CCCC7,O=C(C1=CC=CC=C1)/N=C/C2=CC=C(OC)C=C2,SC1=CC=CC=C1,1.17989059,4.936662229,9
88,156,O=P1(O)OC2=C(C3=CC=C(C4=CC(C(F)(F)F)=CC(C(F)(F)F)=C4)C=C3)C=C5C(C=CC=C5)=C2C6=C(O1)C(C7=CC=C(C8=CC(C(F)(F)F)=CC(C(F)(F)F)=C8)C=C7)=CC9=C6C=CC=C9,O=C(C1=CC=CC=C1)/N=C/C2=CC=C(C(F)(F)F)C=C2,SC1=CC=CC=C1C,1.301167112,5.444083197,9
89,941,O=P1(O)OC2=C(C3=C(C=CC=C4)C4=CC5=C3C=CC=C5)C=C6C(C=CC=C6)=C2C7=C(O1)[C@@]([C@@]8=C(C=CC=C9)C9=CC%10=C8C=CC=C%10)=CC%11=C7C=CC=C%11,O=C(C1=CC=CC=C1)/N=C/C2=CC=CC3=C2C=CC=C3,SC1=CC=C(OC)C=C1,1.882001124,7.874292703,5
90,179,O=P1(O)OC2=C(CC3=C(C=CC=C4)C4=CC5=C3C=CC=C5)C=C6C(C=CC=C6)=C2C7=C(O1)C(CC8=C(C=CC=C9)C9=CC%10=C8C=CC=C%10)=CC%11=C7C=CC=C%11,O=C(C1=CC=CC=C1)/N=C/C2=CC=C(C(F)(F)F)C=C2,SC1CCCCC1,0.366586769,1.533799041,8
91,912,O=P1(O)OC2=C(Br)C=C3C(CCCC3)=C2C4=C(O1)C(Br)=CC5=C4CCCC5,O=C(C1=CC=CC=C1)/N=C/C2=CC=CC3=C2C=CC=C3,SC1=CC=C(OC)C=C1,0.166908496,0.698345147,3
92,169,O=P1(O)OC2=C(C3=CC=C(C4CCCCC4)C=C3)C=C5C(CCCC5)=C2C6=C(O1)C(C7=CC=C(C8CCCCC8)C=C7)=CC9=C6CCCC9,O=C(C1=CC=CC=C1)/N=C/C2=CC=C(C(F)(F)F)C=C2,SC1=CC=CC=C1C,1.370103771,5.732514178,8
93,718,O=P1(O)OC2=C(C3=CC(C4=C(C)C=C(C)C=C4C)=CC(C5=C(C)C=C(C)C=C5C)=C3)C=C6C(CCCC6)=C2C7=C(O1)C(C8=CC(C9=C(C)C=C(C)C=C9C)=CC(C%10=C(C)C=C(C)C=C%10C)=C8)=CC%11=C7CCCC%11,O=C(C1=CC=CC=C1)/N=C/C2=CC=CC=C2,SC1=CC=C(OC)C=C1,1.743657522,7.295463072,3
94,862,O=P1(O)OC2=C(C3=C(C)C=C(C)C=C3C)C=C4C(C=CC=C4)=C2C5=C(O1)[C@@]([C@@]6=C(C)C=C(C)C=C6C)=CC7=C5C=CC=C7,O=C(C1=CC=CC=C1)/N=C/C2=CC=CC3=C2C=CC=C3,CCS,0.749510758,3.135953011,6
95,141,O=P1(O)OC2=C(C3=C(OCC)C=CC(C)=C3)C=C4C(C=CC=C4)=C2C5=C(O1)C(C6=CC(C)=CC=C6OCC)=CC7=C5C=CC=C7,O=C(C1=CC=CC=C1)/N=C/C2=CC=C(C(F)(F)F)C=C2,SC1=CC=CC=C1C,1.238109014,5.180248115,0
96,679,O=P1(O)OC2=C(C3=CC(C4=CC(C=CC=C5)=C5C=C4)=CC=C3)C=C6C(C=CC=C6)=C2C7=C(O1)C(C8=CC=CC(C9=CC=C(C=CC=C%10)C%10=C9)=C8)=CC%11=C7C=CC=C%11,O=C(C1=CC=CC=C1)/N=C/C2=CC=CC=C2,CCS,0.559297578,2.340101066,4
97,319,O=P1(O)OC2=C(C3=CC=C(OC)C=C3)C=C4C(C=CC=C4)=C2C5=C(O1)C(C6=CC=C(OC)C=C6)=CC7=C5C=CC=C7,O=C(C1=CC=CC=C1)/N=C/C2=CC=C(Cl)C=C2Cl,SC1=CC=CC=C1,1.074990526,4.497760361,7
98,748,O=P1(O)OC2=C(C3=CC=C(C)C=C3)C=C4C(C=CC=C4)=C2C5=C(O1)C(C6=CC=C(C)C=C6)=CC7=C5C=CC=C7,O=C(C1=CC=CC=C1)/N=C/C2=CC=CC=C2,SC1=CC=CC=C1,1.238109014,5.180248115,1
99,375,O=P1(O)OC2=C(C3=CC(C4=C(C)C=C(C)C=C4C)=CC(C5=C(C)C=C(C)C=C5C)=C3)C=C6C(CCCC6)=C2C7=C(O1)C(C8=CC(C9=C(C)C=C(C)C=C9C)=CC(C%10=C(C)C=C(C)C=C%10C)=C8)=CC%11=C7CCCC%11,O=C(C1=CC=CC=C1)/N=C/C2=CC=C(Cl)C=C2Cl,SC1=CC=CC=C1C,1.301167112,5.444083197,5
100,397,O=P1(O)OC2=C(C3=CC(C(C)(C)C)=CC(C(C)(C)C)=C3)C=C4C(C=CC=C4)=C2C5=C(O1)C(C6=CC(C(C)(C)C)=CC(C(C)(C)C)=C6)=CC7=C5C=CC=C7,O=C(C1=CC=CC=C1)/N=C/C2=CC=C(Cl)C=C2Cl,SC1CCCCC1,0.559297578,2.340101066,5
101,961,O=P1(O)OC2=C(C3=CC(COC)=CC=C3)C=C4C(CCCC4)=C2C5=C(O1)C(C6=CC=CC(COC)=C6)=CC7=C5CCCC7,O=C(C1=CC=CC=C1)/N=C/C2=CC=CC3=C2C=CC=C3,SC1=CC=CC=C1,1.17989059,4.936662229,4
102,730,O=P1(O)OC2=C(C3=CC(C(F)(F)F)=CC(C(F)(F)F)=C3)C=C4C(C=CC=C4)=C2C5=C(O1)C(C6=CC(C(F)(F)F)=CC(C(F)(F)F)=C6)=CC7=C5C=CC=C7,O=C(C1=CC=CC=C1)/N=C/C2=CC=CC=C2,SC1=CC=C(OC)C=C1,1.407197088,5.887712616,4
103,424,O=P1(O)OC2=C(C3=CC(C(F)(F)F)=CC(C(F)(F)F)=C3)C=C4C(CCCC4)=C2C5=C(O1)C(C6=CC(C(F)(F)F)=CC(C(F)(F)F)=C6)=CC7=C5CCCC7,O=C(C1=CC=CC=C1)/N=C/C2=CC=C(Cl)C=C2Cl,SC1CCCCC1,0.619408639,2.591605746,6
104,184,O=P1(O)OC2=C(C3=CC(C4=CC=C(OC)C=C4)=CC(C5=CC=C(OC)C=C5)=C3)C=C6C(C=CC=C6)=C2C7=C(O1)C(C8=CC(C9=CC=C(OC)C=C9)=CC(C%10=CC=C(OC)C=C%10)=C8)=CC%11=C7C=CC=C%11,O=C(C1=CC=CC=C1)/N=C/C2=CC=C(C(F)(F)F)C=C2,SC1CCCCC1,0.820945045,3.434834068,4
105,3,O=P1(O)OC2=C(C3=CC(C)=C(OC(C)C)C(C)=C3)C=C4C(C=CC=C4)=C2C5=C(O1)C(C6=CC(C)=C(OC(C)C)C(C)=C6)=CC7=C5C=CC=C7,O=C(C1=CC=CC=C1)/N=C/C2=CC=C(C(F)(F)F)C=C2,CCS,0.446373616,1.867627209,2
106,841,O=P1(O)OC2=C(C3=CC=C(OC)C=C3)C=C4C(C=CC=C4)=C2C5=C(O1)C(C6=CC=C(OC)C=C6)=CC7=C5C=CC=C7,O=C(C1=CC=CC=C1)/N=C/C2=CC=CC=C2,SC1CCCCC1,0.559297578,2.340101066,1
107,465,O=P1(O)OC2=C(C3=CC(C4=CC(C=CC=C5)=C5C=C4)=CC=C3)C=C6C(C=CC=C6)=C2C7=C(O1)C(C8=CC=CC(C9=CC=C(C=CC=C%10)C%10=C9)=C8)=CC%11=C7C=CC=C%11,O=C(C1=CC=CC=C1)/N=C/C2=CC=C(OC)C=C2,CCS,0.392793996,1.643450079,0
108,752,O=P1(O)OC2=C(C3=CC(C(F)(F)F)=CC(C(F)(F)F)=C3)C=C4C(C=CC=C4)=C2C5=C(O1)C(C6=CC(C(F)(F)F)=CC(C(F)(F)F)=C6)=CC7=C5C=CC=C7,O=C(C1=CC=CC=C1)/N=C/C2=CC=CC=C2,SC1=CC=CC=C1,1.152342057,4.821399166,4
109,356,O=P1(O)OC2=C([Si](C3=CC=C(C(C)(C)C)C=C3)(C4=CC=C(C(C)(C)C)C=C4)C5=CC=C(C(C)(C)C)C=C5)C=C6C(CCCC6)=C2C7=C(O1)C([Si](C8=CC=C(C(C)(C)C)C=C8)(C9=CC=C(C(C)(C)C)C=C9)C%10=CC=C(C(C)(C)C)C=C%10)=CC%11=C7CCCC%11,O=C(C1=CC=CC=C1)/N=C/C2=CC=C(Cl)C=C2Cl,SC1=CC=CC=C1C,0.118834511,0.497203594,3
110,1045,O=P1(O)OC2=C(C3=CC(C4=CC=C(OC)C=C4)=CC(C5=CC=C(OC)C=C5)=C3)C=C6C(C=CC=C6)=C2C7=C(O1)C(C8=CC(C9=CC=C(OC)C=C9)=CC(C%10=CC=C(OC)C=C%10)=C8)=CC%11=C7C=CC=C%11,O=C(C1=CC=CC=C1)/N=C/C2=CC=CC3=C2C=CC=C3,SC1CCCCC1,0.938987334,3.928723005,6
111,892,O=P1(O)OC2=C(C3=C(C4=CC(C=CC=C5)=C5C=C4)C=CC=C3)C=C6C(CCCC6)=C2C7=C(O1)C(C8=CC=CC=C8C9=CC=C(C=CC=C%10)C%10=C9)=CC%11=C7CCCC%11,O=C(C1=CC=CC=C1)/N=C/C2=CC=CC3=C2C=CC=C3,CCS,0.559297578,2.340101066,0
112,336,O=P1(O)OC2=C(C3=C(C=CC=C4)C4=CC5=C3C=CC=C5)C=C6C(C=CC=C6)=C2C7=C(O1)[C@@]([C@@]8=C(C=CC=C9)C9=CC%10=C8C=CC=C%10)=CC%11=C7C=CC=C%11,O=C(C1=CC=CC=C1)/N=C/C2=CC=C(Cl)C=C2Cl,SC1=CC=CC=C1,1.301167112,5.444083197,4
113,228,O=P1(O)OC2=C(C3=CC(C(C)(C)C)=CC(C(C)(C)C)=C3)C=C4C(CCCC4)=C2C5=C(O1)C(C6=CC(C(C)(C)C)=CC(C(C)(C)C)=C6)=CC7=C5CCCC7,O=C(C1=CC=CC=C1)/N=C/C2=CC=C(Cl)C=C2Cl,CCS,0.501758501,2.099357568,7
114,318,O=P1(O)OC2=C(CC)C=C3C(CCCC3)=C2C4=C(O1)C(CC)=CC5=C4CCCC5,O=C(C1=CC=CC=C1)/N=C/C2=CC=C(Cl)C=C2Cl,SC1=CC=CC=C1,0.419377753,1.754676519,2
115,653,O=P1(O)OC2=C(CC3=C(C=CC=C4)C4=CC5=C3C=CC=C5)C=C6C(C=CC=C6)=C2C7=C(O1)C(CC8=C(C=CC=C9)C9=CC%10=C8C=CC=C%10)=CC%11=C7C=CC=C%11,O=C(C1=CC=CC=C1)/N=C/C2=CC=CC=C2,CCS,0.289903935,1.212958064,9
116,623,O=P1(O)OC2=C(C3=CC=C(OC)C=C3)C=C4C(C=CC=C4)=C2C5=C(O1)C(C6=CC=C(OC)C=C6)=CC7=C5C=CC=C7,O=C(C1=CC=CC=C1)/N=C/C2=CC=C(OC)C=C2,SC1CCCCC1,0.5302345,2.218501148,3
117,760,O=P1(O)OC2=C(C3=CC(C4=CC=C(OC)C=C4)=CC(C5=CC=C(OC)C=C5)=C3)C=C6C(C=CC=C6)=C2C7=C(O1)C(C8=CC(C9=CC=C(OC)C=C9)=CC(C%10=CC=C(OC)C=C%10)=C8)=CC%11=C7C=CC=C%11,O=C(C1=CC=CC=C1)/N=C/C2=CC=CC=C2,SC1=CC=CC=C1,1.301167112,5.444083197,7
118,77,O=P1(O)OC2=C(C3=CC(COC)=CC=C3)C=C4C(C=CC=C4)=C2C5=C(O1)C(C6=CC=CC(COC)=C6)=CC7=C5C=CC=C7,O=C(C1=CC=CC=C1)/N=C/C2=CC=C(C(F)(F)F)C=C2,SC1=CC=C(OC)C=C1,1.301167112,5.444083197,3
119,632,O=P1(O)OC2=C(C3=CC(C4=CC(C=CC=C5)=C5C=C4)=CC=C3)C=C6C(C=CC=C6)=C2C7=C(O1)C(C8=CC=CC(C9=CC=C(C=CC=C%10)C%10=C9)=C8)=CC%11=C7C=CC=C%11,O=C(C1=CC=CC=C1)/N=C/C2=CC=C(OC)C=C2,SC1CCCCC1,0.589002233,2.464385343,4
120,473,O=P1(O)OC2=C(C3=CC=CC=C3)C=C4C(C=CC=C4)=C2C5=C(O1)C(C6=CC=CC=C6)=CC7=C5C=CC=C7,O=C(C1=CC=CC=C1)/N=C/C2=CC=C(OC)C=C2,SC1=CC=C(OC)C=C1,1.125722444,4.710022706,2
121,987,O=P1(O)OC2=C(C3=C(OC)C=CC=C3OC)C=C4C(C=CC=C4)=C2C5=C(O1)[C@@]([C@@]6=C(OC)C=CC=C6OC)=CC7=C5C=CC=C7,O=C(C1=CC=CC=C1)/N=C/C2=CC=CC3=C2C=CC=C3,SC1=CC=CC=C1,1.743657522,7.295463072,8
122,726,O=P1(O)OC2=C(C3=CC=C(C(C)(C)C)C=C3)C=C4C(C=CC=C4)=C2C5=C(O1)C(C6=CC=C(C(C)(C)C)C=C6)=CC7=C5C=CC=C7,O=C(C1=CC=CC=C1)/N=C/C2=CC=CC=C2,SC1=CC=C(OC)C=C1,1.370103771,5.732514178,4
123,9,O=P1(O)OC2=C(CC3=CC=C(C(F)(F)F)C=C3C(F)(F)F)C=C4C(C=CC=C4)=C2C5=C(O1)C(CC6=C(C(F)(F)F)C=C(C(F)(F)F)C=C6)=CC7=C5C=CC=C7,O=C(C1=CC=CC=C1)/N=C/C2=CC=C(C(F)(F)F)C=C2,CCS,-0.215535446,-0.901800306,7
124,983,O=P1(O)OC2=C(C3=C(C=CC=C4)C4=CC5=C3C=CC=C5)C=C6C(C=CC=C6)=C2C7=C(O1)[C@@]([C@@]8=C(C=CC=C9)C9=CC%10=C8C=CC=C%10)=CC%11=C7C=CC=C%11,O=C(C1=CC=CC=C1)/N=C/C2=CC=CC3=C2C=CC=C3,SC1=CC=CC=C1,2.304684113,9.642798329,8
125,444,O=P1(O)OC2=C(Br)C=C3C(C=CC=C3)=C2C4=C(O1)C(Br)=CC5=CC=CC=C54,O=C(C1=CC=CC=C1)/N=C/C2=CC=C(OC)C=C2,CCS,-0.07114786,-0.297682646,0
126,1047,O=P1(O)OC2=C(Br)C=C3C(CCCC3)=C2C4=C(O1)C(Br)=CC5=C4CCCC5,O=C(C1=CC=CC=C1)/N=C/C2=CC=CC3=C2C=CC=C3,SC1CCCCC1,0.0,0.0,1
127,611,O=P1(O)OC2=C([Si](C3=CC=CC=C3)(C)C4=CC=CC=C4)C=C5C(C=CC=C5)=C2C6=C(O1)C([Si](C7=CC=CC=C7)(C8=CC=CC=C8)C)=CC9=C6C=CC=C9,O=C(C1=CC=CC=C1)/N=C/C2=CC=C(OC)C=C2,SC1CCCCC1,0.340722979,1.425584944,1
128,219,O=P1(O)OC2=C(C3=C(C4CCCCC4)C=C(C5CCCCC5)C=C3C6CCCCC6)C=C7C(C=CC=C7)=C2C8=C(O1)[C@@]([C@@]9=C(C%10CCCCC%10)C=C(C%11CCCCC%11)C=C9C%12CCCCC%12)=CC%13=C8C=CC=C%13,O=C(C1=CC=CC=C1)/N=C/C2=CC=C(Cl)C=C2Cl,CCS,1.17989059,4.936662229,5
129,472,O=P1(O)OC2=C(C3=C(C4CCCCC4)C=C(C5CCCCC5)C=C3C6CCCCC6)C=C7C(C=CC=C7)=C2C8=C(O1)[C@@]([C@@]9=C(C%10CCCCC%10)C=C(C%11CCCCC%11)C=C9C%12CCCCC%12)=CC%13=C8C=CC=C%13,O=C(C1=CC=CC=C1)/N=C/C2=CC=C(OC)C=C2,CCS,1.629422542,6.817503916,4
130,503,O=P1(O)OC2=C(C3=CC(C4=C(C)C=C(C)C=C4C)=CC(C5=C(C)C=C(C)C=C5C)=C3)C=C6C(CCCC6)=C2C7=C(O1)C(C8=CC(C9=C(C)C=C(C)C=C9C)=CC(C%10=C(C)C=C(C)C=C%10C)=C8)=CC%11=C7CCCC%11,O=C(C1=CC=CC=C1)/N=C/C2=CC=C(OC)C=C2,SC1=CC=C(OC)C=C1,1.531802956,6.409063568,1
131,230,O=P1(O)OC2=C(Br)C=C3C(C=CC=C3)=C2C4=C(O1)C(Br)=CC5=CC=CC=C54,O=C(C1=CC=CC=C1)/N=C/C2=CC=C(Cl)C=C2Cl,CCS,0.047400225,0.198322541,0
132,31,O=P1(O)OC2=C(C3=CC(C4=CC(C=CC=C5)=C5C=C4)=CC=C3)C=C6C(C=CC=C6)=C2C7=C(O1)C(C8=CC=CC(C9=CC=C(C=CC=C%10)C%10=C9)=C8)=CC%11=C7C=CC=C%11,O=C(C1=CC=CC=C1)/N=C/C2=CC=C(C(F)(F)F)C=C2,CCS,0.419377753,1.754676519,7
133,796,O=P1(O)OC2=C(C3=C(C)C=C(C)C=C3C)C=C4C(C=CC=C4)=C2C5=C(O1)[C@@]([C@@]6=C(C)C=C(C)C=C6C)=CC7=C5C=CC=C7,O=C(C1=CC=CC=C1)/N=C/C2=CC=CC=C2,SC1=CC=CC=C1C,2.058499317,8.612761142,7
134,690,O=P1(O)OC2=C(CC3=CC=C(OC)C=C3)C=C4C(CCCC4)=C2C5=C(O1)C(CC6=CC=C(OC)C=C6)=CC7=C5CCCC7,O=C(C1=CC=CC=C1)/N=C/C2=CC=CC=C2,SC1=CC=C(OC)C=C1,0.366586769,1.533799041,6
135,626,O=P1(O)OC2=C(C3=CC=C(C)C=C3)C=C4C(C=CC=C4)=C2C5=C(O1)C(C6=CC=C(C)C=C6)=CC7=C5C=CC=C7,O=C(C1=CC=CC=C1)/N=C/C2=CC=C(OC)C=C2,SC1CCCCC1,1.074990526,4.497760361,6
136,484,O=P1(O)OC2=C([Si](C3=CC=CC=C3)(C4=CC=CC=C4)C5=CC=CC=C5)C=C6C(C=CC=C6)=C2C7=C(O1)C([Si](C8=CC=CC=C8)(C9=CC=CC=C9)C%10=CC=CC=C%10)=CC%11=C7C=CC=C%11,O=C(C1=CC=CC=C1)/N=C/C2=CC=C(OC)C=C2,SC1=CC=C(OC)C=C1,0.215535446,0.901800306,8
137,1049,O=P1(O)OC2=C([Si](C3=CC=CC=C3)(C4=CC=CC=C4)C5=CC=CC=C5)C=C6C(CCCC6)=C2C7=C(O1)C([Si](C8=CC=CC=C8)(C9=CC=CC=C9)C%10=CC=CC=C%10)=CC%11=C7CCCC%11,O=C(C1=CC=CC=C1)/N=C/C2=CC=CC3=C2C=CC=C3,SC1CCCCC1,0.047400225,0.198322541,9
138,675,O=P1(O)OC2=C(C3=C(C=CC=C4)C4=CC5=C3C=CC=C5)C=C6C(C=CC=C6)=C2C7=C(O1)[C@@]([C@@]8=C(C=CC=C9)C9=CC%10=C8C=CC=C%10)=CC%11=C7C=CC=C%11,O=C(C1=CC=CC=C1)/N=C/C2=CC=CC=C2,CCS,1.17989059,4.936662229,8
139,847,O=P1(O)OC2=C(C3=CC=C(C(C)(C)C)C=C3)C=C4C(C=CC=C4)=C2C5=C(O1)C(C6=CC=C(C(C)(C)C)C=C6)=CC7=C5C=CC=C7,O=C(C1=CC=CC=C1)/N=C/C2=CC=CC=C2,SC1CCCCC1,0.559297578,2.340101066,5
140,657,O=P1(O)OC2=C(C3=CC(C(C)(C)C)=CC(C(C)(C)C)=C3)C=C4C(CCCC4)=C2C5=C(O1)C(C6=CC(C(C)(C)C)=CC(C(C)(C)C)=C6)=CC7=C5CCCC7,O=C(C1=CC=CC=C1)/N=C/C2=CC=CC=C2,CCS,0.559297578,2.340101066,7
141,75,O=P1(O)OC2=C(C3=CC=C(OC)C=C3)C=C4C(C=CC=C4)=C2C5=C(O1)C(C6=CC=C(OC)C=C6)=CC7=C5C=CC=C7,O=C(C1=CC=CC=C1)/N=C/C2=CC=C(C(F)(F)F)C=C2,SC1=CC=C(OC)C=C1,1.301167112,5.444083197,0
142,624,O=P1(O)OC2=C(C3=CC(COC)=CC=C3)C=C4C(C=CC=C4)=C2C5=C(O1)C(C6=CC=CC(COC)=C6)=CC7=C5C=CC=C7,O=C(C1=CC=CC=C1)/N=C/C2=CC=C(OC)C=C2,SC1CCCCC1,0.715545793,2.993843598,5
143,252,O=P1(O)OC2=C(C3=CC=C(C4=CC=C(C=CC=C5)C5=C4)C=C3)C=C6C(C=CC=C6)=C2C7=C(O1)C(C8=CC=C(C9=CC(C=CC=C%10)=C%10C=C9)C=C8)=CC%11=C7C=CC=C%11,O=C(C1=CC=CC=C1)/N=C/C2=CC=C(Cl)C=C2Cl,CCS,0.501758501,2.099357568,3
144,655,O=P1(O)OC2=C([Si](C3=CC=CC=C3)(C)C4=CC=CC=C4)C=C5C(C=CC=C5)=C2C6=C(O1)C([Si](C7=CC=CC=C7)(C8=CC=CC=C8)C)=CC9=C6C=CC=C9,O=C(C1=CC=CC=C1)/N=C/C2=CC=CC=C2,CCS,0.419377753,1.754676519,5
145,931,O=P1(O)OC2=C(C3=CC(C4=CC=C(OC)C=C4)=CC(C5=CC=C(OC)C=C5)=C3)C=C6C(C=CC=C6)=C2C7=C(O1)C(C8=CC(C9=CC=C(OC)C=C9)=CC(C%10=CC=C(OC)C=C%10)=C8)=CC%11=C7C=CC=C%11,O=C(C1=CC=CC=C1)/N=C/C2=CC=CC3=C2C=CC=C3,SC1=CC=C(OC)C=C1,1.446325365,6.051425327,0
146,563,O=P1(O)OC2=C(CC3=CC(C(F)(F)F)=CC(C(F)(F)F)=C3)C=C4C(CCCC4)=C2C5=C(O1)C(CC6=CC(C(F)(F)F)=CC(C(F)(F)F)=C6)=CC7=C5CCCC7,O=C(C1=CC=CC=C1)/N=C/C2=CC=C(OC)C=C2,SC1=CC=CC=C1C,0.5302345,2.218501148,5
147,701,O=P1(O)OC2=C([Si](C3=CC=CC=C3)(C4=CC=CC=C4)C5=CC=CC=C5)C=C6C(CCCC6)=C2C7=C(O1)C([Si](C8=CC=CC=C8)(C9=CC=CC=C9)C%10=CC=CC=C%10)=CC%11=C7CCCC%11,O=C(C1=CC=CC=C1)/N=C/C2=CC=CC=C2,SC1=CC=C(OC)C=C1,0.240111033,1.004624562,5
148,1073,O=P1(O)OC2=C(C3=C(C(C)C)C=C(C4=CC=C(C(C)(C)C)C=C4)C=C3C(C)C)C=C5C(C=CC=C5)=[C@]2[C@]6=C(O1)C(C7=C(C(C)C)C=C(C8=CC=C(C(C)(C)C)C=C8)C=C7C(C)C)=CC9=C6C=CC=C9,O=C(C1=CC=CC=C1)/N=C/C2=CC=CC3=C2C=CC=C3,SC1CCCCC1,1.446325365,6.051425327,3
149,6,O=P1(O)OC2=C(CC3=CC=C(OC)C=C3)C=C4C(CCCC4)=C2C5=C(O1)C(CC6=CC=C(OC)C=C6)=CC7=C5CCCC7,O=C(C1=CC=CC=C1)/N=C/C2=CC=C(C(F)(F)F)C=C2,CCS,-0.264892334,-1.108309525,3
150,940,O=P1(O)OC2=C(C3=C(OC(F)(F)F)C=CC=C3)C=C4C(C=CC=C4)=C2C5=C(O1)C(C6=CC=CC=C6OC(F)(F)F)=CC7=C5C=CC=C7,O=C(C1=CC=CC=C1)/N=C/C2=CC=CC3=C2C=CC=C3,SC1=CC=C(OC)C=C1,1.370103771,5.732514178,6
151,577,O=P1(O)OC2=C(C3=CC=C(C)C=C3)C=C4C(C=CC=C4)=C2C5=C(O1)C(C6=CC=C(C)C=C6)=CC7=C5C=CC=C7,O=C(C1=CC=CC=C1)/N=C/C2=CC=C(OC)C=C2,SC1=CC=CC=C1C,1.125722444,4.710022706,7
152,152,O=P1(O)OC2=C(C3=CC(C4=CC(C(F)(F)F)=CC(C(F)(F)F)=C4)=CC(C5=CC(C(F)(F)F)=CC(C(F)(F)F)=C5)=C3)C=C6C(C=CC=C6)=C2C7=C(O1)C(C8=CC(C9=CC(C(F)(F)F)=CC(C(F)(F)F)=C9)=CC(C%10=CC(C(F)(F)F)=CC(C(F)(F)F)=C%10)=C8)=CC%11=C7C=CC=C%11,O=C(C1=CC=CC=C1)/N=C/C2=CC=C(C(F)(F)F)C=C2,SC1=CC=CC=C1C,1.531802956,6.409063568,0
153,412,O=P1(O)OC2=C(C3=CC(COC)=CC=C3)C=C4C(C=CC=C4)=C2C5=C(O1)C(C6=CC=CC(COC)=C6)=CC7=C5C=CC=C7,O=C(C1=CC=CC=C1)/N=C/C2=CC=C(Cl)C=C2Cl,SC1CCCCC1,0.589002233,2.464385343,2
154,330,O=P1(O)OC2=C(C3=CC(C4=C(C)C=C(C)C=C4C)=CC(C5=C(C)C=C(C)C=C5C)=C3)C=C6C(CCCC6)=C2C7=C(O1)C(C8=CC(C9=C(C)C=C(C)C=C9C)=CC(C%10=C(C)C=C(C)C=C%10C)=C8)=CC%11=C7CCCC%11,O=C(C1=CC=CC=C1)/N=C/C2=CC=C(Cl)C=C2Cl,SC1=CC=CC=C1,1.301167112,5.444083197,7
155,921,O=P1(O)OC2=C(C3=CC=C(C4=CC=C(C=CC=C5)C5=C4)C=C3)C=C6C(C=CC=C6)=C2C7=C(O1)C(C8=CC=C(C9=CC(C=CC=C%10)=C%10C=C9)C=C8)=CC%11=C7C=CC=C%11,O=C(C1=CC=CC=C1)/N=C/C2=CC=CC3=C2C=CC=C3,SC1=CC=C(OC)C=C1,1.125722444,4.710022706,1
156,721,O=P1(O)OC2=[C@]([C@]3=C(Cl)C=C(Cl)C=C3Cl)C=C4C(CCCC4)=[C@]2[C@]5=C(O1)C(C6=C(Cl)C=C(Cl)C=C6Cl)=CC7=C5CCCC7,O=C(C1=CC=CC=C1)/N=C/C2=CC=CC=C2,SC1=CC=C(OC)C=C1,1.964152936,8.218015884,1
157,224,O=P1(O)OC2=C(CC3=C(C=CC=C4)C4=CC5=C3C=CC=C5)C=C6C(C=CC=C6)=C2C7=C(O1)C(CC8=C(C=CC=C9)C9=CC%10=C8C=CC=C%10)=CC%11=C7C=CC=C%11,O=C(C1=CC=CC=C1)/N=C/C2=CC=C(Cl)C=C2Cl,CCS,0.240111033,1.004624562,2
158,377,O=P1(O)OC2=C(C3=C(C=CC=C4)C4=C(C5=CC(C=CC=C6)=C6C=C5)C7=C3C=CC=C7)C=C8C(C=CC=C8)=[C@]2[C@]9=C(O1)C(C%10=C(C=CC=C%11)C%11=C(C%12=CC=C(C=CC=C%13)C%13=C%12)C%14=C%10C=CC=C%14)=CC%15=C9C=CC=C%15,O=C(C1=CC=CC=C1)/N=C/C2=CC=C(Cl)C=C2Cl,SC1=CC=CC=C1C,2.721168735,11.38536999,6
159,206,O=P1(O)OC2=C(C3=CC(C(F)(F)F)=CC(C(F)(F)F)=C3)C=C4C(C=CC=C4)=C2C5=C(O1)C(C6=CC(C(F)(F)F)=CC(C(F)(F)F)=C6)=CC7=C5C=CC=C7,O=C(C1=CC=CC=C1)/N=C/C2=CC=C(C(F)(F)F)C=C2,SC1CCCCC1,0.682601444,2.856004442,4
160,933,O=P1(O)OC2=C(C3=CC(C4=C(C)C=C(C)C=C4C)=CC(C5=C(C)C=C(C)C=C5C)=C3)C=C6C(CCCC6)=C2C7=C(O1)C(C8=CC(C9=C(C)C=C(C)C=C9C)=CC(C%10=C(C)C=C(C)C=C%10C)=C8)=CC%11=C7CCCC%11,O=C(C1=CC=CC=C1)/N=C/C2=CC=CC3=C2C=CC=C3,SC1=CC=C(OC)C=C1,1.446325365,6.051425327,7
161,825,O=P1(O)OC2=C(CC3=C(C=CC=C4)C4=CC5=C3C=CC=C5)C=C6C(C=CC=C6)=C2C7=C(O1)C(CC8=C(C=CC=C9)C9=CC%10=C8C=CC=C%10)=CC%11=C7C=CC=C%11,O=C(C1=CC=CC=C1)/N=C/C2=CC=CC=C2,SC1CCCCC1,0.392793996,1.643450079,4
162,246,O=P1(O)OC2=C(C3=C(OC(F)(F)F)C=CC=C3)C=C4C(C=CC=C4)=C2C5=C(O1)C(C6=CC=CC=C6OC(F)(F)F)=CC7=C5C=CC=C7,O=C(C1=CC=CC=C1)/N=C/C2=CC=C(Cl)C=C2Cl,CCS,0.473819986,1.982462821,9
163,134,O=P1(O)OC2=C([Si](C3=CC=CC=C3)(C)C4=CC=CC=C4)C=C5C(C=CC=C5)=C2C6=C(O1)C([Si](C7=CC=CC=C7)(C8=CC=CC=C8)C)=CC9=C6C=CC=C9,O=C(C1=CC=CC=C1)/N=C/C2=CC=C(C(F)(F)F)C=C2,SC1=CC=CC=C1C,0.820945045,3.434834068,1
164,513,O=P1(O)OC2=C(C3=CC=C(C4CCCCC4)C=C3)C=C5C(CCCC5)=C2C6=C(O1)C(C7=CC=C(C8CCCCC8)C=C7)=CC9=C6CCCC9,O=C(C1=CC=CC=C1)/N=C/C2=CC=C(OC)C=C2,SC1=CC=C(OC)C=C1,1.301167112,5.444083197,5
165,215,O=P1(O)OC2=C(C3=CC=CC=C3)C=C4C(C=CC=C4)=C2C5=C(O1)C(C6=CC=CC=C6)=CC7=C5C=CC=C7,O=C(C1=CC=CC=C1)/N=C/C2=CC=C(Cl)C=C2Cl,CCS,0.392793996,1.643450079,4
166,1012,O=P1(O)OC2=C(C3=CC(C(F)(F)F)=CC(C(F)(F)F)=C3)C=C4C(C=CC=C4)=C2C5=C(O1)C(C6=CC(C(F)(F)F)=CC(C(F)(F)F)=C6)=CC7=C5C=CC=C7,O=C(C1=CC=CC=C1)/N=C/C2=CC=CC3=C2C=CC=C3,SC1=CC=CC=C1C,1.099959936,4.602232372,1
167,242,O=P1(O)OC2=C(C3=C(OCC)C=CC(C)=C3)C=C4C(C=CC=C4)=C2C5=C(O1)C(C6=CC(C)=CC=C6OCC)=CC7=C5C=CC=C7,O=C(C1=CC=CC=C1)/N=C/C2=CC=C(Cl)C=C2Cl,CCS,1.17989059,4.936662229,4
168,734,O=P1(O)OC2=C(CC3=CC=C(OC)C=C3)C=C4C(CCCC4)=C2C5=C(O1)C(CC6=CC=C(OC)C=C6)=CC7=C5CCCC7,O=C(C1=CC=CC=C1)/N=C/C2=CC=CC=C2,SC1=CC=CC=C1,0.392793996,1.643450079,2
169,48,O=P1(O)OC2=C(CC3=CC=C(C(F)(F)F)C=C3C(F)(F)F)C=C4C(C=CC=C4)=C2C5=C(O1)C(CC6=C(C(F)(F)F)C=C(C(F)(F)F)C=C6)=CC7=C5C=CC=C7,O=C(C1=CC=CC=C1)/N=C/C2=CC=C(C(F)(F)F)C=C2,SC1=CC=C(OC)C=C1,0.240111033,1.004624562,1
170,276,O=P1(O)OC2=C(C3=CC(COC)=CC=C3)C=C4C(C=CC=C4)=C2C5=C(O1)C(C6=CC=CC(COC)=C6)=CC7=C5C=CC=C7,O=C(C1=CC=CC=C1)/N=C/C2=CC=C(Cl)C=C2Cl,SC1=CC=C(OC)C=C1,1.238109014,5.180248115,3
171,324,O=P1(O)OC2=C(C3=CC=C(C4CCCCC4)C=C3)C=C5C(CCCC5)=C2C6=C(O1)C(C7=CC=C(C8CCCCC8)C=C7)=CC9=C6CCCC9,O=C(C1=CC=CC=C1)/N=C/C2=CC=C(Cl)C=C2Cl,SC1=CC=CC=C1,1.027207628,4.297836716,4
172,668,O=P1(O)OC2=[C@]([C@]3=C(Cl)C=C(Cl)C=C3Cl)C=C4C(CCCC4)=[C@]2[C@]5=C(O1)C(C6=C(Cl)C=C(Cl)C=C6Cl)=CC7=C5CCCC7,O=C(C1=CC=CC=C1)/N=C/C2=CC=CC=C2,CCS,1.208449001,5.05615062,7
173,507,O=P1(O)OC2=C(C3=C(OCC)C=CC(C)=C3)C=C4C(C=CC=C4)=C2C5=C(O1)C(C6=CC(C)=CC=C6OCC)=CC7=C5C=CC=C7,O=C(C1=CC=CC=C1)/N=C/C2=CC=C(OC)C=C2,SC1=CC=C(OC)C=C1,1.743657522,7.295463072,2
174,249,O=P1(O)OC2=C(C3=C(C=CC4=CC=CC(C=C5)=C46)C6=C5C=C3)C=C7C(C=CC=C7)=C2C8=C(O1)C(C9=CC=C(C=C%10)C%11=C9C=CC%12=CC=CC%10=C%11%12)=CC%13=C8C=CC=C%13,O=C(C1=CC=CC=C1)/N=C/C2=CC=C(Cl)C=C2Cl,CCS,0.446373616,1.867627209,7
175,1054,O=P1(O)OC2=C(C3=C(C=CC=C4)C4=C(C5=CC(C=CC=C6)=C6C=C5)C7=C3C=CC=C7)C=C8C(C=CC=C8)=[C@]2[C@]9=C(O1)C(C%10=C(C=CC=C%11)C%11=C(C%12=CC=C(C=CC=C%13)C%13=C%12)C%14=C%10C=CC=C%14)=CC%15=C9C=CC=C%15,O=C(C1=CC=CC=C1)/N=C/C2=CC=CC3=C2C=CC=C3,SC1CCCCC1,1.17989059,4.936662229,3
176,598,O=P1(O)OC2=C(C3=C(C=CC4=CC=CC(C=C5)=C46)C6=C5C=C3)C=C7C(C=CC=C7)=C2C8=C(O1)C(C9=CC=C(C=C%10)C%11=C9C=CC%12=CC=CC%10=C%11%12)=CC%13=C8C=CC=C%13,O=C(C1=CC=CC=C1)/N=C/C2=CC=C(OC)C=C2,SC1=CC=CC=C1C,1.370103771,5.732514178,2
177,1044,O=P1(O)OC2=C(C3=CC(C(C)(C)C)=CC(C(C)(C)C)=C3)C=C4C(CCCC4)=C2C5=C(O1)C(C6=CC(C(C)(C)C)=CC(C(C)(C)C)=C6)=CC7=C5CCCC7,O=C(C1=CC=CC=C1)/N=C/C2=CC=CC3=C2C=CC=C3,SC1CCCCC1,0.619408639,2.591605746,9
178,81,O=P1(O)OC2=C(C3=C(C=CC4=CC=CC(C=C5)=C46)C6=C5C=C3)C=C7C(C=CC=C7)=C2C8=C(O1)C(C9=CC=C(C=C%10)C%11=C9C=CC%12=CC=CC%10=C%11%12)=CC%13=C8C=CC=C%13,O=C(C1=CC=CC=C1)/N=C/C2=CC=C(C(F)(F)F)C=C2,SC1=CC=C(OC)C=C1,2.304684113,9.642798329,5
179,751,O=P1(O)OC2=C(C3=CC=C(C4CCCCC4)C=C3)C=C5C(CCCC5)=C2C6=C(O1)C(C7=CC=C(C8CCCCC8)C=C7)=CC9=C6CCCC9,O=C(C1=CC=CC=C1)/N=C/C2=CC=CC=C2,SC1=CC=CC=C1,1.125722444,4.710022706,0
180,16,O=P1(O)OC2=C([Si](C3=CC=C(C(C)(C)C)C=C3)(C4=CC=C(C(C)(C)C)C=C4)C5=CC=C(C(C)(C)C)C=C5)C=C6C(CCCC6)=C2C7=C(O1)C([Si](C8=CC=C(C(C)(C)C)C=C8)(C9=CC=C(C(C)(C)C)C=C9)C%10=CC=C(C(C)(C)C)C=C%10)=CC%11=C7CCCC%11,O=C(C1=CC=CC=C1)/N=C/C2=CC=C(C(F)(F)F)C=C2,CCS,0.023690626,0.099121579,0
181,257,O=P1(O)OC2=C(C3=C(C(C)C)C=C(C(C)C)C=C3C(C)C)C=C4C(C=CC=C4)=C2C5=C(O1)[C@@]([C@@]6=C(C(C)C)C=C(C(C)C)C=C6C(C)C)=CC7=C5C=CC=C7,O=C(C1=CC=CC=C1)/N=C/C2=CC=C(Cl)C=C2Cl,CCS,1.301167112,5.444083197,0
182,580,O=P1(O)OC2=C(C3=CC=C(C4CCCCC4)C=C3)C=C5C(CCCC5)=C2C6=C(O1)C(C7=CC=C(C8CCCCC8)C=C7)=CC9=C6CCCC9,O=C(C1=CC=CC=C1)/N=C/C2=CC=C(OC)C=C2,SC1=CC=CC=C1C,1.125722444,4.710022706,1
183,506,O=P1(O)OC2=[C@]([C@]3=C(Cl)C=C(Cl)C=C3Cl)C=C4C(CCCC4)=[C@]2[C@]5=C(O1)C(C6=C(Cl)C=C(Cl)C=C6Cl)=CC7=C5CCCC7,O=C(C1=CC=CC=C1)/N=C/C2=CC=C(OC)C=C2,SC1=CC=C(OC)C=C1,1.487753909,6.224762355,1
184,1052,O=P1(O)OC2=C(C3=CC(C4=C(C)C=C(C)C=C4C)=CC(C5=C(C)C=C(C)C=C5C)=C3)C=C6C(CCCC6)=C2C7=C(O1)C(C8=CC(C9=C(C)C=C(C)C=C9C)=CC(C%10=C(C)C=C(C)C=C%10C)=C8)=CC%11=C7CCCC%11,O=C(C1=CC=CC=C1)/N=C/C2=CC=CC3=C2C=CC=C3,SC1CCCCC1,0.784603173,3.282779676,1
185,243,O=P1(O)OC2=C(C3=CC(COC)=CC=C3)C=C4C(C=CC=C4)=C2C5=C(O1)C(C6=CC=CC(COC)=C6)=CC7=C5C=CC=C7,O=C(C1=CC=CC=C1)/N=C/C2=CC=C(Cl)C=C2Cl,CCS,0.473819986,1.982462821,9
186,828,O=P1(O)OC2=C(C3=CC(C(C)(C)C)=CC(C(C)(C)C)=C3)C=C4C(C=CC=C4)=C2C5=C(O1)C(C6=CC(C(C)(C)C)=CC(C(C)(C)C)=C6)=CC7=C5C=CC=C7,O=C(C1=CC=CC=C1)/N=C/C2=CC=CC=C2,SC1CCCCC1,0.5302345,2.218501148,8
187,520,O=P1(O)OC2=C(CC3=CC(C(F)(F)F)=CC(C(F)(F)F)=C3)C=C4C(CCCC4)=C2C5=C(O1)C(CC6=CC(C(F)(F)F)=CC(C(F)(F)F)=C6)=CC7=C5CCCC7,O=C(C1=CC=CC=C1)/N=C/C2=CC=C(OC)C=C2,SC1=CC=CC=C1,0.650583556,2.722041598,2
188,180,O=P1(O)OC2=C(CC3=CC=C(C(F)(F)F)C=C3C(F)(F)F)C=C4C(C=CC=C4)=C2C5=C(O1)C(CC6=C(C(F)(F)F)C=C(C(F)(F)F)C=C6)=CC7=C5C=CC=C7,O=C(C1=CC=CC=C1)/N=C/C2=CC=C(C(F)(F)F)C=C2,SC1CCCCC1,-0.083041947,-0.347447506,2
189,988,O=P1(O)OC2=C(C3=CC(C(F)(F)F)=CC(C(F)(F)F)=C3)C=C4C(CCCC4)=C2C5=C(O1)C(C6=CC(C(F)(F)F)=CC(C(F)(F)F)=C6)=CC7=C5CCCC7,O=C(C1=CC=CC=C1)/N=C/C2=CC=CC3=C2C=CC=C3,SC1=CC=CC=C1,1.301167112,5.444083197,3
190,342,O=P1(O)OC2=C(C3=CC(C(F)(F)F)=CC(C(F)(F)F)=C3)C=C4C(C=CC=C4)=C2C5=C(O1)C(C6=CC(C(F)(F)F)=CC(C(F)(F)F)=C6)=CC7=C5C=CC=C7,O=C(C1=CC=CC=C1)/N=C/C2=CC=C(Cl)C=C2Cl,SC1=CC=CC=C1,1.301167112,5.444083197,1
191,951,O=P1(O)OC2=C(CC3=CC=C(C(F)(F)F)C=C3C(F)(F)F)C=C4C(C=CC=C4)=C2C5=C(O1)C(CC6=C(C(F)(F)F)C=C(C(F)(F)F)C=C6)=CC7=C5C=CC=C7,O=C(C1=CC=CC=C1)/N=C/C2=CC=CC3=C2C=CC=C3,SC1=CC=CC=C1,0.5302345,2.218501148,1
192,5,O=P1(O)OC2=C(C3=CC(C4=CC(C(F)(F)F)=CC(C(F)(F)F)=C4)=CC(C5=CC(C(F)(F)F)=CC(C(F)(F)F)=C5)=C3)C=C6C(C=CC=C6)=C2C7=C(O1)C(C8=CC(C9=CC(C(F)(F)F)=CC(C(F)(F)F)=C9)=CC(C%10=CC(C(F)(F)F)=CC(C(F)(F)F)=C%10)=C8)=CC%11=C7C=CC=C%11,O=C(C1=CC=CC=C1)/N=C/C2=CC=C(C(F)(F)F)C=C2,CCS,0.749510758,3.135953011,2
193,432,O=P1(O)OC2=C(C3=C(C)C=C(C)C=C3C)C=C4C(C=CC=C4)=C2C5=C(O1)[C@@]([C@@]6=C(C)C=C(C)C=C6C)=CC7=C5C=CC=C7,O=C(C1=CC=CC=C1)/N=C/C2=CC=C(OC)C=C2,CCS,0.820945045,3.434834068,1
194,1000,O=P1(O)OC2=C([Si](C3=CC=CC=C3)(C4=CC=CC=C4)C5=CC=CC=C5)C=C6C(CCCC6)=C2C7=C(O1)C([Si](C8=CC=CC=C8)(C9=CC=CC=C9)C%10=CC=CC=C%10)=CC%11=C7CCCC%11,O=C(C1=CC=CC=C1)/N=C/C2=CC=CC3=C2C=CC=C3,SC1=CC=CC=C1C,0.142812956,0.597529408,7
195,618,O=P1(O)OC2=C([Si](C3=CC=CC=C3)(C4=CC=CC=C4)C5=CC=CC=C5)C=C6C(CCCC6)=C2C7=C(O1)C([Si](C8=CC=CC=C8)(C9=CC=CC=C9)C%10=CC=CC=C%10)=CC%11=C7CCCC%11,O=C(C1=CC=CC=C1)/N=C/C2=CC=C(OC)C=C2,SC1CCCCC1,0.0,0.0,6
196,579,O=P1(O)OC2=C(C3=CC=C(C4=CC=C(C=CC=C5)C5=C4)C=C3)C=C6C(C=CC=C6)=C2C7=C(O1)C(C8=CC=C(C9=CC(C=CC=C%10)=C%10C=C9)C=C8)=CC%11=C7C=CC=C%11,O=C(C1=CC=CC=C1)/N=C/C2=CC=C(OC)C=C2,SC1=CC=CC=C1C,1.238109014,5.180248115,3
197,306,O=P1(O)OC2=C(CC3=CC(C(F)(F)F)=CC(C(F)(F)F)=C3)C=C4C(CCCC4)=C2C5=C(O1)C(CC6=CC(C(F)(F)F)=CC(C(F)(F)F)=C6)=CC7=C5CCCC7,O=C(C1=CC=CC=C1)/N=C/C2=CC=C(Cl)C=C2Cl,SC1=CC=CC=C1,0.589002233,2.464385343,6
198,794,O=P1(O)OC2=C(C3=CC=CC=C3)C=C4C(C=CC=C4)=C2C5=C(O1)C(C6=CC=CC=C6)=CC7=C5C=CC=C7,O=C(C1=CC=CC=C1)/N=C/C2=CC=CC=C2,SC1=CC=CC=C1C,1.301167112,5.444083197,4
199,123,O=P1(O)OC2=C(C3=C(C=CC4=CC=CC(C=C5)=C46)C6=C5C=C3)C=C7C(C=CC=C7)=C2C8=C(O1)C(C9=CC=C(C=C%10)C%11=C9C=CC%12=CC=CC%10=C%11%12)=CC%13=C8C=CC=C%13,O=C(C1=CC=CC=C1)/N=C/C2=CC=C(C(F)(F)F)C=C2,SC1=CC=CC=C1,1.743657522,7.295463072,7
200,588,O=P1(O)OC2=C(C3=CC(C4=C(C)C=C(C)C=C4C)=CC(C5=C(C)C=C(C)C=C5C)=C3)C=C6C(CCCC6)=C2C7=C(O1)C(C8=CC(C9=C(C)C=C(C)C=C9C)=CC(C%10=C(C)C=C(C)C=C%10C)=C8)=CC%11=C7CCCC%11,O=C(C1=CC=CC=C1)/N=C/C2=CC=C(OC)C=C2,SC1=CC=CC=C1C,1.301167112,5.444083197,1
201,832,O=P1(O)OC2=C(Br)C=C3C(CCCC3)=C2C4=C(O1)C(Br)=CC5=C4CCCC5,O=C(C1=CC=CC=C1)/N=C/C2=CC=CC=C2,SC1CCCCC1,0.419377753,1.754676519,2
202,163,O=P1(O)OC2=C(C3=CC=C(C)C=C3)C=C4C(C=CC=C4)=C2C5=C(O1)C(C6=CC=C(C)C=C6)=CC7=C5C=CC=C7,O=C(C1=CC=CC=C1)/N=C/C2=CC=C(C(F)(F)F)C=C2,SC1=CC=CC=C1C,1.301167112,5.444083197,8
203,604,O=P1(O)OC2=C(C3=CC(C)=C(OC(C)C)C(C)=C3)C=C4C(C=CC=C4)=C2C5=C(O1)C(C6=CC(C)=C(OC(C)C)C(C)=C6)=CC7=C5C=CC=C7,O=C(C1=CC=CC=C1)/N=C/C2=CC=C(OC)C=C2,SC1CCCCC1,0.5302345,2.218501148,6
204,245,O=P1(O)OC2=C(C3=CC=C(C)C=C3)C=C4C(C=CC=C4)=C2C5=C(O1)C(C6=CC=C(C)C=C6)=CC7=C5C=CC=C7,O=C(C1=CC=CC=C1)/N=C/C2=CC=C(Cl)C=C2Cl,CCS,0.650583556,2.722041598,8
205,979,O=P1(O)OC2=[C@]([C@]3=C(Cl)C=C(Cl)C=C3Cl)C=C4C(CCCC4)=[C@]2[C@]5=C(O1)C(C6=C(Cl)C=C(Cl)C=C6Cl)=CC7=C5CCCC7,O=C(C1=CC=CC=C1)/N=C/C2=CC=CC3=C2C=CC=C3,SC1=CC=CC=C1,1.743657522,7.295463072,2
206,229,O=P1(O)OC2=C(C3=CC(C4=CC=C(OC)C=C4)=CC(C5=CC=C(OC)C=C5)=C3)C=C6C(C=CC=C6)=C2C7=C(O1)C(C8=CC(C9=CC=C(OC)C=C9)=CC(C%10=CC=C(OC)C=C%10)=C8)=CC%11=C7C=CC=C%11,O=C(C1=CC=CC=C1)/N=C/C2=CC=C(Cl)C=C2Cl,CCS,0.559297578,2.340101066,4
207,495,O=P1(O)OC2=C(C3=CC(C(F)(F)F)=CC(C(F)(F)F)=C3)C=C4C(CCCC4)=C2C5=C(O1)C(C6=CC(C(F)(F)F)=CC(C(F)(F)F)=C6)=CC7=C5CCCC7,O=C(C1=CC=CC=C1)/N=C/C2=CC=C(OC)C=C2,SC1=CC=C(OC)C=C1,1.238109014,5.180248115,9
208,560,O=P1(O)OC2=C(C3=CC(C)=C(OC(C)C)C(C)=C3)C=C4C(C=CC=C4)=C2C5=C(O1)C(C6=CC(C)=C(OC(C)C)C(C)=C6)=CC7=C5C=CC=C7,O=C(C1=CC=CC=C1)/N=C/C2=CC=C(OC)C=C2,SC1=CC=CC=C1C,1.125722444,4.710022706,5
209,881,O=P1(O)OC2=C(CC)C=C3C(CCCC3)=C2C4=C(O1)C(CC)=CC5=C4CCCC5,O=C(C1=CC=CC=C1)/N=C/C2=CC=CC3=C2C=CC=C3,CCS,-0.07114786,-0.297682646,3
210,852,O=P1(O)OC2=C(C3=CC=C(C4CCCCC4)C=C3)C=C5C(CCCC5)=C2C6=C(O1)C(C7=CC=C(C8CCCCC8)C=C7)=CC9=C6CCCC9,O=C(C1=CC=CC=C1)/N=C/C2=CC=CC=C2,SC1CCCCC1,0.682601444,2.856004442,4
211,272,O=P1(O)OC2=C(C3=CC=C(C4=CC(C(F)(F)F)=CC(C(F)(F)F)=C4)C=C3)C=C5C(C=CC=C5)=C2C6=C(O1)C(C7=CC=C(C8=CC(C(F)(F)F)=CC(C(F)(F)F)=C8)C=C7)=CC9=C6C=CC=C9,O=C(C1=CC=CC=C1)/N=C/C2=CC=C(Cl)C=C2Cl,SC1=CC=C(OC)C=C1,1.125722444,4.710022706,5
212,456,O=P1(O)OC2=C(C3=C(OCC)C=CC(C)=C3)C=C4C(C=CC=C4)=C2C5=C(O1)C(C6=CC(C)=CC=C6OCC)=CC7=C5C=CC=C7,O=C(C1=CC=CC=C1)/N=C/C2=CC=C(OC)C=C2,CCS,0.820945045,3.434834068,8
213,1027,O=P1(O)OC2=C(C3=C(OC(F)(F)F)C=CC=C3)C=C4C(C=CC=C4)=C2C5=C(O1)C(C6=CC=CC=C6OC(F)(F)F)=CC7=C5C=CC=C7,O=C(C1=CC=CC=C1)/N=C/C2=CC=CC3=C2C=CC=C3,SC1=CC=CC=C1C,1.446325365,6.051425327,8
214,805,O=P1(O)OC2=C(C3=C(OCC)C=CC(C)=C3)C=C4C(C=CC=C4)=C2C5=C(O1)C(C6=CC(C)=CC=C6OCC)=CC7=C5C=CC=C7,O=C(C1=CC=CC=C1)/N=C/C2=CC=CC=C2,SC1=CC=CC=C1C,1.882001124,7.874292703,5
215,496,O=P1(O)OC2=C(C3=C(F)C=C(OC)C=C3F)C=C4C(C=CC=C4)=[C@]2[C@]5=C(O1)C(C6=C(F)C=C(OC)C=C6F)=CC7=C5C=CC=C7,O=C(C1=CC=CC=C1)/N=C/C2=CC=C(OC)C=C2,SC1=CC=C(OC)C=C1,1.531802956,6.409063568,8
216,614,O=P1(O)OC2=C(C3=CC(C4=CC=C(OC)C=C4)=CC(C5=CC=C(OC)C=C5)=C3)C=C6C(C=CC=C6)=C2C7=C(O1)C(C8=CC(C9=CC=C(OC)C=C9)=CC(C%10=CC=C(OC)C=C%10)=C8)=CC%11=C7C=CC=C%11,O=C(C1=CC=CC=C1)/N=C/C2=CC=C(OC)C=C2,SC1CCCCC1,0.820945045,3.434834068,0
217,845,O=P1(O)OC2=C(C3=CC=C(C)C=C3)C=C4C(C=CC=C4)=C2C5=C(O1)C(C6=CC=C(C)C=C6)=CC7=C5C=CC=C7,O=C(C1=CC=CC=C1)/N=C/C2=CC=CC=C2,SC1CCCCC1,0.820945045,3.434834068,0
218,317,O=P1(O)OC2=C(C3=CC=C(C4=CC(C(F)(F)F)=CC(C(F)(F)F)=C4)C=C3)C=C5C(C=CC=C5)=C2C6=C(O1)C(C7=CC=C(C8=CC(C(F)(F)F)=CC(C(F)(F)F)=C8)C=C7)=CC9=C6C=CC=C9,O=C(C1=CC=CC=C1)/N=C/C2=CC=C(Cl)C=C2Cl,SC1=CC=CC=C1,1.17989059,4.936662229,4
219,442,O=P1(O)OC2=C(C3=CC(C(C)(C)C)=CC(C(C)(C)C)=C3)C=C4C(CCCC4)=C2C5=C(O1)C(C6=CC(C(C)(C)C)=CC(C(C)(C)C)=C6)=CC7=C5CCCC7,O=C(C1=CC=CC=C1)/N=C/C2=CC=C(OC)C=C2,CCS,0.589002233,2.464385343,3
220,328,O=P1(O)OC2=C(C3=C(C4CCCCC4)C=C(C5CCCCC5)C=C3C6CCCCC6)C=C7C(C=CC=C7)=C2C8=C(O1)[C@@]([C@@]9=C(C%10CCCCC%10)C=C(C%11CCCCC%11)C=C9C%12CCCCC%12)=CC%13=C8C=CC=C%13,O=C(C1=CC=CC=C1)/N=C/C2=CC=C(Cl)C=C2Cl,SC1=CC=CC=C1,3.134624572,13.11526921,9
221,67,O=P1(O)OC2=C(C3=CC(C)=C(OC(C)C)C(C)=C3)C=C4C(C=CC=C4)=C2C5=C(O1)C(C6=CC(C)=C(OC(C)C)C(C)=C6)=CC7=C5C=CC=C7,O=C(C1=CC=CC=C1)/N=C/C2=CC=C(C(F)(F)F)C=C2,SC1=CC=C(OC)C=C1,1.370103771,5.732514178,9
222,352,O=P1(O)OC2=C(Br)C=C3C(C=CC=C3)=C2C4=C(O1)C(Br)=CC5=CC=CC=C54,O=C(C1=CC=CC=C1)/N=C/C2=CC=C(Cl)C=C2Cl,SC1=CC=CC=C1C,0.215535446,0.901800306,9
223,406,O=P1(O)OC2=C(C3=CC(C4=C(C)C=C(C)C=C4C)=CC(C5=C(C)C=C(C)C=C5C)=C3)C=C6C(CCCC6)=C2C7=C(O1)C(C8=CC(C9=C(C)C=C(C)C=C9C)=CC(C%10=C(C)C=C(C)C=C%10C)=C8)=CC%11=C7CCCC%11,O=C(C1=CC=CC=C1)/N=C/C2=CC=C(Cl)C=C2Cl,SC1CCCCC1,0.682601444,2.856004442,9
224,698,O=P1(O)OC2=C(Br)C=C3C(C=CC=C3)=C2C4=C(O1)C(Br)=CC5=CC=CC=C54,O=C(C1=CC=CC=C1)/N=C/C2=CC=CC=C2,SC1=CC=C(OC)C=C1,0.559297578,2.340101066,2
225,722,O=P1(O)OC2=C(C3=CC(COC)=CC=C3)C=C4C(C=CC=C4)=C2C5=C(O1)C(C6=CC=CC(COC)=C6)=CC7=C5C=CC=C7,O=C(C1=CC=CC=C1)/N=C/C2=CC=CC=C2,SC1=CC=C(OC)C=C1,1.370103771,5.732514178,5
226,241,O=P1(O)OC2=C(C3=CC=C(OC)C=C3)C=C4C(C=CC=C4)=C2C5=C(O1)C(C6=CC=C(OC)C=C6)=CC7=C5C=CC=C7,O=C(C1=CC=CC=C1)/N=C/C2=CC=C(Cl)C=C2Cl,CCS,0.340722979,1.425584944,7
227,797,O=P1(O)OC2=C(C3=C(C(C)C)C=C(C(C)C)C=C3C(C)C)C=C4C(C=CC=C4)=C2C5=C(O1)[C@@]([C@@]6=C(C(C)C)C=C(C(C)C)C=C6C(C)C)=CC7=C5C=CC=C7,O=C(C1=CC=CC=C1)/N=C/C2=CC=CC=C2,SC1=CC=CC=C1C,3.134624572,13.11526921,8
228,991,O=P1(O)OC2=C(C3=CC=C(S(F)(F)(F)(F)F)C=C3)C=C4C(C=CC=C4)=C2C5=C(O1)C(C6=CC=C(S(F)(F)(F)(F)F)C=C6)=CC7=C5C=CC=C7,O=C(C1=CC=CC=C1)/N=C/C2=CC=CC3=C2C=CC=C3,SC1=CC=CC=C1C,1.125722444,4.710022706,2
229,1006,O=P1(O)OC2=C(C3=CC(COC)=CC=C3)C=C4C(CCCC4)=C2C5=C(O1)C(C6=CC=CC(COC)=C6)=CC7=C5CCCC7,O=C(C1=CC=CC=C1)/N=C/C2=CC=CC3=C2C=CC=C3,SC1=CC=CC=C1C,1.17989059,4.936662229,2
230,251,O=P1(O)OC2=C(C3=CC(C4=CC(C=CC=C5)=C5C=C4)=CC=C3)C=C6C(C=CC=C6)=C2C7=C(O1)C(C8=CC=CC(C9=CC=C(C=CC=C%10)C%10=C9)=C8)=CC%11=C7C=CC=C%11,O=C(C1=CC=CC=C1)/N=C/C2=CC=C(Cl)C=C2Cl,CCS,0.366586769,1.533799041,8
231,216,O=P1(O)OC2=C(C3=C(F)C=C(OC)C=C3F)C=C4C(C=CC=C4)=[C@]2[C@]5=C(O1)C(C6=C(F)C=C(OC)C=C6F)=CC7=C5C=CC=C7,O=C(C1=CC=CC=C1)/N=C/C2=CC=C(Cl)C=C2Cl,CCS,0.820945045,3.434834068,6
232,984,O=P1(O)OC2=C(C3=C(C=CC4=CC=CC(C=C5)=C46)C6=C5C=C3)C=C7C(C=CC=C7)=C2C8=C(O1)C(C9=CC=C(C=C%10)C%11=C9C=CC%12=CC=CC%10=C%11%12)=CC%13=C8C=CC=C%13,O=C(C1=CC=CC=C1)/N=C/C2=CC=CC3=C2C=CC=C3,SC1=CC=CC=C1,1.743657522,7.295463072,1
233,439,O=P1(O)OC2=C(CC3=CC=C(C(F)(F)F)C=C3C(F)(F)F)C=C4C(C=CC=C4)=C2C5=C(O1)C(CC6=C(C(F)(F)F)C=C(C(F)(F)F)C=C6)=CC7=C5C=CC=C7,O=C(C1=CC=CC=C1)/N=C/C2=CC=C(OC)C=C2,CCS,-0.191142101,-0.799738551,5
234,248,O=P1(O)OC2=C(C3=CC=C(C(C)(C)C)C=C3)C=C4C(C=CC=C4)=C2C5=C(O1)C(C6=CC=C(C(C)(C)C)C=C6)=CC7=C5C=CC=C7,O=C(C1=CC=CC=C1)/N=C/C2=CC=C(Cl)C=C2Cl,CCS,0.715545793,2.993843598,9
235,903,O=P1(O)OC2=C(C3=CC=CC=C3)C=C4C(C=CC=C4)=C2C5=C(O1)C(C6=CC=CC=C6)=CC7=C5C=CC=C7,O=C(C1=CC=CC=C1)/N=C/C2=CC=CC3=C2C=CC=C3,SC1=CC=C(OC)C=C1,1.074990526,4.497760361,5
236,148,O=P1(O)OC2=C(C3=C(C(C)C)C=C(C(C)C)C=C3C(C)C)C=C4C(C=CC=C4)=C2C5=C(O1)[C@@]([C@@]6=C(C(C)C)C=C(C(C)C)C=C6C(C)C)=CC7=C5C=CC=C7,O=C(C1=CC=CC=C1)/N=C/C2=CC=C(C(F)(F)F)C=C2,SC1=CC=CC=C1C,2.058499317,8.612761142,4
237,446,O=P1(O)OC2=C([Si](C3=CC=CC=C3)(C4=CC=CC=C4)C5=CC=CC=C5)C=C6C(C=CC=C6)=C2C7=C(O1)C([Si](C8=CC=CC=C8)(C9=CC=CC=C9)C%10=CC=CC=C%10)=CC%11=C7C=CC=C%11,O=C(C1=CC=CC=C1)/N=C/C2=CC=C(OC)C=C2,CCS,0.047400225,0.198322541,9
238,457,O=P1(O)OC2=C(C3=CC(COC)=CC=C3)C=C4C(C=CC=C4)=C2C5=C(O1)C(C6=CC=CC(COC)=C6)=CC7=C5C=CC=C7,O=C(C1=CC=CC=C1)/N=C/C2=CC=C(OC)C=C2,CCS,0.784603173,3.282779676,9
239,43,O=P1(O)OC2=C(C3=CC=CC=C3)C=C4C(C=CC=C4)=C2C5=C(O1)C(C6=CC=CC=C6)=CC7=C5C=CC=C7,O=C(C1=CC=CC=C1)/N=C/C2=CC=C(C(F)(F)F)C=C2,SC1=CC=C(OC)C=C1,1.125722444,4.710022706,1
240,451,O=P1(O)OC2=C(C3=C(C(C)C)C=C(C4=CC=C(C(C)(C)C)C=C4)C=C3C(C)C)C=C5C(C=CC=C5)=[C@]2[C@]6=C(O1)C(C7=C(C(C)C)C=C(C8=CC=C(C(C)(C)C)C=C8)C=C7C(C)C)=CC9=C6C=CC=C9,O=C(C1=CC=CC=C1)/N=C/C2=CC=C(OC)C=C2,CCS,1.238109014,5.180248115,9
241,168,O=P1(O)OC2=C(C3=CC=C(C4=CC=C(C=CC=C5)C5=C4)C=C3)C=C6C(C=CC=C6)=C2C7=C(O1)C(C8=CC=C(C9=CC(C=CC=C%10)=C%10C=C9)C=C8)=CC%11=C7C=CC=C%11,O=C(C1=CC=CC=C1)/N=C/C2=CC=C(C(F)(F)F)C=C2,SC1=CC=CC=C1C,1.301167112,5.444083197,3
242,757,O=P1(O)OC2=C(C3=CC(C4=CC(C(F)(F)F)=CC(C(F)(F)F)=C4)=CC(C5=CC(C(F)(F)F)=CC(C(F)(F)F)=C5)=C3)C=C6C(C=CC=C6)=C2C7=C(O1)C(C8=CC(C9=CC(C(F)(F)F)=CC(C(F)(F)F)=C9)=CC(C%10=CC(C(F)(F)F)=CC(C(F)(F)F)=C%10)=C8)=CC%11=C7C=CC=C%11,O=C(C1=CC=CC=C1)/N=C/C2=CC=CC=C2,SC1=CC=CC=C1,1.446325365,6.051425327,1
243,882,O=P1(O)OC2=C(C3=C(C=CC=C4)C4=C(C5=CC(C=CC=C6)=C6C=C5)C7=C3C=CC=C7)C=C8C(C=CC=C8)=[C@]2[C@]9=C(O1)C(C%10=C(C=CC=C%11)C%11=C(C%12=CC=C(C=CC=C%13)C%13=C%12)C%14=C%10C=CC=C%14)=CC%15=C9C=CC=C%15,O=C(C1=CC=CC=C1)/N=C/C2=CC=CC3=C2C=CC=C3,CCS,1.074990526,4.497760361,2
244,205,O=P1(O)OC2=C(C3=CC=C(C4CCCCC4)C=C3)C=C5C(CCCC5)=C2C6=C(O1)C(C7=CC=C(C8CCCCC8)C=C7)=CC9=C6CCCC9,O=C(C1=CC=CC=C1)/N=C/C2=CC=C(C(F)(F)F)C=C2,SC1CCCCC1,0.650583556,2.722041598,7
245,69,O=P1(O)OC2=C(C3=CC(C4=CC(C(F)(F)F)=CC(C(F)(F)F)=C4)=CC(C5=CC(C(F)(F)F)=CC(C(F)(F)F)=C5)=C3)C=C6C(C=CC=C6)=C2C7=C(O1)C(C8=CC(C9=CC(C(F)(F)F)=CC(C(F)(F)F)=C9)=CC(C%10=CC(C(F)(F)F)=CC(C(F)(F)F)=C%10)=C8)=CC%11=C7C=CC=C%11,O=C(C1=CC=CC=C1)/N=C/C2=CC=C(C(F)(F)F)C=C2,SC1=CC=C(OC)C=C1,1.370103771,5.732514178,3
246,36,O=P1(O)OC2=C(C3=CC(C(F)(F)F)=CC(C(F)(F)F)=C3)C=C4C(CCCC4)=C2C5=C(O1)C(C6=CC(C(F)(F)F)=CC(C(F)(F)F)=C6)=CC7=C5CCCC7,O=C(C1=CC=CC=C1)/N=C/C2=CC=C(C(F)(F)F)C=C2,CCS,0.366586769,1.533799041,8
247,736,O=P1(O)OC2=C(CC3=C(C=CC=C4)C4=CC5=C3C=CC=C5)C=C6C(C=CC=C6)=C2C7=C(O1)C(CC8=C(C=CC=C9)C9=CC%10=C8C=CC=C%10)=CC%11=C7C=CC=C%11,O=C(C1=CC=CC=C1)/N=C/C2=CC=CC=C2,SC1=CC=CC=C1,0.501758501,2.099357568,6
248,712,O=P1(O)OC2=C(C3=C(F)C=C(OC)C=C3F)C=C4C(C=CC=C4)=[C@]2[C@]5=C(O1)C(C6=C(F)C=C(OC)C=C6F)=CC7=C5C=CC=C7,O=C(C1=CC=CC=C1)/N=C/C2=CC=CC=C2,SC1=CC=C(OC)C=C1,1.370103771,5.732514178,0
249,448,O=P1(O)OC2=C([Si](C3=CC=C(C(C)(C)C)C=C3)(C4=CC=C(C(C)(C)C)C=C4)C5=CC=C(C(C)(C)C)C=C5)C=C6C(CCCC6)=C2C7=C(O1)C([Si](C8=CC=C(C(C)(C)C)C=C8)(C9=CC=C(C(C)(C)C)C=C9)C%10=CC=C(C(C)(C)C)C=C%10)=CC%11=C7CCCC%11,O=C(C1=CC=CC=C1)/N=C/C2=CC=C(OC)C=C2,CCS,0.142812956,0.597529408,7
250,527,O=P1(O)OC2=C([Si](C3=CC=CC=C3)(C4=CC=CC=C4)C5=CC=CC=C5)C=C6C(CCCC6)=C2C7=C(O1)C([Si](C8=CC=CC=C8)(C9=CC=CC=C9)C%10=CC=CC=C%10)=CC%11=C7CCCC%11,O=C(C1=CC=CC=C1)/N=C/C2=CC=C(OC)C=C2,SC1=CC=CC=C1,0.240111033,1.004624562,6
251,1060,O=P1(O)OC2=C(C3=CC=C(C)C=C3)C=C4C(C=CC=C4)=C2C5=C(O1)C(C6=CC=C(C)C=C6)=CC7=C5C=CC=C7,O=C(C1=CC=CC=C1)/N=C/C2=CC=CC3=C2C=CC=C3,SC1CCCCC1,0.559297578,2.340101066,0
252,907,O=P1(O)OC2=C(CC3=CC(C(F)(F)F)=CC(C(F)(F)F)=C3)C=C4C(CCCC4)=C2C5=C(O1)C(CC6=CC(C(F)(F)F)=CC(C(F)(F)F)=C6)=CC7=C5CCCC7,O=C(C1=CC=CC=C1)/N=C/C2=CC=CC3=C2C=CC=C3,SC1=CC=C(OC)C=C1,0.589002233,2.464385343,8
253,504,O=P1(O)OC2=C(C3=C(C(C)C)C=C(C4=CC=C(C(C)(C)C)C=C4)C=C3C(C)C)C=C5C(C=CC=C5)=[C@]2[C@]6=C(O1)C(C7=C(C(C)C)C=C(C8=CC=C(C(C)(C)C)C=C8)C=C7C(C)C)=CC9=C6C=CC=C9,O=C(C1=CC=CC=C1)/N=C/C2=CC=C(OC)C=C2,SC1=CC=C(OC)C=C1,3.134624572,13.11526921,3
254,863,O=P1(O)OC2=C(C3=CC(C)=C(OC(C)C)C(C)=C3)C=C4C(C=CC=C4)=C2C5=C(O1)C(C6=CC(C)=C(OC(C)C)C(C)=C6)=CC7=C5C=CC=C7,O=C(C1=CC=CC=C1)/N=C/C2=CC=CC3=C2C=CC=C3,CCS,0.419377753,1.754676519,8
255,428,O=P1(O)OC2=[C@]([C@]3=C(Cl)C=C(Cl)C=C3Cl)C=C4C(CCCC4)=[C@]2[C@]5=C(O1)C(C6=C(Cl)C=C(Cl)C=C6Cl)=CC7=C5CCCC7,O=C(C1=CC=CC=C1)/N=C/C2=CC=C(Cl)C=C2Cl,SC1CCCCC1,1.531802956,6.409063568,3
256,258,O=P1(O)OC2=C(C3=CC(C)=C(OC(C)C)C(C)=C3)C=C4C(C=CC=C4)=C2C5=C(O1)C(C6=CC(C)=C(OC(C)C)C(C)=C6)=CC7=C5C=CC=C7,O=C(C1=CC=CC=C1)/N=C/C2=CC=C(Cl)C=C2Cl,SC1=CC=C(OC)C=C1,1.074990526,4.497760361,4
257,935,O=P1(O)OC2=C(C3=C(C=CC=C4)C4=C(C5=CC(C=CC=C6)=C6C=C5)C7=C3C=CC=C7)C=C8C(C=CC=C8)=[C@]2[C@]9=C(O1)C(C%10=C(C=CC=C%11)C%11=C(C%12=CC=C(C=CC=C%13)C%13=C%12)C%14=C%10C=CC=C%14)=CC%15=C9C=CC=C%15,O=C(C1=CC=CC=C1)/N=C/C2=CC=CC3=C2C=CC=C3,SC1=CC=C(OC)C=C1,3.134624572,13.11526921,0
258,850,O=P1(O)OC2=C(C3=CC(C4=CC(C=CC=C5)=C5C=C4)=CC=C3)C=C6C(C=CC=C6)=C2C7=C(O1)C(C8=CC=CC(C9=CC=C(C=CC=C%10)C%10=C9)=C8)=CC%11=C7C=CC=C%11,O=C(C1=CC=CC=C1)/N=C/C2=CC=CC=C2,SC1CCCCC1,0.589002233,2.464385343,0
259,452,O=P1(O)OC2=C(CC)C=C3C(CCCC3)=C2C4=C(O1)C(CC)=CC5=C4CCCC5,O=C(C1=CC=CC=C1)/N=C/C2=CC=C(OC)C=C2,CCS,-0.09495278,-0.397282432,6
260,659,O=P1(O)OC2=C(Br)C=C3C(C=CC=C3)=C2C4=C(O1)C(Br)=CC5=CC=CC=C54,O=C(C1=CC=CC=C1)/N=C/C2=CC=CC=C2,CCS,0.366586769,1.533799041,2
261,692,O=P1(O)OC2=C(CC3=C(C=CC=C4)C4=CC5=C3C=CC=C5)C=C6C(C=CC=C6)=C2C7=C(O1)C(CC8=C(C=CC=C9)C9=CC%10=C8C=CC=C%10)=CC%11=C7C=CC=C%11,O=C(C1=CC=CC=C1)/N=C/C2=CC=CC=C2,SC1=CC=C(OC)C=C1,0.559297578,2.340101066,1
262,1033,O=P1(O)OC2=C(C3=C(F)C=C(OC)C=C3F)C=C4C(C=CC=C4)=[C@]2[C@]5=C(O1)C(C6=C(F)C=C(OC)C=C6F)=CC7=C5C=CC=C7,O=C(C1=CC=CC=C1)/N=C/C2=CC=CC3=C2C=CC=C3,SC1CCCCC1,1.027207628,4.297836716,8
263,1034,O=P1(O)OC2=C(C3=C(C)C=C(C)C=C3C)C=C4C(C=CC=C4)=C2C5=C(O1)[C@@]([C@@]6=C(C)C=C(C)C=C6C)=CC7=C5C=CC=C7,O=C(C1=CC=CC=C1)/N=C/C2=CC=CC3=C2C=CC=C3,SC1CCCCC1,1.074990526,4.497760361,9
264,355,O=P1(O)OC2=C([Si](C3=CC=CC=C3)(C4=CC=CC=C4)C5=CC=CC=C5)C=C6C(CCCC6)=C2C7=C(O1)C([Si](C8=CC=CC=C8)(C9=CC=CC=C9)C%10=CC=CC=C%10)=CC%11=C7CCCC%11,O=C(C1=CC=CC=C1)/N=C/C2=CC=C(Cl)C=C2Cl,SC1=CC=CC=C1C,0.118834511,0.497203594,5
265,88,O=P1(O)OC2=C(CC3=CC=C(OC)C=C3)C=C4C(CCCC4)=C2C5=C(O1)C(CC6=CC=C(OC)C=C6)=CC7=C5CCCC7,O=C(C1=CC=CC=C1)/N=C/C2=CC=C(C(F)(F)F)C=C2,SC1=CC=CC=C1,0.501758501,2.099357568,3
266,332,O=P1(O)OC2=C(C3=C(C=CC=C4)C4=C(C5=CC(C=CC=C6)=C6C=C5)C7=C3C=CC=C7)C=C8C(C=CC=C8)=[C@]2[C@]9=C(O1)C(C%10=C(C=CC=C%11)C%11=C(C%12=CC=C(C=CC=C%13)C%13=C%12)C%14=C%10C=CC=C%14)=CC%15=C9C=CC=C%15,O=C(C1=CC=CC=C1)/N=C/C2=CC=C(Cl)C=C2Cl,SC1=CC=CC=C1,1.882001124,7.874292703,4
267,176,O=P1(O)OC2=C(C3=CC(C4=CC(C(F)(F)F)=CC(C(F)(F)F)=C4)=CC(C5=CC(C(F)(F)F)=CC(C(F)(F)F)=C5)=C3)C=C6C(C=CC=C6)=C2C7=C(O1)C(C8=CC(C9=CC(C(F)(F)F)=CC(C(F)(F)F)=C9)=CC(C%10=CC(C(F)(F)F)=CC(C(F)(F)F)=C%10)=C8)=CC%11=C7C=CC=C%11,O=C(C1=CC=CC=C1)/N=C/C2=CC=C(C(F)(F)F)C=C2,SC1CCCCC1,0.820945045,3.434834068,6
268,52,O=P1(O)OC2=C(Br)C=C3C(C=CC=C3)=C2C4=C(O1)C(Br)=CC5=CC=CC=C54,O=C(C1=CC=CC=C1)/N=C/C2=CC=C(C(F)(F)F)C=C2,SC1=CC=C(OC)C=C1,0.264892334,1.108309525,6
269,282,O=P1(O)OC2=C(C3=CC=C(C4CCCCC4)C=C3)C=C5C(CCCC5)=C2C6=C(O1)C(C7=CC=C(C8CCCCC8)C=C7)=CC9=C6CCCC9,O=C(C1=CC=CC=C1)/N=C/C2=CC=C(Cl)C=C2Cl,SC1=CC=C(OC)C=C1,1.074990526,4.497760361,4
270,704,O=P1(O)OC2=C(CC)C=C3C(CCCC3)=C2C4=C(O1)C(CC)=CC5=C4CCCC5,O=C(C1=CC=CC=C1)/N=C/C2=CC=CC=C2,SC1=CC=C(OC)C=C1,0.118834511,0.497203594,5
271,867,O=P1(O)OC2=C(CC3=CC(C(F)(F)F)=CC(C(F)(F)F)=C3)C=C4C(CCCC4)=C2C5=C(O1)C(CC6=CC(C(F)(F)F)=CC(C(F)(F)F)=C6)=CC7=C5CCCC7,O=C(C1=CC=CC=C1)/N=C/C2=CC=CC3=C2C=CC=C3,CCS,-0.166908496,-0.698345147,2
272,769,O=P1(O)OC2=C(C3=CC=C(C(C)(C)C)C=C3)C=C4C(C=CC=C4)=C2C5=C(O1)C(C6=CC=C(C(C)(C)C)C=C6)=CC7=C5C=CC=C7,O=C(C1=CC=CC=C1)/N=C/C2=CC=CC=C2,SC1=CC=CC=C1,1.370103771,5.732514178,7
273,613,O=P1(O)OC2=C(C3=CC(C(C)(C)C)=CC(C(C)(C)C)=C3)C=C4C(CCCC4)=C2C5=C(O1)C(C6=CC(C(C)(C)C)=CC(C(C)(C)C)=C6)=CC7=C5CCCC7,O=C(C1=CC=CC=C1)/N=C/C2=CC=C(OC)C=C2,SC1CCCCC1,0.715545793,2.993843598,2
274,1036,O=P1(O)OC2=C(C3=CC=C(S(F)(F)(F)(F)F)C=C3)C=C4C(C=CC=C4)=C2C5=C(O1)C(C6=CC=C(S(F)(F)(F)(F)F)C=C6)=CC7=C5C=CC=C7,O=C(C1=CC=CC=C1)/N=C/C2=CC=CC3=C2C=CC=C3,SC1CCCCC1,0.589002233,2.464385343,8
275,294,O=P1(O)OC2=C(C3=C(C=CC=C4)C4=C(C5=CC(C=CC=C6)=C6C=C5)C7=C3C=CC=C7)C=C8C(C=CC=C8)=[C@]2[C@]9=C(O1)C(C%10=C(C=CC=C%11)C%11=C(C%12=CC=C(C=CC=C%13)C%13=C%12)C%14=C%10C=CC=C%14)=CC%15=C9C=CC=C%15,O=C(C1=CC=CC=C1)/N=C/C2=CC=C(Cl)C=C2Cl,SC1=CC=C(OC)C=C1,2.304684113,9.642798329,2
276,817,O=P1(O)OC2=C(C3=CC=CC=C3)C=C4C(C=CC=C4)=C2C5=C(O1)C(C6=CC=CC=C6)=CC7=C5C=CC=C7,O=C(C1=CC=CC=C1)/N=C/C2=CC=CC=C2,SC1CCCCC1,0.650583556,2.722041598,3
277,782,O=P1(O)OC2=C(C3=CC(C(C)(C)C)=CC(C(C)(C)C)=C3)C=C4C(CCCC4)=C2C5=C(O1)C(C6=CC(C(C)(C)C)=CC(C(C)(C)C)=C6)=CC7=C5CCCC7,O=C(C1=CC=CC=C1)/N=C/C2=CC=CC=C2,SC1=CC=CC=C1C,1.17989059,4.936662229,5
278,261,O=P1(O)OC2=C(CC3=CC(C(F)(F)F)=CC(C(F)(F)F)=C3)C=C4C(CCCC4)=C2C5=C(O1)C(CC6=CC(C(F)(F)F)=CC(C(F)(F)F)=C6)=CC7=C5CCCC7,O=C(C1=CC=CC=C1)/N=C/C2=CC=C(Cl)C=C2Cl,SC1=CC=C(OC)C=C1,0.473819986,1.982462821,2
279,1058,O=P1(O)OC2=C(C3=CC(COC)=CC=C3)C=C4C(C=CC=C4)=C2C5=C(O1)C(C6=CC=CC(COC)=C6)=CC7=C5C=CC=C7,O=C(C1=CC=CC=C1)/N=C/C2=CC=CC3=C2C=CC=C3,SC1CCCCC1,0.589002233,2.464385343,0
280,830,O=P1(O)OC2=C(C3=CC(C4=CC=C(OC)C=C4)=CC(C5=CC=C(OC)C=C5)=C3)C=C6C(C=CC=C6)=C2C7=C(O1)C(C8=CC(C9=CC=C(OC)C=C9)=CC(C%10=CC=C(OC)C=C%10)=C8)=CC%11=C7C=CC=C%11,O=C(C1=CC=CC=C1)/N=C/C2=CC=CC=C2,SC1CCCCC1,0.559297578,2.340101066,6
281,780,O=P1(O)OC2=C([Si](C3=CC=CC=C3)(C)C4=CC=CC=C4)C=C5C(C=CC=C5)=C2C6=C(O1)C([Si](C7=CC=CC=C7)(C8=CC=CC=C8)C)=CC9=C6C=CC=C9,O=C(C1=CC=CC=C1)/N=C/C2=CC=CC=C2,SC1=CC=CC=C1C,0.820945045,3.434834068,8
282,182,O=P1(O)OC2=C(C3=CC(C(C)(C)C)=CC(C(C)(C)C)=C3)C=C4C(C=CC=C4)=C2C5=C(O1)C(C6=CC(C(C)(C)C)=CC(C(C)(C)C)=C6)=CC7=C5C=CC=C7,O=C(C1=CC=CC=C1)/N=C/C2=CC=C(C(F)(F)F)C=C2,SC1CCCCC1,0.589002233,2.464385343,1
283,238,O=P1(O)OC2=C(CC)C=C3C(CCCC3)=C2C4=C(O1)C(CC)=CC5=C4CCCC5,O=C(C1=CC=CC=C1)/N=C/C2=CC=C(Cl)C=C2Cl,CCS,-0.240111033,-1.004624562,7
284,82,O=P1(O)OC2=C(C3=C(C4=CC(C=CC=C5)=C5C=C4)C=CC=C3)C=C6C(CCCC6)=C2C7=C(O1)C(C8=CC=CC=C8C9=CC=C(C=CC=C%10)C%10=C9)=CC%11=C7CCCC%11,O=C(C1=CC=CC=C1)/N=C/C2=CC=C(C(F)(F)F)C=C2,SC1=CC=C(OC)C=C1,1.743657522,7.295463072,3
285,702,O=P1(O)OC2=C([Si](C3=CC=C(C(C)(C)C)C=C3)(C4=CC=C(C(C)(C)C)C=C4)C5=CC=C(C(C)(C)C)C=C5)C=C6C(CCCC6)=C2C7=C(O1)C([Si](C8=CC=C(C(C)(C)C)C=C8)(C9=CC=C(C(C)(C)C)C=C9)C%10=CC=C(C(C)(C)C)C=C%10)=CC%11=C7CCCC%11,O=C(C1=CC=CC=C1)/N=C/C2=CC=CC=C2,SC1=CC=C(OC)C=C1,0.118834511,0.497203594,3
286,800,O=P1(O)OC2=C(C3=CC=C(C4=CC(C(F)(F)F)=CC(C(F)(F)F)=C4)C=C3)C=C5C(C=CC=C5)=C2C6=C(O1)C(C7=CC=C(C8=CC(C(F)(F)F)=CC(C(F)(F)F)=C8)C=C7)=CC9=C6C=CC=C9,O=C(C1=CC=CC=C1)/N=C/C2=CC=CC=C2,SC1=CC=CC=C1C,1.370103771,5.732514178,9
287,543,O=P1(O)OC2=C(C3=C(C4CCCCC4)C=C(C5CCCCC5)C=C3C6CCCCC6)C=C7C(C=CC=C7)=C2C8=C(O1)[C@@]([C@@]9=C(C%10CCCCC%10)C=C(C%11CCCCC%11)C=C9C%12CCCCC%12)=CC%13=C8C=CC=C%13,O=C(C1=CC=CC=C1)/N=C/C2=CC=C(OC)C=C2,SC1=CC=CC=C1,2.058499317,8.612761142,4
288,139,O=P1(O)OC2=C([Si](C3=CC=C(C(C)(C)C)C=C3)(C4=CC=C(C(C)(C)C)C=C4)C5=CC=C(C(C)(C)C)C=C5)C=C6C(CCCC6)=C2C7=C(O1)C([Si](C8=CC=C(C(C)(C)C)C=C8)(C9=CC=C(C(C)(C)C)C=C9)C%10=CC=C(C(C)(C)C)C=C%10)=CC%11=C7CCCC%11,O=C(C1=CC=CC=C1)/N=C/C2=CC=C(C(F)(F)F)C=C2,SC1=CC=CC=C1C,0.0,0.0,4
289,127,O=P1(O)OC2=C(C3=C(OC)C=CC=C3OC)C=C4C(C=CC=C4)=C2C5=C(O1)[C@@]([C@@]6=C(OC)C=CC=C6OC)=CC7=C5C=CC=C7,O=C(C1=CC=CC=C1)/N=C/C2=CC=C(C(F)(F)F)C=C2,SC1=CC=CC=C1,1.629422542,6.817503916,2
290,787,O=P1(O)OC2=C([Si](C3=CC=CC=C3)(C4=CC=CC=C4)C5=CC=CC=C5)C=C6C(CCCC6)=C2C7=C(O1)C([Si](C8=CC=CC=C8)(C9=CC=CC=C9)C%10=CC=CC=C%10)=CC%11=C7CCCC%11,O=C(C1=CC=CC=C1)/N=C/C2=CC=CC=C2,SC1=CC=CC=C1C,0.118834511,0.497203594,9
291,955,O=P1(O)OC2=C([Si](C3=CC=CC=C3)(C4=CC=CC=C4)C5=CC=CC=C5)C=C6C(C=CC=C6)=C2C7=C(O1)C([Si](C8=CC=CC=C8)(C9=CC=CC=C9)C%10=CC=CC=C%10)=CC%11=C7C=CC=C%11,O=C(C1=CC=CC=C1)/N=C/C2=CC=CC3=C2C=CC=C3,SC1=CC=CC=C1,0.191142101,0.799738551,9
292,308,O=P1(O)OC2=C(CC3=CC=C(C(F)(F)F)C=C3C(F)(F)F)C=C4C(C=CC=C4)=C2C5=C(O1)C(CC6=C(C(F)(F)F)C=C(C(F)(F)F)C=C6)=CC7=C5C=CC=C7,O=C(C1=CC=CC=C1)/N=C/C2=CC=C(Cl)C=C2Cl,SC1=CC=CC=C1,0.315171704,1.31867841,7
293,906,O=P1(O)OC2=C(CC3=CC=C(OC)C=C3)C=C4C(CCCC4)=C2C5=C(O1)C(CC6=CC=C(OC)C=C6)=CC7=C5CCCC7,O=C(C1=CC=CC=C1)/N=C/C2=CC=CC3=C2C=CC=C3,SC1=CC=C(OC)C=C1,0.191142101,0.799738551,6
294,333,O=P1(O)OC2=[C@]([C@]3=C(Cl)C=C(Cl)C=C3Cl)C=C4C(CCCC4)=[C@]2[C@]5=C(O1)C(C6=C(Cl)C=C(Cl)C=C6Cl)=CC7=C5CCCC7,O=C(C1=CC=CC=C1)/N=C/C2=CC=C(Cl)C=C2Cl,SC1=CC=CC=C1,1.964152936,8.218015884,2
295,312,O=P1(O)OC2=C(Br)C=C3C(C=CC=C3)=C2C4=C(O1)C(Br)=CC5=CC=CC=C54,O=C(C1=CC=CC=C1)/N=C/C2=CC=C(Cl)C=C2Cl,SC1=CC=CC=C1,0.315171704,1.31867841,5
296,570,O=P1(O)OC2=C(Br)C=C3C(CCCC3)=C2C4=C(O1)C(Br)=CC5=C4CCCC5,O=C(C1=CC=CC=C1)/N=C/C2=CC=C(OC)C=C2,SC1=CC=CC=C1C,0.240111033,1.004624562,6
297,155,O=P1(O)OC2=C(C3=CC(C4=CC=C(OC)C=C4)=CC(C5=CC=C(OC)C=C5)=C3)C=C6C(C=CC=C6)=C2C7=C(O1)C(C8=CC(C9=CC=C(OC)C=C9)=CC(C%10=CC=C(OC)C=C%10)=C8)=CC%11=C7C=CC=C%11,O=C(C1=CC=CC=C1)/N=C/C2=CC=C(C(F)(F)F)C=C2,SC1=CC=CC=C1C,1.743657522,7.295463072,8
298,733,O=P1(O)OC2=C(C3=CC=C(S(F)(F)(F)(F)F)C=C3)C=C4C(C=CC=C4)=C2C5=C(O1)C(C6=CC=C(S(F)(F)(F)(F)F)C=C6)=CC7=C5C=CC=C7,O=C(C1=CC=CC=C1)/N=C/C2=CC=CC=C2,SC1=CC=CC=C1,0.981980567,4.108606692,9
299,137,O=P1(O)OC2=C([Si](C3=CC=CC=C3)(C4=CC=CC=C4)C5=CC=CC=C5)C=C6C(C=CC=C6)=C2C7=C(O1)C([Si](C8=CC=CC=C8)(C9=CC=CC=C9)C%10=CC=CC=C%10)=CC%11=C7C=CC=C%11,O=C(C1=CC=CC=C1)/N=C/C2=CC=C(C(F)(F)F)C=C2,SC1=CC=CC=C1C,0.191142101,0.799738551,3
300,948,O=P1(O)OC2=C(CC3=CC=C(OC)C=C3)C=C4C(CCCC4)=C2C5=C(O1)C(CC6=CC=C(OC)C=C6)=CC7=C5CCCC7,O=C(C1=CC=CC=C1)/N=C/C2=CC=CC3=C2C=CC=C3,SC1=CC=CC=C1,0.5302345,2.218501148,1
301,1039,O=P1(O)OC2=C(CC3=CC(C(F)(F)F)=CC(C(F)(F)F)=C3)C=C4C(CCCC4)=C2C5=C(O1)C(CC6=CC(C(F)(F)F)=CC(C(F)(F)F)=C6)=CC7=C5CCCC7,O=C(C1=CC=CC=C1)/N=C/C2=CC=CC3=C2C=CC=C3,SC1CCCCC1,-0.315171704,-1.31867841,6
302,728,O=P1(O)OC2=C(C3=C(C4=CC(C=CC=C5)=C5C=C4)C=CC=C3)C=C6C(CCCC6)=C2C7=C(O1)C(C8=CC=CC=C8C9=CC=C(C=CC=C%10)C%10=C9)=CC%11=C7CCCC%11,O=C(C1=CC=CC=C1)/N=C/C2=CC=CC=C2,SC1=CC=C(OC)C=C1,1.446325365,6.051425327,6
303,181,O=P1(O)OC2=C([Si](C3=CC=CC=C3)(C)C4=CC=CC=C4)C=C5C(C=CC=C5)=C2C6=C(O1)C([Si](C7=CC=CC=C7)(C8=CC=CC=C8)C)=CC9=C6C=CC=C9,O=C(C1=CC=CC=C1)/N=C/C2=CC=C(C(F)(F)F)C=C2,SC1CCCCC1,0.366586769,1.533799041,7
304,410,O=P1(O)OC2=C(C3=CC=C(OC)C=C3)C=C4C(C=CC=C4)=C2C5=C(O1)C(C6=CC=C(OC)C=C6)=CC7=C5C=CC=C7,O=C(C1=CC=CC=C1)/N=C/C2=CC=C(Cl)C=C2Cl,SC1CCCCC1,0.501758501,2.099357568,7
305,499,O=P1(O)OC2=C(C3=CC(C)=C(OC(C)C)C(C)=C3)C=C4C(C=CC=C4)=C2C5=C(O1)C(C6=CC(C)=C(OC(C)C)C(C)=C6)=CC7=C5C=CC=C7,O=C(C1=CC=CC=C1)/N=C/C2=CC=C(OC)C=C2,SC1=CC=C(OC)C=C1,1.301167112,5.444083197,1
306,447,O=P1(O)OC2=C([Si](C3=CC=CC=C3)(C4=CC=CC=C4)C5=CC=CC=C5)C=C6C(CCCC6)=C2C7=C(O1)C([Si](C8=CC=CC=C8)(C9=CC=CC=C9)C%10=CC=CC=C%10)=CC%11=C7CCCC%11,O=C(C1=CC=CC=C1)/N=C/C2=CC=C(OC)C=C2,CCS,-0.023690626,-0.099121579,3
307,637,O=P1(O)OC2=C(C3=C(C)C=C(C)C=C3C)C=C4C(C=CC=C4)=C2C5=C(O1)[C@@]([C@@]6=C(C)C=C(C)C=C6C)=CC7=C5C=CC=C7,O=C(C1=CC=CC=C1)/N=C/C2=CC=C(OC)C=C2,SC1CCCCC1,1.370103771,5.732514178,5
308,283,O=P1(O)OC2=C(C3=CC(C(F)(F)F)=CC(C(F)(F)F)=C3)C=C4C(C=CC=C4)=C2C5=C(O1)C(C6=CC(C(F)(F)F)=CC(C(F)(F)F)=C6)=CC7=C5C=CC=C7,O=C(C1=CC=CC=C1)/N=C/C2=CC=C(Cl)C=C2Cl,SC1=CC=C(OC)C=C1,0.878113519,3.674026963,0
309,341,O=P1(O)OC2=C(C3=C(OC)C=CC=C3OC)C=C4C(C=CC=C4)=C2C5=C(O1)[C@@]([C@@]6=C(OC)C=CC=C6OC)=CC7=C5C=CC=C7,O=C(C1=CC=CC=C1)/N=C/C2=CC=C(Cl)C=C2Cl,SC1=CC=CC=C1,1.964152936,8.218015884,9
310,783,O=P1(O)OC2=C(C3=CC(C4=CC=C(OC)C=C4)=CC(C5=CC=C(OC)C=C5)=C3)C=C6C(C=CC=C6)=C2C7=C(O1)C(C8=CC(C9=CC=C(OC)C=C9)=CC(C%10=CC=C(OC)C=C%10)=C8)=CC%11=C7C=CC=C%11,O=C(C1=CC=CC=C1)/N=C/C2=CC=CC=C2,SC1=CC=CC=C1C,1.238109014,5.180248115,8
311,822,O=P1(O)OC2=C(C3=CC(C4=CC(C(F)(F)F)=CC(C(F)(F)F)=C4)=CC(C5=CC(C(F)(F)F)=CC(C(F)(F)F)=C5)=C3)C=C6C(C=CC=C6)=C2C7=C(O1)C(C8=CC(C9=CC(C(F)(F)F)=CC(C(F)(F)F)=C9)=CC(C%10=CC(C(F)(F)F)=CC(C(F)(F)F)=C%10)=C8)=CC%11=C7C=CC=C%11,O=C(C1=CC=CC=C1)/N=C/C2=CC=CC=C2,SC1CCCCC1,0.5302345,2.218501148,0
312,994,O=P1(O)OC2=C(CC3=C(C=CC=C4)C4=CC5=C3C=CC=C5)C=C6C(C=CC=C6)=C2C7=C(O1)C(CC8=C(C=CC=C9)C9=CC%10=C8C=CC=C%10)=CC%11=C7C=CC=C%11,O=C(C1=CC=CC=C1)/N=C/C2=CC=CC3=C2C=CC=C3,SC1=CC=CC=C1C,0.715545793,2.993843598,7
313,265,O=P1(O)OC2=C(C3=CC(C(C)(C)C)=CC(C(C)(C)C)=C3)C=C4C(C=CC=C4)=C2C5=C(O1)C(C6=CC(C(C)(C)C)=CC(C(C)(C)C)=C6)=CC7=C5C=CC=C7,O=C(C1=CC=CC=C1)/N=C/C2=CC=C(Cl)C=C2Cl,SC1=CC=C(OC)C=C1,1.17989059,4.936662229,7
314,843,O=P1(O)OC2=C(C3=CC(COC)=CC=C3)C=C4C(C=CC=C4)=C2C5=C(O1)C(C6=CC=CC(COC)=C6)=CC7=C5C=CC=C7,O=C(C1=CC=CC=C1)/N=C/C2=CC=CC=C2,SC1CCCCC1,0.559297578,2.340101066,0
315,459,O=P1(O)OC2=C(C3=CC=C(C)C=C3)C=C4C(C=CC=C4)=C2C5=C(O1)C(C6=CC=C(C)C=C6)=CC7=C5C=CC=C7,O=C(C1=CC=CC=C1)/N=C/C2=CC=C(OC)C=C2,CCS,0.981980567,4.108606692,4
316,557,O=P1(O)OC2=C(C3=CC(C4=CC(C=CC=C5)=C5C=C4)=CC=C3)C=C6C(C=CC=C6)=C2C7=C(O1)C(C8=CC=CC(C9=CC=C(C=CC=C%10)C%10=C9)=C8)=CC%11=C7C=CC=C%11,O=C(C1=CC=CC=C1)/N=C/C2=CC=C(OC)C=C2,SC1=CC=CC=C1,1.301167112,5.444083197,4
317,897,O=P1(O)OC2=C(C3=CC(C(F)(F)F)=CC(C(F)(F)F)=C3)C=C4C(C=CC=C4)=C2C5=C(O1)C(C6=CC(C(F)(F)F)=CC(C(F)(F)F)=C6)=CC7=C5C=CC=C7,O=C(C1=CC=CC=C1)/N=C/C2=CC=CC3=C2C=CC=C3,CCS,0.302504127,1.265677267,2
318,519,O=P1(O)OC2=C(CC3=CC=C(OC)C=C3)C=C4C(CCCC4)=C2C5=C(O1)C(CC6=CC=C(OC)C=C6)=CC7=C5CCCC7,O=C(C1=CC=CC=C1)/N=C/C2=CC=C(OC)C=C2,SC1=CC=CC=C1,0.166908496,0.698345147,5
319,316,O=P1(O)OC2=C([Si](C3=CC=C(C(C)(C)C)C=C3)(C4=CC=C(C(C)(C)C)C=C4)C5=CC=C(C(C)(C)C)C=C5)C=C6C(CCCC6)=C2C7=C(O1)C([Si](C8=CC=C(C(C)(C)C)C=C8)(C9=CC=C(C(C)(C)C)C=C9)C%10=CC=C(C(C)(C)C)C=C%10)=CC%11=C7CCCC%11,O=C(C1=CC=CC=C1)/N=C/C2=CC=C(Cl)C=C2Cl,SC1=CC=CC=C1,0.09495278,0.397282432,0
320,714,O=P1(O)OC2=C(C3=C(C(C)C)C=C(C(C)C)C=C3C(C)C)C=C4C(C=CC=C4)=C2C5=C(O1)[C@@]([C@@]6=C(C(C)C)C=C(C(C)C)C=C6C(C)C)=CC7=C5C=CC=C7,O=C(C1=CC=CC=C1)/N=C/C2=CC=CC=C2,SC1=CC=C(OC)C=C1,3.134624572,13.11526921,4
321,177,O=P1(O)OC2=C(CC3=CC=C(OC)C=C3)C=C4C(CCCC4)=C2C5=C(O1)C(CC6=CC=C(OC)C=C6)=CC7=C5CCCC7,O=C(C1=CC=CC=C1)/N=C/C2=CC=C(C(F)(F)F)C=C2,SC1CCCCC1,-0.118834511,-0.497203594,7
322,904,O=P1(O)OC2=C(C3=CC(C)=C(OC(C)C)C(C)=C3)C=C4C(C=CC=C4)=C2C5=C(O1)C(C6=CC(C)=C(OC(C)C)C(C)=C6)=CC7=C5C=CC=C7,O=C(C1=CC=CC=C1)/N=C/C2=CC=CC3=C2C=CC=C3,SC1=CC=C(OC)C=C1,1.17989059,4.936662229,1
323,344,O=P1(O)OC2=C(C3=CC=CC=C3)C=C4C(C=CC=C4)=C2C5=C(O1)C(C6=CC=CC=C6)=CC7=C5C=CC=C7,O=C(C1=CC=CC=C1)/N=C/C2=CC=C(Cl)C=C2Cl,SC1=CC=CC=C1C,1.027207628,4.297836716,9
324,358,O=P1(O)OC2=C(CC)C=C3C(CCCC3)=C2C4=C(O1)C(CC)=CC5=C4CCCC5,O=C(C1=CC=CC=C1)/N=C/C2=CC=C(Cl)C=C2Cl,SC1=CC=CC=C1C,0.289903935,1.212958064,2
325,803,O=P1(O)OC2=C(C3=C(C=CC=C4)C4=C(C5=CC(C=CC=C6)=C6C=C5)C7=C3C=CC=C7)C=C8C(C=CC=C8)=[C@]2[C@]9=C(O1)C(C%10=C(C=CC=C%11)C%11=C(C%12=CC=C(C=CC=C%13)C%13=C%12)C%14=C%10C=CC=C%14)=CC%15=C9C=CC=C%15,O=C(C1=CC=CC=C1)/N=C/C2=CC=CC=C2,SC1=CC=CC=C1C,2.304684113,9.642798329,6
326,554,O=P1(O)OC2=C(C3=CC(COC)=CC=C3)C=C4C(C=CC=C4)=C2C5=C(O1)C(C6=CC=CC(COC)=C6)=CC7=C5C=CC=C7,O=C(C1=CC=CC=C1)/N=C/C2=CC=C(OC)C=C2,SC1=CC=CC=C1,1.446325365,6.051425327,8
327,277,O=P1(O)OC2=C(C3=CC(COC)=CC=C3)C=C4C(CCCC4)=C2C5=C(O1)C(C6=CC=CC(COC)=C6)=CC7=C5CCCC7,O=C(C1=CC=CC=C1)/N=C/C2=CC=C(Cl)C=C2Cl,SC1=CC=C(OC)C=C1,1.17989059,4.936662229,6
328,15,O=P1(O)OC2=C([Si](C3=CC=CC=C3)(C4=CC=CC=C4)C5=CC=CC=C5)C=C6C(CCCC6)=C2C7=C(O1)C([Si](C8=CC=CC=C8)(C9=CC=CC=C9)C%10=CC=CC=C%10)=CC%11=C7CCCC%11,O=C(C1=CC=CC=C1)/N=C/C2=CC=C(C(F)(F)F)C=C2,CCS,0.0,0.0,2
329,195,O=P1(O)OC2=C(C3=CC(COC)=CC=C3)C=C4C(C=CC=C4)=C2C5=C(O1)C(C6=CC=CC(COC)=C6)=CC7=C5C=CC=C7,O=C(C1=CC=CC=C1)/N=C/C2=CC=C(C(F)(F)F)C=C2,SC1CCCCC1,0.682601444,2.856004442,1
330,72,O=P1(O)OC2=C(C3=C(C(C)C)C=C(C4=CC=C(C(C)(C)C)C=C4)C=C3C(C)C)C=C5C(C=CC=C5)=[C@]2[C@]6=C(O1)C(C7=C(C(C)C)C=C(C8=CC=C(C(C)(C)C)C=C8)C=C7C(C)C)=CC9=C6C=CC=C9,O=C(C1=CC=CC=C1)/N=C/C2=CC=C(C(F)(F)F)C=C2,SC1=CC=C(OC)C=C1,2.721168735,11.38536999,9
331,964,O=P1(O)OC2=C(C3=CC=C(C4CCCCC4)C=C3)C=C5C(CCCC5)=C2C6=C(O1)C(C7=CC=C(C8CCCCC8)C=C7)=CC9=C6CCCC9,O=C(C1=CC=CC=C1)/N=C/C2=CC=CC3=C2C=CC=C3,SC1=CC=CC=C1,1.238109014,5.180248115,8
332,49,O=P1(O)OC2=C([Si](C3=CC=CC=C3)(C)C4=CC=CC=C4)C=C5C(C=CC=C5)=C2C6=C(O1)C([Si](C7=CC=CC=C7)(C8=CC=CC=C8)C)=CC9=C6C=CC=C9,O=C(C1=CC=CC=C1)/N=C/C2=CC=C(C(F)(F)F)C=C2,SC1=CC=C(OC)C=C1,0.858676701,3.592703317,4
333,394,O=P1(O)OC2=C(CC3=C(C=CC=C4)C4=CC5=C3C=CC=C5)C=C6C(C=CC=C6)=C2C7=C(O1)C(CC8=C(C=CC=C9)C9=CC%10=C8C=CC=C%10)=CC%11=C7C=CC=C%11,O=C(C1=CC=CC=C1)/N=C/C2=CC=C(Cl)C=C2Cl,SC1CCCCC1,0.340722979,1.425584944,0
334,556,O=P1(O)OC2=C(C3=C(C=CC=C4)C4=CC5=C3C=CC=C5)C=C6C(C=CC=C6)=C2C7=C(O1)[C@@]([C@@]8=C(C=CC=C9)C9=CC%10=C8C=CC=C%10)=CC%11=C7C=CC=C%11,O=C(C1=CC=CC=C1)/N=C/C2=CC=C(OC)C=C2,SC1=CC=CC=C1,1.446325365,6.051425327,4
335,149,O=P1(O)OC2=C(C3=CC(C)=C(OC(C)C)C(C)=C3)C=C4C(C=CC=C4)=C2C5=C(O1)C(C6=CC(C)=C(OC(C)C)C(C)=C6)=CC7=C5C=CC=C7,O=C(C1=CC=CC=C1)/N=C/C2=CC=C(C(F)(F)F)C=C2,SC1=CC=CC=C1C,1.301167112,5.444083197,7
336,488,O=P1(O)OC2=C(CC)C=C3C(CCCC3)=C2C4=C(O1)C(CC)=CC5=C4CCCC5,O=C(C1=CC=CC=C1)/N=C/C2=CC=C(OC)C=C2,SC1=CC=C(OC)C=C1,0.289903935,1.212958064,3
337,96,O=P1(O)OC2=C([Si](C3=CC=CC=C3)(C4=CC=CC=C4)C5=CC=CC=C5)C=C6C(CCCC6)=C2C7=C(O1)C([Si](C8=CC=CC=C8)(C9=CC=CC=C9)C%10=CC=CC=C%10)=CC%11=C7CCCC%11,O=C(C1=CC=CC=C1)/N=C/C2=CC=C(C(F)(F)F)C=C2,SC1=CC=CC=C1,0.142812956,0.597529408,8
338,918,O=P1(O)OC2=C(C3=CC=C(C)C=C3)C=C4C(C=CC=C4)=C2C5=C(O1)C(C6=CC=C(C)C=C6)=CC7=C5C=CC=C7,O=C(C1=CC=CC=C1)/N=C/C2=CC=CC3=C2C=CC=C3,SC1=CC=C(OC)C=C1,0.858676701,3.592703317,9
339,708,O=P1(O)OC2=C(C3=CC(C4=CC(C=CC=C5)=C5C=C4)=CC=C3)C=C6C(C=CC=C6)=C2C7=C(O1)C(C8=CC=CC(C9=CC=C(C=CC=C%10)C%10=C9)=C8)=CC%11=C7C=CC=C%11,O=C(C1=CC=CC=C1)/N=C/C2=CC=CC=C2,SC1=CC=C(OC)C=C1,1.238109014,5.180248115,6
340,810,O=P1(O)OC2=C(C3=CC=C(C(C)(C)C)C=C3)C=C4C(C=CC=C4)=C2C5=C(O1)C(C6=CC=C(C(C)(C)C)C=C6)=CC7=C5C=CC=C7,O=C(C1=CC=CC=C1)/N=C/C2=CC=CC=C2,SC1=CC=CC=C1C,1.446325365,6.051425327,4
341,320,O=P1(O)OC2=C(C3=CC(COC)=CC=C3)C=C4C(C=CC=C4)=C2C5=C(O1)C(C6=CC=CC(COC)=C6)=CC7=C5C=CC=C7,O=C(C1=CC=CC=C1)/N=C/C2=CC=C(Cl)C=C2Cl,SC1=CC=CC=C1,1.17989059,4.936662229,2
342,565,O=P1(O)OC2=C(CC3=CC=C(C(F)(F)F)C=C3C(F)(F)F)C=C4C(C=CC=C4)=C2C5=C(O1)C(CC6=C(C(F)(F)F)C=C(C(F)(F)F)C=C6)=CC7=C5C=CC=C7,O=C(C1=CC=CC=C1)/N=C/C2=CC=C(OC)C=C2,SC1=CC=CC=C1C,0.166908496,0.698345147,3
343,244,O=P1(O)OC2=C(C3=CC(COC)=CC=C3)C=C4C(CCCC4)=C2C5=C(O1)C(C6=CC=CC(COC)=C6)=CC7=C5CCCC7,O=C(C1=CC=CC=C1)/N=C/C2=CC=C(Cl)C=C2Cl,CCS,0.473819986,1.982462821,8
344,183,O=P1(O)OC2=C(C3=CC(C(C)(C)C)=CC(C(C)(C)C)=C3)C=C4C(CCCC4)=C2C5=C(O1)C(C6=CC(C(C)(C)C)=CC(C(C)(C)C)=C6)=CC7=C5CCCC7,O=C(C1=CC=CC=C1)/N=C/C2=CC=C(C(F)(F)F)C=C2,SC1CCCCC1,0.501758501,2.099357568,4
345,225,O=P1(O)OC2=C(CC3=CC=C(C(F)(F)F)C=C3C(F)(F)F)C=C4C(C=CC=C4)=C2C5=C(O1)C(CC6=C(C(F)(F)F)C=C(C(F)(F)F)C=C6)=CC7=C5C=CC=C7,O=C(C1=CC=CC=C1)/N=C/C2=CC=C(Cl)C=C2Cl,CCS,-0.264892334,-1.108309525,1
346,879,O=P1(O)OC2=C(C3=CC=C(C4=CC(C(F)(F)F)=CC(C(F)(F)F)=C4)C=C3)C=C5C(C=CC=C5)=C2C6=C(O1)C(C7=CC=C(C8=CC(C(F)(F)F)=CC(C(F)(F)F)=C8)C=C7)=CC9=C6C=CC=C9,O=C(C1=CC=CC=C1)/N=C/C2=CC=CC3=C2C=CC=C3,CCS,0.5302345,2.218501148,8
347,693,O=P1(O)OC2=C(CC3=CC=C(C(F)(F)F)C=C3C(F)(F)F)C=C4C(C=CC=C4)=C2C5=C(O1)C(CC6=C(C(F)(F)F)C=C(C(F)(F)F)C=C6)=CC7=C5C=CC=C7,O=C(C1=CC=CC=C1)/N=C/C2=CC=CC=C2,SC1=CC=C(OC)C=C1,0.366586769,1.533799041,9
348,19,O=P1(O)OC2=C(CC)C=C3C(CCCC3)=C2C4=C(O1)C(CC)=CC5=C4CCCC5,O=C(C1=CC=CC=C1)/N=C/C2=CC=C(C(F)(F)F)C=C2,CCS,-0.118834511,-0.497203594,8
349,114,O=P1(O)OC2=C(C3=CC(C4=C(C)C=C(C)C=C4C)=CC(C5=C(C)C=C(C)C=C5C)=C3)C=C6C(CCCC6)=C2C7=C(O1)C(C8=CC(C9=C(C)C=C(C)C=C9C)=CC(C%10=C(C)C=C(C)C=C%10C)=C8)=CC%11=C7CCCC%11,O=C(C1=CC=CC=C1)/N=C/C2=CC=C(C(F)(F)F)C=C2,SC1=CC=CC=C1,1.531802956,6.409063568,6
350,93,O=P1(O)OC2=C(Br)C=C3C(C=CC=C3)=C2C4=C(O1)C(Br)=CC5=CC=CC=C54,O=C(C1=CC=CC=C1)/N=C/C2=CC=C(C(F)(F)F)C=C2,SC1=CC=CC=C1,0.366586769,1.533799041,8
351,91,O=P1(O)OC2=C(CC3=CC=C(C(F)(F)F)C=C3C(F)(F)F)C=C4C(C=CC=C4)=C2C5=C(O1)C(CC6=C(C(F)(F)F)C=C(C(F)(F)F)C=C6)=CC7=C5C=CC=C7,O=C(C1=CC=CC=C1)/N=C/C2=CC=C(C(F)(F)F)C=C2,SC1=CC=CC=C1,0.515926322,2.158635731,1
352,458,O=P1(O)OC2=C(C3=CC(COC)=CC=C3)C=C4C(CCCC4)=C2C5=C(O1)C(C6=CC=CC(COC)=C6)=CC7=C5CCCC7,O=C(C1=CC=CC=C1)/N=C/C2=CC=C(OC)C=C2,CCS,0.619408639,2.591605746,1
353,1051,O=P1(O)OC2=C(C3=CC=C(C4=CC(C(F)(F)F)=CC(C(F)(F)F)=C4)C=C3)C=C5C(C=CC=C5)=C2C6=C(O1)C(C7=CC=C(C8=CC(C(F)(F)F)=CC(C(F)(F)F)=C8)C=C7)=CC9=C6C=CC=C9,O=C(C1=CC=CC=C1)/N=C/C2=CC=CC3=C2C=CC=C3,SC1CCCCC1,0.589002233,2.464385343,4
354,929,O=P1(O)OC2=C(C3=CC(C(C)(C)C)=CC(C(C)(C)C)=C3)C=C4C(C=CC=C4)=C2C5=C(O1)C(C6=CC(C(C)(C)C)=CC(C(C)(C)C)=C6)=CC7=C5C=CC=C7,O=C(C1=CC=CC=C1)/N=C/C2=CC=CC3=C2C=CC=C3,SC1=CC=C(OC)C=C1,1.446325365,6.051425327,3
355,453,O=P1(O)OC2=C(C3=C(C=CC=C4)C4=C(C5=CC(C=CC=C6)=C6C=C5)C7=C3C=CC=C7)C=C8C(C=CC=C8)=[C@]2[C@]9=C(O1)C(C%10=C(C=CC=C%11)C%11=C(C%12=CC=C(C=CC=C%13)C%13=C%12)C%14=C%10C=CC=C%14)=CC%15=C9C=CC=C%15,O=C(C1=CC=CC=C1)/N=C/C2=CC=C(OC)C=C2,CCS,1.17989059,4.936662229,4
356,740,O=P1(O)OC2=C(Br)C=C3C(CCCC3)=C2C4=C(O1)C(Br)=CC5=C4CCCC5,O=C(C1=CC=CC=C1)/N=C/C2=CC=CC=C2,SC1=CC=CC=C1,0.392793996,1.643450079,2
357,731,O=P1(O)OC2=C(C3=CC=CC=C3)C=C4C(C=CC=C4)=C2C5=C(O1)C(C6=CC=CC=C6)=CC7=C5C=CC=C7,O=C(C1=CC=CC=C1)/N=C/C2=CC=CC=C2,SC1=CC=CC=C1,1.17989059,4.936662229,7
358,779,O=P1(O)OC2=C(CC3=CC=C(C(F)(F)F)C=C3C(F)(F)F)C=C4C(C=CC=C4)=C2C5=C(O1)C(CC6=C(C(F)(F)F)C=C(C(F)(F)F)C=C6)=CC7=C5C=CC=C7,O=C(C1=CC=CC=C1)/N=C/C2=CC=CC=C2,SC1=CC=CC=C1C,0.302504127,1.265677267,4
359,777,O=P1(O)OC2=C(CC3=CC(C(F)(F)F)=CC(C(F)(F)F)=C3)C=C4C(CCCC4)=C2C5=C(O1)C(CC6=CC(C(F)(F)F)=CC(C(F)(F)F)=C6)=CC7=C5CCCC7,O=C(C1=CC=CC=C1)/N=C/C2=CC=CC=C2,SC1=CC=CC=C1C,0.340722979,1.425584944,8
360,300,O=P1(O)OC2=C(C3=C(OC)C=CC=C3OC)C=C4C(C=CC=C4)=C2C5=C(O1)[C@@]([C@@]6=C(OC)C=CC=C6OC)=CC7=C5C=CC=C7,O=C(C1=CC=CC=C1)/N=C/C2=CC=C(Cl)C=C2Cl,SC1=CC=C(OC)C=C1,2.304684113,9.642798329,1
361,681,O=P1(O)OC2=C(C3=CC=C(C4CCCCC4)C=C3)C=C5C(CCCC5)=C2C6=C(O1)C(C7=CC=C(C8CCCCC8)C=C7)=CC9=C6CCCC9,O=C(C1=CC=CC=C1)/N=C/C2=CC=CC=C2,CCS,0.650583556,2.722041598,8
362,859,O=P1(O)OC2=C(C3=C(C=CC=C4)C4=CC5=C3C=CC=C5)C=C6C(C=CC=C6)=C2C7=C(O1)[C@@]([C@@]8=C(C=CC=C9)C9=CC%10=C8C=CC=C%10)=CC%11=C7C=CC=C%11,O=C(C1=CC=CC=C1)/N=C/C2=CC=CC=C2,SC1CCCCC1,1.301167112,5.444083197,4
363,409,O=P1(O)OC2=C(C3=C(C=CC=C4)C4=C(C5=CC(C=CC=C6)=C6C=C5)C7=C3C=CC=C7)C=C8C(C=CC=C8)=[C@]2[C@]9=C(O1)C(C%10=C(C=CC=C%11)C%11=C(C%12=CC=C(C=CC=C%13)C%13=C%12)C%14=C%10C=CC=C%14)=CC%15=C9C=CC=C%15,O=C(C1=CC=CC=C1)/N=C/C2=CC=C(Cl)C=C2Cl,SC1CCCCC1,0.981980567,4.108606692,6
364,998,O=P1(O)OC2=C(Br)C=C3C(CCCC3)=C2C4=C(O1)C(Br)=CC5=C4CCCC5,O=C(C1=CC=CC=C1)/N=C/C2=CC=CC3=C2C=CC=C3,SC1=CC=CC=C1C,0.166908496,0.698345147,0
365,280,O=P1(O)OC2=C(C3=CC(C4=CC(C=CC=C5)=C5C=C4)=CC=C3)C=C6C(C=CC=C6)=C2C7=C(O1)C(C8=CC=CC(C9=CC=C(C=CC=C%10)C%10=C9)=C8)=CC%11=C7C=CC=C%11,O=C(C1=CC=CC=C1)/N=C/C2=CC=C(Cl)C=C2Cl,SC1=CC=C(OC)C=C1,1.074990526,4.497760361,7
366,201,O=P1(O)OC2=C(C3=C(C=CC4=CC=CC(C=C5)=C46)C6=C5C=C3)C=C7C(C=CC=C7)=C2C8=C(O1)C(C9=CC=C(C=C%10)C%11=C9C=CC%12=CC=CC%10=C%11%12)=CC%13=C8C=CC=C%13,O=C(C1=CC=CC=C1)/N=C/C2=CC=C(C(F)(F)F)C=C2,SC1CCCCC1,1.125722444,4.710022706,9
367,502,O=P1(O)OC2=C(C3=CC(C4=CC=C(OC)C=C4)=CC(C5=CC=C(OC)C=C5)=C3)C=C6C(C=CC=C6)=C2C7=C(O1)C(C8=CC(C9=CC=C(OC)C=C9)=CC(C%10=CC=C(OC)C=C%10)=C8)=CC%11=C7C=CC=C%11,O=C(C1=CC=CC=C1)/N=C/C2=CC=C(OC)C=C2,SC1=CC=C(OC)C=C1,1.301167112,5.444083197,2
368,1014,O=P1(O)OC2=C(C3=C(F)C=C(OC)C=C3F)C=C4C(C=CC=C4)=[C@]2[C@]5=C(O1)C(C6=C(F)C=C(OC)C=C6F)=CC7=C5C=CC=C7,O=C(C1=CC=CC=C1)/N=C/C2=CC=CC3=C2C=CC=C3,SC1=CC=CC=C1C,1.446325365,6.051425327,7
369,617,O=P1(O)OC2=C([Si](C3=CC=CC=C3)(C4=CC=CC=C4)C5=CC=CC=C5)C=C6C(C=CC=C6)=C2C7=C(O1)C([Si](C8=CC=CC=C8)(C9=CC=CC=C9)C%10=CC=CC=C%10)=CC%11=C7C=CC=C%11,O=C(C1=CC=CC=C1)/N=C/C2=CC=C(OC)C=C2,SC1CCCCC1,-0.047400225,-0.198322541,3
370,865,O=P1(O)OC2=C(C3=CC(C4=CC(C(F)(F)F)=CC(C(F)(F)F)=C4)=CC(C5=CC(C(F)(F)F)=CC(C(F)(F)F)=C5)=C3)C=C6C(C=CC=C6)=C2C7=C(O1)C(C8=CC(C9=CC(C(F)(F)F)=CC(C(F)(F)F)=C9)=CC(C%10=CC(C(F)(F)F)=CC(C(F)(F)F)=C%10)=C8)=CC%11=C7C=CC=C%11,O=C(C1=CC=CC=C1)/N=C/C2=CC=CC3=C2C=CC=C3,CCS,0.446373616,1.867627209,2
371,1053,O=P1(O)OC2=C(CC)C=C3C(CCCC3)=C2C4=C(O1)C(CC)=CC5=C4CCCC5,O=C(C1=CC=CC=C1)/N=C/C2=CC=CC3=C2C=CC=C3,SC1CCCCC1,0.142812956,0.597529408,9
372,857,O=P1(O)OC2=C(C3=C(C4CCCCC4)C=C(C5CCCCC5)C=C3C6CCCCC6)C=C7C(C=CC=C7)=C2C8=C(O1)[C@@]([C@@]9=C(C%10CCCCC%10)C=C(C%11CCCCC%11)C=C9C%12CCCCC%12)=CC%13=C8C=CC=C%13,O=C(C1=CC=CC=C1)/N=C/C2=CC=CC=C2,SC1CCCCC1,1.531802956,6.409063568,8
373,908,O=P1(O)OC2=C(CC3=C(C=CC=C4)C4=CC5=C3C=CC=C5)C=C6C(C=CC=C6)=C2C7=C(O1)C(CC8=C(C=CC=C9)C9=CC%10=C8C=CC=C%10)=CC%11=C7C=CC=C%11,O=C(C1=CC=CC=C1)/N=C/C2=CC=CC3=C2C=CC=C3,SC1=CC=C(OC)C=C1,0.749510758,3.135953011,9
374,683,O=P1(O)OC2=C(C3=CC(C(F)(F)F)=CC(C(F)(F)F)=C3)C=C4C(C=CC=C4)=C2C5=C(O1)C(C6=CC(C(F)(F)F)=CC(C(F)(F)F)=C6)=CC7=C5C=CC=C7,O=C(C1=CC=CC=C1)/N=C/C2=CC=CC=C2,CCS,0.501758501,2.099357568,2
375,993,O=P1(O)OC2=C(CC3=CC(C(F)(F)F)=CC(C(F)(F)F)=C3)C=C4C(CCCC4)=C2C5=C(O1)C(CC6=CC(C(F)(F)F)=CC(C(F)(F)F)=C6)=CC7=C5CCCC7,O=C(C1=CC=CC=C1)/N=C/C2=CC=CC3=C2C=CC=C3,SC1=CC=CC=C1C,0.264892334,1.108309525,3
376,314,O=P1(O)OC2=C([Si](C3=CC=CC=C3)(C4=CC=CC=C4)C5=CC=CC=C5)C=C6C(C=CC=C6)=C2C7=C(O1)C([Si](C8=CC=CC=C8)(C9=CC=CC=C9)C%10=CC=CC=C%10)=CC%11=C7C=CC=C%11,O=C(C1=CC=CC=C1)/N=C/C2=CC=C(Cl)C=C2Cl,SC1=CC=CC=C1,0.191142101,0.799738551,2
377,510,O=P1(O)OC2=C(C3=C(C=CC=C4)C4=CC5=C3C=CC=C5)C=C6C(C=CC=C6)=C2C7=C(O1)[C@@]([C@@]8=C(C=CC=C9)C9=CC%10=C8C=CC=C%10)=CC%11=C7C=CC=C%11,O=C(C1=CC=CC=C1)/N=C/C2=CC=C(OC)C=C2,SC1=CC=C(OC)C=C1,2.058499317,8.612761142,5
378,193,O=P1(O)OC2=C(CC)C=C3C(CCCC3)=C2C4=C(O1)C(CC)=CC5=C4CCCC5,O=C(C1=CC=CC=C1)/N=C/C2=CC=C(C(F)(F)F)C=C2,SC1CCCCC1,0.023690626,0.099121579,2
379,236,O=P1(O)OC2=C(C3=CC(C4=C(C)C=C(C)C=C4C)=CC(C5=C(C)C=C(C)C=C5C)=C3)C=C6C(CCCC6)=C2C7=C(O1)C(C8=CC(C9=C(C)C=C(C)C=C9C)=CC(C%10=C(C)C=C(C)C=C%10C)=C8)=CC%11=C7CCCC%11,O=C(C1=CC=CC=C1)/N=C/C2=CC=C(Cl)C=C2Cl,CCS,0.682601444,2.856004442,0
380,972,O=P1(O)OC2=C(C3=CC(C(C)(C)C)=CC(C(C)(C)C)=C3)C=C4C(C=CC=C4)=C2C5=C(O1)C(C6=CC(C(C)(C)C)=CC(C(C)(C)C)=C6)=CC7=C5C=CC=C7,O=C(C1=CC=CC=C1)/N=C/C2=CC=CC3=C2C=CC=C3,SC1=CC=CC=C1,1.531802956,6.409063568,1
381,416,O=P1(O)OC2=C(C3=C(C=CC=C4)C4=CC5=C3C=CC=C5)C=C6C(C=CC=C6)=C2C7=C(O1)[C@@]([C@@]8=C(C=CC=C9)C9=CC%10=C8C=CC=C%10)=CC%11=C7C=CC=C%11,O=C(C1=CC=CC=C1)/N=C/C2=CC=C(Cl)C=C2Cl,SC1CCCCC1,0.682601444,2.856004442,2
382,269,O=P1(O)OC2=C([Si](C3=CC=CC=C3)(C4=CC=CC=C4)C5=CC=CC=C5)C=C6C(C=CC=C6)=C2C7=C(O1)C([Si](C8=CC=CC=C8)(C9=CC=CC=C9)C%10=CC=CC=C%10)=CC%11=C7C=CC=C%11,O=C(C1=CC=CC=C1)/N=C/C2=CC=C(Cl)C=C2Cl,SC1=CC=C(OC)C=C1,0.215535446,0.901800306,7
383,986,O=P1(O)OC2=C(C3=CC(C4=CC(C=CC=C5)=C5C=C4)=CC=C3)C=C6C(C=CC=C6)=C2C7=C(O1)C(C8=CC=CC(C9=CC=C(C=CC=C%10)C%10=C9)=C8)=CC%11=C7C=CC=C%11,O=C(C1=CC=CC=C1)/N=C/C2=CC=CC3=C2C=CC=C3,SC1=CC=CC=C1,1.301167112,5.444083197,7
384,285,O=P1(O)OC2=C(C3=CC=CC=C3)C=C4C(C=CC=C4)=C2C5=C(O1)C(C6=CC=CC=C6)=CC7=C5C=CC=C7,O=C(C1=CC=CC=C1)/N=C/C2=CC=C(Cl)C=C2Cl,SC1=CC=C(OC)C=C1,1.301167112,5.444083197,7
385,768,O=P1(O)OC2=C(C3=C(C=CC=C4)C4=CC5=C3C=CC=C5)C=C6C(C=CC=C6)=C2C7=C(O1)[C@@]([C@@]8=C(C=CC=C9)C9=CC%10=C8C=CC=C%10)=CC%11=C7C=CC=C%11,O=C(C1=CC=CC=C1)/N=C/C2=CC=CC=C2,SC1=CC=CC=C1,1.882001124,7.874292703,5
386,827,O=P1(O)OC2=C([Si](C3=CC=CC=C3)(C)C4=CC=CC=C4)C=C5C(C=CC=C5)=C2C6=C(O1)C([Si](C7=CC=CC=C7)(C8=CC=CC=C8)C)=CC9=C6C=CC=C9,O=C(C1=CC=CC=C1)/N=C/C2=CC=CC=C2,SC1CCCCC1,0.446373616,1.867627209,7
387,645,O=P1(O)OC2=C(C3=CC=CC=C3)C=C4C(C=CC=C4)=C2C5=C(O1)C(C6=CC=CC=C6)=CC7=C5C=CC=C7,O=C(C1=CC=CC=C1)/N=C/C2=CC=CC=C2,CCS,0.501758501,2.099357568,7
388,493,O=P1(O)OC2=C(C3=CC(C4=CC(C=CC=C5)=C5C=C4)=CC=C3)C=C6C(C=CC=C6)=C2C7=C(O1)C(C8=CC=CC(C9=CC=C(C=CC=C%10)C%10=C9)=C8)=CC%11=C7C=CC=C%11,O=C(C1=CC=CC=C1)/N=C/C2=CC=C(OC)C=C2,SC1=CC=C(OC)C=C1,1.125722444,4.710022706,7
389,898,O=P1(O)OC2=C(C3=CC(C(F)(F)F)=CC(C(F)(F)F)=C3)C=C4C(CCCC4)=C2C5=C(O1)C(C6=CC(C(F)(F)F)=CC(C(F)(F)F)=C6)=CC7=C5CCCC7,O=C(C1=CC=CC=C1)/N=C/C2=CC=CC3=C2C=CC=C3,CCS,0.446373616,1.867627209,2
390,1067,O=P1(O)OC2=C(C3=CC=C(C4CCCCC4)C=C3)C=C5C(CCCC5)=C2C6=C(O1)C(C7=CC=C(C8CCCCC8)C=C7)=CC9=C6CCCC9,O=C(C1=CC=CC=C1)/N=C/C2=CC=CC3=C2C=CC=C3,SC1CCCCC1,0.619408639,2.591605746,8
391,717,O=P1(O)OC2=C(C3=CC(C4=CC(C(F)(F)F)=CC(C(F)(F)F)=C4)=CC(C5=CC(C(F)(F)F)=CC(C(F)(F)F)=C5)=C3)C=C6C(C=CC=C6)=C2C7=C(O1)C(C8=CC(C9=CC(C(F)(F)F)=CC(C(F)(F)F)=C9)=CC(C%10=CC(C(F)(F)F)=CC(C(F)(F)F)=C%10)=C8)=CC%11=C7C=CC=C%11,O=C(C1=CC=CC=C1)/N=C/C2=CC=CC=C2,SC1=CC=C(OC)C=C1,1.301167112,5.444083197,1
392,395,O=P1(O)OC2=C(CC3=CC=C(C(F)(F)F)C=C3C(F)(F)F)C=C4C(C=CC=C4)=C2C5=C(O1)C(CC6=C(C(F)(F)F)C=C(C(F)(F)F)C=C6)=CC7=C5C=CC=C7,O=C(C1=CC=CC=C1)/N=C/C2=CC=C(Cl)C=C2Cl,SC1CCCCC1,-0.166908496,-0.698345147,3
393,76,O=P1(O)OC2=C(C3=C(OCC)C=CC(C)=C3)C=C4C(C=CC=C4)=C2C5=C(O1)C(C6=CC(C)=CC=C6OCC)=CC7=C5C=CC=C7,O=C(C1=CC=CC=C1)/N=C/C2=CC=C(C(F)(F)F)C=C2,SC1=CC=C(OC)C=C1,1.301167112,5.444083197,9
394,806,O=P1(O)OC2=C(C3=CC(COC)=CC=C3)C=C4C(C=CC=C4)=C2C5=C(O1)C(C6=CC=CC(COC)=C6)=CC7=C5C=CC=C7,O=C(C1=CC=CC=C1)/N=C/C2=CC=CC=C2,SC1=CC=CC=C1C,1.446325365,6.051425327,2
395,392,O=P1(O)OC2=C(CC3=CC=C(OC)C=C3)C=C4C(CCCC4)=C2C5=C(O1)C(CC6=CC=C(OC)C=C6)=CC7=C5CCCC7,O=C(C1=CC=CC=C1)/N=C/C2=CC=C(Cl)C=C2Cl,SC1CCCCC1,-0.240111033,-1.004624562,4
396,11,O=P1(O)OC2=C(C3=CC(C4=CC=C(OC)C=C4)=CC(C5=CC=C(OC)C=C5)=C3)C=C6C(C=CC=C6)=C2C7=C(O1)C(C8=CC(C9=CC=C(OC)C=C9)=CC(C%10=CC=C(OC)C=C%10)=C8)=CC%11=C7C=CC=C%11,O=C(C1=CC=CC=C1)/N=C/C2=CC=C(C(F)(F)F)C=C2,CCS,0.820945045,3.434834068,6
397,790,O=P1(O)OC2=C(C3=CC=C(OC)C=C3)C=C4C(C=CC=C4)=C2C5=C(O1)C(C6=CC=C(OC)C=C6)=CC7=C5C=CC=C7,O=C(C1=CC=CC=C1)/N=C/C2=CC=CC=C2,SC1=CC=CC=C1C,1.027207628,4.297836716,6
398,606,O=P1(O)OC2=C(C3=CC(C4=CC(C(F)(F)F)=CC(C(F)(F)F)=C4)=CC(C5=CC(C(F)(F)F)=CC(C(F)(F)F)=C5)=C3)C=C6C(C=CC=C6)=C2C7=C(O1)C(C8=CC(C9=CC(C(F)(F)F)=CC(C(F)(F)F)=C9)=CC(C%10=CC(C(F)(F)F)=CC(C(F)(F)F)=C%10)=C8)=CC%11=C7C=CC=C%11,O=C(C1=CC=CC=C1)/N=C/C2=CC=C(OC)C=C2,SC1CCCCC1,0.858676701,3.592703317,4
399,899,O=P1(O)OC2=C(C3=C(C(C)C)C=C(C(C)C)C=C3C(C)C)C=C4C(C=CC=C4)=C2C5=C(O1)[C@@]([C@@]6=C(C(C)C)C=C(C(C)C)C=C6C(C)C)=CC7=C5C=CC=C7,O=C(C1=CC=CC=C1)/N=C/C2=CC=CC3=C2C=CC=C3,CCS,1.301167112,5.444083197,4
400,150,O=P1(O)OC2=C(C3=C(C4CCCCC4)C=C(C5CCCCC5)C=C3C6CCCCC6)C=C7C(C=CC=C7)=C2C8=C(O1)[C@@]([C@@]9=C(C%10CCCCC%10)C=C(C%11CCCCC%11)C=C9C%12CCCCC%12)=CC%13=C8C=CC=C%13,O=C(C1=CC=CC=C1)/N=C/C2=CC=C(C(F)(F)F)C=C2,SC1=CC=CC=C1C,2.058499317,8.612761142,3
401,131,O=P1(O)OC2=C(CC3=CC(C(F)(F)F)=CC(C(F)(F)F)=C3)C=C4C(CCCC4)=C2C5=C(O1)C(CC6=CC(C(F)(F)F)=CC(C(F)(F)F)=C6)=CC7=C5CCCC7,O=C(C1=CC=CC=C1)/N=C/C2=CC=C(C(F)(F)F)C=C2,SC1=CC=CC=C1C,0.559297578,2.340101066,5
402,875,O=P1(O)OC2=C(Br)C=C3C(CCCC3)=C2C4=C(O1)C(Br)=CC5=C4CCCC5,O=C(C1=CC=CC=C1)/N=C/C2=CC=CC3=C2C=CC=C3,CCS,-0.264892334,-1.108309525,4
403,485,O=P1(O)OC2=C([Si](C3=CC=CC=C3)(C4=CC=CC=C4)C5=CC=CC=C5)C=C6C(CCCC6)=C2C7=C(O1)C([Si](C8=CC=CC=C8)(C9=CC=CC=C9)C%10=CC=CC=C%10)=CC%11=C7CCCC%11,O=C(C1=CC=CC=C1)/N=C/C2=CC=C(OC)C=C2,SC1=CC=C(OC)C=C1,0.191142101,0.799738551,9
404,429,O=P1(O)OC2=C(C3=C(OC)C=CC=C3OC)C=C4C(C=CC=C4)=C2C5=C(O1)[C@@]([C@@]6=C(OC)C=CC=C6OC)=CC7=C5C=CC=C7,O=C(C1=CC=CC=C1)/N=C/C2=CC=C(Cl)C=C2Cl,SC1CCCCC1,1.531802956,6.409063568,4
405,383,O=P1(O)OC2=C(C3=CC=C(C(C)(C)C)C=C3)C=C4C(C=CC=C4)=C2C5=C(O1)C(C6=CC=C(C(C)(C)C)C=C6)=CC7=C5C=CC=C7,O=C(C1=CC=CC=C1)/N=C/C2=CC=C(Cl)C=C2Cl,SC1=CC=CC=C1C,1.301167112,5.444083197,9
406,284,O=P1(O)OC2=C(C3=CC(C(F)(F)F)=CC(C(F)(F)F)=C3)C=C4C(CCCC4)=C2C5=C(O1)C(C6=CC(C(F)(F)F)=CC(C(F)(F)F)=C6)=CC7=C5CCCC7,O=C(C1=CC=CC=C1)/N=C/C2=CC=C(Cl)C=C2Cl,SC1=CC=C(OC)C=C1,1.125722444,4.710022706,5
407,802,O=P1(O)OC2=C(C3=C(C(C)C)C=C(C4=CC=C(C(C)(C)C)C=C4)C=C3C(C)C)C=C5C(C=CC=C5)=[C@]2[C@]6=C(O1)C(C7=C(C(C)C)C=C(C8=CC=C(C(C)(C)C)C=C8)C=C7C(C)C)=CC9=C6C=CC=C9,O=C(C1=CC=CC=C1)/N=C/C2=CC=CC=C2,SC1=CC=CC=C1C,2.304684113,9.642798329,7
408,587,O=P1(O)OC2=C(C3=CC(C4=CC=C(OC)C=C4)=CC(C5=CC=C(OC)C=C5)=C3)C=C6C(C=CC=C6)=C2C7=C(O1)C(C8=CC(C9=CC=C(OC)C=C9)=CC(C%10=CC=C(OC)C=C%10)=C8)=CC%11=C7C=CC=C%11,O=C(C1=CC=CC=C1)/N=C/C2=CC=C(OC)C=C2,SC1=CC=CC=C1C,1.301167112,5.444083197,6
409,109,O=P1(O)OC2=C(C3=CC(C4=CC(C(F)(F)F)=CC(C(F)(F)F)=C4)=CC(C5=CC(C(F)(F)F)=CC(C(F)(F)F)=C5)=C3)C=C6C(C=CC=C6)=C2C7=C(O1)C(C8=CC(C9=CC(C(F)(F)F)=CC(C(F)(F)F)=C9)=CC(C%10=CC(C(F)(F)F)=CC(C(F)(F)F)=C%10)=C8)=CC%11=C7C=CC=C%11,O=C(C1=CC=CC=C1)/N=C/C2=CC=C(C(F)(F)F)C=C2,SC1=CC=CC=C1,1.446325365,6.051425327,5
410,151,O=P1(O)OC2=C(C3=CC=C(S(F)(F)(F)(F)F)C=C3)C=C4C(C=CC=C4)=C2C5=C(O1)C(C6=CC=C(S(F)(F)(F)(F)F)C=C6)=CC7=C5C=CC=C7,O=C(C1=CC=CC=C1)/N=C/C2=CC=C(C(F)(F)F)C=C2,SC1=CC=CC=C1C,1.301167112,5.444083197,3
411,122,O=P1(O)OC2=C(C3=CC=C(C(C)(C)C)C=C3)C=C4C(C=CC=C4)=C2C5=C(O1)C(C6=CC=C(C(C)(C)C)C=C6)=CC7=C5C=CC=C7,O=C(C1=CC=CC=C1)/N=C/C2=CC=C(C(F)(F)F)C=C2,SC1=CC=CC=C1,1.301167112,5.444083197,3
412,404,O=P1(O)OC2=C([Si](C3=CC=C(C(C)(C)C)C=C3)(C4=CC=C(C(C)(C)C)C=C4)C5=CC=C(C(C)(C)C)C=C5)C=C6C(CCCC6)=C2C7=C(O1)C([Si](C8=CC=C(C(C)(C)C)C=C8)(C9=CC=C(C(C)(C)C)C=C9)C%10=CC=C(C(C)(C)C)C=C%10)=CC%11=C7CCCC%11,O=C(C1=CC=CC=C1)/N=C/C2=CC=C(Cl)C=C2Cl,SC1CCCCC1,0.023690626,0.099121579,8
413,231,O=P1(O)OC2=C(Br)C=C3C(CCCC3)=C2C4=C(O1)C(Br)=CC5=C4CCCC5,O=C(C1=CC=CC=C1)/N=C/C2=CC=C(Cl)C=C2Cl,CCS,0.0,0.0,2
414,367,O=P1(O)OC2=C(C3=C(F)C=C(OC)C=C3F)C=C4C(C=CC=C4)=[C@]2[C@]5=C(O1)C(C6=C(F)C=C(OC)C=C6F)=CC7=C5C=CC=C7,O=C(C1=CC=CC=C1)/N=C/C2=CC=C(Cl)C=C2Cl,SC1=CC=CC=C1C,1.531802956,6.409063568,2
415,695,O=P1(O)OC2=C(C3=CC(C(C)(C)C)=CC(C(C)(C)C)=C3)C=C4C(C=CC=C4)=C2C5=C(O1)C(C6=CC(C(C)(C)C)=CC(C(C)(C)C)=C6)=CC7=C5C=CC=C7,O=C(C1=CC=CC=C1)/N=C/C2=CC=CC=C2,SC1=CC=C(OC)C=C1,1.074990526,4.497760361,3
416,24,O=P1(O)OC2=C(C3=CC(COC)=CC=C3)C=C4C(CCCC4)=C2C5=C(O1)C(C6=CC=CC(COC)=C6)=CC7=C5CCCC7,O=C(C1=CC=CC=C1)/N=C/C2=CC=C(C(F)(F)F)C=C2,CCS,0.5302345,2.218501148,1
417,682,O=P1(O)OC2=C(C3=C(OC)C=CC=C3OC)C=C4C(C=CC=C4)=C2C5=C(O1)[C@@]([C@@]6=C(OC)C=CC=C6OC)=CC7=C5C=CC=C7,O=C(C1=CC=CC=C1)/N=C/C2=CC=CC=C2,CCS,1.268975128,5.309391936,1
418,982,O=P1(O)OC2=C(C3=C(OC(F)(F)F)C=CC=C3)C=C4C(C=CC=C4)=C2C5=C(O1)C(C6=CC=CC=C6OC(F)(F)F)=CC7=C5C=CC=C7,O=C(C1=CC=CC=C1)/N=C/C2=CC=CC3=C2C=CC=C3,SC1=CC=CC=C1,1.743657522,7.295463072,7
419,159,O=P1(O)OC2=C(C3=C(C=CC=C4)C4=C(C5=CC(C=CC=C6)=C6C=C5)C7=C3C=CC=C7)C=C8C(C=CC=C8)=[C@]2[C@]9=C(O1)C(C%10=C(C=CC=C%11)C%11=C(C%12=CC=C(C=CC=C%13)C%13=C%12)C%14=C%10C=CC=C%14)=CC%15=C9C=CC=C%15,O=C(C1=CC=CC=C1)/N=C/C2=CC=C(C(F)(F)F)C=C2,SC1=CC=CC=C1C,2.721168735,11.38536999,8
420,188,O=P1(O)OC2=C([Si](C3=CC=CC=C3)(C4=CC=CC=C4)C5=CC=CC=C5)C=C6C(CCCC6)=C2C7=C(O1)C([Si](C8=CC=CC=C8)(C9=CC=CC=C9)C%10=CC=CC=C%10)=CC%11=C7CCCC%11,O=C(C1=CC=CC=C1)/N=C/C2=CC=C(C(F)(F)F)C=C2,SC1CCCCC1,0.023690626,0.099121579,4
421,263,O=P1(O)OC2=C(CC3=CC=C(C(F)(F)F)C=C3C(F)(F)F)C=C4C(C=CC=C4)=C2C5=C(O1)C(CC6=C(C(F)(F)F)C=C(C(F)(F)F)C=C6)=CC7=C5C=CC=C7,O=C(C1=CC=CC=C1)/N=C/C2=CC=C(Cl)C=C2Cl,SC1=CC=C(OC)C=C1,0.392793996,1.643450079,7
422,98,O=P1(O)OC2=C(CC)C=C3C(CCCC3)=C2C4=C(O1)C(CC)=CC5=C4CCCC5,O=C(C1=CC=CC=C1)/N=C/C2=CC=C(C(F)(F)F)C=C2,SC1=CC=CC=C1,0.240111033,1.004624562,6
423,550,O=P1(O)OC2=C(C3=C(C=CC=C4)C4=C(C5=CC(C=CC=C6)=C6C=C5)C7=C3C=CC=C7)C=C8C(C=CC=C8)=[C@]2[C@]9=C(O1)C(C%10=C(C=CC=C%11)C%11=C(C%12=CC=C(C=CC=C%13)C%13=C%12)C%14=C%10C=CC=C%14)=CC%15=C9C=CC=C%15,O=C(C1=CC=CC=C1)/N=C/C2=CC=C(OC)C=C2,SC1=CC=CC=C1,2.304684113,9.642798329,7
424,529,O=P1(O)OC2=C(C3=CC=C(C4=CC(C(F)(F)F)=CC(C(F)(F)F)=C4)C=C3)C=C5C(C=CC=C5)=C2C6=C(O1)C(C7=CC=C(C8=CC(C(F)(F)F)=CC(C(F)(F)F)=C8)C=C7)=CC9=C6C=CC=C9,O=C(C1=CC=CC=C1)/N=C/C2=CC=C(OC)C=C2,SC1=CC=CC=C1,1.238109014,5.180248115,1
425,47,O=P1(O)OC2=C(CC3=C(C=CC=C4)C4=CC5=C3C=CC=C5)C=C6C(C=CC=C6)=C2C7=C(O1)C(CC8=C(C=CC=C9)C9=CC%10=C8C=CC=C%10)=CC%11=C7C=CC=C%11,O=C(C1=CC=CC=C1)/N=C/C2=CC=C(C(F)(F)F)C=C2,SC1=CC=C(OC)C=C1,0.650583556,2.722041598,2
426,597,O=P1(O)OC2=C(C3=CC=C(C(C)(C)C)C=C3)C=C4C(C=CC=C4)=C2C5=C(O1)C(C6=CC=C(C(C)(C)C)C=C6)=CC7=C5C=CC=C7,O=C(C1=CC=CC=C1)/N=C/C2=CC=C(OC)C=C2,SC1=CC=CC=C1C,1.301167112,5.444083197,6
427,126,O=P1(O)OC2=C(C3=CC=C(C4=CC=C(C=CC=C5)C5=C4)C=C3)C=C6C(C=CC=C6)=C2C7=C(O1)C(C8=CC=C(C9=CC(C=CC=C%10)=C%10C=C9)C=C8)=CC%11=C7C=CC=C%11,O=C(C1=CC=CC=C1)/N=C/C2=CC=C(C(F)(F)F)C=C2,SC1=CC=CC=C1,1.301167112,5.444083197,6
428,514,O=P1(O)OC2=C(C3=C(OC)C=CC=C3OC)C=C4C(C=CC=C4)=C2C5=C(O1)[C@@]([C@@]6=C(OC)C=CC=C6OC)=CC7=C5C=CC=C7,O=C(C1=CC=CC=C1)/N=C/C2=CC=C(OC)C=C2,SC1=CC=C(OC)C=C1,1.531802956,6.409063568,5
429,819,O=P1(O)OC2=C(C3=C(C)C=C(C)C=C3C)C=C4C(C=CC=C4)=C2C5=C(O1)[C@@]([C@@]6=C(C)C=C(C)C=C6C)=CC7=C5C=CC=C7,O=C(C1=CC=CC=C1)/N=C/C2=CC=CC=C2,SC1CCCCC1,1.027207628,4.297836716,0
430,103,O=P1(O)OC2=C(C3=CC(C(F)(F)F)=CC(C(F)(F)F)=C3)C=C4C(CCCC4)=C2C5=C(O1)C(C6=CC(C(F)(F)F)=CC(C(F)(F)F)=C6)=CC7=C5CCCC7,O=C(C1=CC=CC=C1)/N=C/C2=CC=C(C(F)(F)F)C=C2,SC1=CC=CC=C1,1.17989059,4.936662229,5
431,778,O=P1(O)OC2=C(CC3=C(C=CC=C4)C4=CC5=C3C=CC=C5)C=C6C(C=CC=C6)=C2C7=C(O1)C(CC8=C(C=CC=C9)C9=CC%10=C8C=CC=C%10)=CC%11=C7C=CC=C%11,O=C(C1=CC=CC=C1)/N=C/C2=CC=CC=C2,SC1=CC=CC=C1C,0.589002233,2.464385343,0
432,389,O=P1(O)OC2=C(C3=CC(C)=C(OC(C)C)C(C)=C3)C=C4C(C=CC=C4)=C2C5=C(O1)C(C6=CC(C)=C(OC(C)C)C(C)=C6)=CC7=C5C=CC=C7,O=C(C1=CC=CC=C1)/N=C/C2=CC=C(Cl)C=C2Cl,SC1CCCCC1,0.5302345,2.218501148,1
433,65,O=P1(O)OC2=C(C3=C(C)C=C(C)C=C3C)C=C4C(C=CC=C4)=C2C5=C(O1)[C@@]([C@@]6=C(C)C=C(C)C=C6C)=CC7=C5C=CC=C7,O=C(C1=CC=CC=C1)/N=C/C2=CC=C(C(F)(F)F)C=C2,SC1=CC=C(OC)C=C1,2.304684113,9.642798329,6
434,454,O=P1(O)OC2=[C@]([C@]3=C(Cl)C=C(Cl)C=C3Cl)C=C4C(CCCC4)=[C@]2[C@]5=C(O1)C(C6=C(Cl)C=C(Cl)C=C6Cl)=CC7=C5CCCC7,O=C(C1=CC=CC=C1)/N=C/C2=CC=C(OC)C=C2,CCS,0.938987334,3.928723005,0
435,853,O=P1(O)OC2=C(C3=C(OC)C=CC=C3OC)C=C4C(C=CC=C4)=C2C5=C(O1)[C@@]([C@@]6=C(OC)C=CC=C6OC)=CC7=C5C=CC=C7,O=C(C1=CC=CC=C1)/N=C/C2=CC=CC=C2,SC1CCCCC1,1.152342057,4.821399166,6
436,40,O=P1(O)OC2=C(C3=CC(C(C)(C)C)=CC(C(C)(C)C)=C3)C=C4C(CCCC4)=C2C5=C(O1)C(C6=CC(C(C)(C)C)=CC(C(C)(C)C)=C6)=CC7=C5CCCC7,O=C(C1=CC=CC=C1)/N=C/C2=CC=C(C(F)(F)F)C=C2,CCS,1.301167112,5.444083197,7
437,54,O=P1(O)OC2=C([Si](C3=CC=CC=C3)(C4=CC=CC=C4)C5=CC=CC=C5)C=C6C(C=CC=C6)=C2C7=C(O1)C([Si](C8=CC=CC=C8)(C9=CC=CC=C9)C%10=CC=CC=C%10)=CC%11=C7C=CC=C%11,O=C(C1=CC=CC=C1)/N=C/C2=CC=C(C(F)(F)F)C=C2,SC1=CC=C(OC)C=C1,0.166908496,0.698345147,0
438,373,O=P1(O)OC2=C(C3=CC(C(C)(C)C)=CC(C(C)(C)C)=C3)C=C4C(CCCC4)=C2C5=C(O1)C(C6=CC(C(C)(C)C)=CC(C(C)(C)C)=C6)=CC7=C5CCCC7,O=C(C1=CC=CC=C1)/N=C/C2=CC=C(Cl)C=C2Cl,SC1=CC=CC=C1C,1.370103771,5.732514178,3
439,1,O=P1(O)OC2=C(C3=C(F)C=C(OC)C=C3F)C=C4C(C=CC=C4)=[C@]2[C@]5=C(O1)C(C6=C(F)C=C(OC)C=C6F)=CC7=C5C=CC=C7,O=C(C1=CC=CC=C1)/N=C/C2=CC=C(C(F)(F)F)C=C2,CCS,1.074990526,4.497760361,7
440,610,O=P1(O)OC2=C(CC3=CC=C(C(F)(F)F)C=C3C(F)(F)F)C=C4C(C=CC=C4)=C2C5=C(O1)C(CC6=C(C(F)(F)F)C=C(C(F)(F)F)C=C6)=CC7=C5C=CC=C7,O=C(C1=CC=CC=C1)/N=C/C2=CC=C(OC)C=C2,SC1CCCCC1,-0.047400225,-0.198322541,8
441,574,O=P1(O)OC2=C(C3=CC=C(C4=CC(C(F)(F)F)=CC(C(F)(F)F)=C4)C=C3)C=C5C(C=CC=C5)=C2C6=C(O1)C(C7=CC=C(C8=CC(C(F)(F)F)=CC(C(F)(F)F)=C8)C=C7)=CC9=C6C=CC=C9,O=C(C1=CC=CC=C1)/N=C/C2=CC=C(OC)C=C2,SC1=CC=CC=C1C,1.238109014,5.180248115,1
442,253,O=P1(O)OC2=C(C3=CC=C(C4CCCCC4)C=C3)C=C5C(CCCC5)=C2C6=C(O1)C(C7=CC=C(C8CCCCC8)C=C7)=CC9=C6CCCC9,O=C(C1=CC=CC=C1)/N=C/C2=CC=C(Cl)C=C2Cl,CCS,0.619408639,2.591605746,9
443,775,O=P1(O)OC2=C(C3=CC=C(S(F)(F)(F)(F)F)C=C3)C=C4C(C=CC=C4)=C2C5=C(O1)C(C6=CC=C(S(F)(F)(F)(F)F)C=C6)=CC7=C5C=CC=C7,O=C(C1=CC=CC=C1)/N=C/C2=CC=CC=C2,SC1=CC=CC=C1C,1.074990526,4.497760361,5
444,620,O=P1(O)OC2=C(C3=CC=C(C4=CC(C(F)(F)F)=CC(C(F)(F)F)=C4)C=C3)C=C5C(C=CC=C5)=C2C6=C(O1)C(C7=CC=C(C8=CC(C(F)(F)F)=CC(C(F)(F)F)=C8)C=C7)=CC9=C6C=CC=C9,O=C(C1=CC=CC=C1)/N=C/C2=CC=C(OC)C=C2,SC1CCCCC1,0.589002233,2.464385343,0
445,86,O=P1(O)OC2=C(C3=CC=CC=C3)C=C4C(C=CC=C4)=C2C5=C(O1)C(C6=CC=CC=C6)=CC7=C5C=CC=C7,O=C(C1=CC=CC=C1)/N=C/C2=CC=C(C(F)(F)F)C=C2,SC1=CC=CC=C1,1.17989059,4.936662229,5
446,494,O=P1(O)OC2=C(C3=CC=C(C4=CC=C(C=CC=C5)C5=C4)C=C3)C=C6C(C=CC=C6)=C2C7=C(O1)C(C8=CC=C(C9=CC(C=CC=C%10)=C%10C=C9)C=C8)=CC%11=C7C=CC=C%11,O=C(C1=CC=CC=C1)/N=C/C2=CC=C(OC)C=C2,SC1=CC=C(OC)C=C1,1.125722444,4.710022706,7
447,838,O=P1(O)OC2=C(CC)C=C3C(CCCC3)=C2C4=C(O1)C(CC)=CC5=C4CCCC5,O=C(C1=CC=CC=C1)/N=C/C2=CC=CC=C2,SC1CCCCC1,0.0,0.0,1
448,233,O=P1(O)OC2=C([Si](C3=CC=CC=C3)(C4=CC=CC=C4)C5=CC=CC=C5)C=C6C(CCCC6)=C2C7=C(O1)C([Si](C8=CC=CC=C8)(C9=CC=CC=C9)C%10=CC=CC=C%10)=CC%11=C7CCCC%11,O=C(C1=CC=CC=C1)/N=C/C2=CC=C(Cl)C=C2Cl,CCS,0.023690626,0.099121579,2
449,945,O=P1(O)OC2=C(C3=C(OC)C=CC=C3OC)C=C4C(C=CC=C4)=C2C5=C(O1)[C@@]([C@@]6=C(OC)C=CC=C6OC)=CC7=C5C=CC=C7,O=C(C1=CC=CC=C1)/N=C/C2=CC=CC3=C2C=CC=C3,SC1=CC=C(OC)C=C1,2.058499317,8.612761142,5
450,754,O=P1(O)OC2=C(C3=C(C)C=C(C)C=C3C)C=C4C(C=CC=C4)=C2C5=C(O1)[C@@]([C@@]6=C(C)C=C(C)C=C6C)=CC7=C5C=CC=C7,O=C(C1=CC=CC=C1)/N=C/C2=CC=CC=C2,SC1=CC=CC=C1,1.743657522,7.295463072,8
451,260,O=P1(O)OC2=C(CC3=CC=C(OC)C=C3)C=C4C(CCCC4)=C2C5=C(O1)C(CC6=CC=C(OC)C=C6)=CC7=C5CCCC7,O=C(C1=CC=CC=C1)/N=C/C2=CC=C(Cl)C=C2Cl,SC1=CC=C(OC)C=C1,0.446373616,1.867627209,3
452,256,O=P1(O)OC2=C(C3=CC(C(F)(F)F)=CC(C(F)(F)F)=C3)C=C4C(CCCC4)=C2C5=C(O1)C(C6=CC(C(F)(F)F)=CC(C(F)(F)F)=C6)=CC7=C5CCCC7,O=C(C1=CC=CC=C1)/N=C/C2=CC=C(Cl)C=C2Cl,CCS,0.340722979,1.425584944,3
453,443,O=P1(O)OC2=C(C3=CC(C4=CC=C(OC)C=C4)=CC(C5=CC=C(OC)C=C5)=C3)C=C6C(C=CC=C6)=C2C7=C(O1)C(C8=CC(C9=CC=C(OC)C=C9)=CC(C%10=CC=C(OC)C=C%10)=C8)=CC%11=C7C=CC=C%11,O=C(C1=CC=CC=C1)/N=C/C2=CC=C(OC)C=C2,CCS,0.858676701,3.592703317,4
454,130,O=P1(O)OC2=C(CC3=CC=C(OC)C=C3)C=C4C(CCCC4)=C2C5=C(O1)C(CC6=CC=C(OC)C=C6)=CC7=C5CCCC7,O=C(C1=CC=CC=C1)/N=C/C2=CC=C(C(F)(F)F)C=C2,SC1=CC=CC=C1C,0.289903935,1.212958064,4
455,719,O=P1(O)OC2=C(C3=C(C(C)C)C=C(C4=CC=C(C(C)(C)C)C=C4)C=C3C(C)C)C=C5C(C=CC=C5)=[C@]2[C@]6=C(O1)C(C7=C(C(C)C)C=C(C8=CC=C(C(C)(C)C)C=C8)C=C7C(C)C)=CC9=C6C=CC=C9,O=C(C1=CC=CC=C1)/N=C/C2=CC=CC=C2,SC1=CC=C(OC)C=C1,2.721168735,11.38536999,9
456,455,O=P1(O)OC2=C(C3=CC=C(OC)C=C3)C=C4C(C=CC=C4)=C2C5=C(O1)C(C6=CC=C(OC)C=C6)=CC7=C5C=CC=C7,O=C(C1=CC=CC=C1)/N=C/C2=CC=C(OC)C=C2,CCS,0.446373616,1.867627209,6
457,62,O=P1(O)OC2=C(C3=CC(C(F)(F)F)=CC(C(F)(F)F)=C3)C=C4C(C=CC=C4)=C2C5=C(O1)C(C6=CC(C(F)(F)F)=CC(C(F)(F)F)=C6)=CC7=C5C=CC=C7,O=C(C1=CC=CC=C1)/N=C/C2=CC=C(C(F)(F)F)C=C2,SC1=CC=C(OC)C=C1,1.074990526,4.497760361,3
458,345,O=P1(O)OC2=C(C3=CC(C)=C(OC(C)C)C(C)=C3)C=C4C(C=CC=C4)=C2C5=C(O1)C(C6=CC(C)=C(OC(C)C)C(C)=C6)=CC7=C5C=CC=C7,O=C(C1=CC=CC=C1)/N=C/C2=CC=C(Cl)C=C2Cl,SC1=CC=CC=C1C,1.074990526,4.497760361,9
459,741,O=P1(O)OC2=C([Si](C3=CC=CC=C3)(C4=CC=CC=C4)C5=CC=CC=C5)C=C6C(C=CC=C6)=C2C7=C(O1)C([Si](C8=CC=CC=C8)(C9=CC=CC=C9)C%10=CC=CC=C%10)=CC%11=C7C=CC=C%11,O=C(C1=CC=CC=C1)/N=C/C2=CC=CC=C2,SC1=CC=CC=C1,0.240111033,1.004624562,6
460,553,O=P1(O)OC2=C(C3=C(OCC)C=CC(C)=C3)C=C4C(C=CC=C4)=C2C5=C(O1)C(C6=CC(C)=CC=C6OCC)=CC7=C5C=CC=C7,O=C(C1=CC=CC=C1)/N=C/C2=CC=C(OC)C=C2,SC1=CC=CC=C1,1.531802956,6.409063568,8
461,187,O=P1(O)OC2=C([Si](C3=CC=CC=C3)(C4=CC=CC=C4)C5=CC=CC=C5)C=C6C(C=CC=C6)=C2C7=C(O1)C([Si](C8=CC=CC=C8)(C9=CC=CC=C9)C%10=CC=CC=C%10)=CC%11=C7C=CC=C%11,O=C(C1=CC=CC=C1)/N=C/C2=CC=C(C(F)(F)F)C=C2,SC1CCCCC1,0.023690626,0.099121579,8
462,666,O=P1(O)OC2=C(CC)C=C3C(CCCC3)=C2C4=C(O1)C(CC)=CC5=C4CCCC5,O=C(C1=CC=CC=C1)/N=C/C2=CC=CC=C2,CCS,-0.118834511,-0.497203594,8
463,687,O=P1(O)OC2=C(C3=C(C(C)C)C=C(C4=CC=C(C(C)(C)C)C=C4)C=C3C(C)C)C=C5C(C=CC=C5)=[C@]2[C@]6=C(O1)C(C7=C(C(C)C)C=C(C8=CC=C(C(C)(C)C)C=C8)C=C7C(C)C)=CC9=C6C=CC=C9,O=C(C1=CC=CC=C1)/N=C/C2=CC=CC=C2,CCS,1.446325365,6.051425327,2
464,724,O=P1(O)OC2=C(C3=C(OC(F)(F)F)C=CC=C3)C=C4C(C=CC=C4)=C2C5=C(O1)C(C6=CC=CC=C6OC(F)(F)F)=CC7=C5C=CC=C7,O=C(C1=CC=CC=C1)/N=C/C2=CC=CC=C2,SC1=CC=C(OC)C=C1,1.446325365,6.051425327,6
465,53,O=P1(O)OC2=C(Br)C=C3C(CCCC3)=C2C4=C(O1)C(Br)=CC5=C4CCCC5,O=C(C1=CC=CC=C1)/N=C/C2=CC=C(C(F)(F)F)C=C2,SC1=CC=C(OC)C=C1,0.240111033,1.004624562,3
466,619,O=P1(O)OC2=C([Si](C3=CC=C(C(C)(C)C)C=C3)(C4=CC=C(C(C)(C)C)C=C4)C5=CC=C(C(C)(C)C)C=C5)C=C6C(CCCC6)=C2C7=C(O1)C([Si](C8=CC=C(C(C)(C)C)C=C8)(C9=CC=C(C(C)(C)C)C=C9)C%10=CC=C(C(C)(C)C)C=C%10)=CC%11=C7CCCC%11,O=C(C1=CC=CC=C1)/N=C/C2=CC=C(OC)C=C2,SC1CCCCC1,-0.047400225,-0.198322541,7
467,650,O=P1(O)OC2=C(C3=CC(C4=CC(C(F)(F)F)=CC(C(F)(F)F)=C4)=CC(C5=CC(C(F)(F)F)=CC(C(F)(F)F)=C5)=C3)C=C6C(C=CC=C6)=C2C7=C(O1)C(C8=CC(C9=CC(C(F)(F)F)=CC(C(F)(F)F)=C9)=CC(C%10=CC(C(F)(F)F)=CC(C(F)(F)F)=C%10)=C8)=CC%11=C7C=CC=C%11,O=C(C1=CC=CC=C1)/N=C/C2=CC=CC=C2,CCS,0.501758501,2.099357568,1
468,505,O=P1(O)OC2=C(C3=C(C=CC=C4)C4=C(C5=CC(C=CC=C6)=C6C=C5)C7=C3C=CC=C7)C=C8C(C=CC=C8)=[C@]2[C@]9=C(O1)C(C%10=C(C=CC=C%11)C%11=C(C%12=CC=C(C=CC=C%13)C%13=C%12)C%14=C%10C=CC=C%14)=CC%15=C9C=CC=C%15,O=C(C1=CC=CC=C1)/N=C/C2=CC=C(OC)C=C2,SC1=CC=C(OC)C=C1,2.304684113,9.642798329,4
469,678,O=P1(O)OC2=C(C3=C(C4=CC(C=CC=C5)=C5C=C4)C=CC=C3)C=C6C(CCCC6)=C2C7=C(O1)C(C8=CC=CC=C8C9=CC=C(C=CC=C%10)C%10=C9)=CC%11=C7CCCC%11,O=C(C1=CC=CC=C1)/N=C/C2=CC=CC=C2,CCS,0.820945045,3.434834068,2
470,992,O=P1(O)OC2=C(CC3=CC=C(OC)C=C3)C=C4C(CCCC4)=C2C5=C(O1)C(CC6=CC=C(OC)C=C6)=CC7=C5CCCC7,O=C(C1=CC=CC=C1)/N=C/C2=CC=CC3=C2C=CC=C3,SC1=CC=CC=C1C,0.166908496,0.698345147,6
471,288,O=P1(O)OC2=C(C3=C(C(C)C)C=C(C(C)C)C=C3C(C)C)C=C4C(C=CC=C4)=C2C5=C(O1)[C@@]([C@@]6=C(C(C)C)C=C(C(C)C)C=C6C(C)C)=CC7=C5C=CC=C7,O=C(C1=CC=CC=C1)/N=C/C2=CC=C(Cl)C=C2Cl,SC1=CC=C(OC)C=C1,3.134624572,13.11526921,1
472,911,O=P1(O)OC2=C(Br)C=C3C(C=CC=C3)=C2C4=C(O1)C(Br)=CC5=CC=CC=C54,O=C(C1=CC=CC=C1)/N=C/C2=CC=CC3=C2C=CC=C3,SC1=CC=C(OC)C=C1,0.191142101,0.799738551,0
473,239,O=P1(O)OC2=C(C3=C(C=CC=C4)C4=C(C5=CC(C=CC=C6)=C6C=C5)C7=C3C=CC=C7)C=C8C(C=CC=C8)=[C@]2[C@]9=C(O1)C(C%10=C(C=CC=C%11)C%11=C(C%12=CC=C(C=CC=C%13)C%13=C%12)C%14=C%10C=CC=C%14)=CC%15=C9C=CC=C%15,O=C(C1=CC=CC=C1)/N=C/C2=CC=C(Cl)C=C2Cl,CCS,1.125722444,4.710022706,5
474,536,O=P1(O)OC2=C(C3=CC=C(C4=CC=C(C=CC=C5)C5=C4)C=C3)C=C6C(C=CC=C6)=C2C7=C(O1)C(C8=CC=C(C9=CC(C=CC=C%10)=C%10C=C9)C=C8)=CC%11=C7C=CC=C%11,O=C(C1=CC=CC=C1)/N=C/C2=CC=C(OC)C=C2,SC1=CC=CC=C1,0.897960775,3.757067883,7
475,97,O=P1(O)OC2=C([Si](C3=CC=C(C(C)(C)C)C=C3)(C4=CC=C(C(C)(C)C)C=C4)C5=CC=C(C(C)(C)C)C=C5)C=C6C(CCCC6)=C2C7=C(O1)C([Si](C8=CC=C(C(C)(C)C)C=C8)(C9=CC=C(C(C)(C)C)C=C9)C%10=CC=C(C(C)(C)C)C=C%10)=CC%11=C7CCCC%11,O=C(C1=CC=CC=C1)/N=C/C2=CC=C(C(F)(F)F)C=C2,SC1=CC=CC=C1,-0.023690626,-0.099121579,7
476,95,O=P1(O)OC2=C([Si](C3=CC=CC=C3)(C4=CC=CC=C4)C5=CC=CC=C5)C=C6C(C=CC=C6)=C2C7=C(O1)C([Si](C8=CC=CC=C8)(C9=CC=CC=C9)C%10=CC=CC=C%10)=CC%11=C7C=CC=C%11,O=C(C1=CC=CC=C1)/N=C/C2=CC=C(C(F)(F)F)C=C2,SC1=CC=CC=C1,0.142812956,0.597529408,3
477,812,O=P1(O)OC2=C(C3=CC=C(C4=CC=C(C=CC=C5)C5=C4)C=C3)C=C6C(C=CC=C6)=C2C7=C(O1)C(C8=CC=C(C9=CC(C=CC=C%10)=C%10C=C9)C=C8)=CC%11=C7C=CC=C%11,O=C(C1=CC=CC=C1)/N=C/C2=CC=CC=C2,SC1=CC=CC=C1C,1.301167112,5.444083197,3
478,379,O=P1(O)OC2=C(C3=C(OCC)C=CC(C)=C3)C=C4C(C=CC=C4)=C2C5=C(O1)C(C6=CC(C)=CC=C6OCC)=CC7=C5C=CC=C7,O=C(C1=CC=CC=C1)/N=C/C2=CC=C(Cl)C=C2Cl,SC1=CC=CC=C1C,1.301167112,5.444083197,1
479,1043,O=P1(O)OC2=C(C3=CC(C(C)(C)C)=CC(C(C)(C)C)=C3)C=C4C(C=CC=C4)=C2C5=C(O1)C(C6=CC(C(C)(C)C)=CC(C(C)(C)C)=C6)=CC7=C5C=CC=C7,O=C(C1=CC=CC=C1)/N=C/C2=CC=CC3=C2C=CC=C3,SC1CCCCC1,0.619408639,2.591605746,8
480,1063,O=P1(O)OC2=C(C3=CC=C(C(C)(C)C)C=C3)C=C4C(C=CC=C4)=C2C5=C(O1)C(C6=CC=C(C(C)(C)C)C=C6)=CC7=C5C=CC=C7,O=C(C1=CC=CC=C1)/N=C/C2=CC=CC3=C2C=CC=C3,SC1CCCCC1,0.446373616,1.867627209,4
481,1070,O=P1(O)OC2=C(C3=CC(C(F)(F)F)=CC(C(F)(F)F)=C3)C=C4C(CCCC4)=C2C5=C(O1)C(C6=CC(C(F)(F)F)=CC(C(F)(F)F)=C6)=CC7=C5CCCC7,O=C(C1=CC=CC=C1)/N=C/C2=CC=CC3=C2C=CC=C3,SC1CCCCC1,0.682601444,2.856004442,7
482,104,O=P1(O)OC2=C(C3=C(F)C=C(OC)C=C3F)C=C4C(C=CC=C4)=[C@]2[C@]5=C(O1)C(C6=C(F)C=C(OC)C=C6F)=CC7=C5C=CC=C7,O=C(C1=CC=CC=C1)/N=C/C2=CC=C(C(F)(F)F)C=C2,SC1=CC=CC=C1,1.446325365,6.051425327,9
483,232,O=P1(O)OC2=C([Si](C3=CC=CC=C3)(C4=CC=CC=C4)C5=CC=CC=C5)C=C6C(C=CC=C6)=C2C7=C(O1)C([Si](C8=CC=CC=C8)(C9=CC=CC=C9)C%10=CC=CC=C%10)=CC%11=C7C=CC=C%11,O=C(C1=CC=CC=C1)/N=C/C2=CC=C(Cl)C=C2Cl,CCS,0.023690626,0.099121579,4
484,963,O=P1(O)OC2=C(C3=CC=C(C4=CC=C(C=CC=C5)C5=C4)C=C3)C=C6C(C=CC=C6)=C2C7=C(O1)C(C8=CC=C(C9=CC(C=CC=C%10)=C%10C=C9)C=C8)=CC%11=C7C=CC=C%11,O=C(C1=CC=CC=C1)/N=C/C2=CC=CC3=C2C=CC=C3,SC1=CC=CC=C1,1.125722444,4.710022706,6
485,372,O=P1(O)OC2=C(C3=CC(C(C)(C)C)=CC(C(C)(C)C)=C3)C=C4C(C=CC=C4)=C2C5=C(O1)C(C6=CC(C(C)(C)C)=CC(C(C)(C)C)=C6)=CC7=C5C=CC=C7,O=C(C1=CC=CC=C1)/N=C/C2=CC=C(Cl)C=C2Cl,SC1=CC=CC=C1C,1.301167112,5.444083197,2
486,12,O=P1(O)OC2=C(Br)C=C3C(C=CC=C3)=C2C4=C(O1)C(Br)=CC5=CC=CC=C54,O=C(C1=CC=CC=C1)/N=C/C2=CC=C(C(F)(F)F)C=C2,CCS,-0.142812956,-0.597529408,7
487,1065,O=P1(O)OC2=C(C3=CC(C4=CC(C=CC=C5)=C5C=C4)=CC=C3)C=C6C(C=CC=C6)=C2C7=C(O1)C(C8=CC=CC(C9=CC=C(C=CC=C%10)C%10=C9)=C8)=CC%11=C7C=CC=C%11,O=C(C1=CC=CC=C1)/N=C/C2=CC=CC3=C2C=CC=C3,SC1CCCCC1,0.589002233,2.464385343,1
488,18,O=P1(O)OC2=C(C3=C(C(C)C)C=C(C4=CC=C(C(C)(C)C)C=C4)C=C3C(C)C)C=C5C(C=CC=C5)=[C@]2[C@]6=C(O1)C(C7=C(C(C)C)C=C(C8=CC=C(C(C)(C)C)C=C8)C=C7C(C)C)=CC9=C6C=CC=C9,O=C(C1=CC=CC=C1)/N=C/C2=CC=C(C(F)(F)F)C=C2,CCS,1.17989059,4.936662229,7
489,190,O=P1(O)OC2=C(C3=CC=C(C4=CC(C(F)(F)F)=CC(C(F)(F)F)=C4)C=C3)C=C5C(C=CC=C5)=C2C6=C(O1)C(C7=CC=C(C8=CC(C(F)(F)F)=CC(C(F)(F)F)=C8)C=C7)=CC9=C6C=CC=C9,O=C(C1=CC=CC=C1)/N=C/C2=CC=C(C(F)(F)F)C=C2,SC1CCCCC1,0.5302345,2.218501148,8
490,42,O=P1(O)OC2=C(C3=C(C=CC=C4)C4=C(C5=CC(C=CC=C6)=C6C=C5)C7=C3C=CC=C7)C=C8C(C=CC=C8)=[C@]2[C@]9=C(O1)C(C%10=C(C=CC=C%11)C%11=C(C%12=CC=C(C=CC=C%13)C%13=C%12)C%14=C%10C=CC=C%14)=CC%15=C9C=CC=C%15,O=C(C1=CC=CC=C1)/N=C/C2=CC=C(C(F)(F)F)C=C2,CCS,1.446325365,6.051425327,0
491,927,O=P1(O)OC2=C(C3=C(C4CCCCC4)C=C(C5CCCCC5)C=C3C6CCCCC6)C=C7C(C=CC=C7)=C2C8=C(O1)[C@@]([C@@]9=C(C%10CCCCC%10)C=C(C%11CCCCC%11)C=C9C%12CCCCC%12)=CC%13=C8C=CC=C%13,O=C(C1=CC=CC=C1)/N=C/C2=CC=CC3=C2C=CC=C3,SC1=CC=C(OC)C=C1,3.134624572,13.11526921,9
492,299,O=P1(O)OC2=C(C3=C(C4=CC(C=CC=C5)=C5C=C4)C=CC=C3)C=C6C(CCCC6)=C2C7=C(O1)C(C8=CC=CC=C8C9=CC=C(C=CC=C%10)C%10=C9)=CC%11=C7CCCC%11,O=C(C1=CC=CC=C1)/N=C/C2=CC=C(Cl)C=C2Cl,SC1=CC=C(OC)C=C1,1.446325365,6.051425327,0
493,161,O=P1(O)OC2=C(C3=CC=C(OC)C=C3)C=C4C(C=CC=C4)=C2C5=C(O1)C(C6=CC=C(OC)C=C6)=CC7=C5C=CC=C7,O=C(C1=CC=CC=C1)/N=C/C2=CC=C(C(F)(F)F)C=C2,SC1=CC=CC=C1C,1.301167112,5.444083197,1
494,39,O=P1(O)OC2=C(C3=CC(C(C)(C)C)=CC(C(C)(C)C)=C3)C=C4C(C=CC=C4)=C2C5=C(O1)C(C6=CC(C(C)(C)C)=CC(C(C)(C)C)=C6)=CC7=C5C=CC=C7,O=C(C1=CC=CC=C1)/N=C/C2=CC=C(C(F)(F)F)C=C2,CCS,1.370103771,5.732514178,0
495,1004,O=P1(O)OC2=C(C3=CC=C(OC)C=C3)C=C4C(C=CC=C4)=C2C5=C(O1)C(C6=CC=C(OC)C=C6)=CC7=C5C=CC=C7,O=C(C1=CC=CC=C1)/N=C/C2=CC=CC3=C2C=CC=C3,SC1=CC=CC=C1C,1.027207628,4.297836716,5
496,868,O=P1(O)OC2=C(CC3=C(C=CC=C4)C4=CC5=C3C=CC=C5)C=C6C(C=CC=C6)=C2C7=C(O1)C(CC8=C(C=CC=C9)C9=CC%10=C8C=CC=C%10)=CC%11=C7C=CC=C%11,O=C(C1=CC=CC=C1)/N=C/C2=CC=CC3=C2C=CC=C3,CCS,0.215535446,0.901800306,8
497,378,O=P1(O)OC2=[C@]([C@]3=C(Cl)C=C(Cl)C=C3Cl)C=C4C(CCCC4)=[C@]2[C@]5=C(O1)C(C6=C(Cl)C=C(Cl)C=C6Cl)=CC7=C5CCCC7,O=C(C1=CC=CC=C1)/N=C/C2=CC=C(Cl)C=C2Cl,SC1=CC=CC=C1C,1.882001124,7.874292703,3
498,304,O=P1(O)OC2=C(C3=CC(C4=CC(C(F)(F)F)=CC(C(F)(F)F)=C4)=CC(C5=CC(C(F)(F)F)=CC(C(F)(F)F)=C5)=C3)C=C6C(C=CC=C6)=C2C7=C(O1)C(C8=CC(C9=CC(C(F)(F)F)=CC(C(F)(F)F)=C9)=CC(C%10=CC(C(F)(F)F)=CC(C(F)(F)F)=C%10)=C8)=CC%11=C7C=CC=C%11,O=C(C1=CC=CC=C1)/N=C/C2=CC=C(Cl)C=C2Cl,SC1=CC=CC=C1,1.238109014,5.180248115,5
499,474,O=P1(O)OC2=C(C3=CC=C(S(F)(F)(F)(F)F)C=C3)C=C4C(C=CC=C4)=C2C5=C(O1)C(C6=CC=C(S(F)(F)(F)(F)F)C=C6)=CC7=C5C=CC=C7,O=C(C1=CC=CC=C1)/N=C/C2=CC=C(OC)C=C2,SC1=CC=C(OC)C=C1,1.17989059,4.936662229,5
500,287,O=P1(O)OC2=C(C3=C(C)C=C(C)C=C3C)C=C4C(C=CC=C4)=C2C5=C(O1)[C@@]([C@@]6=C(C)C=C(C)C=C6C)=CC7=C5C=CC=C7,O=C(C1=CC=CC=C1)/N=C/C2=CC=C(Cl)C=C2Cl,SC1=CC=C(OC)C=C1,1.882001124,7.874292703,5
501,602,O=P1(O)OC2=C(C3=CC=CC=C3)C=C4C(C=CC=C4)=C2C5=C(O1)C(C6=CC=CC=C6)=CC7=C5C=CC=C7,O=C(C1=CC=CC=C1)/N=C/C2=CC=C(OC)C=C2,SC1CCCCC1,0.619408639,2.591605746,9
502,652,O=P1(O)OC2=C(CC3=CC(C(F)(F)F)=CC(C(F)(F)F)=C3)C=C4C(CCCC4)=C2C5=C(O1)C(CC6=CC(C(F)(F)F)=CC(C(F)(F)F)=C6)=CC7=C5CCCC7,O=C(C1=CC=CC=C1)/N=C/C2=CC=CC=C2,CCS,-0.366586769,-1.533799041,0
503,854,O=P1(O)OC2=C(C3=CC(C(F)(F)F)=CC(C(F)(F)F)=C3)C=C4C(C=CC=C4)=C2C5=C(O1)C(C6=CC(C(F)(F)F)=CC(C(F)(F)F)=C6)=CC7=C5C=CC=C7,O=C(C1=CC=CC=C1)/N=C/C2=CC=CC=C2,SC1CCCCC1,0.392793996,1.643450079,6
504,949,O=P1(O)OC2=C(CC3=CC(C(F)(F)F)=CC(C(F)(F)F)=C3)C=C4C(CCCC4)=C2C5=C(O1)C(CC6=CC(C(F)(F)F)=CC(C(F)(F)F)=C6)=CC7=C5CCCC7,O=C(C1=CC=CC=C1)/N=C/C2=CC=CC3=C2C=CC=C3,SC1=CC=CC=C1,0.619408639,2.591605746,6
505,475,O=P1(O)OC2=C(CC3=CC=C(OC)C=C3)C=C4C(CCCC4)=C2C5=C(O1)C(CC6=CC=C(OC)C=C6)=CC7=C5CCCC7,O=C(C1=CC=CC=C1)/N=C/C2=CC=C(OC)C=C2,SC1=CC=C(OC)C=C1,0.240111033,1.004624562,1
506,1031,O=P1(O)OC2=C(C3=C(OC)C=CC=C3OC)C=C4C(C=CC=C4)=C2C5=C(O1)[C@@]([C@@]6=C(OC)C=CC=C6OC)=CC7=C5C=CC=C7,O=C(C1=CC=CC=C1)/N=C/C2=CC=CC3=C2C=CC=C3,SC1=CC=CC=C1C,2.058499317,8.612761142,1
507,753,O=P1(O)OC2=C(C3=C(F)C=C(OC)C=C3F)C=C4C(C=CC=C4)=[C@]2[C@]5=C(O1)C(C6=C(F)C=C(OC)C=C6F)=CC7=C5C=CC=C7,O=C(C1=CC=CC=C1)/N=C/C2=CC=CC=C2,SC1=CC=CC=C1,1.531802956,6.409063568,2
508,66,O=P1(O)OC2=C(C3=C(C(C)C)C=C(C(C)C)C=C3C(C)C)C=C4C(C=CC=C4)=C2C5=C(O1)[C@@]([C@@]6=C(C(C)C)C=C(C(C)C)C=C6C(C)C)=CC7=C5C=CC=C7,O=C(C1=CC=CC=C1)/N=C/C2=CC=C(C(F)(F)F)C=C2,SC1=CC=C(OC)C=C1,1.743657522,7.295463072,3
509,1032,O=P1(O)OC2=C(C3=CC=CC=C3)C=C4C(C=CC=C4)=C2C5=C(O1)C(C6=CC=CC=C6)=CC7=C5C=CC=C7,O=C(C1=CC=CC=C1)/N=C/C2=CC=CC3=C2C=CC=C3,SC1CCCCC1,0.559297578,2.340101066,1
510,491,O=P1(O)OC2=C(C3=CC=C(C)C=C3)C=C4C(C=CC=C4)=C2C5=C(O1)C(C6=CC=C(C)C=C6)=CC7=C5C=CC=C7,O=C(C1=CC=CC=C1)/N=C/C2=CC=C(OC)C=C2,SC1=CC=C(OC)C=C1,1.125722444,4.710022706,2
511,374,O=P1(O)OC2=C(C3=CC(C4=CC=C(OC)C=C4)=CC(C5=CC=C(OC)C=C5)=C3)C=C6C(C=CC=C6)=C2C7=C(O1)C(C8=CC(C9=CC=C(OC)C=C9)=CC(C%10=CC=C(OC)C=C%10)=C8)=CC%11=C7C=CC=C%11,O=C(C1=CC=CC=C1)/N=C/C2=CC=C(Cl)C=C2Cl,SC1=CC=CC=C1C,1.446325365,6.051425327,5
512,142,O=P1(O)OC2=C(C3=CC(COC)=CC=C3)C=C4C(CCCC4)=C2C5=C(O1)C(C6=CC=CC(COC)=C6)=CC7=C5CCCC7,O=C(C1=CC=CC=C1)/N=C/C2=CC=C(C(F)(F)F)C=C2,SC1=CC=CC=C1C,1.125722444,4.710022706,8
513,1074,O=P1(O)OC2=C(C3=C(C=CC4=CC=CC(C=C5)=C46)C6=C5C=C3)C=C7C(C=CC=C7)=C2C8=C(O1)C(C9=CC=C(C=C%10)C%11=C9C=CC%12=CC=CC%10=C%11%12)=CC%13=C8C=CC=C%13,O=C(C1=CC=CC=C1)/N=C/C2=CC=CC3=C2C=CC=C3,SC1CCCCC1,1.743657522,7.295463072,2
514,172,O=P1(O)OC2=C(C3=CC=CC=C3)C=C4C(C=CC=C4)=C2C5=C(O1)C(C6=CC=CC=C6)=CC7=C5C=CC=C7,O=C(C1=CC=CC=C1)/N=C/C2=CC=C(C(F)(F)F)C=C2,SC1CCCCC1,0.715545793,2.993843598,0
515,398,O=P1(O)OC2=C(C3=CC(C(C)(C)C)=CC(C(C)(C)C)=C3)C=C4C(CCCC4)=C2C5=C(O1)C(C6=CC(C(C)(C)C)=CC(C(C)(C)C)=C6)=CC7=C5CCCC7,O=C(C1=CC=CC=C1)/N=C/C2=CC=C(Cl)C=C2Cl,SC1CCCCC1,0.559297578,2.340101066,5
516,664,O=P1(O)OC2=C(C3=CC=C(C4=CC(C(F)(F)F)=CC(C(F)(F)F)=C4)C=C3)C=C5C(C=CC=C5)=C2C6=C(O1)C(C7=CC=C(C8=CC(C(F)(F)F)=CC(C(F)(F)F)=C8)C=C7)=CC9=C6C=CC=C9,O=C(C1=CC=CC=C1)/N=C/C2=CC=CC=C2,CCS,0.619408639,2.591605746,0
517,1017,O=P1(O)OC2=C(C3=C(C4CCCCC4)C=C(C5CCCCC5)C=C3C6CCCCC6)C=C7C(C=CC=C7)=C2C8=C(O1)[C@@]([C@@]9=C(C%10CCCCC%10)C=C(C%11CCCCC%11)C=C9C%12CCCCC%12)=CC%13=C8C=CC=C%13,O=C(C1=CC=CC=C1)/N=C/C2=CC=CC3=C2C=CC=C3,SC1=CC=CC=C1C,3.134624572,13.11526921,4
518,894,O=P1(O)OC2=C(C3=CC=C(C4=CC=C(C=CC=C5)C5=C4)C=C3)C=C6C(C=CC=C6)=C2C7=C(O1)C(C8=CC=C(C9=CC(C=CC=C%10)=C%10C=C9)C=C8)=CC%11=C7C=CC=C%11,O=C(C1=CC=CC=C1)/N=C/C2=CC=CC3=C2C=CC=C3,CCS,0.559297578,2.340101066,9
519,295,O=P1(O)OC2=[C@]([C@]3=C(Cl)C=C(Cl)C=C3Cl)C=C4C(CCCC4)=[C@]2[C@]5=C(O1)C(C6=C(Cl)C=C(Cl)C=C6Cl)=CC7=C5CCCC7,O=C(C1=CC=CC=C1)/N=C/C2=CC=C(Cl)C=C2Cl,SC1=CC=C(OC)C=C1,2.058499317,8.612761142,1
520,222,O=P1(O)OC2=C(CC3=CC=C(OC)C=C3)C=C4C(CCCC4)=C2C5=C(O1)C(CC6=CC=C(OC)C=C6)=CC7=C5CCCC7,O=C(C1=CC=CC=C1)/N=C/C2=CC=C(Cl)C=C2Cl,CCS,-0.419377753,-1.754676519,0
521,270,O=P1(O)OC2=C([Si](C3=CC=CC=C3)(C4=CC=CC=C4)C5=CC=CC=C5)C=C6C(CCCC6)=C2C7=C(O1)C([Si](C8=CC=CC=C8)(C9=CC=CC=C9)C%10=CC=CC=C%10)=CC%11=C7CCCC%11,O=C(C1=CC=CC=C1)/N=C/C2=CC=C(Cl)C=C2Cl,SC1=CC=C(OC)C=C1,0.118834511,0.497203594,0
522,111,O=P1(O)OC2=C(C3=CC(C(C)(C)C)=CC(C(C)(C)C)=C3)C=C4C(CCCC4)=C2C5=C(O1)C(C6=CC(C(C)(C)C)=CC(C(C)(C)C)=C6)=CC7=C5CCCC7,O=C(C1=CC=CC=C1)/N=C/C2=CC=C(C(F)(F)F)C=C2,SC1=CC=CC=C1,1.301167112,5.444083197,8
523,564,O=P1(O)OC2=C(CC3=C(C=CC=C4)C4=CC5=C3C=CC=C5)C=C6C(C=CC=C6)=C2C7=C(O1)C(CC8=C(C=CC=C9)C9=CC%10=C8C=CC=C%10)=CC%11=C7C=CC=C%11,O=C(C1=CC=CC=C1)/N=C/C2=CC=C(OC)C=C2,SC1=CC=CC=C1C,0.749510758,3.135953011,5
524,942,O=P1(O)OC2=C(C3=C(C=CC4=CC=CC(C=C5)=C46)C6=C5C=C3)C=C7C(C=CC=C7)=C2C8=C(O1)C(C9=CC=C(C=C%10)C%11=C9C=CC%12=CC=CC%10=C%11%12)=CC%13=C8C=CC=C%13,O=C(C1=CC=CC=C1)/N=C/C2=CC=CC3=C2C=CC=C3,SC1=CC=C(OC)C=C1,2.304684113,9.642798329,0
525,143,O=P1(O)OC2=C(C3=C(OC(F)(F)F)C=CC=C3)C=C4C(C=CC=C4)=C2C5=C(O1)C(C6=CC=CC=C6OC(F)(F)F)=CC7=C5C=CC=C7,O=C(C1=CC=CC=C1)/N=C/C2=CC=C(C(F)(F)F)C=C2,SC1=CC=CC=C1C,1.238109014,5.180248115,3
526,498,O=P1(O)OC2=C(C3=C(C(C)C)C=C(C(C)C)C=C3C(C)C)C=C4C(C=CC=C4)=C2C5=C(O1)[C@@]([C@@]6=C(C(C)C)C=C(C(C)C)C=C6C(C)C)=CC7=C5C=CC=C7,O=C(C1=CC=CC=C1)/N=C/C2=CC=C(OC)C=C2,SC1=CC=C(OC)C=C1,2.058499317,8.612761142,1
527,121,O=P1(O)OC2=C(C3=C(C=CC=C4)C4=CC5=C3C=CC=C5)C=C6C(C=CC=C6)=C2C7=C(O1)[C@@]([C@@]8=C(C=CC=C9)C9=CC%10=C8C=CC=C%10)=CC%11=C7C=CC=C%11,O=C(C1=CC=CC=C1)/N=C/C2=CC=C(C(F)(F)F)C=C2,SC1=CC=CC=C1,1.629422542,6.817503916,6
528,732,O=P1(O)OC2=C(C3=CC(C)=C(OC(C)C)C(C)=C3)C=C4C(C=CC=C4)=C2C5=C(O1)C(C6=CC(C)=C(OC(C)C)C(C)=C6)=CC7=C5C=CC=C7,O=C(C1=CC=CC=C1)/N=C/C2=CC=CC=C2,SC1=CC=CC=C1,1.17989059,4.936662229,8
529,370,O=P1(O)OC2=C(C3=C(C4CCCCC4)C=C(C5CCCCC5)C=C3C6CCCCC6)C=C7C(C=CC=C7)=C2C8=C(O1)[C@@]([C@@]9=C(C%10CCCCC%10)C=C(C%11CCCCC%11)C=C9C%12CCCCC%12)=CC%13=C8C=CC=C%13,O=C(C1=CC=CC=C1)/N=C/C2=CC=C(Cl)C=C2Cl,SC1=CC=CC=C1C,3.134624572,13.11526921,4
530,347,O=P1(O)OC2=C(CC3=CC=C(OC)C=C3)C=C4C(CCCC4)=C2C5=C(O1)C(CC6=CC=C(OC)C=C6)=CC7=C5CCCC7,O=C(C1=CC=CC=C1)/N=C/C2=CC=C(Cl)C=C2Cl,SC1=CC=CC=C1C,0.215535446,0.901800306,5
531,235,O=P1(O)OC2=C(C3=CC=C(C4=CC(C(F)(F)F)=CC(C(F)(F)F)=C4)C=C3)C=C5C(C=CC=C5)=C2C6=C(O1)C(C7=CC=C(C8=CC(C(F)(F)F)=CC(C(F)(F)F)=C8)C=C7)=CC9=C6C=CC=C9,O=C(C1=CC=CC=C1)/N=C/C2=CC=C(Cl)C=C2Cl,CCS,0.473819986,1.982462821,8
532,254,O=P1(O)OC2=C(C3=C(OC)C=CC=C3OC)C=C4C(C=CC=C4)=C2C5=C(O1)[C@@]([C@@]6=C(OC)C=CC=C6OC)=CC7=C5C=CC=C7,O=C(C1=CC=CC=C1)/N=C/C2=CC=C(Cl)C=C2Cl,CCS,1.074990526,4.497760361,5
533,540,O=P1(O)OC2=C(C3=C(C)C=C(C)C=C3C)C=C4C(C=CC=C4)=C2C5=C(O1)[C@@]([C@@]6=C(C)C=C(C)C=C6C)=CC7=C5C=CC=C7,O=C(C1=CC=CC=C1)/N=C/C2=CC=C(OC)C=C2,SC1=CC=CC=C1,1.370103771,5.732514178,4
534,696,O=P1(O)OC2=C(C3=CC(C(C)(C)C)=CC(C(C)(C)C)=C3)C=C4C(CCCC4)=C2C5=C(O1)C(C6=CC(C(C)(C)C)=CC(C(C)(C)C)=C6)=CC7=C5CCCC7,O=C(C1=CC=CC=C1)/N=C/C2=CC=CC=C2,SC1=CC=C(OC)C=C1,1.17989059,4.936662229,3
535,582,O=P1(O)OC2=C(C3=C(F)C=C(OC)C=C3F)C=C4C(C=CC=C4)=[C@]2[C@]5=C(O1)C(C6=C(F)C=C(OC)C=C6F)=CC7=C5C=CC=C7,O=C(C1=CC=CC=C1)/N=C/C2=CC=C(OC)C=C2,SC1=CC=CC=C1C,1.629422542,6.817503916,6
536,70,O=P1(O)OC2=C(C3=CC(C4=CC=C(OC)C=C4)=CC(C5=CC=C(OC)C=C5)=C3)C=C6C(C=CC=C6)=C2C7=C(O1)C(C8=CC(C9=CC=C(OC)C=C9)=CC(C%10=CC=C(OC)C=C%10)=C8)=CC%11=C7C=CC=C%11,O=C(C1=CC=CC=C1)/N=C/C2=CC=C(C(F)(F)F)C=C2,SC1=CC=C(OC)C=C1,1.531802956,6.409063568,3
537,415,O=P1(O)OC2=C(C3=C(OC(F)(F)F)C=CC=C3)C=C4C(C=CC=C4)=C2C5=C(O1)C(C6=CC=CC=C6OC(F)(F)F)=CC7=C5C=CC=C7,O=C(C1=CC=CC=C1)/N=C/C2=CC=C(Cl)C=C2Cl,SC1CCCCC1,0.559297578,2.340101066,9
538,185,O=P1(O)OC2=C(Br)C=C3C(C=CC=C3)=C2C4=C(O1)C(Br)=CC5=CC=CC=C54,O=C(C1=CC=CC=C1)/N=C/C2=CC=C(C(F)(F)F)C=C2,SC1CCCCC1,0.118834511,0.497203594,9
539,105,O=P1(O)OC2=C(C3=C(C)C=C(C)C=C3C)C=C4C(C=CC=C4)=C2C5=C(O1)[C@@]([C@@]6=C(C)C=C(C)C=C6C)=CC7=C5C=CC=C7,O=C(C1=CC=CC=C1)/N=C/C2=CC=C(C(F)(F)F)C=C2,SC1=CC=CC=C1,1.531802956,6.409063568,5
540,665,O=P1(O)OC2=C(C3=CC(C4=C(C)C=C(C)C=C4C)=CC(C5=C(C)C=C(C)C=C5C)=C3)C=C6C(CCCC6)=C2C7=C(O1)C(C8=CC(C9=C(C)C=C(C)C=C9C)=CC(C%10=C(C)C=C(C)C=C%10C)=C8)=CC%11=C7CCCC%11,O=C(C1=CC=CC=C1)/N=C/C2=CC=CC=C2,CCS,0.589002233,2.464385343,9
541,211,O=P1(O)OC2=C(C3=C(C=CC=C4)C4=C(C5=CC(C=CC=C6)=C6C=C5)C7=C3C=CC=C7)C=C8C(C=CC=C8)=[C@]2[C@]9=C(O1)C(C%10=C(C=CC=C%11)C%11=C(C%12=CC=C(C=CC=C%13)C%13=C%12)C%14=C%10C=CC=C%14)=CC%15=C9C=CC=C%15,O=C(C1=CC=CC=C1)/N=C/C2=CC=C(C(F)(F)F)C=C2,SC1CCCCC1,1.301167112,5.444083197,0
542,811,O=P1(O)OC2=C(C3=C(C=CC4=CC=CC(C=C5)=C46)C6=C5C=C3)C=C7C(C=CC=C7)=C2C8=C(O1)C(C9=CC=C(C=C%10)C%11=C9C=CC%12=CC=CC%10=C%11%12)=CC%13=C8C=CC=C%13,O=C(C1=CC=CC=C1)/N=C/C2=CC=CC=C2,SC1=CC=CC=C1C,1.531802956,6.409063568,6
543,842,O=P1(O)OC2=C(C3=C(OCC)C=CC(C)=C3)C=C4C(C=CC=C4)=C2C5=C(O1)C(C6=CC(C)=CC=C6OCC)=CC7=C5C=CC=C7,O=C(C1=CC=CC=C1)/N=C/C2=CC=CC=C2,SC1CCCCC1,0.858676701,3.592703317,9
544,1069,O=P1(O)OC2=C(C3=CC(C(F)(F)F)=CC(C(F)(F)F)=C3)C=C4C(C=CC=C4)=C2C5=C(O1)C(C6=CC(C(F)(F)F)=CC(C(F)(F)F)=C6)=CC7=C5C=CC=C7,O=C(C1=CC=CC=C1)/N=C/C2=CC=CC3=C2C=CC=C3,SC1CCCCC1,0.406036647,1.698857331,8
545,896,O=P1(O)OC2=C(C3=C(OC)C=CC=C3OC)C=C4C(C=CC=C4)=C2C5=C(O1)[C@@]([C@@]6=C(OC)C=CC=C6OC)=CC7=C5C=CC=C7,O=C(C1=CC=CC=C1)/N=C/C2=CC=CC3=C2C=CC=C3,CCS,0.858676701,3.592703317,3
546,744,O=P1(O)OC2=C(CC)C=C3C(CCCC3)=C2C4=C(O1)C(CC)=CC5=C4CCCC5,O=C(C1=CC=CC=C1)/N=C/C2=CC=CC=C2,SC1=CC=CC=C1,0.264892334,1.108309525,5
547,581,O=P1(O)OC2=C(C3=CC(C(F)(F)F)=CC(C(F)(F)F)=C3)C=C4C(CCCC4)=C2C5=C(O1)C(C6=CC(C(F)(F)F)=CC(C(F)(F)F)=C6)=CC7=C5CCCC7,O=C(C1=CC=CC=C1)/N=C/C2=CC=C(OC)C=C2,SC1=CC=CC=C1C,1.027207628,4.297836716,0
548,772,O=P1(O)OC2=C(C3=C(OC)C=CC=C3OC)C=C4C(C=CC=C4)=C2C5=C(O1)[C@@]([C@@]6=C(OC)C=CC=C6OC)=CC7=C5C=CC=C7,O=C(C1=CC=CC=C1)/N=C/C2=CC=CC=C2,SC1=CC=CC=C1,1.629422542,6.817503916,8
549,366,O=P1(O)OC2=C(C3=CC(C(F)(F)F)=CC(C(F)(F)F)=C3)C=C4C(CCCC4)=C2C5=C(O1)C(C6=CC(C(F)(F)F)=CC(C(F)(F)F)=C6)=CC7=C5CCCC7,O=C(C1=CC=CC=C1)/N=C/C2=CC=C(Cl)C=C2Cl,SC1=CC=CC=C1C,1.027207628,4.297836716,1
550,749,O=P1(O)OC2=C(C3=C(C=CC4=CC=CC(C=C5)=C46)C6=C5C=C3)C=C7C(C=CC=C7)=C2C8=C(O1)C(C9=CC=C(C=C%10)C%11=C9C=CC%12=CC=CC%10=C%11%12)=CC%13=C8C=CC=C%13,O=C(C1=CC=CC=C1)/N=C/C2=CC=CC=C2,SC1=CC=CC=C1,1.125722444,4.710022706,2
551,486,O=P1(O)OC2=C([Si](C3=CC=C(C(C)(C)C)C=C3)(C4=CC=C(C(C)(C)C)C=C4)C5=CC=C(C(C)(C)C)C=C5)C=C6C(CCCC6)=C2C7=C(O1)C([Si](C8=CC=C(C(C)(C)C)C=C8)(C9=CC=C(C(C)(C)C)C=C9)C%10=CC=C(C(C)(C)C)C=C%10)=CC%11=C7CCCC%11,O=C(C1=CC=CC=C1)/N=C/C2=CC=C(OC)C=C2,SC1=CC=C(OC)C=C1,0.191142101,0.799738551,5
552,738,O=P1(O)OC2=C([Si](C3=CC=CC=C3)(C)C4=CC=CC=C4)C=C5C(C=CC=C5)=C2C6=C(O1)C([Si](C7=CC=CC=C7)(C8=CC=CC=C8)C)=CC9=C6C=CC=C9,O=C(C1=CC=CC=C1)/N=C/C2=CC=CC=C2,SC1=CC=CC=C1,0.820945045,3.434834068,3
553,1013,O=P1(O)OC2=C(C3=CC(C(F)(F)F)=CC(C(F)(F)F)=C3)C=C4C(CCCC4)=C2C5=C(O1)C(C6=CC(C(F)(F)F)=CC(C(F)(F)F)=C6)=CC7=C5CCCC7,O=C(C1=CC=CC=C1)/N=C/C2=CC=CC3=C2C=CC=C3,SC1=CC=CC=C1C,1.027207628,4.297836716,2
554,1003,O=P1(O)OC2=C(CC)C=C3C(CCCC3)=C2C4=C(O1)C(CC)=CC5=C4CCCC5,O=C(C1=CC=CC=C1)/N=C/C2=CC=CC3=C2C=CC=C3,SC1=CC=CC=C1C,0.289903935,1.212958064,0
555,975,O=P1(O)OC2=C(C3=CC=C(C4=CC(C(F)(F)F)=CC(C(F)(F)F)=C4)C=C3)C=C5C(C=CC=C5)=C2C6=C(O1)C(C7=CC=C(C8=CC(C(F)(F)F)=CC(C(F)(F)F)=C8)C=C7)=CC9=C6C=CC=C9,O=C(C1=CC=CC=C1)/N=C/C2=CC=CC3=C2C=CC=C3,SC1=CC=CC=C1,1.370103771,5.732514178,1
556,200,O=P1(O)OC2=C(C3=CC=C(C(C)(C)C)C=C3)C=C4C(C=CC=C4)=C2C5=C(O1)C(C6=CC=C(C(C)(C)C)C=C6)=CC7=C5C=CC=C7,O=C(C1=CC=CC=C1)/N=C/C2=CC=C(C(F)(F)F)C=C2,SC1CCCCC1,0.5302345,2.218501148,2
557,425,O=P1(O)OC2=C(C3=C(C)C=C(C)C=C3C)C=C4C(C=CC=C4)=C2C5=C(O1)[C@@]([C@@]6=C(C)C=C(C)C=C6C)=CC7=C5C=CC=C7,O=C(C1=CC=CC=C1)/N=C/C2=CC=C(Cl)C=C2Cl,SC1CCCCC1,1.531802956,6.409063568,0
558,38,O=P1(O)OC2=C(C3=C(C4CCCCC4)C=C(C5CCCCC5)C=C3C6CCCCC6)C=C7C(C=CC=C7)=C2C8=C(O1)[C@@]([C@@]9=C(C%10CCCCC%10)C=C(C%11CCCCC%11)C=C9C%12CCCCC%12)=CC%13=C8C=CC=C%13,O=C(C1=CC=CC=C1)/N=C/C2=CC=C(C(F)(F)F)C=C2,CCS,1.531802956,6.409063568,3
559,213,O=P1(O)OC2=C(C3=C(OCC)C=CC(C)=C3)C=C4C(C=CC=C4)=C2C5=C(O1)C(C6=CC(C)=CC=C6OCC)=CC7=C5C=CC=C7,O=C(C1=CC=CC=C1)/N=C/C2=CC=C(C(F)(F)F)C=C2,SC1CCCCC1,1.446325365,6.051425327,0
560,788,O=P1(O)OC2=C([Si](C3=CC=C(C(C)(C)C)C=C3)(C4=CC=C(C(C)(C)C)C=C4)C5=CC=C(C(C)(C)C)C=C5)C=C6C(CCCC6)=C2C7=C(O1)C([Si](C8=CC=C(C(C)(C)C)C=C8)(C9=CC=C(C(C)(C)C)C=C9)C%10=CC=C(C(C)(C)C)C=C%10)=CC%11=C7CCCC%11,O=C(C1=CC=CC=C1)/N=C/C2=CC=CC=C2,SC1=CC=CC=C1C,-0.047400225,-0.198322541,8
561,647,O=P1(O)OC2=C(C3=C(C)C=C(C)C=C3C)C=C4C(C=CC=C4)=C2C5=C(O1)[C@@]([C@@]6=C(C)C=C(C)C=C6C)=CC7=C5C=CC=C7,O=C(C1=CC=CC=C1)/N=C/C2=CC=CC=C2,CCS,1.238109014,5.180248115,9
562,101,O=P1(O)OC2=C(C3=CC=C(C)C=C3)C=C4C(C=CC=C4)=C2C5=C(O1)C(C6=CC=C(C)C=C6)=CC7=C5C=CC=C7,O=C(C1=CC=CC=C1)/N=C/C2=CC=C(C(F)(F)F)C=C2,SC1=CC=CC=C1,0.981980567,4.108606692,0
563,83,O=P1(O)OC2=C(C3=CC(C4=CC(C=CC=C5)=C5C=C4)=CC=C3)C=C6C(C=CC=C6)=C2C7=C(O1)C(C8=CC=CC(C9=CC=C(C=CC=C%10)C%10=C9)=C8)=CC%11=C7C=CC=C%11,O=C(C1=CC=CC=C1)/N=C/C2=CC=C(C(F)(F)F)C=C2,SC1=CC=C(OC)C=C1,1.370103771,5.732514178,6
564,266,O=P1(O)OC2=C(C3=CC(C(C)(C)C)=CC(C(C)(C)C)=C3)C=C4C(CCCC4)=C2C5=C(O1)C(C6=CC(C(C)(C)C)=CC(C(C)(C)C)=C6)=CC7=C5CCCC7,O=C(C1=CC=CC=C1)/N=C/C2=CC=C(Cl)C=C2Cl,SC1=CC=C(OC)C=C1,1.238109014,5.180248115,0
565,125,O=P1(O)OC2=C(C3=CC(C4=CC(C=CC=C5)=C5C=C4)=CC=C3)C=C6C(C=CC=C6)=C2C7=C(O1)C(C8=CC=CC(C9=CC=C(C=CC=C%10)C%10=C9)=C8)=CC%11=C7C=CC=C%11,O=C(C1=CC=CC=C1)/N=C/C2=CC=C(C(F)(F)F)C=C2,SC1=CC=CC=C1,1.370103771,5.732514178,2
566,145,O=P1(O)OC2=C(C3=CC(C(F)(F)F)=CC(C(F)(F)F)=C3)C=C4C(C=CC=C4)=C2C5=C(O1)C(C6=CC(C(F)(F)F)=CC(C(F)(F)F)=C6)=CC7=C5C=CC=C7,O=C(C1=CC=CC=C1)/N=C/C2=CC=C(C(F)(F)F)C=C2,SC1=CC=CC=C1C,1.268975128,5.309391936,6
567,910,O=P1(O)OC2=C([Si](C3=CC=CC=C3)(C)C4=CC=CC=C4)C=C5C(C=CC=C5)=C2C6=C(O1)C([Si](C7=CC=CC=C7)(C8=CC=CC=C8)C)=CC9=C6C=CC=C9,O=C(C1=CC=CC=C1)/N=C/C2=CC=CC3=C2C=CC=C3,SC1=CC=C(OC)C=C1,0.858676701,3.592703317,8
568,831,O=P1(O)OC2=C(Br)C=C3C(C=CC=C3)=C2C4=C(O1)C(Br)=CC5=CC=CC=C54,O=C(C1=CC=CC=C1)/N=C/C2=CC=CC=C2,SC1CCCCC1,0.392793996,1.643450079,9
569,883,O=P1(O)OC2=[C@]([C@]3=C(Cl)C=C(Cl)C=C3Cl)C=C4C(CCCC4)=[C@]2[C@]5=C(O1)C(C6=C(Cl)C=C(Cl)C=C6Cl)=CC7=C5CCCC7,O=C(C1=CC=CC=C1)/N=C/C2=CC=CC3=C2C=CC=C3,CCS,0.839627562,3.513001719,5
570,916,O=P1(O)OC2=C(CC)C=C3C(CCCC3)=C2C4=C(O1)C(CC)=CC5=C4CCCC5,O=C(C1=CC=CC=C1)/N=C/C2=CC=CC3=C2C=CC=C3,SC1=CC=C(OC)C=C1,0.340722979,1.425584944,6
571,1002,O=P1(O)OC2=C(C3=CC=C(C4=CC(C(F)(F)F)=CC(C(F)(F)F)=C4)C=C3)C=C5C(C=CC=C5)=C2C6=C(O1)C(C7=CC=C(C8=CC(C(F)(F)F)=CC(C(F)(F)F)=C8)C=C7)=CC9=C6C=CC=C9,O=C(C1=CC=CC=C1)/N=C/C2=CC=CC3=C2C=CC=C3,SC1=CC=CC=C1C,1.238109014,5.180248115,9
572,192,O=P1(O)OC2=C(C3=C(C(C)C)C=C(C4=CC=C(C(C)(C)C)C=C4)C=C3C(C)C)C=C5C(C=CC=C5)=[C@]2[C@]6=C(O1)C(C7=C(C(C)C)C=C(C8=CC=C(C(C)(C)C)C=C8)C=C7C(C)C)=CC9=C6C=CC=C9,O=C(C1=CC=CC=C1)/N=C/C2=CC=C(C(F)(F)F)C=C2,SC1CCCCC1,1.238109014,5.180248115,9
573,937,O=P1(O)OC2=C(C3=C(OCC)C=CC(C)=C3)C=C4C(C=CC=C4)=C2C5=C(O1)C(C6=CC(C)=CC=C6OCC)=CC7=C5C=CC=C7,O=C(C1=CC=CC=C1)/N=C/C2=CC=CC3=C2C=CC=C3,SC1=CC=C(OC)C=C1,1.301167112,5.444083197,6
574,325,O=P1(O)OC2=C(C3=C(F)C=C(OC)C=C3F)C=C4C(C=CC=C4)=[C@]2[C@]5=C(O1)C(C6=C(F)C=C(OC)C=C6F)=CC7=C5C=CC=C7,O=C(C1=CC=CC=C1)/N=C/C2=CC=C(Cl)C=C2Cl,SC1=CC=CC=C1,1.629422542,6.817503916,1
575,1008,O=P1(O)OC2=C(C3=CC=C(C(C)(C)C)C=C3)C=C4C(C=CC=C4)=C2C5=C(O1)C(C6=CC=C(C(C)(C)C)C=C6)=CC7=C5C=CC=C7,O=C(C1=CC=CC=C1)/N=C/C2=CC=CC3=C2C=CC=C3,SC1=CC=CC=C1C,1.238109014,5.180248115,1
576,46,O=P1(O)OC2=C(CC3=CC(C(F)(F)F)=CC(C(F)(F)F)=C3)C=C4C(CCCC4)=C2C5=C(O1)C(CC6=CC(C(F)(F)F)=CC(C(F)(F)F)=C6)=CC7=C5CCCC7,O=C(C1=CC=CC=C1)/N=C/C2=CC=C(C(F)(F)F)C=C2,SC1=CC=C(OC)C=C1,0.366586769,1.533799041,7
577,823,O=P1(O)OC2=C(CC3=CC=C(OC)C=C3)C=C4C(CCCC4)=C2C5=C(O1)C(CC6=CC=C(OC)C=C6)=CC7=C5CCCC7,O=C(C1=CC=CC=C1)/N=C/C2=CC=CC=C2,SC1CCCCC1,-0.142812956,-0.597529408,5
578,207,O=P1(O)OC2=C(C3=CC(C(F)(F)F)=CC(C(F)(F)F)=C3)C=C4C(CCCC4)=C2C5=C(O1)C(C6=CC(C(F)(F)F)=CC(C(F)(F)F)=C6)=CC7=C5CCCC7,O=C(C1=CC=CC=C1)/N=C/C2=CC=C(C(F)(F)F)C=C2,SC1CCCCC1,0.501758501,2.099357568,1
579,630,O=P1(O)OC2=C(C3=C(C=CC4=CC=CC(C=C5)=C46)C6=C5C=C3)C=C7C(C=CC=C7)=C2C8=C(O1)C(C9=CC=C(C=C%10)C%11=C9C=CC%12=CC=CC%10=C%11%12)=CC%13=C8C=CC=C%13,O=C(C1=CC=CC=C1)/N=C/C2=CC=C(OC)C=C2,SC1CCCCC1,0.749510758,3.135953011,1
580,14,O=P1(O)OC2=C([Si](C3=CC=CC=C3)(C4=CC=CC=C4)C5=CC=CC=C5)C=C6C(C=CC=C6)=C2C7=C(O1)C([Si](C8=CC=CC=C8)(C9=CC=CC=C9)C%10=CC=CC=C%10)=CC%11=C7C=CC=C%11,O=C(C1=CC=CC=C1)/N=C/C2=CC=C(C(F)(F)F)C=C2,CCS,0.0,0.0,5
581,641,O=P1(O)OC2=C(C3=C(C=CC=C4)C4=C(C5=CC(C=CC=C6)=C6C=C5)C7=C3C=CC=C7)C=C8C(C=CC=C8)=[C@]2[C@]9=C(O1)C(C%10=C(C=CC=C%11)C%11=C(C%12=CC=C(C=CC=C%13)C%13=C%12)C%14=C%10C=CC=C%14)=CC%15=C9C=CC=C%15,O=C(C1=CC=CC=C1)/N=C/C2=CC=C(OC)C=C2,SC1CCCCC1,1.301167112,5.444083197,2
582,660,O=P1(O)OC2=C(Br)C=C3C(CCCC3)=C2C4=C(O1)C(Br)=CC5=C4CCCC5,O=C(C1=CC=CC=C1)/N=C/C2=CC=CC=C2,CCS,0.366586769,1.533799041,3
583,390,O=P1(O)OC2=C(C3=CC=C(S(F)(F)(F)(F)F)C=C3)C=C4C(C=CC=C4)=C2C5=C(O1)C(C6=CC=C(S(F)(F)(F)(F)F)C=C6)=CC7=C5C=CC=C7,O=C(C1=CC=CC=C1)/N=C/C2=CC=C(Cl)C=C2Cl,SC1CCCCC1,0.501758501,2.099357568,4
584,360,O=P1(O)OC2=C(C3=CC(COC)=CC=C3)C=C4C(CCCC4)=C2C5=C(O1)C(C6=CC=CC(COC)=C6)=CC7=C5CCCC7,O=C(C1=CC=CC=C1)/N=C/C2=CC=C(Cl)C=C2Cl,SC1=CC=CC=C1C,1.238109014,5.180248115,8
585,334,O=P1(O)OC2=C(C3=C(OCC)C=CC(C)=C3)C=C4C(C=CC=C4)=C2C5=C(O1)C(C6=CC(C)=CC=C6OCC)=CC7=C5C=CC=C7,O=C(C1=CC=CC=C1)/N=C/C2=CC=C(Cl)C=C2Cl,SC1=CC=CC=C1,1.629422542,6.817503916,7
586,526,O=P1(O)OC2=C([Si](C3=CC=CC=C3)(C4=CC=CC=C4)C5=CC=CC=C5)C=C6C(C=CC=C6)=C2C7=C(O1)C([Si](C8=CC=CC=C8)(C9=CC=CC=C9)C%10=CC=CC=C%10)=CC%11=C7C=CC=C%11,O=C(C1=CC=CC=C1)/N=C/C2=CC=C(OC)C=C2,SC1=CC=CC=C1,0.240111033,1.004624562,7
587,793,O=P1(O)OC2=C(C3=CC(C4=CC(C=CC=C5)=C5C=C4)=CC=C3)C=C6C(C=CC=C6)=C2C7=C(O1)C(C8=CC=CC(C9=CC=C(C=CC=C%10)C%10=C9)=C8)=CC%11=C7C=CC=C%11,O=C(C1=CC=CC=C1)/N=C/C2=CC=CC=C2,SC1=CC=CC=C1C,1.074990526,4.497760361,4
588,4,O=P1(O)OC2=C(C3=CC=C(S(F)(F)(F)(F)F)C=C3)C=C4C(C=CC=C4)=C2C5=C(O1)C(C6=CC=C(S(F)(F)(F)(F)F)C=C6)=CC7=C5C=CC=C7,O=C(C1=CC=CC=C1)/N=C/C2=CC=C(C(F)(F)F)C=C2,CCS,0.5302345,2.218501148,6
589,166,O=P1(O)OC2=C(C3=C(C=CC4=CC=CC(C=C5)=C46)C6=C5C=C3)C=C7C(C=CC=C7)=C2C8=C(O1)C(C9=CC=C(C=C%10)C%11=C9C=CC%12=CC=CC%10=C%11%12)=CC%13=C8C=CC=C%13,O=C(C1=CC=CC=C1)/N=C/C2=CC=C(C(F)(F)F)C=C2,SC1=CC=CC=C1C,2.721168735,11.38536999,9
590,380,O=P1(O)OC2=C(C3=CC(COC)=CC=C3)C=C4C(C=CC=C4)=C2C5=C(O1)C(C6=CC=CC(COC)=C6)=CC7=C5C=CC=C7,O=C(C1=CC=CC=C1)/N=C/C2=CC=C(Cl)C=C2Cl,SC1=CC=CC=C1C,1.370103771,5.732514178,5
591,631,O=P1(O)OC2=C(C3=C(C4=CC(C=CC=C5)=C5C=C4)C=CC=C3)C=C6C(CCCC6)=C2C7=C(O1)C(C8=CC=CC=C8C9=CC=C(C=CC=C%10)C%10=C9)=CC%11=C7CCCC%11,O=C(C1=CC=CC=C1)/N=C/C2=CC=C(OC)C=C2,SC1CCCCC1,0.820945045,3.434834068,1
592,820,O=P1(O)OC2=C(C3=CC(C)=C(OC(C)C)C(C)=C3)C=C4C(C=CC=C4)=C2C5=C(O1)C(C6=CC(C)=C(OC(C)C)C(C)=C6)=CC7=C5C=CC=C7,O=C(C1=CC=CC=C1)/N=C/C2=CC=CC=C2,SC1CCCCC1,0.682601444,2.856004442,1
593,1038,O=P1(O)OC2=C(CC3=CC=C(OC)C=C3)C=C4C(CCCC4)=C2C5=C(O1)C(CC6=CC=C(OC)C=C6)=CC7=C5CCCC7,O=C(C1=CC=CC=C1)/N=C/C2=CC=CC3=C2C=CC=C3,SC1CCCCC1,0.023690626,0.099121579,4
594,30,O=P1(O)OC2=C(C3=C(C4=CC(C=CC=C5)=C5C=C4)C=CC=C3)C=C6C(CCCC6)=C2C7=C(O1)C(C8=CC=CC=C8C9=CC=C(C=CC=C%10)C%10=C9)=CC%11=C7CCCC%11,O=C(C1=CC=CC=C1)/N=C/C2=CC=C(C(F)(F)F)C=C2,CCS,0.749510758,3.135953011,3
595,400,O=P1(O)OC2=C(Br)C=C3C(C=CC=C3)=C2C4=C(O1)C(Br)=CC5=CC=CC=C54,O=C(C1=CC=CC=C1)/N=C/C2=CC=C(Cl)C=C2Cl,SC1CCCCC1,0.0,0.0,6
596,573,O=P1(O)OC2=C([Si](C3=CC=C(C(C)(C)C)C=C3)(C4=CC=C(C(C)(C)C)C=C4)C5=CC=C(C(C)(C)C)C=C5)C=C6C(CCCC6)=C2C7=C(O1)C([Si](C8=CC=C(C(C)(C)C)C=C8)(C9=CC=C(C(C)(C)C)C=C9)C%10=CC=C(C(C)(C)C)C=C%10)=CC%11=C7CCCC%11,O=C(C1=CC=CC=C1)/N=C/C2=CC=C(OC)C=C2,SC1=CC=CC=C1C,0.047400225,0.198322541,7
597,978,O=P1(O)OC2=C(C3=C(C=CC=C4)C4=C(C5=CC(C=CC=C6)=C6C=C5)C7=C3C=CC=C7)C=C8C(C=CC=C8)=[C@]2[C@]9=C(O1)C(C%10=C(C=CC=C%11)C%11=C(C%12=CC=C(C=CC=C%13)C%13=C%12)C%14=C%10C=CC=C%14)=CC%15=C9C=CC=C%15,O=C(C1=CC=CC=C1)/N=C/C2=CC=CC3=C2C=CC=C3,SC1=CC=CC=C1,3.134624572,13.11526921,7
598,87,O=P1(O)OC2=C(C3=CC=C(S(F)(F)(F)(F)F)C=C3)C=C4C(C=CC=C4)=C2C5=C(O1)C(C6=CC=C(S(F)(F)(F)(F)F)C=C6)=CC7=C5C=CC=C7,O=C(C1=CC=CC=C1)/N=C/C2=CC=C(C(F)(F)F)C=C2,SC1=CC=CC=C1,1.125722444,4.710022706,3
599,735,O=P1(O)OC2=C(CC3=CC(C(F)(F)F)=CC(C(F)(F)F)=C3)C=C4C(CCCC4)=C2C5=C(O1)C(CC6=CC(C(F)(F)F)=CC(C(F)(F)F)=C6)=CC7=C5CCCC7,O=C(C1=CC=CC=C1)/N=C/C2=CC=CC=C2,SC1=CC=CC=C1,0.559297578,2.340101066,0
