index,Catalyst,Imine,Thiol,ddG/kcal/mol,ddG
913,O=P1(O)OC2=C([Si](C3=CC=CC=C3)(C4=CC=CC=C4)C5=CC=CC=C5)C=C6C(C=CC=C6)=C2C7=C(O1)C([Si](C8=CC=CC=C8)(C9=CC=CC=C9)C%10=CC=CC=C%10)=CC%11=C7C=CC=C%11,O=C(C1=CC=CC=C1)/N=C/C2=CC=CC3=C2C=CC=C3,SC1=CC=C(OC)C=C1,0.166908496,0.698345147
463,O=P1(O)OC2=C(C3=C(C=CC4=CC=CC(C=C5)=C46)C6=C5C=C3)C=C7C(C=CC=C7)=C2C8=C(O1)C(C9=CC=C(C=C%10)C%11=C9C=CC%12=CC=CC%10=C%11%12)=CC%13=C8C=CC=C%13,O=C(C1=CC=CC=C1)/N=C/C2=CC=C(OC)C=C2,CCS,0.166908496,0.698345147
829,O=P1(O)OC2=C(C3=CC(C(C)(C)C)=CC(C(C)(C)C)=C3)C=C4C(CCCC4)=C2C5=C(O1)C(C6=CC(C(C)(C)C)=CC(C(C)(C)C)=C6)=CC7=C5CCCC7,O=C(C1=CC=CC=C1)/N=C/C2=CC=CC=C2,SC1CCCCC1,0.559297578,2.340101066
762,O=P1(O)OC2=C(C3=CC(C4=C(C)C=C(C)C=C4C)=CC(C5=C(C)C=C(C)C=C5C)=C3)C=C6C(CCCC6)=C2C7=C(O1)C(C8=CC(C9=C(C)C=C(C)C=C9C)=CC(C%10=C(C)C=C(C)C=C%10C)=C8)=CC%11=C7CCCC%11,O=C(C1=CC=CC=C1)/N=C/C2=CC=CC=C2,SC1=CC=CC=C1,1.629422542,6.817503916
669,O=P1(O)OC2=C(C3=CC=C(OC)C=C3)C=C4C(C=CC=C4)=C2C5=C(O1)C(C6=CC=C(OC)C=C6)=CC7=C5C=CC=C7,O=C(C1=CC=CC=C1)/N=C/C2=CC=CC=C2,CCS,0.650583556,2.722041598
106,O=P1(O)OC2=C(C3=C(C(C)C)C=C(C(C)C)C=C3C(C)C)C=C4C(C=CC=C4)=C2C5=C(O1)[C@@]([C@@]6=C(C(C)C)C=C(C(C)C)C=C6C(C)C)=CC7=C5C=CC=C7,O=C(C1=CC=CC=C1)/N=C/C2=CC=C(C(F)(F)F)C=C2,SC1=CC=CC=C1,2.058499317,8.612761142
545,O=P1(O)OC2=C(C3=CC(C(C)(C)C)=CC(C(C)(C)C)=C3)C=C4C(C=CC=C4)=C2C5=C(O1)C(C6=CC(C(C)(C)C)=CC(C(C)(C)C)=C6)=CC7=C5C=CC=C7,O=C(C1=CC=CC=C1)/N=C/C2=CC=C(OC)C=C2,SC1=CC=CC=C1,1.370103771,5.732514178
74,O=P1(O)OC2=[C@]([C@]3=C(Cl)C=C(Cl)C=C3Cl)C=C4C(CCCC4)=[C@]2[C@]5=C(O1)C(C6=C(Cl)C=C(Cl)C=C6Cl)=CC7=C5CCCC7,O=C(C1=CC=CC=C1)/N=C/C2=CC=C(C(F)(F)F)C=C2,SC1=CC=C(OC)C=C1,2.478059282,10.36820004
596,O=P1(O)OC2=C(C3=C(C=CC=C4)C4=CC5=C3C=CC=C5)C=C6C(C=CC=C6)=C2C7=C(O1)[C@@]([C@@]8=C(C=CC=C9)C9=CC%10=C8C=CC=C%10)=CC%11=C7C=CC=C%11,O=C(C1=CC=CC=C1)/N=C/C2=CC=C(OC)C=C2,SC1=CC=CC=C1C,1.882001124,7.874292703
814,O=P1(O)OC2=C(C3=C(OC)C=CC=C3OC)C=C4C(C=CC=C4)=C2C5=C(O1)[C@@]([C@@]6=C(OC)C=CC=C6OC)=CC7=C5C=CC=C7,O=C(C1=CC=CC=C1)/N=C/C2=CC=CC=C2,SC1=CC=CC=C1C,1.809159214,7.569522151
958,O=P1(O)OC2=C(CC)C=C3C(CCCC3)=C2C4=C(O1)C(CC)=CC5=C4CCCC5,O=C(C1=CC=CC=C1)/N=C/C2=CC=CC3=C2C=CC=C3,SC1=CC=CC=C1,0.682601444,2.856004442
874,O=P1(O)OC2=C(Br)C=C3C(C=CC=C3)=C2C4=C(O1)C(Br)=CC5=CC=CC=C54,O=C(C1=CC=CC=C1)/N=C/C2=CC=CC3=C2C=CC=C3,CCS,-0.240111033,-1.004624562
353,O=P1(O)OC2=C(Br)C=C3C(CCCC3)=C2C4=C(O1)C(Br)=CC5=C4CCCC5,O=C(C1=CC=CC=C1)/N=C/C2=CC=C(Cl)C=C2Cl,SC1=CC=CC=C1C,0.240111033,1.004624562
279,O=P1(O)OC2=C(C3=CC=C(C(C)(C)C)C=C3)C=C4C(C=CC=C4)=C2C5=C(O1)C(C6=CC=C(C(C)(C)C)C=C6)=CC7=C5C=CC=C7,O=C(C1=CC=CC=C1)/N=C/C2=CC=C(Cl)C=C2Cl,SC1=CC=C(OC)C=C1,1.238109014,5.180248115
677,O=P1(O)OC2=C(C3=C(C=CC4=CC=CC(C=C5)=C46)C6=C5C=C3)C=C7C(C=CC=C7)=C2C8=C(O1)C(C9=CC=C(C=C%10)C%11=C9C=CC%12=CC=CC%10=C%11%12)=CC%13=C8C=CC=C%13,O=C(C1=CC=CC=C1)/N=C/C2=CC=CC=C2,CCS,0.559297578,2.340101066
420,O=P1(O)OC2=C(C3=CC(C4=CC(C=CC=C5)=C5C=C4)=CC=C3)C=C6C(C=CC=C6)=C2C7=C(O1)C(C8=CC=CC(C9=CC=C(C=CC=C%10)C%10=C9)=C8)=CC%11=C7C=CC=C%11,O=C(C1=CC=CC=C1)/N=C/C2=CC=C(Cl)C=C2Cl,SC1CCCCC1,0.589002233,2.464385343
627,O=P1(O)OC2=C(C3=C(OC(F)(F)F)C=CC=C3)C=C4C(C=CC=C4)=C2C5=C(O1)C(C6=CC=CC=C6OC(F)(F)F)=CC7=C5C=CC=C7,O=C(C1=CC=CC=C1)/N=C/C2=CC=C(OC)C=C2,SC1CCCCC1,0.784603173,3.282779676
107,O=P1(O)OC2=C(C3=CC(C)=C(OC(C)C)C(C)=C3)C=C4C(C=CC=C4)=C2C5=C(O1)C(C6=CC(C)=C(OC(C)C)C(C)=C6)=CC7=C5C=CC=C7,O=C(C1=CC=CC=C1)/N=C/C2=CC=C(C(F)(F)F)C=C2,SC1=CC=CC=C1,1.370103771,5.732514178
548,O=P1(O)OC2=C(C3=CC(C4=C(C)C=C(C)C=C4C)=CC(C5=C(C)C=C(C)C=C5C)=C3)C=C6C(CCCC6)=C2C7=C(O1)C(C8=CC(C9=C(C)C=C(C)C=C9C)=CC(C%10=C(C)C=C(C)C=C%10C)=C8)=CC%11=C7CCCC%11,O=C(C1=CC=CC=C1)/N=C/C2=CC=C(OC)C=C2,SC1=CC=CC=C1,1.531802956,6.409063568
959,O=P1(O)OC2=C(C3=CC=C(OC)C=C3)C=C4C(C=CC=C4)=C2C5=C(O1)C(C6=CC=C(OC)C=C6)=CC7=C5C=CC=C7,O=C(C1=CC=CC=C1)/N=C/C2=CC=CC3=C2C=CC=C3,SC1=CC=CC=C1,1.238109014,5.180248115
204,O=P1(O)OC2=C(C3=CC=C(C4=CC=C(C=CC=C5)C5=C4)C=C3)C=C6C(C=CC=C6)=C2C7=C(O1)C(C8=CC=C(C9=CC(C=CC=C%10)=C%10C=C9)C=C8)=CC%11=C7C=CC=C%11,O=C(C1=CC=CC=C1)/N=C/C2=CC=C(C(F)(F)F)C=C2,SC1CCCCC1,0.715545793,2.993843598
338,O=P1(O)OC2=C(C3=C(C=CC4=CC=CC(C=C5)=C46)C6=C5C=C3)C=C7C(C=CC=C7)=C2C8=C(O1)C(C9=CC=C(C=C%10)C%11=C9C=CC%12=CC=CC%10=C%11%12)=CC%13=C8C=CC=C%13,O=C(C1=CC=CC=C1)/N=C/C2=CC=C(Cl)C=C2Cl,SC1=CC=CC=C1,1.743657522,7.295463072
479,O=P1(O)OC2=C([Si](C3=CC=CC=C3)(C)C4=CC=CC=C4)C=C5C(C=CC=C5)=C2C6=C(O1)C([Si](C7=CC=CC=C7)(C8=CC=CC=C8)C)=CC9=C6C=CC=C9,O=C(C1=CC=CC=C1)/N=C/C2=CC=C(OC)C=C2,SC1=CC=C(OC)C=C1,0.820945045,3.434834068
369,O=P1(O)OC2=C(C3=C(C(C)C)C=C(C(C)C)C=C3C(C)C)C=C4C(C=CC=C4)=C2C5=C(O1)[C@@]([C@@]6=C(C(C)C)C=C(C(C)C)C=C6C(C)C)=CC7=C5C=CC=C7,O=C(C1=CC=CC=C1)/N=C/C2=CC=C(Cl)C=C2Cl,SC1=CC=CC=C1C,2.304684113,9.642798329
674,O=P1(O)OC2=C(C3=C(OC(F)(F)F)C=CC=C3)C=C4C(C=CC=C4)=C2C5=C(O1)C(C6=CC=CC=C6OC(F)(F)F)=CC7=C5C=CC=C7,O=C(C1=CC=CC=C1)/N=C/C2=CC=CC=C2,CCS,0.5302345,2.218501148
217,O=P1(O)OC2=C(C3=C(C)C=C(C)C=C3C)C=C4C(C=CC=C4)=C2C5=C(O1)[C@@]([C@@]6=C(C)C=C(C)C=C6C)=CC7=C5C=CC=C7,O=C(C1=CC=CC=C1)/N=C/C2=CC=C(Cl)C=C2Cl,CCS,1.027207628,4.297836716
23,O=P1(O)OC2=C(C3=CC(COC)=CC=C3)C=C4C(C=CC=C4)=C2C5=C(O1)C(C6=CC=CC(COC)=C6)=CC7=C5C=CC=C7,O=C(C1=CC=CC=C1)/N=C/C2=CC=C(C(F)(F)F)C=C2,CCS,0.559297578,2.340101066
255,O=P1(O)OC2=C(C3=CC(C(F)(F)F)=CC(C(F)(F)F)=C3)C=C4C(C=CC=C4)=C2C5=C(O1)C(C6=CC(C(F)(F)F)=CC(C(F)(F)F)=C6)=CC7=C5C=CC=C7,O=C(C1=CC=CC=C1)/N=C/C2=CC=C(Cl)C=C2Cl,CCS,0.252474461,1.056353145
642,O=P1(O)OC2=[C@]([C@]3=C(Cl)C=C(Cl)C=C3Cl)C=C4C(CCCC4)=[C@]2[C@]5=C(O1)C(C6=C(Cl)C=C(Cl)C=C6Cl)=CC7=C5CCCC7,O=C(C1=CC=CC=C1)/N=C/C2=CC=C(OC)C=C2,SC1CCCCC1,1.370103771,5.732514178
932,O=P1(O)OC2=C(C3=CC=C(C4=CC(C(F)(F)F)=CC(C(F)(F)F)=C4)C=C3)C=C5C(C=CC=C5)=C2C6=C(O1)C(C7=CC=C(C8=CC(C(F)(F)F)=CC(C(F)(F)F)=C8)C=C7)=CC9=C6C=CC=C9,O=C(C1=CC=CC=C1)/N=C/C2=CC=CC3=C2C=CC=C3,SC1=CC=C(OC)C=C1,1.370103771,5.732514178
890,O=P1(O)OC2=C(C3=CC=C(C(C)(C)C)C=C3)C=C4C(C=CC=C4)=C2C5=C(O1)C(C6=CC=C(C(C)(C)C)C=C6)=CC7=C5C=CC=C7,O=C(C1=CC=CC=C1)/N=C/C2=CC=CC3=C2C=CC=C3,CCS,0.406036647,1.698857331
329,O=P1(O)OC2=C(C3=CC(C(C)(C)C)=CC(C(C)(C)C)=C3)C=C4C(CCCC4)=C2C5=C(O1)C(C6=CC(C(C)(C)C)=CC(C(C)(C)C)=C6)=CC7=C5CCCC7,O=C(C1=CC=CC=C1)/N=C/C2=CC=C(Cl)C=C2Cl,SC1=CC=CC=C1,1.301167112,5.444083197
729,O=P1(O)OC2=C(C3=C(OC)C=CC=C3OC)C=C4C(C=CC=C4)=C2C5=C(O1)[C@@]([C@@]6=C(OC)C=CC=C6OC)=CC7=C5C=CC=C7,O=C(C1=CC=CC=C1)/N=C/C2=CC=CC=C2,SC1=CC=C(OC)C=C1,1.882001124,7.874292703
947,O=P1(O)OC2=C(C3=CC=C(S(F)(F)(F)(F)F)C=C3)C=C4C(C=CC=C4)=C2C5=C(O1)C(C6=CC=C(S(F)(F)(F)(F)F)C=C6)=CC7=C5C=CC=C7,O=C(C1=CC=CC=C1)/N=C/C2=CC=CC3=C2C=CC=C3,SC1=CC=CC=C1,1.17989059,4.936662229
45,O=P1(O)OC2=C(CC3=CC=C(OC)C=C3)C=C4C(CCCC4)=C2C5=C(O1)C(CC6=CC=C(OC)C=C6)=CC7=C5CCCC7,O=C(C1=CC=CC=C1)/N=C/C2=CC=C(C(F)(F)F)C=C2,SC1=CC=C(OC)C=C1,0.264892334,1.108309525
840,O=P1(O)OC2=[C@]([C@]3=C(Cl)C=C(Cl)C=C3Cl)C=C4C(CCCC4)=[C@]2[C@]5=C(O1)C(C6=C(Cl)C=C(Cl)C=C6Cl)=CC7=C5CCCC7,O=C(C1=CC=CC=C1)/N=C/C2=CC=CC=C2,SC1CCCCC1,1.099959936,4.602232372
418,O=P1(O)OC2=C(C3=C(C=CC4=CC=CC(C=C5)=C46)C6=C5C=C3)C=C7C(C=CC=C7)=C2C8=C(O1)C(C9=CC=C(C=C%10)C%11=C9C=CC%12=CC=CC%10=C%11%12)=CC%13=C8C=CC=C%13,O=C(C1=CC=CC=C1)/N=C/C2=CC=C(Cl)C=C2Cl,SC1CCCCC1,0.820945045,3.434834068
552,O=P1(O)OC2=C(C3=CC=C(OC)C=C3)C=C4C(C=CC=C4)=C2C5=C(O1)C(C6=CC=C(OC)C=C6)=CC7=C5C=CC=C7,O=C(C1=CC=CC=C1)/N=C/C2=CC=C(OC)C=C2,SC1=CC=CC=C1,1.301167112,5.444083197
518,O=P1(O)OC2=C(C3=CC=C(S(F)(F)(F)(F)F)C=C3)C=C4C(C=CC=C4)=C2C5=C(O1)C(C6=CC=C(S(F)(F)(F)(F)F)C=C6)=CC7=C5C=CC=C7,O=C(C1=CC=CC=C1)/N=C/C2=CC=C(OC)C=C2,SC1=CC=CC=C1,1.238109014,5.180248115
33,O=P1(O)OC2=C(C3=CC=C(C4CCCCC4)C=C3)C=C5C(CCCC5)=C2C6=C(O1)C(C7=CC=C(C8CCCCC8)C=C7)=CC9=C6CCCC9,O=C(C1=CC=CC=C1)/N=C/C2=CC=C(C(F)(F)F)C=C2,CCS,0.5302345,2.218501148
976,O=P1(O)OC2=C(C3=CC(C4=C(C)C=C(C)C=C4C)=CC(C5=C(C)C=C(C)C=C5C)=C3)C=C6C(CCCC6)=C2C7=C(O1)C(C8=CC(C9=C(C)C=C(C)C=C9C)=CC(C%10=C(C)C=C(C)C=C%10C)=C8)=CC%11=C7CCCC%11,O=C(C1=CC=CC=C1)/N=C/C2=CC=CC3=C2C=CC=C3,SC1=CC=CC=C1,1.629422542,6.817503916
311,O=P1(O)OC2=C(C3=CC(C4=CC=C(OC)C=C4)=CC(C5=CC=C(OC)C=C5)=C3)C=C6C(C=CC=C6)=C2C7=C(O1)C(C8=CC(C9=CC=C(OC)C=C9)=CC(C%10=CC=C(OC)C=C%10)=C8)=CC%11=C7C=CC=C%11,O=C(C1=CC=CC=C1)/N=C/C2=CC=C(Cl)C=C2Cl,SC1=CC=CC=C1,1.238109014,5.180248115
189,O=P1(O)OC2=C([Si](C3=CC=C(C(C)(C)C)C=C3)(C4=CC=C(C(C)(C)C)C=C4)C5=CC=C(C(C)(C)C)C=C5)C=C6C(CCCC6)=C2C7=C(O1)C([Si](C8=CC=C(C(C)(C)C)C=C8)(C9=CC=C(C(C)(C)C)C=C9)C%10=CC=C(C(C)(C)C)C=C%10)=CC%11=C7CCCC%11,O=C(C1=CC=CC=C1)/N=C/C2=CC=C(C(F)(F)F)C=C2,SC1CCCCC1,0.047400225,0.198322541
2,O=P1(O)OC2=C(C3=C(C)C=C(C)C=C3C)C=C4C(C=CC=C4)=C2C5=C(O1)[C@@]([C@@]6=C(C)C=C(C)C=C6C)=CC7=C5C=CC=C7,O=C(C1=CC=CC=C1)/N=C/C2=CC=C(C(F)(F)F)C=C2,CCS,1.17989059,4.936662229
531,O=P1(O)OC2=C(C3=CC=C(C)C=C3)C=C4C(C=CC=C4)=C2C5=C(O1)C(C6=CC=C(C)C=C6)=CC7=C5C=CC=C7,O=C(C1=CC=CC=C1)/N=C/C2=CC=C(OC)C=C2,SC1=CC=CC=C1,1.125722444,4.710022706
339,O=P1(O)OC2=C(C3=C(C4=CC(C=CC=C5)=C5C=C4)C=CC=C3)C=C6C(CCCC6)=C2C7=C(O1)C(C8=CC=CC=C8C9=CC=C(C=CC=C%10)C%10=C9)=CC%11=C7CCCC%11,O=C(C1=CC=CC=C1)/N=C/C2=CC=C(Cl)C=C2Cl,SC1=CC=CC=C1,1.446325365,6.051425327
423,O=P1(O)OC2=C(C3=CC(C(F)(F)F)=CC(C(F)(F)F)=C3)C=C4C(C=CC=C4)=C2C5=C(O1)C(C6=CC(C(F)(F)F)=CC(C(F)(F)F)=C6)=CC7=C5C=CC=C7,O=C(C1=CC=CC=C1)/N=C/C2=CC=C(Cl)C=C2Cl,SC1CCCCC1,0.515926322,2.158635731
157,O=P1(O)OC2=C(C3=CC(C4=C(C)C=C(C)C=C4C)=CC(C5=C(C)C=C(C)C=C5C)=C3)C=C6C(CCCC6)=C2C7=C(O1)C(C8=CC(C9=C(C)C=C(C)C=C9C)=CC(C%10=C(C)C=C(C)C=C%10C)=C8)=CC%11=C7CCCC%11,O=C(C1=CC=CC=C1)/N=C/C2=CC=C(C(F)(F)F)C=C2,SC1=CC=CC=C1C,1.629422542,6.817503916
340,O=P1(O)OC2=C(C3=CC=C(C4=CC=C(C=CC=C5)C5=C4)C=C3)C=C6C(C=CC=C6)=C2C7=C(O1)C(C8=CC=C(C9=CC(C=CC=C%10)=C%10C=C9)C=C8)=CC%11=C7C=CC=C%11,O=C(C1=CC=CC=C1)/N=C/C2=CC=C(Cl)C=C2Cl,SC1=CC=CC=C1,1.301167112,5.444083197
525,O=P1(O)OC2=C(Br)C=C3C(CCCC3)=C2C4=C(O1)C(Br)=CC5=C4CCCC5,O=C(C1=CC=CC=C1)/N=C/C2=CC=C(OC)C=C2,SC1=CC=CC=C1,0.166908496,0.698345147
952,O=P1(O)OC2=C([Si](C3=CC=CC=C3)(C)C4=CC=CC=C4)C=C5C(C=CC=C5)=C2C6=C(O1)C([Si](C7=CC=CC=C7)(C8=CC=CC=C8)C)=CC9=C6C=CC=C9,O=C(C1=CC=CC=C1)/N=C/C2=CC=CC3=C2C=CC=C3,SC1=CC=CC=C1,0.650583556,2.722041598
607,O=P1(O)OC2=C(CC3=CC=C(OC)C=C3)C=C4C(CCCC4)=C2C5=C(O1)C(CC6=CC=C(OC)C=C6)=CC7=C5CCCC7,O=C(C1=CC=CC=C1)/N=C/C2=CC=C(OC)C=C2,SC1CCCCC1,0.749510758,3.135953011
289,O=P1(O)OC2=C(C3=C(C4CCCCC4)C=C(C5CCCCC5)C=C3C6CCCCC6)C=C7C(C=CC=C7)=C2C8=C(O1)[C@@]([C@@]9=C(C%10CCCCC%10)C=C(C%11CCCCC%11)C=C9C%12CCCCC%12)=CC%13=C8C=CC=C%13,O=C(C1=CC=CC=C1)/N=C/C2=CC=C(Cl)C=C2Cl,SC1=CC=C(OC)C=C1,3.134624572,13.11526921
309,O=P1(O)OC2=C([Si](C3=CC=CC=C3)(C)C4=CC=CC=C4)C=C5C(C=CC=C5)=C2C6=C(O1)C([Si](C7=CC=CC=C7)(C8=CC=CC=C8)C)=CC9=C6C=CC=C9,O=C(C1=CC=CC=C1)/N=C/C2=CC=C(Cl)C=C2Cl,SC1=CC=CC=C1,1.027207628,4.297836716
275,O=P1(O)OC2=C(C3=C(OCC)C=CC(C)=C3)C=C4C(C=CC=C4)=C2C5=C(O1)C(C6=CC(C)=CC=C6OCC)=CC7=C5C=CC=C7,O=C(C1=CC=CC=C1)/N=C/C2=CC=C(Cl)C=C2Cl,SC1=CC=C(OC)C=C1,1.125722444,4.710022706
689,O=P1(O)OC2=C(C3=CC=C(S(F)(F)(F)(F)F)C=C3)C=C4C(C=CC=C4)=C2C5=C(O1)C(C6=CC=C(S(F)(F)(F)(F)F)C=C6)=CC7=C5C=CC=C7,O=C(C1=CC=CC=C1)/N=C/C2=CC=CC=C2,SC1=CC=C(OC)C=C1,1.17989059,4.936662229
1057,O=P1(O)OC2=C(C3=C(OCC)C=CC(C)=C3)C=C4C(C=CC=C4)=C2C5=C(O1)C(C6=CC(C)=CC=C6OCC)=CC7=C5C=CC=C7,O=C(C1=CC=CC=C1)/N=C/C2=CC=CC3=C2C=CC=C3,SC1CCCCC1,0.981980567,4.108606692
939,O=P1(O)OC2=C(C3=CC(COC)=CC=C3)C=C4C(CCCC4)=C2C5=C(O1)C(C6=CC=CC(COC)=C6)=CC7=C5CCCC7,O=C(C1=CC=CC=C1)/N=C/C2=CC=CC3=C2C=CC=C3,SC1=CC=C(OC)C=C1,1.301167112,5.444083197
835,O=P1(O)OC2=C([Si](C3=CC=C(C(C)(C)C)C=C3)(C4=CC=C(C(C)(C)C)C=C4)C5=CC=C(C(C)(C)C)C=C5)C=C6C(CCCC6)=C2C7=C(O1)C([Si](C8=CC=C(C(C)(C)C)C=C8)(C9=CC=C(C(C)(C)C)C=C9)C%10=CC=C(C(C)(C)C)C=C%10)=CC%11=C7CCCC%11,O=C(C1=CC=CC=C1)/N=C/C2=CC=CC=C2,SC1CCCCC1,0.023690626,0.099121579
583,O=P1(O)OC2=C(C3=C(C)C=C(C)C=C3C)C=C4C(C=CC=C4)=C2C5=C(O1)[C@@]([C@@]6=C(C)C=C(C)C=C6C)=CC7=C5C=CC=C7,O=C(C1=CC=CC=C1)/N=C/C2=CC=C(OC)C=C2,SC1=CC=CC=C1C,1.301167112,5.444083197
438,O=P1(O)OC2=C(CC3=C(C=CC=C4)C4=CC5=C3C=CC=C5)C=C6C(C=CC=C6)=C2C7=C(O1)C(CC8=C(C=CC=C9)C9=CC%10=C8C=CC=C%10)=CC%11=C7C=CC=C%11,O=C(C1=CC=CC=C1)/N=C/C2=CC=C(OC)C=C2,CCS,0.289903935,1.212958064
643,O=P1(O)OC2=C(C3=C(OCC)C=CC(C)=C3)C=C4C(C=CC=C4)=C2C5=C(O1)C(C6=CC(C)=CC=C6OCC)=CC7=C5C=CC=C7,O=C(C1=CC=CC=C1)/N=C/C2=CC=C(OC)C=C2,SC1CCCCC1,1.743657522,7.295463072
434,O=P1(O)OC2=C(C3=CC=C(S(F)(F)(F)(F)F)C=C3)C=C4C(C=CC=C4)=C2C5=C(O1)C(C6=CC=C(S(F)(F)(F)(F)F)C=C6)=CC7=C5C=CC=C7,O=C(C1=CC=CC=C1)/N=C/C2=CC=C(OC)C=C2,CCS,0.446373616,1.867627209
1056,O=P1(O)OC2=C(C3=CC=C(OC)C=C3)C=C4C(C=CC=C4)=C2C5=C(O1)C(C6=CC=C(OC)C=C6)=CC7=C5C=CC=C7,O=C(C1=CC=CC=C1)/N=C/C2=CC=CC3=C2C=CC=C3,SC1CCCCC1,0.501758501,2.099357568
1042,O=P1(O)OC2=C([Si](C3=CC=CC=C3)(C)C4=CC=CC=C4)C=C5C(C=CC=C5)=C2C6=C(O1)C([Si](C7=CC=CC=C7)(C8=CC=CC=C8)C)=CC9=C6C=CC=C9,O=C(C1=CC=CC=C1)/N=C/C2=CC=CC3=C2C=CC=C3,SC1CCCCC1,0.240111033,1.004624562
968,O=P1(O)OC2=C(C3=C(C(C)C)C=C(C(C)C)C=C3C(C)C)C=C4C(C=CC=C4)=C2C5=C(O1)[C@@]([C@@]6=C(C(C)C)C=C(C(C)C)C=C6C(C)C)=CC7=C5C=CC=C7,O=C(C1=CC=CC=C1)/N=C/C2=CC=CC3=C2C=CC=C3,SC1=CC=CC=C1,2.721168735,11.38536999
860,O=P1(O)OC2=C(C3=CC=CC=C3)C=C4C(C=CC=C4)=C2C5=C(O1)C(C6=CC=CC=C6)=CC7=C5C=CC=C7,O=C(C1=CC=CC=C1)/N=C/C2=CC=CC3=C2C=CC=C3,CCS,0.240111033,1.004624562
774,O=P1(O)OC2=C(C3=CC(C)=C(OC(C)C)C(C)=C3)C=C4C(C=CC=C4)=C2C5=C(O1)C(C6=CC(C)=C(OC(C)C)C(C)=C6)=CC7=C5C=CC=C7,O=C(C1=CC=CC=C1)/N=C/C2=CC=CC=C2,SC1=CC=CC=C1C,1.125722444,4.710022706
558,O=P1(O)OC2=C(C3=C(OC)C=CC=C3OC)C=C4C(C=CC=C4)=C2C5=C(O1)[C@@]([C@@]6=C(OC)C=CC=C6OC)=CC7=C5C=CC=C7,O=C(C1=CC=CC=C1)/N=C/C2=CC=C(OC)C=C2,SC1=CC=CC=C1,1.531802956,6.409063568
1023,O=P1(O)OC2=C(C3=C(C(C)C)C=C(C4=CC=C(C(C)(C)C)C=C4)C=C3C(C)C)C=C5C(C=CC=C5)=[C@]2[C@]6=C(O1)C(C7=C(C(C)C)C=C(C8=CC=C(C(C)(C)C)C=C8)C=C7C(C)C)=CC9=C6C=CC=C9,O=C(C1=CC=CC=C1)/N=C/C2=CC=CC3=C2C=CC=C3,SC1=CC=CC=C1C,2.721168735,11.38536999
349,O=P1(O)OC2=C(CC3=C(C=CC=C4)C4=CC5=C3C=CC=C5)C=C6C(C=CC=C6)=C2C7=C(O1)C(CC8=C(C=CC=C9)C9=CC%10=C8C=CC=C%10)=CC%11=C7C=CC=C%11,O=C(C1=CC=CC=C1)/N=C/C2=CC=C(Cl)C=C2Cl,SC1=CC=CC=C1C,0.682601444,2.856004442
555,O=P1(O)OC2=C(C3=CC(COC)=CC=C3)C=C4C(CCCC4)=C2C5=C(O1)C(C6=CC=CC(COC)=C6)=CC7=C5CCCC7,O=C(C1=CC=CC=C1)/N=C/C2=CC=C(OC)C=C2,SC1=CC=CC=C1,1.370103771,5.732514178
638,O=P1(O)OC2=C(C3=C(C(C)C)C=C(C(C)C)C=C3C(C)C)C=C4C(C=CC=C4)=C2C5=C(O1)[C@@]([C@@]6=C(C(C)C)C=C(C(C)C)C=C6C(C)C)=CC7=C5C=CC=C7,O=C(C1=CC=CC=C1)/N=C/C2=CC=C(OC)C=C2,SC1CCCCC1,1.743657522,7.295463072
401,O=P1(O)OC2=C(Br)C=C3C(CCCC3)=C2C4=C(O1)C(Br)=CC5=C4CCCC5,O=C(C1=CC=CC=C1)/N=C/C2=CC=C(Cl)C=C2Cl,SC1CCCCC1,0.0,0.0
567,O=P1(O)OC2=C(C3=CC(C(C)(C)C)=CC(C(C)(C)C)=C3)C=C4C(C=CC=C4)=C2C5=C(O1)C(C6=CC(C(C)(C)C)=CC(C(C)(C)C)=C6)=CC7=C5C=CC=C7,O=C(C1=CC=CC=C1)/N=C/C2=CC=C(OC)C=C2,SC1=CC=CC=C1C,1.17989059,4.936662229
116,O=P1(O)OC2=C(C3=C(C=CC=C4)C4=C(C5=CC(C=CC=C6)=C6C=C5)C7=C3C=CC=C7)C=C8C(C=CC=C8)=[C@]2[C@]9=C(O1)C(C%10=C(C=CC=C%11)C%11=C(C%12=CC=C(C=CC=C%13)C%13=C%12)C%14=C%10C=CC=C%14)=CC%15=C9C=CC=C%15,O=C(C1=CC=CC=C1)/N=C/C2=CC=C(C(F)(F)F)C=C2,SC1=CC=CC=C1,2.058499317,8.612761142
980,O=P1(O)OC2=C(C3=C(OCC)C=CC(C)=C3)C=C4C(C=CC=C4)=C2C5=C(O1)C(C6=CC(C)=CC=C6OCC)=CC7=C5C=CC=C7,O=C(C1=CC=CC=C1)/N=C/C2=CC=CC3=C2C=CC=C3,SC1=CC=CC=C1,1.446325365,6.051425327
821,O=P1(O)OC2=C(C3=CC=C(S(F)(F)(F)(F)F)C=C3)C=C4C(C=CC=C4)=C2C5=C(O1)C(C6=CC=C(S(F)(F)(F)(F)F)C=C6)=CC7=C5C=CC=C7,O=C(C1=CC=CC=C1)/N=C/C2=CC=CC=C2,SC1CCCCC1,0.559297578,2.340101066
658,O=P1(O)OC2=C(C3=CC(C4=CC=C(OC)C=C4)=CC(C5=CC=C(OC)C=C5)=C3)C=C6C(C=CC=C6)=C2C7=C(O1)C(C8=CC(C9=CC=C(OC)C=C9)=CC(C%10=CC=C(OC)C=C%10)=C8)=CC%11=C7C=CC=C%11,O=C(C1=CC=CC=C1)/N=C/C2=CC=CC=C2,CCS,0.446373616,1.867627209
974,O=P1(O)OC2=C(C3=CC(C4=CC=C(OC)C=C4)=CC(C5=CC=C(OC)C=C5)=C3)C=C6C(C=CC=C6)=C2C7=C(O1)C(C8=CC(C9=CC=C(OC)C=C9)=CC(C%10=CC=C(OC)C=C%10)=C8)=CC%11=C7C=CC=C%11,O=C(C1=CC=CC=C1)/N=C/C2=CC=CC3=C2C=CC=C3,SC1=CC=CC=C1,1.531802956,6.409063568
173,O=P1(O)OC2=C(C3=C(F)C=C(OC)C=C3F)C=C4C(C=CC=C4)=[C@]2[C@]5=C(O1)C(C6=C(F)C=C(OC)C=C6F)=CC7=C5C=CC=C7,O=C(C1=CC=CC=C1)/N=C/C2=CC=C(C(F)(F)F)C=C2,SC1CCCCC1,0.820945045,3.434834068
466,O=P1(O)OC2=C(C3=CC=C(C4=CC=C(C=CC=C5)C5=C4)C=C3)C=C6C(C=CC=C6)=C2C7=C(O1)C(C8=CC=C(C9=CC(C=CC=C%10)=C%10C=C9)C=C8)=CC%11=C7C=CC=C%11,O=C(C1=CC=CC=C1)/N=C/C2=CC=C(OC)C=C2,CCS,0.619408639,2.591605746
603,O=P1(O)OC2=C(C3=C(F)C=C(OC)C=C3F)C=C4C(C=CC=C4)=[C@]2[C@]5=C(O1)C(C6=C(F)C=C(OC)C=C6F)=CC7=C5C=CC=C7,O=C(C1=CC=CC=C1)/N=C/C2=CC=C(OC)C=C2,SC1CCCCC1,0.897960775,3.757067883
711,O=P1(O)OC2=C(C3=CC(C(F)(F)F)=CC(C(F)(F)F)=C3)C=C4C(CCCC4)=C2C5=C(O1)C(C6=CC(C(F)(F)F)=CC(C(F)(F)F)=C6)=CC7=C5CCCC7,O=C(C1=CC=CC=C1)/N=C/C2=CC=CC=C2,SC1=CC=C(OC)C=C1,0.981980567,4.108606692
765,O=P1(O)OC2=[C@]([C@]3=C(Cl)C=C(Cl)C=C3Cl)C=C4C(CCCC4)=[C@]2[C@]5=C(O1)C(C6=C(Cl)C=C(Cl)C=C6Cl)=CC7=C5CCCC7,O=C(C1=CC=CC=C1)/N=C/C2=CC=CC=C2,SC1=CC=CC=C1,1.684091101,7.046237167
508,O=P1(O)OC2=C(C3=CC(COC)=CC=C3)C=C4C(C=CC=C4)=C2C5=C(O1)C(C6=CC=CC(COC)=C6)=CC7=C5C=CC=C7,O=C(C1=CC=CC=C1)/N=C/C2=CC=C(OC)C=C2,SC1=CC=C(OC)C=C1,1.446325365,6.051425327
528,O=P1(O)OC2=C([Si](C3=CC=C(C(C)(C)C)C=C3)(C4=CC=C(C(C)(C)C)C=C4)C5=CC=C(C(C)(C)C)C=C5)C=C6C(CCCC6)=C2C7=C(O1)C([Si](C8=CC=C(C(C)(C)C)C=C8)(C9=CC=C(C(C)(C)C)C=C9)C%10=CC=C(C(C)(C)C)C=C%10)=CC%11=C7CCCC%11,O=C(C1=CC=CC=C1)/N=C/C2=CC=C(OC)C=C2,SC1=CC=CC=C1,-0.047400225,-0.198322541
539,O=P1(O)OC2=C(C3=CC(C(F)(F)F)=CC(C(F)(F)F)=C3)C=C4C(CCCC4)=C2C5=C(O1)C(C6=CC(C(F)(F)F)=CC(C(F)(F)F)=C6)=CC7=C5CCCC7,O=C(C1=CC=CC=C1)/N=C/C2=CC=C(OC)C=C2,SC1=CC=CC=C1,1.17989059,4.936662229
156,O=P1(O)OC2=C(C3=CC=C(C4=CC(C(F)(F)F)=CC(C(F)(F)F)=C4)C=C3)C=C5C(C=CC=C5)=C2C6=C(O1)C(C7=CC=C(C8=CC(C(F)(F)F)=CC(C(F)(F)F)=C8)C=C7)=CC9=C6C=CC=C9,O=C(C1=CC=CC=C1)/N=C/C2=CC=C(C(F)(F)F)C=C2,SC1=CC=CC=C1C,1.301167112,5.444083197
941,O=P1(O)OC2=C(C3=C(C=CC=C4)C4=CC5=C3C=CC=C5)C=C6C(C=CC=C6)=C2C7=C(O1)[C@@]([C@@]8=C(C=CC=C9)C9=CC%10=C8C=CC=C%10)=CC%11=C7C=CC=C%11,O=C(C1=CC=CC=C1)/N=C/C2=CC=CC3=C2C=CC=C3,SC1=CC=C(OC)C=C1,1.882001124,7.874292703
179,O=P1(O)OC2=C(CC3=C(C=CC=C4)C4=CC5=C3C=CC=C5)C=C6C(C=CC=C6)=C2C7=C(O1)C(CC8=C(C=CC=C9)C9=CC%10=C8C=CC=C%10)=CC%11=C7C=CC=C%11,O=C(C1=CC=CC=C1)/N=C/C2=CC=C(C(F)(F)F)C=C2,SC1CCCCC1,0.366586769,1.533799041
912,O=P1(O)OC2=C(Br)C=C3C(CCCC3)=C2C4=C(O1)C(Br)=CC5=C4CCCC5,O=C(C1=CC=CC=C1)/N=C/C2=CC=CC3=C2C=CC=C3,SC1=CC=C(OC)C=C1,0.166908496,0.698345147
169,O=P1(O)OC2=C(C3=CC=C(C4CCCCC4)C=C3)C=C5C(CCCC5)=C2C6=C(O1)C(C7=CC=C(C8CCCCC8)C=C7)=CC9=C6CCCC9,O=C(C1=CC=CC=C1)/N=C/C2=CC=C(C(F)(F)F)C=C2,SC1=CC=CC=C1C,1.370103771,5.732514178
718,O=P1(O)OC2=C(C3=CC(C4=C(C)C=C(C)C=C4C)=CC(C5=C(C)C=C(C)C=C5C)=C3)C=C6C(CCCC6)=C2C7=C(O1)C(C8=CC(C9=C(C)C=C(C)C=C9C)=CC(C%10=C(C)C=C(C)C=C%10C)=C8)=CC%11=C7CCCC%11,O=C(C1=CC=CC=C1)/N=C/C2=CC=CC=C2,SC1=CC=C(OC)C=C1,1.743657522,7.295463072
862,O=P1(O)OC2=C(C3=C(C)C=C(C)C=C3C)C=C4C(C=CC=C4)=C2C5=C(O1)[C@@]([C@@]6=C(C)C=C(C)C=C6C)=CC7=C5C=CC=C7,O=C(C1=CC=CC=C1)/N=C/C2=CC=CC3=C2C=CC=C3,CCS,0.749510758,3.135953011
141,O=P1(O)OC2=C(C3=C(OCC)C=CC(C)=C3)C=C4C(C=CC=C4)=C2C5=C(O1)C(C6=CC(C)=CC=C6OCC)=CC7=C5C=CC=C7,O=C(C1=CC=CC=C1)/N=C/C2=CC=C(C(F)(F)F)C=C2,SC1=CC=CC=C1C,1.238109014,5.180248115
679,O=P1(O)OC2=C(C3=CC(C4=CC(C=CC=C5)=C5C=C4)=CC=C3)C=C6C(C=CC=C6)=C2C7=C(O1)C(C8=CC=CC(C9=CC=C(C=CC=C%10)C%10=C9)=C8)=CC%11=C7C=CC=C%11,O=C(C1=CC=CC=C1)/N=C/C2=CC=CC=C2,CCS,0.559297578,2.340101066
319,O=P1(O)OC2=C(C3=CC=C(OC)C=C3)C=C4C(C=CC=C4)=C2C5=C(O1)C(C6=CC=C(OC)C=C6)=CC7=C5C=CC=C7,O=C(C1=CC=CC=C1)/N=C/C2=CC=C(Cl)C=C2Cl,SC1=CC=CC=C1,1.074990526,4.497760361
748,O=P1(O)OC2=C(C3=CC=C(C)C=C3)C=C4C(C=CC=C4)=C2C5=C(O1)C(C6=CC=C(C)C=C6)=CC7=C5C=CC=C7,O=C(C1=CC=CC=C1)/N=C/C2=CC=CC=C2,SC1=CC=CC=C1,1.238109014,5.180248115
375,O=P1(O)OC2=C(C3=CC(C4=C(C)C=C(C)C=C4C)=CC(C5=C(C)C=C(C)C=C5C)=C3)C=C6C(CCCC6)=C2C7=C(O1)C(C8=CC(C9=C(C)C=C(C)C=C9C)=CC(C%10=C(C)C=C(C)C=C%10C)=C8)=CC%11=C7CCCC%11,O=C(C1=CC=CC=C1)/N=C/C2=CC=C(Cl)C=C2Cl,SC1=CC=CC=C1C,1.301167112,5.444083197
397,O=P1(O)OC2=C(C3=CC(C(C)(C)C)=CC(C(C)(C)C)=C3)C=C4C(C=CC=C4)=C2C5=C(O1)C(C6=CC(C(C)(C)C)=CC(C(C)(C)C)=C6)=CC7=C5C=CC=C7,O=C(C1=CC=CC=C1)/N=C/C2=CC=C(Cl)C=C2Cl,SC1CCCCC1,0.559297578,2.340101066
961,O=P1(O)OC2=C(C3=CC(COC)=CC=C3)C=C4C(CCCC4)=C2C5=C(O1)C(C6=CC=CC(COC)=C6)=CC7=C5CCCC7,O=C(C1=CC=CC=C1)/N=C/C2=CC=CC3=C2C=CC=C3,SC1=CC=CC=C1,1.17989059,4.936662229
730,O=P1(O)OC2=C(C3=CC(C(F)(F)F)=CC(C(F)(F)F)=C3)C=C4C(C=CC=C4)=C2C5=C(O1)C(C6=CC(C(F)(F)F)=CC(C(F)(F)F)=C6)=CC7=C5C=CC=C7,O=C(C1=CC=CC=C1)/N=C/C2=CC=CC=C2,SC1=CC=C(OC)C=C1,1.407197088,5.887712616
424,O=P1(O)OC2=C(C3=CC(C(F)(F)F)=CC(C(F)(F)F)=C3)C=C4C(CCCC4)=C2C5=C(O1)C(C6=CC(C(F)(F)F)=CC(C(F)(F)F)=C6)=CC7=C5CCCC7,O=C(C1=CC=CC=C1)/N=C/C2=CC=C(Cl)C=C2Cl,SC1CCCCC1,0.619408639,2.591605746
184,O=P1(O)OC2=C(C3=CC(C4=CC=C(OC)C=C4)=CC(C5=CC=C(OC)C=C5)=C3)C=C6C(C=CC=C6)=C2C7=C(O1)C(C8=CC(C9=CC=C(OC)C=C9)=CC(C%10=CC=C(OC)C=C%10)=C8)=CC%11=C7C=CC=C%11,O=C(C1=CC=CC=C1)/N=C/C2=CC=C(C(F)(F)F)C=C2,SC1CCCCC1,0.820945045,3.434834068
3,O=P1(O)OC2=C(C3=CC(C)=C(OC(C)C)C(C)=C3)C=C4C(C=CC=C4)=C2C5=C(O1)C(C6=CC(C)=C(OC(C)C)C(C)=C6)=CC7=C5C=CC=C7,O=C(C1=CC=CC=C1)/N=C/C2=CC=C(C(F)(F)F)C=C2,CCS,0.446373616,1.867627209
841,O=P1(O)OC2=C(C3=CC=C(OC)C=C3)C=C4C(C=CC=C4)=C2C5=C(O1)C(C6=CC=C(OC)C=C6)=CC7=C5C=CC=C7,O=C(C1=CC=CC=C1)/N=C/C2=CC=CC=C2,SC1CCCCC1,0.559297578,2.340101066
465,O=P1(O)OC2=C(C3=CC(C4=CC(C=CC=C5)=C5C=C4)=CC=C3)C=C6C(C=CC=C6)=C2C7=C(O1)C(C8=CC=CC(C9=CC=C(C=CC=C%10)C%10=C9)=C8)=CC%11=C7C=CC=C%11,O=C(C1=CC=CC=C1)/N=C/C2=CC=C(OC)C=C2,CCS,0.392793996,1.643450079
752,O=P1(O)OC2=C(C3=CC(C(F)(F)F)=CC(C(F)(F)F)=C3)C=C4C(C=CC=C4)=C2C5=C(O1)C(C6=CC(C(F)(F)F)=CC(C(F)(F)F)=C6)=CC7=C5C=CC=C7,O=C(C1=CC=CC=C1)/N=C/C2=CC=CC=C2,SC1=CC=CC=C1,1.152342057,4.821399166
356,O=P1(O)OC2=C([Si](C3=CC=C(C(C)(C)C)C=C3)(C4=CC=C(C(C)(C)C)C=C4)C5=CC=C(C(C)(C)C)C=C5)C=C6C(CCCC6)=C2C7=C(O1)C([Si](C8=CC=C(C(C)(C)C)C=C8)(C9=CC=C(C(C)(C)C)C=C9)C%10=CC=C(C(C)(C)C)C=C%10)=CC%11=C7CCCC%11,O=C(C1=CC=CC=C1)/N=C/C2=CC=C(Cl)C=C2Cl,SC1=CC=CC=C1C,0.118834511,0.497203594
1045,O=P1(O)OC2=C(C3=CC(C4=CC=C(OC)C=C4)=CC(C5=CC=C(OC)C=C5)=C3)C=C6C(C=CC=C6)=C2C7=C(O1)C(C8=CC(C9=CC=C(OC)C=C9)=CC(C%10=CC=C(OC)C=C%10)=C8)=CC%11=C7C=CC=C%11,O=C(C1=CC=CC=C1)/N=C/C2=CC=CC3=C2C=CC=C3,SC1CCCCC1,0.938987334,3.928723005
892,O=P1(O)OC2=C(C3=C(C4=CC(C=CC=C5)=C5C=C4)C=CC=C3)C=C6C(CCCC6)=C2C7=C(O1)C(C8=CC=CC=C8C9=CC=C(C=CC=C%10)C%10=C9)=CC%11=C7CCCC%11,O=C(C1=CC=CC=C1)/N=C/C2=CC=CC3=C2C=CC=C3,CCS,0.559297578,2.340101066
336,O=P1(O)OC2=C(C3=C(C=CC=C4)C4=CC5=C3C=CC=C5)C=C6C(C=CC=C6)=C2C7=C(O1)[C@@]([C@@]8=C(C=CC=C9)C9=CC%10=C8C=CC=C%10)=CC%11=C7C=CC=C%11,O=C(C1=CC=CC=C1)/N=C/C2=CC=C(Cl)C=C2Cl,SC1=CC=CC=C1,1.301167112,5.444083197
228,O=P1(O)OC2=C(C3=CC(C(C)(C)C)=CC(C(C)(C)C)=C3)C=C4C(CCCC4)=C2C5=C(O1)C(C6=CC(C(C)(C)C)=CC(C(C)(C)C)=C6)=CC7=C5CCCC7,O=C(C1=CC=CC=C1)/N=C/C2=CC=C(Cl)C=C2Cl,CCS,0.501758501,2.099357568
318,O=P1(O)OC2=C(CC)C=C3C(CCCC3)=C2C4=C(O1)C(CC)=CC5=C4CCCC5,O=C(C1=CC=CC=C1)/N=C/C2=CC=C(Cl)C=C2Cl,SC1=CC=CC=C1,0.419377753,1.754676519
653,O=P1(O)OC2=C(CC3=C(C=CC=C4)C4=CC5=C3C=CC=C5)C=C6C(C=CC=C6)=C2C7=C(O1)C(CC8=C(C=CC=C9)C9=CC%10=C8C=CC=C%10)=CC%11=C7C=CC=C%11,O=C(C1=CC=CC=C1)/N=C/C2=CC=CC=C2,CCS,0.289903935,1.212958064
623,O=P1(O)OC2=C(C3=CC=C(OC)C=C3)C=C4C(C=CC=C4)=C2C5=C(O1)C(C6=CC=C(OC)C=C6)=CC7=C5C=CC=C7,O=C(C1=CC=CC=C1)/N=C/C2=CC=C(OC)C=C2,SC1CCCCC1,0.5302345,2.218501148
760,O=P1(O)OC2=C(C3=CC(C4=CC=C(OC)C=C4)=CC(C5=CC=C(OC)C=C5)=C3)C=C6C(C=CC=C6)=C2C7=C(O1)C(C8=CC(C9=CC=C(OC)C=C9)=CC(C%10=CC=C(OC)C=C%10)=C8)=CC%11=C7C=CC=C%11,O=C(C1=CC=CC=C1)/N=C/C2=CC=CC=C2,SC1=CC=CC=C1,1.301167112,5.444083197
77,O=P1(O)OC2=C(C3=CC(COC)=CC=C3)C=C4C(C=CC=C4)=C2C5=C(O1)C(C6=CC=CC(COC)=C6)=CC7=C5C=CC=C7,O=C(C1=CC=CC=C1)/N=C/C2=CC=C(C(F)(F)F)C=C2,SC1=CC=C(OC)C=C1,1.301167112,5.444083197
632,O=P1(O)OC2=C(C3=CC(C4=CC(C=CC=C5)=C5C=C4)=CC=C3)C=C6C(C=CC=C6)=C2C7=C(O1)C(C8=CC=CC(C9=CC=C(C=CC=C%10)C%10=C9)=C8)=CC%11=C7C=CC=C%11,O=C(C1=CC=CC=C1)/N=C/C2=CC=C(OC)C=C2,SC1CCCCC1,0.589002233,2.464385343
473,O=P1(O)OC2=C(C3=CC=CC=C3)C=C4C(C=CC=C4)=C2C5=C(O1)C(C6=CC=CC=C6)=CC7=C5C=CC=C7,O=C(C1=CC=CC=C1)/N=C/C2=CC=C(OC)C=C2,SC1=CC=C(OC)C=C1,1.125722444,4.710022706
987,O=P1(O)OC2=C(C3=C(OC)C=CC=C3OC)C=C4C(C=CC=C4)=C2C5=C(O1)[C@@]([C@@]6=C(OC)C=CC=C6OC)=CC7=C5C=CC=C7,O=C(C1=CC=CC=C1)/N=C/C2=CC=CC3=C2C=CC=C3,SC1=CC=CC=C1,1.743657522,7.295463072
726,O=P1(O)OC2=C(C3=CC=C(C(C)(C)C)C=C3)C=C4C(C=CC=C4)=C2C5=C(O1)C(C6=CC=C(C(C)(C)C)C=C6)=CC7=C5C=CC=C7,O=C(C1=CC=CC=C1)/N=C/C2=CC=CC=C2,SC1=CC=C(OC)C=C1,1.370103771,5.732514178
9,O=P1(O)OC2=C(CC3=CC=C(C(F)(F)F)C=C3C(F)(F)F)C=C4C(C=CC=C4)=C2C5=C(O1)C(CC6=C(C(F)(F)F)C=C(C(F)(F)F)C=C6)=CC7=C5C=CC=C7,O=C(C1=CC=CC=C1)/N=C/C2=CC=C(C(F)(F)F)C=C2,CCS,-0.215535446,-0.901800306
983,O=P1(O)OC2=C(C3=C(C=CC=C4)C4=CC5=C3C=CC=C5)C=C6C(C=CC=C6)=C2C7=C(O1)[C@@]([C@@]8=C(C=CC=C9)C9=CC%10=C8C=CC=C%10)=CC%11=C7C=CC=C%11,O=C(C1=CC=CC=C1)/N=C/C2=CC=CC3=C2C=CC=C3,SC1=CC=CC=C1,2.304684113,9.642798329
444,O=P1(O)OC2=C(Br)C=C3C(C=CC=C3)=C2C4=C(O1)C(Br)=CC5=CC=CC=C54,O=C(C1=CC=CC=C1)/N=C/C2=CC=C(OC)C=C2,CCS,-0.07114786,-0.297682646
1047,O=P1(O)OC2=C(Br)C=C3C(CCCC3)=C2C4=C(O1)C(Br)=CC5=C4CCCC5,O=C(C1=CC=CC=C1)/N=C/C2=CC=CC3=C2C=CC=C3,SC1CCCCC1,0.0,0.0
611,O=P1(O)OC2=C([Si](C3=CC=CC=C3)(C)C4=CC=CC=C4)C=C5C(C=CC=C5)=C2C6=C(O1)C([Si](C7=CC=CC=C7)(C8=CC=CC=C8)C)=CC9=C6C=CC=C9,O=C(C1=CC=CC=C1)/N=C/C2=CC=C(OC)C=C2,SC1CCCCC1,0.340722979,1.425584944
219,O=P1(O)OC2=C(C3=C(C4CCCCC4)C=C(C5CCCCC5)C=C3C6CCCCC6)C=C7C(C=CC=C7)=C2C8=C(O1)[C@@]([C@@]9=C(C%10CCCCC%10)C=C(C%11CCCCC%11)C=C9C%12CCCCC%12)=CC%13=C8C=CC=C%13,O=C(C1=CC=CC=C1)/N=C/C2=CC=C(Cl)C=C2Cl,CCS,1.17989059,4.936662229
472,O=P1(O)OC2=C(C3=C(C4CCCCC4)C=C(C5CCCCC5)C=C3C6CCCCC6)C=C7C(C=CC=C7)=C2C8=C(O1)[C@@]([C@@]9=C(C%10CCCCC%10)C=C(C%11CCCCC%11)C=C9C%12CCCCC%12)=CC%13=C8C=CC=C%13,O=C(C1=CC=CC=C1)/N=C/C2=CC=C(OC)C=C2,CCS,1.629422542,6.817503916
503,O=P1(O)OC2=C(C3=CC(C4=C(C)C=C(C)C=C4C)=CC(C5=C(C)C=C(C)C=C5C)=C3)C=C6C(CCCC6)=C2C7=C(O1)C(C8=CC(C9=C(C)C=C(C)C=C9C)=CC(C%10=C(C)C=C(C)C=C%10C)=C8)=CC%11=C7CCCC%11,O=C(C1=CC=CC=C1)/N=C/C2=CC=C(OC)C=C2,SC1=CC=C(OC)C=C1,1.531802956,6.409063568
230,O=P1(O)OC2=C(Br)C=C3C(C=CC=C3)=C2C4=C(O1)C(Br)=CC5=CC=CC=C54,O=C(C1=CC=CC=C1)/N=C/C2=CC=C(Cl)C=C2Cl,CCS,0.047400225,0.198322541
31,O=P1(O)OC2=C(C3=CC(C4=CC(C=CC=C5)=C5C=C4)=CC=C3)C=C6C(C=CC=C6)=C2C7=C(O1)C(C8=CC=CC(C9=CC=C(C=CC=C%10)C%10=C9)=C8)=CC%11=C7C=CC=C%11,O=C(C1=CC=CC=C1)/N=C/C2=CC=C(C(F)(F)F)C=C2,CCS,0.419377753,1.754676519
796,O=P1(O)OC2=C(C3=C(C)C=C(C)C=C3C)C=C4C(C=CC=C4)=C2C5=C(O1)[C@@]([C@@]6=C(C)C=C(C)C=C6C)=CC7=C5C=CC=C7,O=C(C1=CC=CC=C1)/N=C/C2=CC=CC=C2,SC1=CC=CC=C1C,2.058499317,8.612761142
690,O=P1(O)OC2=C(CC3=CC=C(OC)C=C3)C=C4C(CCCC4)=C2C5=C(O1)C(CC6=CC=C(OC)C=C6)=CC7=C5CCCC7,O=C(C1=CC=CC=C1)/N=C/C2=CC=CC=C2,SC1=CC=C(OC)C=C1,0.366586769,1.533799041
626,O=P1(O)OC2=C(C3=CC=C(C)C=C3)C=C4C(C=CC=C4)=C2C5=C(O1)C(C6=CC=C(C)C=C6)=CC7=C5C=CC=C7,O=C(C1=CC=CC=C1)/N=C/C2=CC=C(OC)C=C2,SC1CCCCC1,1.074990526,4.497760361
484,O=P1(O)OC2=C([Si](C3=CC=CC=C3)(C4=CC=CC=C4)C5=CC=CC=C5)C=C6C(C=CC=C6)=C2C7=C(O1)C([Si](C8=CC=CC=C8)(C9=CC=CC=C9)C%10=CC=CC=C%10)=CC%11=C7C=CC=C%11,O=C(C1=CC=CC=C1)/N=C/C2=CC=C(OC)C=C2,SC1=CC=C(OC)C=C1,0.215535446,0.901800306
1049,O=P1(O)OC2=C([Si](C3=CC=CC=C3)(C4=CC=CC=C4)C5=CC=CC=C5)C=C6C(CCCC6)=C2C7=C(O1)C([Si](C8=CC=CC=C8)(C9=CC=CC=C9)C%10=CC=CC=C%10)=CC%11=C7CCCC%11,O=C(C1=CC=CC=C1)/N=C/C2=CC=CC3=C2C=CC=C3,SC1CCCCC1,0.047400225,0.198322541
675,O=P1(O)OC2=C(C3=C(C=CC=C4)C4=CC5=C3C=CC=C5)C=C6C(C=CC=C6)=C2C7=C(O1)[C@@]([C@@]8=C(C=CC=C9)C9=CC%10=C8C=CC=C%10)=CC%11=C7C=CC=C%11,O=C(C1=CC=CC=C1)/N=C/C2=CC=CC=C2,CCS,1.17989059,4.936662229
847,O=P1(O)OC2=C(C3=CC=C(C(C)(C)C)C=C3)C=C4C(C=CC=C4)=C2C5=C(O1)C(C6=CC=C(C(C)(C)C)C=C6)=CC7=C5C=CC=C7,O=C(C1=CC=CC=C1)/N=C/C2=CC=CC=C2,SC1CCCCC1,0.559297578,2.340101066
657,O=P1(O)OC2=C(C3=CC(C(C)(C)C)=CC(C(C)(C)C)=C3)C=C4C(CCCC4)=C2C5=C(O1)C(C6=CC(C(C)(C)C)=CC(C(C)(C)C)=C6)=CC7=C5CCCC7,O=C(C1=CC=CC=C1)/N=C/C2=CC=CC=C2,CCS,0.559297578,2.340101066
75,O=P1(O)OC2=C(C3=CC=C(OC)C=C3)C=C4C(C=CC=C4)=C2C5=C(O1)C(C6=CC=C(OC)C=C6)=CC7=C5C=CC=C7,O=C(C1=CC=CC=C1)/N=C/C2=CC=C(C(F)(F)F)C=C2,SC1=CC=C(OC)C=C1,1.301167112,5.444083197
624,O=P1(O)OC2=C(C3=CC(COC)=CC=C3)C=C4C(C=CC=C4)=C2C5=C(O1)C(C6=CC=CC(COC)=C6)=CC7=C5C=CC=C7,O=C(C1=CC=CC=C1)/N=C/C2=CC=C(OC)C=C2,SC1CCCCC1,0.715545793,2.993843598
252,O=P1(O)OC2=C(C3=CC=C(C4=CC=C(C=CC=C5)C5=C4)C=C3)C=C6C(C=CC=C6)=C2C7=C(O1)C(C8=CC=C(C9=CC(C=CC=C%10)=C%10C=C9)C=C8)=CC%11=C7C=CC=C%11,O=C(C1=CC=CC=C1)/N=C/C2=CC=C(Cl)C=C2Cl,CCS,0.501758501,2.099357568
655,O=P1(O)OC2=C([Si](C3=CC=CC=C3)(C)C4=CC=CC=C4)C=C5C(C=CC=C5)=C2C6=C(O1)C([Si](C7=CC=CC=C7)(C8=CC=CC=C8)C)=CC9=C6C=CC=C9,O=C(C1=CC=CC=C1)/N=C/C2=CC=CC=C2,CCS,0.419377753,1.754676519
931,O=P1(O)OC2=C(C3=CC(C4=CC=C(OC)C=C4)=CC(C5=CC=C(OC)C=C5)=C3)C=C6C(C=CC=C6)=C2C7=C(O1)C(C8=CC(C9=CC=C(OC)C=C9)=CC(C%10=CC=C(OC)C=C%10)=C8)=CC%11=C7C=CC=C%11,O=C(C1=CC=CC=C1)/N=C/C2=CC=CC3=C2C=CC=C3,SC1=CC=C(OC)C=C1,1.446325365,6.051425327
563,O=P1(O)OC2=C(CC3=CC(C(F)(F)F)=CC(C(F)(F)F)=C3)C=C4C(CCCC4)=C2C5=C(O1)C(CC6=CC(C(F)(F)F)=CC(C(F)(F)F)=C6)=CC7=C5CCCC7,O=C(C1=CC=CC=C1)/N=C/C2=CC=C(OC)C=C2,SC1=CC=CC=C1C,0.5302345,2.218501148
701,O=P1(O)OC2=C([Si](C3=CC=CC=C3)(C4=CC=CC=C4)C5=CC=CC=C5)C=C6C(CCCC6)=C2C7=C(O1)C([Si](C8=CC=CC=C8)(C9=CC=CC=C9)C%10=CC=CC=C%10)=CC%11=C7CCCC%11,O=C(C1=CC=CC=C1)/N=C/C2=CC=CC=C2,SC1=CC=C(OC)C=C1,0.240111033,1.004624562
1073,O=P1(O)OC2=C(C3=C(C(C)C)C=C(C4=CC=C(C(C)(C)C)C=C4)C=C3C(C)C)C=C5C(C=CC=C5)=[C@]2[C@]6=C(O1)C(C7=C(C(C)C)C=C(C8=CC=C(C(C)(C)C)C=C8)C=C7C(C)C)=CC9=C6C=CC=C9,O=C(C1=CC=CC=C1)/N=C/C2=CC=CC3=C2C=CC=C3,SC1CCCCC1,1.446325365,6.051425327
6,O=P1(O)OC2=C(CC3=CC=C(OC)C=C3)C=C4C(CCCC4)=C2C5=C(O1)C(CC6=CC=C(OC)C=C6)=CC7=C5CCCC7,O=C(C1=CC=CC=C1)/N=C/C2=CC=C(C(F)(F)F)C=C2,CCS,-0.264892334,-1.108309525
940,O=P1(O)OC2=C(C3=C(OC(F)(F)F)C=CC=C3)C=C4C(C=CC=C4)=C2C5=C(O1)C(C6=CC=CC=C6OC(F)(F)F)=CC7=C5C=CC=C7,O=C(C1=CC=CC=C1)/N=C/C2=CC=CC3=C2C=CC=C3,SC1=CC=C(OC)C=C1,1.370103771,5.732514178
577,O=P1(O)OC2=C(C3=CC=C(C)C=C3)C=C4C(C=CC=C4)=C2C5=C(O1)C(C6=CC=C(C)C=C6)=CC7=C5C=CC=C7,O=C(C1=CC=CC=C1)/N=C/C2=CC=C(OC)C=C2,SC1=CC=CC=C1C,1.125722444,4.710022706
152,O=P1(O)OC2=C(C3=CC(C4=CC(C(F)(F)F)=CC(C(F)(F)F)=C4)=CC(C5=CC(C(F)(F)F)=CC(C(F)(F)F)=C5)=C3)C=C6C(C=CC=C6)=C2C7=C(O1)C(C8=CC(C9=CC(C(F)(F)F)=CC(C(F)(F)F)=C9)=CC(C%10=CC(C(F)(F)F)=CC(C(F)(F)F)=C%10)=C8)=CC%11=C7C=CC=C%11,O=C(C1=CC=CC=C1)/N=C/C2=CC=C(C(F)(F)F)C=C2,SC1=CC=CC=C1C,1.531802956,6.409063568
412,O=P1(O)OC2=C(C3=CC(COC)=CC=C3)C=C4C(C=CC=C4)=C2C5=C(O1)C(C6=CC=CC(COC)=C6)=CC7=C5C=CC=C7,O=C(C1=CC=CC=C1)/N=C/C2=CC=C(Cl)C=C2Cl,SC1CCCCC1,0.589002233,2.464385343
330,O=P1(O)OC2=C(C3=CC(C4=C(C)C=C(C)C=C4C)=CC(C5=C(C)C=C(C)C=C5C)=C3)C=C6C(CCCC6)=C2C7=C(O1)C(C8=CC(C9=C(C)C=C(C)C=C9C)=CC(C%10=C(C)C=C(C)C=C%10C)=C8)=CC%11=C7CCCC%11,O=C(C1=CC=CC=C1)/N=C/C2=CC=C(Cl)C=C2Cl,SC1=CC=CC=C1,1.301167112,5.444083197
921,O=P1(O)OC2=C(C3=CC=C(C4=CC=C(C=CC=C5)C5=C4)C=C3)C=C6C(C=CC=C6)=C2C7=C(O1)C(C8=CC=C(C9=CC(C=CC=C%10)=C%10C=C9)C=C8)=CC%11=C7C=CC=C%11,O=C(C1=CC=CC=C1)/N=C/C2=CC=CC3=C2C=CC=C3,SC1=CC=C(OC)C=C1,1.125722444,4.710022706
721,O=P1(O)OC2=[C@]([C@]3=C(Cl)C=C(Cl)C=C3Cl)C=C4C(CCCC4)=[C@]2[C@]5=C(O1)C(C6=C(Cl)C=C(Cl)C=C6Cl)=CC7=C5CCCC7,O=C(C1=CC=CC=C1)/N=C/C2=CC=CC=C2,SC1=CC=C(OC)C=C1,1.964152936,8.218015884
224,O=P1(O)OC2=C(CC3=C(C=CC=C4)C4=CC5=C3C=CC=C5)C=C6C(C=CC=C6)=C2C7=C(O1)C(CC8=C(C=CC=C9)C9=CC%10=C8C=CC=C%10)=CC%11=C7C=CC=C%11,O=C(C1=CC=CC=C1)/N=C/C2=CC=C(Cl)C=C2Cl,CCS,0.240111033,1.004624562
377,O=P1(O)OC2=C(C3=C(C=CC=C4)C4=C(C5=CC(C=CC=C6)=C6C=C5)C7=C3C=CC=C7)C=C8C(C=CC=C8)=[C@]2[C@]9=C(O1)C(C%10=C(C=CC=C%11)C%11=C(C%12=CC=C(C=CC=C%13)C%13=C%12)C%14=C%10C=CC=C%14)=CC%15=C9C=CC=C%15,O=C(C1=CC=CC=C1)/N=C/C2=CC=C(Cl)C=C2Cl,SC1=CC=CC=C1C,2.721168735,11.38536999
206,O=P1(O)OC2=C(C3=CC(C(F)(F)F)=CC(C(F)(F)F)=C3)C=C4C(C=CC=C4)=C2C5=C(O1)C(C6=CC(C(F)(F)F)=CC(C(F)(F)F)=C6)=CC7=C5C=CC=C7,O=C(C1=CC=CC=C1)/N=C/C2=CC=C(C(F)(F)F)C=C2,SC1CCCCC1,0.682601444,2.856004442
933,O=P1(O)OC2=C(C3=CC(C4=C(C)C=C(C)C=C4C)=CC(C5=C(C)C=C(C)C=C5C)=C3)C=C6C(CCCC6)=C2C7=C(O1)C(C8=CC(C9=C(C)C=C(C)C=C9C)=CC(C%10=C(C)C=C(C)C=C%10C)=C8)=CC%11=C7CCCC%11,O=C(C1=CC=CC=C1)/N=C/C2=CC=CC3=C2C=CC=C3,SC1=CC=C(OC)C=C1,1.446325365,6.051425327
825,O=P1(O)OC2=C(CC3=C(C=CC=C4)C4=CC5=C3C=CC=C5)C=C6C(C=CC=C6)=C2C7=C(O1)C(CC8=C(C=CC=C9)C9=CC%10=C8C=CC=C%10)=CC%11=C7C=CC=C%11,O=C(C1=CC=CC=C1)/N=C/C2=CC=CC=C2,SC1CCCCC1,0.392793996,1.643450079
246,O=P1(O)OC2=C(C3=C(OC(F)(F)F)C=CC=C3)C=C4C(C=CC=C4)=C2C5=C(O1)C(C6=CC=CC=C6OC(F)(F)F)=CC7=C5C=CC=C7,O=C(C1=CC=CC=C1)/N=C/C2=CC=C(Cl)C=C2Cl,CCS,0.473819986,1.982462821
134,O=P1(O)OC2=C([Si](C3=CC=CC=C3)(C)C4=CC=CC=C4)C=C5C(C=CC=C5)=C2C6=C(O1)C([Si](C7=CC=CC=C7)(C8=CC=CC=C8)C)=CC9=C6C=CC=C9,O=C(C1=CC=CC=C1)/N=C/C2=CC=C(C(F)(F)F)C=C2,SC1=CC=CC=C1C,0.820945045,3.434834068
513,O=P1(O)OC2=C(C3=CC=C(C4CCCCC4)C=C3)C=C5C(CCCC5)=C2C6=C(O1)C(C7=CC=C(C8CCCCC8)C=C7)=CC9=C6CCCC9,O=C(C1=CC=CC=C1)/N=C/C2=CC=C(OC)C=C2,SC1=CC=C(OC)C=C1,1.301167112,5.444083197
215,O=P1(O)OC2=C(C3=CC=CC=C3)C=C4C(C=CC=C4)=C2C5=C(O1)C(C6=CC=CC=C6)=CC7=C5C=CC=C7,O=C(C1=CC=CC=C1)/N=C/C2=CC=C(Cl)C=C2Cl,CCS,0.392793996,1.643450079
1012,O=P1(O)OC2=C(C3=CC(C(F)(F)F)=CC(C(F)(F)F)=C3)C=C4C(C=CC=C4)=C2C5=C(O1)C(C6=CC(C(F)(F)F)=CC(C(F)(F)F)=C6)=CC7=C5C=CC=C7,O=C(C1=CC=CC=C1)/N=C/C2=CC=CC3=C2C=CC=C3,SC1=CC=CC=C1C,1.099959936,4.602232372
242,O=P1(O)OC2=C(C3=C(OCC)C=CC(C)=C3)C=C4C(C=CC=C4)=C2C5=C(O1)C(C6=CC(C)=CC=C6OCC)=CC7=C5C=CC=C7,O=C(C1=CC=CC=C1)/N=C/C2=CC=C(Cl)C=C2Cl,CCS,1.17989059,4.936662229
734,O=P1(O)OC2=C(CC3=CC=C(OC)C=C3)C=C4C(CCCC4)=C2C5=C(O1)C(CC6=CC=C(OC)C=C6)=CC7=C5CCCC7,O=C(C1=CC=CC=C1)/N=C/C2=CC=CC=C2,SC1=CC=CC=C1,0.392793996,1.643450079
48,O=P1(O)OC2=C(CC3=CC=C(C(F)(F)F)C=C3C(F)(F)F)C=C4C(C=CC=C4)=C2C5=C(O1)C(CC6=C(C(F)(F)F)C=C(C(F)(F)F)C=C6)=CC7=C5C=CC=C7,O=C(C1=CC=CC=C1)/N=C/C2=CC=C(C(F)(F)F)C=C2,SC1=CC=C(OC)C=C1,0.240111033,1.004624562
276,O=P1(O)OC2=C(C3=CC(COC)=CC=C3)C=C4C(C=CC=C4)=C2C5=C(O1)C(C6=CC=CC(COC)=C6)=CC7=C5C=CC=C7,O=C(C1=CC=CC=C1)/N=C/C2=CC=C(Cl)C=C2Cl,SC1=CC=C(OC)C=C1,1.238109014,5.180248115
324,O=P1(O)OC2=C(C3=CC=C(C4CCCCC4)C=C3)C=C5C(CCCC5)=C2C6=C(O1)C(C7=CC=C(C8CCCCC8)C=C7)=CC9=C6CCCC9,O=C(C1=CC=CC=C1)/N=C/C2=CC=C(Cl)C=C2Cl,SC1=CC=CC=C1,1.027207628,4.297836716
668,O=P1(O)OC2=[C@]([C@]3=C(Cl)C=C(Cl)C=C3Cl)C=C4C(CCCC4)=[C@]2[C@]5=C(O1)C(C6=C(Cl)C=C(Cl)C=C6Cl)=CC7=C5CCCC7,O=C(C1=CC=CC=C1)/N=C/C2=CC=CC=C2,CCS,1.208449001,5.05615062
507,O=P1(O)OC2=C(C3=C(OCC)C=CC(C)=C3)C=C4C(C=CC=C4)=C2C5=C(O1)C(C6=CC(C)=CC=C6OCC)=CC7=C5C=CC=C7,O=C(C1=CC=CC=C1)/N=C/C2=CC=C(OC)C=C2,SC1=CC=C(OC)C=C1,1.743657522,7.295463072
249,O=P1(O)OC2=C(C3=C(C=CC4=CC=CC(C=C5)=C46)C6=C5C=C3)C=C7C(C=CC=C7)=C2C8=C(O1)C(C9=CC=C(C=C%10)C%11=C9C=CC%12=CC=CC%10=C%11%12)=CC%13=C8C=CC=C%13,O=C(C1=CC=CC=C1)/N=C/C2=CC=C(Cl)C=C2Cl,CCS,0.446373616,1.867627209
1054,O=P1(O)OC2=C(C3=C(C=CC=C4)C4=C(C5=CC(C=CC=C6)=C6C=C5)C7=C3C=CC=C7)C=C8C(C=CC=C8)=[C@]2[C@]9=C(O1)C(C%10=C(C=CC=C%11)C%11=C(C%12=CC=C(C=CC=C%13)C%13=C%12)C%14=C%10C=CC=C%14)=CC%15=C9C=CC=C%15,O=C(C1=CC=CC=C1)/N=C/C2=CC=CC3=C2C=CC=C3,SC1CCCCC1,1.17989059,4.936662229
598,O=P1(O)OC2=C(C3=C(C=CC4=CC=CC(C=C5)=C46)C6=C5C=C3)C=C7C(C=CC=C7)=C2C8=C(O1)C(C9=CC=C(C=C%10)C%11=C9C=CC%12=CC=CC%10=C%11%12)=CC%13=C8C=CC=C%13,O=C(C1=CC=CC=C1)/N=C/C2=CC=C(OC)C=C2,SC1=CC=CC=C1C,1.370103771,5.732514178
1044,O=P1(O)OC2=C(C3=CC(C(C)(C)C)=CC(C(C)(C)C)=C3)C=C4C(CCCC4)=C2C5=C(O1)C(C6=CC(C(C)(C)C)=CC(C(C)(C)C)=C6)=CC7=C5CCCC7,O=C(C1=CC=CC=C1)/N=C/C2=CC=CC3=C2C=CC=C3,SC1CCCCC1,0.619408639,2.591605746
81,O=P1(O)OC2=C(C3=C(C=CC4=CC=CC(C=C5)=C46)C6=C5C=C3)C=C7C(C=CC=C7)=C2C8=C(O1)C(C9=CC=C(C=C%10)C%11=C9C=CC%12=CC=CC%10=C%11%12)=CC%13=C8C=CC=C%13,O=C(C1=CC=CC=C1)/N=C/C2=CC=C(C(F)(F)F)C=C2,SC1=CC=C(OC)C=C1,2.304684113,9.642798329
751,O=P1(O)OC2=C(C3=CC=C(C4CCCCC4)C=C3)C=C5C(CCCC5)=C2C6=C(O1)C(C7=CC=C(C8CCCCC8)C=C7)=CC9=C6CCCC9,O=C(C1=CC=CC=C1)/N=C/C2=CC=CC=C2,SC1=CC=CC=C1,1.125722444,4.710022706
16,O=P1(O)OC2=C([Si](C3=CC=C(C(C)(C)C)C=C3)(C4=CC=C(C(C)(C)C)C=C4)C5=CC=C(C(C)(C)C)C=C5)C=C6C(CCCC6)=C2C7=C(O1)C([Si](C8=CC=C(C(C)(C)C)C=C8)(C9=CC=C(C(C)(C)C)C=C9)C%10=CC=C(C(C)(C)C)C=C%10)=CC%11=C7CCCC%11,O=C(C1=CC=CC=C1)/N=C/C2=CC=C(C(F)(F)F)C=C2,CCS,0.023690626,0.099121579
257,O=P1(O)OC2=C(C3=C(C(C)C)C=C(C(C)C)C=C3C(C)C)C=C4C(C=CC=C4)=C2C5=C(O1)[C@@]([C@@]6=C(C(C)C)C=C(C(C)C)C=C6C(C)C)=CC7=C5C=CC=C7,O=C(C1=CC=CC=C1)/N=C/C2=CC=C(Cl)C=C2Cl,CCS,1.301167112,5.444083197
580,O=P1(O)OC2=C(C3=CC=C(C4CCCCC4)C=C3)C=C5C(CCCC5)=C2C6=C(O1)C(C7=CC=C(C8CCCCC8)C=C7)=CC9=C6CCCC9,O=C(C1=CC=CC=C1)/N=C/C2=CC=C(OC)C=C2,SC1=CC=CC=C1C,1.125722444,4.710022706
506,O=P1(O)OC2=[C@]([C@]3=C(Cl)C=C(Cl)C=C3Cl)C=C4C(CCCC4)=[C@]2[C@]5=C(O1)C(C6=C(Cl)C=C(Cl)C=C6Cl)=CC7=C5CCCC7,O=C(C1=CC=CC=C1)/N=C/C2=CC=C(OC)C=C2,SC1=CC=C(OC)C=C1,1.487753909,6.224762355
1052,O=P1(O)OC2=C(C3=CC(C4=C(C)C=C(C)C=C4C)=CC(C5=C(C)C=C(C)C=C5C)=C3)C=C6C(CCCC6)=C2C7=C(O1)C(C8=CC(C9=C(C)C=C(C)C=C9C)=CC(C%10=C(C)C=C(C)C=C%10C)=C8)=CC%11=C7CCCC%11,O=C(C1=CC=CC=C1)/N=C/C2=CC=CC3=C2C=CC=C3,SC1CCCCC1,0.784603173,3.282779676
243,O=P1(O)OC2=C(C3=CC(COC)=CC=C3)C=C4C(C=CC=C4)=C2C5=C(O1)C(C6=CC=CC(COC)=C6)=CC7=C5C=CC=C7,O=C(C1=CC=CC=C1)/N=C/C2=CC=C(Cl)C=C2Cl,CCS,0.473819986,1.982462821
828,O=P1(O)OC2=C(C3=CC(C(C)(C)C)=CC(C(C)(C)C)=C3)C=C4C(C=CC=C4)=C2C5=C(O1)C(C6=CC(C(C)(C)C)=CC(C(C)(C)C)=C6)=CC7=C5C=CC=C7,O=C(C1=CC=CC=C1)/N=C/C2=CC=CC=C2,SC1CCCCC1,0.5302345,2.218501148
520,O=P1(O)OC2=C(CC3=CC(C(F)(F)F)=CC(C(F)(F)F)=C3)C=C4C(CCCC4)=C2C5=C(O1)C(CC6=CC(C(F)(F)F)=CC(C(F)(F)F)=C6)=CC7=C5CCCC7,O=C(C1=CC=CC=C1)/N=C/C2=CC=C(OC)C=C2,SC1=CC=CC=C1,0.650583556,2.722041598
180,O=P1(O)OC2=C(CC3=CC=C(C(F)(F)F)C=C3C(F)(F)F)C=C4C(C=CC=C4)=C2C5=C(O1)C(CC6=C(C(F)(F)F)C=C(C(F)(F)F)C=C6)=CC7=C5C=CC=C7,O=C(C1=CC=CC=C1)/N=C/C2=CC=C(C(F)(F)F)C=C2,SC1CCCCC1,-0.083041947,-0.347447506
988,O=P1(O)OC2=C(C3=CC(C(F)(F)F)=CC(C(F)(F)F)=C3)C=C4C(CCCC4)=C2C5=C(O1)C(C6=CC(C(F)(F)F)=CC(C(F)(F)F)=C6)=CC7=C5CCCC7,O=C(C1=CC=CC=C1)/N=C/C2=CC=CC3=C2C=CC=C3,SC1=CC=CC=C1,1.301167112,5.444083197
342,O=P1(O)OC2=C(C3=CC(C(F)(F)F)=CC(C(F)(F)F)=C3)C=C4C(C=CC=C4)=C2C5=C(O1)C(C6=CC(C(F)(F)F)=CC(C(F)(F)F)=C6)=CC7=C5C=CC=C7,O=C(C1=CC=CC=C1)/N=C/C2=CC=C(Cl)C=C2Cl,SC1=CC=CC=C1,1.301167112,5.444083197
951,O=P1(O)OC2=C(CC3=CC=C(C(F)(F)F)C=C3C(F)(F)F)C=C4C(C=CC=C4)=C2C5=C(O1)C(CC6=C(C(F)(F)F)C=C(C(F)(F)F)C=C6)=CC7=C5C=CC=C7,O=C(C1=CC=CC=C1)/N=C/C2=CC=CC3=C2C=CC=C3,SC1=CC=CC=C1,0.5302345,2.218501148
5,O=P1(O)OC2=C(C3=CC(C4=CC(C(F)(F)F)=CC(C(F)(F)F)=C4)=CC(C5=CC(C(F)(F)F)=CC(C(F)(F)F)=C5)=C3)C=C6C(C=CC=C6)=C2C7=C(O1)C(C8=CC(C9=CC(C(F)(F)F)=CC(C(F)(F)F)=C9)=CC(C%10=CC(C(F)(F)F)=CC(C(F)(F)F)=C%10)=C8)=CC%11=C7C=CC=C%11,O=C(C1=CC=CC=C1)/N=C/C2=CC=C(C(F)(F)F)C=C2,CCS,0.749510758,3.135953011
432,O=P1(O)OC2=C(C3=C(C)C=C(C)C=C3C)C=C4C(C=CC=C4)=C2C5=C(O1)[C@@]([C@@]6=C(C)C=C(C)C=C6C)=CC7=C5C=CC=C7,O=C(C1=CC=CC=C1)/N=C/C2=CC=C(OC)C=C2,CCS,0.820945045,3.434834068
1000,O=P1(O)OC2=C([Si](C3=CC=CC=C3)(C4=CC=CC=C4)C5=CC=CC=C5)C=C6C(CCCC6)=C2C7=C(O1)C([Si](C8=CC=CC=C8)(C9=CC=CC=C9)C%10=CC=CC=C%10)=CC%11=C7CCCC%11,O=C(C1=CC=CC=C1)/N=C/C2=CC=CC3=C2C=CC=C3,SC1=CC=CC=C1C,0.142812956,0.597529408
618,O=P1(O)OC2=C([Si](C3=CC=CC=C3)(C4=CC=CC=C4)C5=CC=CC=C5)C=C6C(CCCC6)=C2C7=C(O1)C([Si](C8=CC=CC=C8)(C9=CC=CC=C9)C%10=CC=CC=C%10)=CC%11=C7CCCC%11,O=C(C1=CC=CC=C1)/N=C/C2=CC=C(OC)C=C2,SC1CCCCC1,0.0,0.0
579,O=P1(O)OC2=C(C3=CC=C(C4=CC=C(C=CC=C5)C5=C4)C=C3)C=C6C(C=CC=C6)=C2C7=C(O1)C(C8=CC=C(C9=CC(C=CC=C%10)=C%10C=C9)C=C8)=CC%11=C7C=CC=C%11,O=C(C1=CC=CC=C1)/N=C/C2=CC=C(OC)C=C2,SC1=CC=CC=C1C,1.238109014,5.180248115
306,O=P1(O)OC2=C(CC3=CC(C(F)(F)F)=CC(C(F)(F)F)=C3)C=C4C(CCCC4)=C2C5=C(O1)C(CC6=CC(C(F)(F)F)=CC(C(F)(F)F)=C6)=CC7=C5CCCC7,O=C(C1=CC=CC=C1)/N=C/C2=CC=C(Cl)C=C2Cl,SC1=CC=CC=C1,0.589002233,2.464385343
794,O=P1(O)OC2=C(C3=CC=CC=C3)C=C4C(C=CC=C4)=C2C5=C(O1)C(C6=CC=CC=C6)=CC7=C5C=CC=C7,O=C(C1=CC=CC=C1)/N=C/C2=CC=CC=C2,SC1=CC=CC=C1C,1.301167112,5.444083197
123,O=P1(O)OC2=C(C3=C(C=CC4=CC=CC(C=C5)=C46)C6=C5C=C3)C=C7C(C=CC=C7)=C2C8=C(O1)C(C9=CC=C(C=C%10)C%11=C9C=CC%12=CC=CC%10=C%11%12)=CC%13=C8C=CC=C%13,O=C(C1=CC=CC=C1)/N=C/C2=CC=C(C(F)(F)F)C=C2,SC1=CC=CC=C1,1.743657522,7.295463072
588,O=P1(O)OC2=C(C3=CC(C4=C(C)C=C(C)C=C4C)=CC(C5=C(C)C=C(C)C=C5C)=C3)C=C6C(CCCC6)=C2C7=C(O1)C(C8=CC(C9=C(C)C=C(C)C=C9C)=CC(C%10=C(C)C=C(C)C=C%10C)=C8)=CC%11=C7CCCC%11,O=C(C1=CC=CC=C1)/N=C/C2=CC=C(OC)C=C2,SC1=CC=CC=C1C,1.301167112,5.444083197
832,O=P1(O)OC2=C(Br)C=C3C(CCCC3)=C2C4=C(O1)C(Br)=CC5=C4CCCC5,O=C(C1=CC=CC=C1)/N=C/C2=CC=CC=C2,SC1CCCCC1,0.419377753,1.754676519
163,O=P1(O)OC2=C(C3=CC=C(C)C=C3)C=C4C(C=CC=C4)=C2C5=C(O1)C(C6=CC=C(C)C=C6)=CC7=C5C=CC=C7,O=C(C1=CC=CC=C1)/N=C/C2=CC=C(C(F)(F)F)C=C2,SC1=CC=CC=C1C,1.301167112,5.444083197
604,O=P1(O)OC2=C(C3=CC(C)=C(OC(C)C)C(C)=C3)C=C4C(C=CC=C4)=C2C5=C(O1)C(C6=CC(C)=C(OC(C)C)C(C)=C6)=CC7=C5C=CC=C7,O=C(C1=CC=CC=C1)/N=C/C2=CC=C(OC)C=C2,SC1CCCCC1,0.5302345,2.218501148
245,O=P1(O)OC2=C(C3=CC=C(C)C=C3)C=C4C(C=CC=C4)=C2C5=C(O1)C(C6=CC=C(C)C=C6)=CC7=C5C=CC=C7,O=C(C1=CC=CC=C1)/N=C/C2=CC=C(Cl)C=C2Cl,CCS,0.650583556,2.722041598
979,O=P1(O)OC2=[C@]([C@]3=C(Cl)C=C(Cl)C=C3Cl)C=C4C(CCCC4)=[C@]2[C@]5=C(O1)C(C6=C(Cl)C=C(Cl)C=C6Cl)=CC7=C5CCCC7,O=C(C1=CC=CC=C1)/N=C/C2=CC=CC3=C2C=CC=C3,SC1=CC=CC=C1,1.743657522,7.295463072
229,O=P1(O)OC2=C(C3=CC(C4=CC=C(OC)C=C4)=CC(C5=CC=C(OC)C=C5)=C3)C=C6C(C=CC=C6)=C2C7=C(O1)C(C8=CC(C9=CC=C(OC)C=C9)=CC(C%10=CC=C(OC)C=C%10)=C8)=CC%11=C7C=CC=C%11,O=C(C1=CC=CC=C1)/N=C/C2=CC=C(Cl)C=C2Cl,CCS,0.559297578,2.340101066
495,O=P1(O)OC2=C(C3=CC(C(F)(F)F)=CC(C(F)(F)F)=C3)C=C4C(CCCC4)=C2C5=C(O1)C(C6=CC(C(F)(F)F)=CC(C(F)(F)F)=C6)=CC7=C5CCCC7,O=C(C1=CC=CC=C1)/N=C/C2=CC=C(OC)C=C2,SC1=CC=C(OC)C=C1,1.238109014,5.180248115
560,O=P1(O)OC2=C(C3=CC(C)=C(OC(C)C)C(C)=C3)C=C4C(C=CC=C4)=C2C5=C(O1)C(C6=CC(C)=C(OC(C)C)C(C)=C6)=CC7=C5C=CC=C7,O=C(C1=CC=CC=C1)/N=C/C2=CC=C(OC)C=C2,SC1=CC=CC=C1C,1.125722444,4.710022706
881,O=P1(O)OC2=C(CC)C=C3C(CCCC3)=C2C4=C(O1)C(CC)=CC5=C4CCCC5,O=C(C1=CC=CC=C1)/N=C/C2=CC=CC3=C2C=CC=C3,CCS,-0.07114786,-0.297682646
852,O=P1(O)OC2=C(C3=CC=C(C4CCCCC4)C=C3)C=C5C(CCCC5)=C2C6=C(O1)C(C7=CC=C(C8CCCCC8)C=C7)=CC9=C6CCCC9,O=C(C1=CC=CC=C1)/N=C/C2=CC=CC=C2,SC1CCCCC1,0.682601444,2.856004442
272,O=P1(O)OC2=C(C3=CC=C(C4=CC(C(F)(F)F)=CC(C(F)(F)F)=C4)C=C3)C=C5C(C=CC=C5)=C2C6=C(O1)C(C7=CC=C(C8=CC(C(F)(F)F)=CC(C(F)(F)F)=C8)C=C7)=CC9=C6C=CC=C9,O=C(C1=CC=CC=C1)/N=C/C2=CC=C(Cl)C=C2Cl,SC1=CC=C(OC)C=C1,1.125722444,4.710022706
456,O=P1(O)OC2=C(C3=C(OCC)C=CC(C)=C3)C=C4C(C=CC=C4)=C2C5=C(O1)C(C6=CC(C)=CC=C6OCC)=CC7=C5C=CC=C7,O=C(C1=CC=CC=C1)/N=C/C2=CC=C(OC)C=C2,CCS,0.820945045,3.434834068
1027,O=P1(O)OC2=C(C3=C(OC(F)(F)F)C=CC=C3)C=C4C(C=CC=C4)=C2C5=C(O1)C(C6=CC=CC=C6OC(F)(F)F)=CC7=C5C=CC=C7,O=C(C1=CC=CC=C1)/N=C/C2=CC=CC3=C2C=CC=C3,SC1=CC=CC=C1C,1.446325365,6.051425327
805,O=P1(O)OC2=C(C3=C(OCC)C=CC(C)=C3)C=C4C(C=CC=C4)=C2C5=C(O1)C(C6=CC(C)=CC=C6OCC)=CC7=C5C=CC=C7,O=C(C1=CC=CC=C1)/N=C/C2=CC=CC=C2,SC1=CC=CC=C1C,1.882001124,7.874292703
496,O=P1(O)OC2=C(C3=C(F)C=C(OC)C=C3F)C=C4C(C=CC=C4)=[C@]2[C@]5=C(O1)C(C6=C(F)C=C(OC)C=C6F)=CC7=C5C=CC=C7,O=C(C1=CC=CC=C1)/N=C/C2=CC=C(OC)C=C2,SC1=CC=C(OC)C=C1,1.531802956,6.409063568
614,O=P1(O)OC2=C(C3=CC(C4=CC=C(OC)C=C4)=CC(C5=CC=C(OC)C=C5)=C3)C=C6C(C=CC=C6)=C2C7=C(O1)C(C8=CC(C9=CC=C(OC)C=C9)=CC(C%10=CC=C(OC)C=C%10)=C8)=CC%11=C7C=CC=C%11,O=C(C1=CC=CC=C1)/N=C/C2=CC=C(OC)C=C2,SC1CCCCC1,0.820945045,3.434834068
845,O=P1(O)OC2=C(C3=CC=C(C)C=C3)C=C4C(C=CC=C4)=C2C5=C(O1)C(C6=CC=C(C)C=C6)=CC7=C5C=CC=C7,O=C(C1=CC=CC=C1)/N=C/C2=CC=CC=C2,SC1CCCCC1,0.820945045,3.434834068
317,O=P1(O)OC2=C(C3=CC=C(C4=CC(C(F)(F)F)=CC(C(F)(F)F)=C4)C=C3)C=C5C(C=CC=C5)=C2C6=C(O1)C(C7=CC=C(C8=CC(C(F)(F)F)=CC(C(F)(F)F)=C8)C=C7)=CC9=C6C=CC=C9,O=C(C1=CC=CC=C1)/N=C/C2=CC=C(Cl)C=C2Cl,SC1=CC=CC=C1,1.17989059,4.936662229
442,O=P1(O)OC2=C(C3=CC(C(C)(C)C)=CC(C(C)(C)C)=C3)C=C4C(CCCC4)=C2C5=C(O1)C(C6=CC(C(C)(C)C)=CC(C(C)(C)C)=C6)=CC7=C5CCCC7,O=C(C1=CC=CC=C1)/N=C/C2=CC=C(OC)C=C2,CCS,0.589002233,2.464385343
328,O=P1(O)OC2=C(C3=C(C4CCCCC4)C=C(C5CCCCC5)C=C3C6CCCCC6)C=C7C(C=CC=C7)=C2C8=C(O1)[C@@]([C@@]9=C(C%10CCCCC%10)C=C(C%11CCCCC%11)C=C9C%12CCCCC%12)=CC%13=C8C=CC=C%13,O=C(C1=CC=CC=C1)/N=C/C2=CC=C(Cl)C=C2Cl,SC1=CC=CC=C1,3.134624572,13.11526921
67,O=P1(O)OC2=C(C3=CC(C)=C(OC(C)C)C(C)=C3)C=C4C(C=CC=C4)=C2C5=C(O1)C(C6=CC(C)=C(OC(C)C)C(C)=C6)=CC7=C5C=CC=C7,O=C(C1=CC=CC=C1)/N=C/C2=CC=C(C(F)(F)F)C=C2,SC1=CC=C(OC)C=C1,1.370103771,5.732514178
352,O=P1(O)OC2=C(Br)C=C3C(C=CC=C3)=C2C4=C(O1)C(Br)=CC5=CC=CC=C54,O=C(C1=CC=CC=C1)/N=C/C2=CC=C(Cl)C=C2Cl,SC1=CC=CC=C1C,0.215535446,0.901800306
406,O=P1(O)OC2=C(C3=CC(C4=C(C)C=C(C)C=C4C)=CC(C5=C(C)C=C(C)C=C5C)=C3)C=C6C(CCCC6)=C2C7=C(O1)C(C8=CC(C9=C(C)C=C(C)C=C9C)=CC(C%10=C(C)C=C(C)C=C%10C)=C8)=CC%11=C7CCCC%11,O=C(C1=CC=CC=C1)/N=C/C2=CC=C(Cl)C=C2Cl,SC1CCCCC1,0.682601444,2.856004442
698,O=P1(O)OC2=C(Br)C=C3C(C=CC=C3)=C2C4=C(O1)C(Br)=CC5=CC=CC=C54,O=C(C1=CC=CC=C1)/N=C/C2=CC=CC=C2,SC1=CC=C(OC)C=C1,0.559297578,2.340101066
722,O=P1(O)OC2=C(C3=CC(COC)=CC=C3)C=C4C(C=CC=C4)=C2C5=C(O1)C(C6=CC=CC(COC)=C6)=CC7=C5C=CC=C7,O=C(C1=CC=CC=C1)/N=C/C2=CC=CC=C2,SC1=CC=C(OC)C=C1,1.370103771,5.732514178
241,O=P1(O)OC2=C(C3=CC=C(OC)C=C3)C=C4C(C=CC=C4)=C2C5=C(O1)C(C6=CC=C(OC)C=C6)=CC7=C5C=CC=C7,O=C(C1=CC=CC=C1)/N=C/C2=CC=C(Cl)C=C2Cl,CCS,0.340722979,1.425584944
797,O=P1(O)OC2=C(C3=C(C(C)C)C=C(C(C)C)C=C3C(C)C)C=C4C(C=CC=C4)=C2C5=C(O1)[C@@]([C@@]6=C(C(C)C)C=C(C(C)C)C=C6C(C)C)=CC7=C5C=CC=C7,O=C(C1=CC=CC=C1)/N=C/C2=CC=CC=C2,SC1=CC=CC=C1C,3.134624572,13.11526921
991,O=P1(O)OC2=C(C3=CC=C(S(F)(F)(F)(F)F)C=C3)C=C4C(C=CC=C4)=C2C5=C(O1)C(C6=CC=C(S(F)(F)(F)(F)F)C=C6)=CC7=C5C=CC=C7,O=C(C1=CC=CC=C1)/N=C/C2=CC=CC3=C2C=CC=C3,SC1=CC=CC=C1C,1.125722444,4.710022706
1006,O=P1(O)OC2=C(C3=CC(COC)=CC=C3)C=C4C(CCCC4)=C2C5=C(O1)C(C6=CC=CC(COC)=C6)=CC7=C5CCCC7,O=C(C1=CC=CC=C1)/N=C/C2=CC=CC3=C2C=CC=C3,SC1=CC=CC=C1C,1.17989059,4.936662229
251,O=P1(O)OC2=C(C3=CC(C4=CC(C=CC=C5)=C5C=C4)=CC=C3)C=C6C(C=CC=C6)=C2C7=C(O1)C(C8=CC=CC(C9=CC=C(C=CC=C%10)C%10=C9)=C8)=CC%11=C7C=CC=C%11,O=C(C1=CC=CC=C1)/N=C/C2=CC=C(Cl)C=C2Cl,CCS,0.366586769,1.533799041
216,O=P1(O)OC2=C(C3=C(F)C=C(OC)C=C3F)C=C4C(C=CC=C4)=[C@]2[C@]5=C(O1)C(C6=C(F)C=C(OC)C=C6F)=CC7=C5C=CC=C7,O=C(C1=CC=CC=C1)/N=C/C2=CC=C(Cl)C=C2Cl,CCS,0.820945045,3.434834068
984,O=P1(O)OC2=C(C3=C(C=CC4=CC=CC(C=C5)=C46)C6=C5C=C3)C=C7C(C=CC=C7)=C2C8=C(O1)C(C9=CC=C(C=C%10)C%11=C9C=CC%12=CC=CC%10=C%11%12)=CC%13=C8C=CC=C%13,O=C(C1=CC=CC=C1)/N=C/C2=CC=CC3=C2C=CC=C3,SC1=CC=CC=C1,1.743657522,7.295463072
439,O=P1(O)OC2=C(CC3=CC=C(C(F)(F)F)C=C3C(F)(F)F)C=C4C(C=CC=C4)=C2C5=C(O1)C(CC6=C(C(F)(F)F)C=C(C(F)(F)F)C=C6)=CC7=C5C=CC=C7,O=C(C1=CC=CC=C1)/N=C/C2=CC=C(OC)C=C2,CCS,-0.191142101,-0.799738551
248,O=P1(O)OC2=C(C3=CC=C(C(C)(C)C)C=C3)C=C4C(C=CC=C4)=C2C5=C(O1)C(C6=CC=C(C(C)(C)C)C=C6)=CC7=C5C=CC=C7,O=C(C1=CC=CC=C1)/N=C/C2=CC=C(Cl)C=C2Cl,CCS,0.715545793,2.993843598
903,O=P1(O)OC2=C(C3=CC=CC=C3)C=C4C(C=CC=C4)=C2C5=C(O1)C(C6=CC=CC=C6)=CC7=C5C=CC=C7,O=C(C1=CC=CC=C1)/N=C/C2=CC=CC3=C2C=CC=C3,SC1=CC=C(OC)C=C1,1.074990526,4.497760361
148,O=P1(O)OC2=C(C3=C(C(C)C)C=C(C(C)C)C=C3C(C)C)C=C4C(C=CC=C4)=C2C5=C(O1)[C@@]([C@@]6=C(C(C)C)C=C(C(C)C)C=C6C(C)C)=CC7=C5C=CC=C7,O=C(C1=CC=CC=C1)/N=C/C2=CC=C(C(F)(F)F)C=C2,SC1=CC=CC=C1C,2.058499317,8.612761142
446,O=P1(O)OC2=C([Si](C3=CC=CC=C3)(C4=CC=CC=C4)C5=CC=CC=C5)C=C6C(C=CC=C6)=C2C7=C(O1)C([Si](C8=CC=CC=C8)(C9=CC=CC=C9)C%10=CC=CC=C%10)=CC%11=C7C=CC=C%11,O=C(C1=CC=CC=C1)/N=C/C2=CC=C(OC)C=C2,CCS,0.047400225,0.198322541
457,O=P1(O)OC2=C(C3=CC(COC)=CC=C3)C=C4C(C=CC=C4)=C2C5=C(O1)C(C6=CC=CC(COC)=C6)=CC7=C5C=CC=C7,O=C(C1=CC=CC=C1)/N=C/C2=CC=C(OC)C=C2,CCS,0.784603173,3.282779676
43,O=P1(O)OC2=C(C3=CC=CC=C3)C=C4C(C=CC=C4)=C2C5=C(O1)C(C6=CC=CC=C6)=CC7=C5C=CC=C7,O=C(C1=CC=CC=C1)/N=C/C2=CC=C(C(F)(F)F)C=C2,SC1=CC=C(OC)C=C1,1.125722444,4.710022706
451,O=P1(O)OC2=C(C3=C(C(C)C)C=C(C4=CC=C(C(C)(C)C)C=C4)C=C3C(C)C)C=C5C(C=CC=C5)=[C@]2[C@]6=C(O1)C(C7=C(C(C)C)C=C(C8=CC=C(C(C)(C)C)C=C8)C=C7C(C)C)=CC9=C6C=CC=C9,O=C(C1=CC=CC=C1)/N=C/C2=CC=C(OC)C=C2,CCS,1.238109014,5.180248115
168,O=P1(O)OC2=C(C3=CC=C(C4=CC=C(C=CC=C5)C5=C4)C=C3)C=C6C(C=CC=C6)=C2C7=C(O1)C(C8=CC=C(C9=CC(C=CC=C%10)=C%10C=C9)C=C8)=CC%11=C7C=CC=C%11,O=C(C1=CC=CC=C1)/N=C/C2=CC=C(C(F)(F)F)C=C2,SC1=CC=CC=C1C,1.301167112,5.444083197
757,O=P1(O)OC2=C(C3=CC(C4=CC(C(F)(F)F)=CC(C(F)(F)F)=C4)=CC(C5=CC(C(F)(F)F)=CC(C(F)(F)F)=C5)=C3)C=C6C(C=CC=C6)=C2C7=C(O1)C(C8=CC(C9=CC(C(F)(F)F)=CC(C(F)(F)F)=C9)=CC(C%10=CC(C(F)(F)F)=CC(C(F)(F)F)=C%10)=C8)=CC%11=C7C=CC=C%11,O=C(C1=CC=CC=C1)/N=C/C2=CC=CC=C2,SC1=CC=CC=C1,1.446325365,6.051425327
882,O=P1(O)OC2=C(C3=C(C=CC=C4)C4=C(C5=CC(C=CC=C6)=C6C=C5)C7=C3C=CC=C7)C=C8C(C=CC=C8)=[C@]2[C@]9=C(O1)C(C%10=C(C=CC=C%11)C%11=C(C%12=CC=C(C=CC=C%13)C%13=C%12)C%14=C%10C=CC=C%14)=CC%15=C9C=CC=C%15,O=C(C1=CC=CC=C1)/N=C/C2=CC=CC3=C2C=CC=C3,CCS,1.074990526,4.497760361
205,O=P1(O)OC2=C(C3=CC=C(C4CCCCC4)C=C3)C=C5C(CCCC5)=C2C6=C(O1)C(C7=CC=C(C8CCCCC8)C=C7)=CC9=C6CCCC9,O=C(C1=CC=CC=C1)/N=C/C2=CC=C(C(F)(F)F)C=C2,SC1CCCCC1,0.650583556,2.722041598
69,O=P1(O)OC2=C(C3=CC(C4=CC(C(F)(F)F)=CC(C(F)(F)F)=C4)=CC(C5=CC(C(F)(F)F)=CC(C(F)(F)F)=C5)=C3)C=C6C(C=CC=C6)=C2C7=C(O1)C(C8=CC(C9=CC(C(F)(F)F)=CC(C(F)(F)F)=C9)=CC(C%10=CC(C(F)(F)F)=CC(C(F)(F)F)=C%10)=C8)=CC%11=C7C=CC=C%11,O=C(C1=CC=CC=C1)/N=C/C2=CC=C(C(F)(F)F)C=C2,SC1=CC=C(OC)C=C1,1.370103771,5.732514178
36,O=P1(O)OC2=C(C3=CC(C(F)(F)F)=CC(C(F)(F)F)=C3)C=C4C(CCCC4)=C2C5=C(O1)C(C6=CC(C(F)(F)F)=CC(C(F)(F)F)=C6)=CC7=C5CCCC7,O=C(C1=CC=CC=C1)/N=C/C2=CC=C(C(F)(F)F)C=C2,CCS,0.366586769,1.533799041
736,O=P1(O)OC2=C(CC3=C(C=CC=C4)C4=CC5=C3C=CC=C5)C=C6C(C=CC=C6)=C2C7=C(O1)C(CC8=C(C=CC=C9)C9=CC%10=C8C=CC=C%10)=CC%11=C7C=CC=C%11,O=C(C1=CC=CC=C1)/N=C/C2=CC=CC=C2,SC1=CC=CC=C1,0.501758501,2.099357568
712,O=P1(O)OC2=C(C3=C(F)C=C(OC)C=C3F)C=C4C(C=CC=C4)=[C@]2[C@]5=C(O1)C(C6=C(F)C=C(OC)C=C6F)=CC7=C5C=CC=C7,O=C(C1=CC=CC=C1)/N=C/C2=CC=CC=C2,SC1=CC=C(OC)C=C1,1.370103771,5.732514178
448,O=P1(O)OC2=C([Si](C3=CC=C(C(C)(C)C)C=C3)(C4=CC=C(C(C)(C)C)C=C4)C5=CC=C(C(C)(C)C)C=C5)C=C6C(CCCC6)=C2C7=C(O1)C([Si](C8=CC=C(C(C)(C)C)C=C8)(C9=CC=C(C(C)(C)C)C=C9)C%10=CC=C(C(C)(C)C)C=C%10)=CC%11=C7CCCC%11,O=C(C1=CC=CC=C1)/N=C/C2=CC=C(OC)C=C2,CCS,0.142812956,0.597529408
527,O=P1(O)OC2=C([Si](C3=CC=CC=C3)(C4=CC=CC=C4)C5=CC=CC=C5)C=C6C(CCCC6)=C2C7=C(O1)C([Si](C8=CC=CC=C8)(C9=CC=CC=C9)C%10=CC=CC=C%10)=CC%11=C7CCCC%11,O=C(C1=CC=CC=C1)/N=C/C2=CC=C(OC)C=C2,SC1=CC=CC=C1,0.240111033,1.004624562
1060,O=P1(O)OC2=C(C3=CC=C(C)C=C3)C=C4C(C=CC=C4)=C2C5=C(O1)C(C6=CC=C(C)C=C6)=CC7=C5C=CC=C7,O=C(C1=CC=CC=C1)/N=C/C2=CC=CC3=C2C=CC=C3,SC1CCCCC1,0.559297578,2.340101066
907,O=P1(O)OC2=C(CC3=CC(C(F)(F)F)=CC(C(F)(F)F)=C3)C=C4C(CCCC4)=C2C5=C(O1)C(CC6=CC(C(F)(F)F)=CC(C(F)(F)F)=C6)=CC7=C5CCCC7,O=C(C1=CC=CC=C1)/N=C/C2=CC=CC3=C2C=CC=C3,SC1=CC=C(OC)C=C1,0.589002233,2.464385343
504,O=P1(O)OC2=C(C3=C(C(C)C)C=C(C4=CC=C(C(C)(C)C)C=C4)C=C3C(C)C)C=C5C(C=CC=C5)=[C@]2[C@]6=C(O1)C(C7=C(C(C)C)C=C(C8=CC=C(C(C)(C)C)C=C8)C=C7C(C)C)=CC9=C6C=CC=C9,O=C(C1=CC=CC=C1)/N=C/C2=CC=C(OC)C=C2,SC1=CC=C(OC)C=C1,3.134624572,13.11526921
863,O=P1(O)OC2=C(C3=CC(C)=C(OC(C)C)C(C)=C3)C=C4C(C=CC=C4)=C2C5=C(O1)C(C6=CC(C)=C(OC(C)C)C(C)=C6)=CC7=C5C=CC=C7,O=C(C1=CC=CC=C1)/N=C/C2=CC=CC3=C2C=CC=C3,CCS,0.419377753,1.754676519
428,O=P1(O)OC2=[C@]([C@]3=C(Cl)C=C(Cl)C=C3Cl)C=C4C(CCCC4)=[C@]2[C@]5=C(O1)C(C6=C(Cl)C=C(Cl)C=C6Cl)=CC7=C5CCCC7,O=C(C1=CC=CC=C1)/N=C/C2=CC=C(Cl)C=C2Cl,SC1CCCCC1,1.531802956,6.409063568
258,O=P1(O)OC2=C(C3=CC(C)=C(OC(C)C)C(C)=C3)C=C4C(C=CC=C4)=C2C5=C(O1)C(C6=CC(C)=C(OC(C)C)C(C)=C6)=CC7=C5C=CC=C7,O=C(C1=CC=CC=C1)/N=C/C2=CC=C(Cl)C=C2Cl,SC1=CC=C(OC)C=C1,1.074990526,4.497760361
935,O=P1(O)OC2=C(C3=C(C=CC=C4)C4=C(C5=CC(C=CC=C6)=C6C=C5)C7=C3C=CC=C7)C=C8C(C=CC=C8)=[C@]2[C@]9=C(O1)C(C%10=C(C=CC=C%11)C%11=C(C%12=CC=C(C=CC=C%13)C%13=C%12)C%14=C%10C=CC=C%14)=CC%15=C9C=CC=C%15,O=C(C1=CC=CC=C1)/N=C/C2=CC=CC3=C2C=CC=C3,SC1=CC=C(OC)C=C1,3.134624572,13.11526921
850,O=P1(O)OC2=C(C3=CC(C4=CC(C=CC=C5)=C5C=C4)=CC=C3)C=C6C(C=CC=C6)=C2C7=C(O1)C(C8=CC=CC(C9=CC=C(C=CC=C%10)C%10=C9)=C8)=CC%11=C7C=CC=C%11,O=C(C1=CC=CC=C1)/N=C/C2=CC=CC=C2,SC1CCCCC1,0.589002233,2.464385343
452,O=P1(O)OC2=C(CC)C=C3C(CCCC3)=C2C4=C(O1)C(CC)=CC5=C4CCCC5,O=C(C1=CC=CC=C1)/N=C/C2=CC=C(OC)C=C2,CCS,-0.09495278,-0.397282432
659,O=P1(O)OC2=C(Br)C=C3C(C=CC=C3)=C2C4=C(O1)C(Br)=CC5=CC=CC=C54,O=C(C1=CC=CC=C1)/N=C/C2=CC=CC=C2,CCS,0.366586769,1.533799041
692,O=P1(O)OC2=C(CC3=C(C=CC=C4)C4=CC5=C3C=CC=C5)C=C6C(C=CC=C6)=C2C7=C(O1)C(CC8=C(C=CC=C9)C9=CC%10=C8C=CC=C%10)=CC%11=C7C=CC=C%11,O=C(C1=CC=CC=C1)/N=C/C2=CC=CC=C2,SC1=CC=C(OC)C=C1,0.559297578,2.340101066
1033,O=P1(O)OC2=C(C3=C(F)C=C(OC)C=C3F)C=C4C(C=CC=C4)=[C@]2[C@]5=C(O1)C(C6=C(F)C=C(OC)C=C6F)=CC7=C5C=CC=C7,O=C(C1=CC=CC=C1)/N=C/C2=CC=CC3=C2C=CC=C3,SC1CCCCC1,1.027207628,4.297836716
1034,O=P1(O)OC2=C(C3=C(C)C=C(C)C=C3C)C=C4C(C=CC=C4)=C2C5=C(O1)[C@@]([C@@]6=C(C)C=C(C)C=C6C)=CC7=C5C=CC=C7,O=C(C1=CC=CC=C1)/N=C/C2=CC=CC3=C2C=CC=C3,SC1CCCCC1,1.074990526,4.497760361
355,O=P1(O)OC2=C([Si](C3=CC=CC=C3)(C4=CC=CC=C4)C5=CC=CC=C5)C=C6C(CCCC6)=C2C7=C(O1)C([Si](C8=CC=CC=C8)(C9=CC=CC=C9)C%10=CC=CC=C%10)=CC%11=C7CCCC%11,O=C(C1=CC=CC=C1)/N=C/C2=CC=C(Cl)C=C2Cl,SC1=CC=CC=C1C,0.118834511,0.497203594
88,O=P1(O)OC2=C(CC3=CC=C(OC)C=C3)C=C4C(CCCC4)=C2C5=C(O1)C(CC6=CC=C(OC)C=C6)=CC7=C5CCCC7,O=C(C1=CC=CC=C1)/N=C/C2=CC=C(C(F)(F)F)C=C2,SC1=CC=CC=C1,0.501758501,2.099357568
332,O=P1(O)OC2=C(C3=C(C=CC=C4)C4=C(C5=CC(C=CC=C6)=C6C=C5)C7=C3C=CC=C7)C=C8C(C=CC=C8)=[C@]2[C@]9=C(O1)C(C%10=C(C=CC=C%11)C%11=C(C%12=CC=C(C=CC=C%13)C%13=C%12)C%14=C%10C=CC=C%14)=CC%15=C9C=CC=C%15,O=C(C1=CC=CC=C1)/N=C/C2=CC=C(Cl)C=C2Cl,SC1=CC=CC=C1,1.882001124,7.874292703
176,O=P1(O)OC2=C(C3=CC(C4=CC(C(F)(F)F)=CC(C(F)(F)F)=C4)=CC(C5=CC(C(F)(F)F)=CC(C(F)(F)F)=C5)=C3)C=C6C(C=CC=C6)=C2C7=C(O1)C(C8=CC(C9=CC(C(F)(F)F)=CC(C(F)(F)F)=C9)=CC(C%10=CC(C(F)(F)F)=CC(C(F)(F)F)=C%10)=C8)=CC%11=C7C=CC=C%11,O=C(C1=CC=CC=C1)/N=C/C2=CC=C(C(F)(F)F)C=C2,SC1CCCCC1,0.820945045,3.434834068
52,O=P1(O)OC2=C(Br)C=C3C(C=CC=C3)=C2C4=C(O1)C(Br)=CC5=CC=CC=C54,O=C(C1=CC=CC=C1)/N=C/C2=CC=C(C(F)(F)F)C=C2,SC1=CC=C(OC)C=C1,0.264892334,1.108309525
282,O=P1(O)OC2=C(C3=CC=C(C4CCCCC4)C=C3)C=C5C(CCCC5)=C2C6=C(O1)C(C7=CC=C(C8CCCCC8)C=C7)=CC9=C6CCCC9,O=C(C1=CC=CC=C1)/N=C/C2=CC=C(Cl)C=C2Cl,SC1=CC=C(OC)C=C1,1.074990526,4.497760361
704,O=P1(O)OC2=C(CC)C=C3C(CCCC3)=C2C4=C(O1)C(CC)=CC5=C4CCCC5,O=C(C1=CC=CC=C1)/N=C/C2=CC=CC=C2,SC1=CC=C(OC)C=C1,0.118834511,0.497203594
867,O=P1(O)OC2=C(CC3=CC(C(F)(F)F)=CC(C(F)(F)F)=C3)C=C4C(CCCC4)=C2C5=C(O1)C(CC6=CC(C(F)(F)F)=CC(C(F)(F)F)=C6)=CC7=C5CCCC7,O=C(C1=CC=CC=C1)/N=C/C2=CC=CC3=C2C=CC=C3,CCS,-0.166908496,-0.698345147
769,O=P1(O)OC2=C(C3=CC=C(C(C)(C)C)C=C3)C=C4C(C=CC=C4)=C2C5=C(O1)C(C6=CC=C(C(C)(C)C)C=C6)=CC7=C5C=CC=C7,O=C(C1=CC=CC=C1)/N=C/C2=CC=CC=C2,SC1=CC=CC=C1,1.370103771,5.732514178
613,O=P1(O)OC2=C(C3=CC(C(C)(C)C)=CC(C(C)(C)C)=C3)C=C4C(CCCC4)=C2C5=C(O1)C(C6=CC(C(C)(C)C)=CC(C(C)(C)C)=C6)=CC7=C5CCCC7,O=C(C1=CC=CC=C1)/N=C/C2=CC=C(OC)C=C2,SC1CCCCC1,0.715545793,2.993843598
1036,O=P1(O)OC2=C(C3=CC=C(S(F)(F)(F)(F)F)C=C3)C=C4C(C=CC=C4)=C2C5=C(O1)C(C6=CC=C(S(F)(F)(F)(F)F)C=C6)=CC7=C5C=CC=C7,O=C(C1=CC=CC=C1)/N=C/C2=CC=CC3=C2C=CC=C3,SC1CCCCC1,0.589002233,2.464385343
294,O=P1(O)OC2=C(C3=C(C=CC=C4)C4=C(C5=CC(C=CC=C6)=C6C=C5)C7=C3C=CC=C7)C=C8C(C=CC=C8)=[C@]2[C@]9=C(O1)C(C%10=C(C=CC=C%11)C%11=C(C%12=CC=C(C=CC=C%13)C%13=C%12)C%14=C%10C=CC=C%14)=CC%15=C9C=CC=C%15,O=C(C1=CC=CC=C1)/N=C/C2=CC=C(Cl)C=C2Cl,SC1=CC=C(OC)C=C1,2.304684113,9.642798329
817,O=P1(O)OC2=C(C3=CC=CC=C3)C=C4C(C=CC=C4)=C2C5=C(O1)C(C6=CC=CC=C6)=CC7=C5C=CC=C7,O=C(C1=CC=CC=C1)/N=C/C2=CC=CC=C2,SC1CCCCC1,0.650583556,2.722041598
782,O=P1(O)OC2=C(C3=CC(C(C)(C)C)=CC(C(C)(C)C)=C3)C=C4C(CCCC4)=C2C5=C(O1)C(C6=CC(C(C)(C)C)=CC(C(C)(C)C)=C6)=CC7=C5CCCC7,O=C(C1=CC=CC=C1)/N=C/C2=CC=CC=C2,SC1=CC=CC=C1C,1.17989059,4.936662229
261,O=P1(O)OC2=C(CC3=CC(C(F)(F)F)=CC(C(F)(F)F)=C3)C=C4C(CCCC4)=C2C5=C(O1)C(CC6=CC(C(F)(F)F)=CC(C(F)(F)F)=C6)=CC7=C5CCCC7,O=C(C1=CC=CC=C1)/N=C/C2=CC=C(Cl)C=C2Cl,SC1=CC=C(OC)C=C1,0.473819986,1.982462821
1058,O=P1(O)OC2=C(C3=CC(COC)=CC=C3)C=C4C(C=CC=C4)=C2C5=C(O1)C(C6=CC=CC(COC)=C6)=CC7=C5C=CC=C7,O=C(C1=CC=CC=C1)/N=C/C2=CC=CC3=C2C=CC=C3,SC1CCCCC1,0.589002233,2.464385343
830,O=P1(O)OC2=C(C3=CC(C4=CC=C(OC)C=C4)=CC(C5=CC=C(OC)C=C5)=C3)C=C6C(C=CC=C6)=C2C7=C(O1)C(C8=CC(C9=CC=C(OC)C=C9)=CC(C%10=CC=C(OC)C=C%10)=C8)=CC%11=C7C=CC=C%11,O=C(C1=CC=CC=C1)/N=C/C2=CC=CC=C2,SC1CCCCC1,0.559297578,2.340101066
780,O=P1(O)OC2=C([Si](C3=CC=CC=C3)(C)C4=CC=CC=C4)C=C5C(C=CC=C5)=C2C6=C(O1)C([Si](C7=CC=CC=C7)(C8=CC=CC=C8)C)=CC9=C6C=CC=C9,O=C(C1=CC=CC=C1)/N=C/C2=CC=CC=C2,SC1=CC=CC=C1C,0.820945045,3.434834068
182,O=P1(O)OC2=C(C3=CC(C(C)(C)C)=CC(C(C)(C)C)=C3)C=C4C(C=CC=C4)=C2C5=C(O1)C(C6=CC(C(C)(C)C)=CC(C(C)(C)C)=C6)=CC7=C5C=CC=C7,O=C(C1=CC=CC=C1)/N=C/C2=CC=C(C(F)(F)F)C=C2,SC1CCCCC1,0.589002233,2.464385343
238,O=P1(O)OC2=C(CC)C=C3C(CCCC3)=C2C4=C(O1)C(CC)=CC5=C4CCCC5,O=C(C1=CC=CC=C1)/N=C/C2=CC=C(Cl)C=C2Cl,CCS,-0.240111033,-1.004624562
82,O=P1(O)OC2=C(C3=C(C4=CC(C=CC=C5)=C5C=C4)C=CC=C3)C=C6C(CCCC6)=C2C7=C(O1)C(C8=CC=CC=C8C9=CC=C(C=CC=C%10)C%10=C9)=CC%11=C7CCCC%11,O=C(C1=CC=CC=C1)/N=C/C2=CC=C(C(F)(F)F)C=C2,SC1=CC=C(OC)C=C1,1.743657522,7.295463072
702,O=P1(O)OC2=C([Si](C3=CC=C(C(C)(C)C)C=C3)(C4=CC=C(C(C)(C)C)C=C4)C5=CC=C(C(C)(C)C)C=C5)C=C6C(CCCC6)=C2C7=C(O1)C([Si](C8=CC=C(C(C)(C)C)C=C8)(C9=CC=C(C(C)(C)C)C=C9)C%10=CC=C(C(C)(C)C)C=C%10)=CC%11=C7CCCC%11,O=C(C1=CC=CC=C1)/N=C/C2=CC=CC=C2,SC1=CC=C(OC)C=C1,0.118834511,0.497203594
800,O=P1(O)OC2=C(C3=CC=C(C4=CC(C(F)(F)F)=CC(C(F)(F)F)=C4)C=C3)C=C5C(C=CC=C5)=C2C6=C(O1)C(C7=CC=C(C8=CC(C(F)(F)F)=CC(C(F)(F)F)=C8)C=C7)=CC9=C6C=CC=C9,O=C(C1=CC=CC=C1)/N=C/C2=CC=CC=C2,SC1=CC=CC=C1C,1.370103771,5.732514178
543,O=P1(O)OC2=C(C3=C(C4CCCCC4)C=C(C5CCCCC5)C=C3C6CCCCC6)C=C7C(C=CC=C7)=C2C8=C(O1)[C@@]([C@@]9=C(C%10CCCCC%10)C=C(C%11CCCCC%11)C=C9C%12CCCCC%12)=CC%13=C8C=CC=C%13,O=C(C1=CC=CC=C1)/N=C/C2=CC=C(OC)C=C2,SC1=CC=CC=C1,2.058499317,8.612761142
139,O=P1(O)OC2=C([Si](C3=CC=C(C(C)(C)C)C=C3)(C4=CC=C(C(C)(C)C)C=C4)C5=CC=C(C(C)(C)C)C=C5)C=C6C(CCCC6)=C2C7=C(O1)C([Si](C8=CC=C(C(C)(C)C)C=C8)(C9=CC=C(C(C)(C)C)C=C9)C%10=CC=C(C(C)(C)C)C=C%10)=CC%11=C7CCCC%11,O=C(C1=CC=CC=C1)/N=C/C2=CC=C(C(F)(F)F)C=C2,SC1=CC=CC=C1C,0.0,0.0
127,O=P1(O)OC2=C(C3=C(OC)C=CC=C3OC)C=C4C(C=CC=C4)=C2C5=C(O1)[C@@]([C@@]6=C(OC)C=CC=C6OC)=CC7=C5C=CC=C7,O=C(C1=CC=CC=C1)/N=C/C2=CC=C(C(F)(F)F)C=C2,SC1=CC=CC=C1,1.629422542,6.817503916
787,O=P1(O)OC2=C([Si](C3=CC=CC=C3)(C4=CC=CC=C4)C5=CC=CC=C5)C=C6C(CCCC6)=C2C7=C(O1)C([Si](C8=CC=CC=C8)(C9=CC=CC=C9)C%10=CC=CC=C%10)=CC%11=C7CCCC%11,O=C(C1=CC=CC=C1)/N=C/C2=CC=CC=C2,SC1=CC=CC=C1C,0.118834511,0.497203594
955,O=P1(O)OC2=C([Si](C3=CC=CC=C3)(C4=CC=CC=C4)C5=CC=CC=C5)C=C6C(C=CC=C6)=C2C7=C(O1)C([Si](C8=CC=CC=C8)(C9=CC=CC=C9)C%10=CC=CC=C%10)=CC%11=C7C=CC=C%11,O=C(C1=CC=CC=C1)/N=C/C2=CC=CC3=C2C=CC=C3,SC1=CC=CC=C1,0.191142101,0.799738551
308,O=P1(O)OC2=C(CC3=CC=C(C(F)(F)F)C=C3C(F)(F)F)C=C4C(C=CC=C4)=C2C5=C(O1)C(CC6=C(C(F)(F)F)C=C(C(F)(F)F)C=C6)=CC7=C5C=CC=C7,O=C(C1=CC=CC=C1)/N=C/C2=CC=C(Cl)C=C2Cl,SC1=CC=CC=C1,0.315171704,1.31867841
906,O=P1(O)OC2=C(CC3=CC=C(OC)C=C3)C=C4C(CCCC4)=C2C5=C(O1)C(CC6=CC=C(OC)C=C6)=CC7=C5CCCC7,O=C(C1=CC=CC=C1)/N=C/C2=CC=CC3=C2C=CC=C3,SC1=CC=C(OC)C=C1,0.191142101,0.799738551
333,O=P1(O)OC2=[C@]([C@]3=C(Cl)C=C(Cl)C=C3Cl)C=C4C(CCCC4)=[C@]2[C@]5=C(O1)C(C6=C(Cl)C=C(Cl)C=C6Cl)=CC7=C5CCCC7,O=C(C1=CC=CC=C1)/N=C/C2=CC=C(Cl)C=C2Cl,SC1=CC=CC=C1,1.964152936,8.218015884
312,O=P1(O)OC2=C(Br)C=C3C(C=CC=C3)=C2C4=C(O1)C(Br)=CC5=CC=CC=C54,O=C(C1=CC=CC=C1)/N=C/C2=CC=C(Cl)C=C2Cl,SC1=CC=CC=C1,0.315171704,1.31867841
570,O=P1(O)OC2=C(Br)C=C3C(CCCC3)=C2C4=C(O1)C(Br)=CC5=C4CCCC5,O=C(C1=CC=CC=C1)/N=C/C2=CC=C(OC)C=C2,SC1=CC=CC=C1C,0.240111033,1.004624562
155,O=P1(O)OC2=C(C3=CC(C4=CC=C(OC)C=C4)=CC(C5=CC=C(OC)C=C5)=C3)C=C6C(C=CC=C6)=C2C7=C(O1)C(C8=CC(C9=CC=C(OC)C=C9)=CC(C%10=CC=C(OC)C=C%10)=C8)=CC%11=C7C=CC=C%11,O=C(C1=CC=CC=C1)/N=C/C2=CC=C(C(F)(F)F)C=C2,SC1=CC=CC=C1C,1.743657522,7.295463072
733,O=P1(O)OC2=C(C3=CC=C(S(F)(F)(F)(F)F)C=C3)C=C4C(C=CC=C4)=C2C5=C(O1)C(C6=CC=C(S(F)(F)(F)(F)F)C=C6)=CC7=C5C=CC=C7,O=C(C1=CC=CC=C1)/N=C/C2=CC=CC=C2,SC1=CC=CC=C1,0.981980567,4.108606692
137,O=P1(O)OC2=C([Si](C3=CC=CC=C3)(C4=CC=CC=C4)C5=CC=CC=C5)C=C6C(C=CC=C6)=C2C7=C(O1)C([Si](C8=CC=CC=C8)(C9=CC=CC=C9)C%10=CC=CC=C%10)=CC%11=C7C=CC=C%11,O=C(C1=CC=CC=C1)/N=C/C2=CC=C(C(F)(F)F)C=C2,SC1=CC=CC=C1C,0.191142101,0.799738551
948,O=P1(O)OC2=C(CC3=CC=C(OC)C=C3)C=C4C(CCCC4)=C2C5=C(O1)C(CC6=CC=C(OC)C=C6)=CC7=C5CCCC7,O=C(C1=CC=CC=C1)/N=C/C2=CC=CC3=C2C=CC=C3,SC1=CC=CC=C1,0.5302345,2.218501148
1039,O=P1(O)OC2=C(CC3=CC(C(F)(F)F)=CC(C(F)(F)F)=C3)C=C4C(CCCC4)=C2C5=C(O1)C(CC6=CC(C(F)(F)F)=CC(C(F)(F)F)=C6)=CC7=C5CCCC7,O=C(C1=CC=CC=C1)/N=C/C2=CC=CC3=C2C=CC=C3,SC1CCCCC1,-0.315171704,-1.31867841
728,O=P1(O)OC2=C(C3=C(C4=CC(C=CC=C5)=C5C=C4)C=CC=C3)C=C6C(CCCC6)=C2C7=C(O1)C(C8=CC=CC=C8C9=CC=C(C=CC=C%10)C%10=C9)=CC%11=C7CCCC%11,O=C(C1=CC=CC=C1)/N=C/C2=CC=CC=C2,SC1=CC=C(OC)C=C1,1.446325365,6.051425327
181,O=P1(O)OC2=C([Si](C3=CC=CC=C3)(C)C4=CC=CC=C4)C=C5C(C=CC=C5)=C2C6=C(O1)C([Si](C7=CC=CC=C7)(C8=CC=CC=C8)C)=CC9=C6C=CC=C9,O=C(C1=CC=CC=C1)/N=C/C2=CC=C(C(F)(F)F)C=C2,SC1CCCCC1,0.366586769,1.533799041
410,O=P1(O)OC2=C(C3=CC=C(OC)C=C3)C=C4C(C=CC=C4)=C2C5=C(O1)C(C6=CC=C(OC)C=C6)=CC7=C5C=CC=C7,O=C(C1=CC=CC=C1)/N=C/C2=CC=C(Cl)C=C2Cl,SC1CCCCC1,0.501758501,2.099357568
499,O=P1(O)OC2=C(C3=CC(C)=C(OC(C)C)C(C)=C3)C=C4C(C=CC=C4)=C2C5=C(O1)C(C6=CC(C)=C(OC(C)C)C(C)=C6)=CC7=C5C=CC=C7,O=C(C1=CC=CC=C1)/N=C/C2=CC=C(OC)C=C2,SC1=CC=C(OC)C=C1,1.301167112,5.444083197
447,O=P1(O)OC2=C([Si](C3=CC=CC=C3)(C4=CC=CC=C4)C5=CC=CC=C5)C=C6C(CCCC6)=C2C7=C(O1)C([Si](C8=CC=CC=C8)(C9=CC=CC=C9)C%10=CC=CC=C%10)=CC%11=C7CCCC%11,O=C(C1=CC=CC=C1)/N=C/C2=CC=C(OC)C=C2,CCS,-0.023690626,-0.099121579
637,O=P1(O)OC2=C(C3=C(C)C=C(C)C=C3C)C=C4C(C=CC=C4)=C2C5=C(O1)[C@@]([C@@]6=C(C)C=C(C)C=C6C)=CC7=C5C=CC=C7,O=C(C1=CC=CC=C1)/N=C/C2=CC=C(OC)C=C2,SC1CCCCC1,1.370103771,5.732514178
283,O=P1(O)OC2=C(C3=CC(C(F)(F)F)=CC(C(F)(F)F)=C3)C=C4C(C=CC=C4)=C2C5=C(O1)C(C6=CC(C(F)(F)F)=CC(C(F)(F)F)=C6)=CC7=C5C=CC=C7,O=C(C1=CC=CC=C1)/N=C/C2=CC=C(Cl)C=C2Cl,SC1=CC=C(OC)C=C1,0.878113519,3.674026963
341,O=P1(O)OC2=C(C3=C(OC)C=CC=C3OC)C=C4C(C=CC=C4)=C2C5=C(O1)[C@@]([C@@]6=C(OC)C=CC=C6OC)=CC7=C5C=CC=C7,O=C(C1=CC=CC=C1)/N=C/C2=CC=C(Cl)C=C2Cl,SC1=CC=CC=C1,1.964152936,8.218015884
783,O=P1(O)OC2=C(C3=CC(C4=CC=C(OC)C=C4)=CC(C5=CC=C(OC)C=C5)=C3)C=C6C(C=CC=C6)=C2C7=C(O1)C(C8=CC(C9=CC=C(OC)C=C9)=CC(C%10=CC=C(OC)C=C%10)=C8)=CC%11=C7C=CC=C%11,O=C(C1=CC=CC=C1)/N=C/C2=CC=CC=C2,SC1=CC=CC=C1C,1.238109014,5.180248115
822,O=P1(O)OC2=C(C3=CC(C4=CC(C(F)(F)F)=CC(C(F)(F)F)=C4)=CC(C5=CC(C(F)(F)F)=CC(C(F)(F)F)=C5)=C3)C=C6C(C=CC=C6)=C2C7=C(O1)C(C8=CC(C9=CC(C(F)(F)F)=CC(C(F)(F)F)=C9)=CC(C%10=CC(C(F)(F)F)=CC(C(F)(F)F)=C%10)=C8)=CC%11=C7C=CC=C%11,O=C(C1=CC=CC=C1)/N=C/C2=CC=CC=C2,SC1CCCCC1,0.5302345,2.218501148
994,O=P1(O)OC2=C(CC3=C(C=CC=C4)C4=CC5=C3C=CC=C5)C=C6C(C=CC=C6)=C2C7=C(O1)C(CC8=C(C=CC=C9)C9=CC%10=C8C=CC=C%10)=CC%11=C7C=CC=C%11,O=C(C1=CC=CC=C1)/N=C/C2=CC=CC3=C2C=CC=C3,SC1=CC=CC=C1C,0.715545793,2.993843598
265,O=P1(O)OC2=C(C3=CC(C(C)(C)C)=CC(C(C)(C)C)=C3)C=C4C(C=CC=C4)=C2C5=C(O1)C(C6=CC(C(C)(C)C)=CC(C(C)(C)C)=C6)=CC7=C5C=CC=C7,O=C(C1=CC=CC=C1)/N=C/C2=CC=C(Cl)C=C2Cl,SC1=CC=C(OC)C=C1,1.17989059,4.936662229
843,O=P1(O)OC2=C(C3=CC(COC)=CC=C3)C=C4C(C=CC=C4)=C2C5=C(O1)C(C6=CC=CC(COC)=C6)=CC7=C5C=CC=C7,O=C(C1=CC=CC=C1)/N=C/C2=CC=CC=C2,SC1CCCCC1,0.559297578,2.340101066
459,O=P1(O)OC2=C(C3=CC=C(C)C=C3)C=C4C(C=CC=C4)=C2C5=C(O1)C(C6=CC=C(C)C=C6)=CC7=C5C=CC=C7,O=C(C1=CC=CC=C1)/N=C/C2=CC=C(OC)C=C2,CCS,0.981980567,4.108606692
557,O=P1(O)OC2=C(C3=CC(C4=CC(C=CC=C5)=C5C=C4)=CC=C3)C=C6C(C=CC=C6)=C2C7=C(O1)C(C8=CC=CC(C9=CC=C(C=CC=C%10)C%10=C9)=C8)=CC%11=C7C=CC=C%11,O=C(C1=CC=CC=C1)/N=C/C2=CC=C(OC)C=C2,SC1=CC=CC=C1,1.301167112,5.444083197
897,O=P1(O)OC2=C(C3=CC(C(F)(F)F)=CC(C(F)(F)F)=C3)C=C4C(C=CC=C4)=C2C5=C(O1)C(C6=CC(C(F)(F)F)=CC(C(F)(F)F)=C6)=CC7=C5C=CC=C7,O=C(C1=CC=CC=C1)/N=C/C2=CC=CC3=C2C=CC=C3,CCS,0.302504127,1.265677267
519,O=P1(O)OC2=C(CC3=CC=C(OC)C=C3)C=C4C(CCCC4)=C2C5=C(O1)C(CC6=CC=C(OC)C=C6)=CC7=C5CCCC7,O=C(C1=CC=CC=C1)/N=C/C2=CC=C(OC)C=C2,SC1=CC=CC=C1,0.166908496,0.698345147
316,O=P1(O)OC2=C([Si](C3=CC=C(C(C)(C)C)C=C3)(C4=CC=C(C(C)(C)C)C=C4)C5=CC=C(C(C)(C)C)C=C5)C=C6C(CCCC6)=C2C7=C(O1)C([Si](C8=CC=C(C(C)(C)C)C=C8)(C9=CC=C(C(C)(C)C)C=C9)C%10=CC=C(C(C)(C)C)C=C%10)=CC%11=C7CCCC%11,O=C(C1=CC=CC=C1)/N=C/C2=CC=C(Cl)C=C2Cl,SC1=CC=CC=C1,0.09495278,0.397282432
714,O=P1(O)OC2=C(C3=C(C(C)C)C=C(C(C)C)C=C3C(C)C)C=C4C(C=CC=C4)=C2C5=C(O1)[C@@]([C@@]6=C(C(C)C)C=C(C(C)C)C=C6C(C)C)=CC7=C5C=CC=C7,O=C(C1=CC=CC=C1)/N=C/C2=CC=CC=C2,SC1=CC=C(OC)C=C1,3.134624572,13.11526921
177,O=P1(O)OC2=C(CC3=CC=C(OC)C=C3)C=C4C(CCCC4)=C2C5=C(O1)C(CC6=CC=C(OC)C=C6)=CC7=C5CCCC7,O=C(C1=CC=CC=C1)/N=C/C2=CC=C(C(F)(F)F)C=C2,SC1CCCCC1,-0.118834511,-0.497203594
904,O=P1(O)OC2=C(C3=CC(C)=C(OC(C)C)C(C)=C3)C=C4C(C=CC=C4)=C2C5=C(O1)C(C6=CC(C)=C(OC(C)C)C(C)=C6)=CC7=C5C=CC=C7,O=C(C1=CC=CC=C1)/N=C/C2=CC=CC3=C2C=CC=C3,SC1=CC=C(OC)C=C1,1.17989059,4.936662229
344,O=P1(O)OC2=C(C3=CC=CC=C3)C=C4C(C=CC=C4)=C2C5=C(O1)C(C6=CC=CC=C6)=CC7=C5C=CC=C7,O=C(C1=CC=CC=C1)/N=C/C2=CC=C(Cl)C=C2Cl,SC1=CC=CC=C1C,1.027207628,4.297836716
358,O=P1(O)OC2=C(CC)C=C3C(CCCC3)=C2C4=C(O1)C(CC)=CC5=C4CCCC5,O=C(C1=CC=CC=C1)/N=C/C2=CC=C(Cl)C=C2Cl,SC1=CC=CC=C1C,0.289903935,1.212958064
803,O=P1(O)OC2=C(C3=C(C=CC=C4)C4=C(C5=CC(C=CC=C6)=C6C=C5)C7=C3C=CC=C7)C=C8C(C=CC=C8)=[C@]2[C@]9=C(O1)C(C%10=C(C=CC=C%11)C%11=C(C%12=CC=C(C=CC=C%13)C%13=C%12)C%14=C%10C=CC=C%14)=CC%15=C9C=CC=C%15,O=C(C1=CC=CC=C1)/N=C/C2=CC=CC=C2,SC1=CC=CC=C1C,2.304684113,9.642798329
554,O=P1(O)OC2=C(C3=CC(COC)=CC=C3)C=C4C(C=CC=C4)=C2C5=C(O1)C(C6=CC=CC(COC)=C6)=CC7=C5C=CC=C7,O=C(C1=CC=CC=C1)/N=C/C2=CC=C(OC)C=C2,SC1=CC=CC=C1,1.446325365,6.051425327
277,O=P1(O)OC2=C(C3=CC(COC)=CC=C3)C=C4C(CCCC4)=C2C5=C(O1)C(C6=CC=CC(COC)=C6)=CC7=C5CCCC7,O=C(C1=CC=CC=C1)/N=C/C2=CC=C(Cl)C=C2Cl,SC1=CC=C(OC)C=C1,1.17989059,4.936662229
15,O=P1(O)OC2=C([Si](C3=CC=CC=C3)(C4=CC=CC=C4)C5=CC=CC=C5)C=C6C(CCCC6)=C2C7=C(O1)C([Si](C8=CC=CC=C8)(C9=CC=CC=C9)C%10=CC=CC=C%10)=CC%11=C7CCCC%11,O=C(C1=CC=CC=C1)/N=C/C2=CC=C(C(F)(F)F)C=C2,CCS,0.0,0.0
195,O=P1(O)OC2=C(C3=CC(COC)=CC=C3)C=C4C(C=CC=C4)=C2C5=C(O1)C(C6=CC=CC(COC)=C6)=CC7=C5C=CC=C7,O=C(C1=CC=CC=C1)/N=C/C2=CC=C(C(F)(F)F)C=C2,SC1CCCCC1,0.682601444,2.856004442
72,O=P1(O)OC2=C(C3=C(C(C)C)C=C(C4=CC=C(C(C)(C)C)C=C4)C=C3C(C)C)C=C5C(C=CC=C5)=[C@]2[C@]6=C(O1)C(C7=C(C(C)C)C=C(C8=CC=C(C(C)(C)C)C=C8)C=C7C(C)C)=CC9=C6C=CC=C9,O=C(C1=CC=CC=C1)/N=C/C2=CC=C(C(F)(F)F)C=C2,SC1=CC=C(OC)C=C1,2.721168735,11.38536999
964,O=P1(O)OC2=C(C3=CC=C(C4CCCCC4)C=C3)C=C5C(CCCC5)=C2C6=C(O1)C(C7=CC=C(C8CCCCC8)C=C7)=CC9=C6CCCC9,O=C(C1=CC=CC=C1)/N=C/C2=CC=CC3=C2C=CC=C3,SC1=CC=CC=C1,1.238109014,5.180248115
49,O=P1(O)OC2=C([Si](C3=CC=CC=C3)(C)C4=CC=CC=C4)C=C5C(C=CC=C5)=C2C6=C(O1)C([Si](C7=CC=CC=C7)(C8=CC=CC=C8)C)=CC9=C6C=CC=C9,O=C(C1=CC=CC=C1)/N=C/C2=CC=C(C(F)(F)F)C=C2,SC1=CC=C(OC)C=C1,0.858676701,3.592703317
394,O=P1(O)OC2=C(CC3=C(C=CC=C4)C4=CC5=C3C=CC=C5)C=C6C(C=CC=C6)=C2C7=C(O1)C(CC8=C(C=CC=C9)C9=CC%10=C8C=CC=C%10)=CC%11=C7C=CC=C%11,O=C(C1=CC=CC=C1)/N=C/C2=CC=C(Cl)C=C2Cl,SC1CCCCC1,0.340722979,1.425584944
556,O=P1(O)OC2=C(C3=C(C=CC=C4)C4=CC5=C3C=CC=C5)C=C6C(C=CC=C6)=C2C7=C(O1)[C@@]([C@@]8=C(C=CC=C9)C9=CC%10=C8C=CC=C%10)=CC%11=C7C=CC=C%11,O=C(C1=CC=CC=C1)/N=C/C2=CC=C(OC)C=C2,SC1=CC=CC=C1,1.446325365,6.051425327
149,O=P1(O)OC2=C(C3=CC(C)=C(OC(C)C)C(C)=C3)C=C4C(C=CC=C4)=C2C5=C(O1)C(C6=CC(C)=C(OC(C)C)C(C)=C6)=CC7=C5C=CC=C7,O=C(C1=CC=CC=C1)/N=C/C2=CC=C(C(F)(F)F)C=C2,SC1=CC=CC=C1C,1.301167112,5.444083197
488,O=P1(O)OC2=C(CC)C=C3C(CCCC3)=C2C4=C(O1)C(CC)=CC5=C4CCCC5,O=C(C1=CC=CC=C1)/N=C/C2=CC=C(OC)C=C2,SC1=CC=C(OC)C=C1,0.289903935,1.212958064
96,O=P1(O)OC2=C([Si](C3=CC=CC=C3)(C4=CC=CC=C4)C5=CC=CC=C5)C=C6C(CCCC6)=C2C7=C(O1)C([Si](C8=CC=CC=C8)(C9=CC=CC=C9)C%10=CC=CC=C%10)=CC%11=C7CCCC%11,O=C(C1=CC=CC=C1)/N=C/C2=CC=C(C(F)(F)F)C=C2,SC1=CC=CC=C1,0.142812956,0.597529408
918,O=P1(O)OC2=C(C3=CC=C(C)C=C3)C=C4C(C=CC=C4)=C2C5=C(O1)C(C6=CC=C(C)C=C6)=CC7=C5C=CC=C7,O=C(C1=CC=CC=C1)/N=C/C2=CC=CC3=C2C=CC=C3,SC1=CC=C(OC)C=C1,0.858676701,3.592703317
708,O=P1(O)OC2=C(C3=CC(C4=CC(C=CC=C5)=C5C=C4)=CC=C3)C=C6C(C=CC=C6)=C2C7=C(O1)C(C8=CC=CC(C9=CC=C(C=CC=C%10)C%10=C9)=C8)=CC%11=C7C=CC=C%11,O=C(C1=CC=CC=C1)/N=C/C2=CC=CC=C2,SC1=CC=C(OC)C=C1,1.238109014,5.180248115
810,O=P1(O)OC2=C(C3=CC=C(C(C)(C)C)C=C3)C=C4C(C=CC=C4)=C2C5=C(O1)C(C6=CC=C(C(C)(C)C)C=C6)=CC7=C5C=CC=C7,O=C(C1=CC=CC=C1)/N=C/C2=CC=CC=C2,SC1=CC=CC=C1C,1.446325365,6.051425327
320,O=P1(O)OC2=C(C3=CC(COC)=CC=C3)C=C4C(C=CC=C4)=C2C5=C(O1)C(C6=CC=CC(COC)=C6)=CC7=C5C=CC=C7,O=C(C1=CC=CC=C1)/N=C/C2=CC=C(Cl)C=C2Cl,SC1=CC=CC=C1,1.17989059,4.936662229
565,O=P1(O)OC2=C(CC3=CC=C(C(F)(F)F)C=C3C(F)(F)F)C=C4C(C=CC=C4)=C2C5=C(O1)C(CC6=C(C(F)(F)F)C=C(C(F)(F)F)C=C6)=CC7=C5C=CC=C7,O=C(C1=CC=CC=C1)/N=C/C2=CC=C(OC)C=C2,SC1=CC=CC=C1C,0.166908496,0.698345147
244,O=P1(O)OC2=C(C3=CC(COC)=CC=C3)C=C4C(CCCC4)=C2C5=C(O1)C(C6=CC=CC(COC)=C6)=CC7=C5CCCC7,O=C(C1=CC=CC=C1)/N=C/C2=CC=C(Cl)C=C2Cl,CCS,0.473819986,1.982462821
183,O=P1(O)OC2=C(C3=CC(C(C)(C)C)=CC(C(C)(C)C)=C3)C=C4C(CCCC4)=C2C5=C(O1)C(C6=CC(C(C)(C)C)=CC(C(C)(C)C)=C6)=CC7=C5CCCC7,O=C(C1=CC=CC=C1)/N=C/C2=CC=C(C(F)(F)F)C=C2,SC1CCCCC1,0.501758501,2.099357568
225,O=P1(O)OC2=C(CC3=CC=C(C(F)(F)F)C=C3C(F)(F)F)C=C4C(C=CC=C4)=C2C5=C(O1)C(CC6=C(C(F)(F)F)C=C(C(F)(F)F)C=C6)=CC7=C5C=CC=C7,O=C(C1=CC=CC=C1)/N=C/C2=CC=C(Cl)C=C2Cl,CCS,-0.264892334,-1.108309525
879,O=P1(O)OC2=C(C3=CC=C(C4=CC(C(F)(F)F)=CC(C(F)(F)F)=C4)C=C3)C=C5C(C=CC=C5)=C2C6=C(O1)C(C7=CC=C(C8=CC(C(F)(F)F)=CC(C(F)(F)F)=C8)C=C7)=CC9=C6C=CC=C9,O=C(C1=CC=CC=C1)/N=C/C2=CC=CC3=C2C=CC=C3,CCS,0.5302345,2.218501148
693,O=P1(O)OC2=C(CC3=CC=C(C(F)(F)F)C=C3C(F)(F)F)C=C4C(C=CC=C4)=C2C5=C(O1)C(CC6=C(C(F)(F)F)C=C(C(F)(F)F)C=C6)=CC7=C5C=CC=C7,O=C(C1=CC=CC=C1)/N=C/C2=CC=CC=C2,SC1=CC=C(OC)C=C1,0.366586769,1.533799041
19,O=P1(O)OC2=C(CC)C=C3C(CCCC3)=C2C4=C(O1)C(CC)=CC5=C4CCCC5,O=C(C1=CC=CC=C1)/N=C/C2=CC=C(C(F)(F)F)C=C2,CCS,-0.118834511,-0.497203594
114,O=P1(O)OC2=C(C3=CC(C4=C(C)C=C(C)C=C4C)=CC(C5=C(C)C=C(C)C=C5C)=C3)C=C6C(CCCC6)=C2C7=C(O1)C(C8=CC(C9=C(C)C=C(C)C=C9C)=CC(C%10=C(C)C=C(C)C=C%10C)=C8)=CC%11=C7CCCC%11,O=C(C1=CC=CC=C1)/N=C/C2=CC=C(C(F)(F)F)C=C2,SC1=CC=CC=C1,1.531802956,6.409063568
93,O=P1(O)OC2=C(Br)C=C3C(C=CC=C3)=C2C4=C(O1)C(Br)=CC5=CC=CC=C54,O=C(C1=CC=CC=C1)/N=C/C2=CC=C(C(F)(F)F)C=C2,SC1=CC=CC=C1,0.366586769,1.533799041
91,O=P1(O)OC2=C(CC3=CC=C(C(F)(F)F)C=C3C(F)(F)F)C=C4C(C=CC=C4)=C2C5=C(O1)C(CC6=C(C(F)(F)F)C=C(C(F)(F)F)C=C6)=CC7=C5C=CC=C7,O=C(C1=CC=CC=C1)/N=C/C2=CC=C(C(F)(F)F)C=C2,SC1=CC=CC=C1,0.515926322,2.158635731
458,O=P1(O)OC2=C(C3=CC(COC)=CC=C3)C=C4C(CCCC4)=C2C5=C(O1)C(C6=CC=CC(COC)=C6)=CC7=C5CCCC7,O=C(C1=CC=CC=C1)/N=C/C2=CC=C(OC)C=C2,CCS,0.619408639,2.591605746
1051,O=P1(O)OC2=C(C3=CC=C(C4=CC(C(F)(F)F)=CC(C(F)(F)F)=C4)C=C3)C=C5C(C=CC=C5)=C2C6=C(O1)C(C7=CC=C(C8=CC(C(F)(F)F)=CC(C(F)(F)F)=C8)C=C7)=CC9=C6C=CC=C9,O=C(C1=CC=CC=C1)/N=C/C2=CC=CC3=C2C=CC=C3,SC1CCCCC1,0.589002233,2.464385343
929,O=P1(O)OC2=C(C3=CC(C(C)(C)C)=CC(C(C)(C)C)=C3)C=C4C(C=CC=C4)=C2C5=C(O1)C(C6=CC(C(C)(C)C)=CC(C(C)(C)C)=C6)=CC7=C5C=CC=C7,O=C(C1=CC=CC=C1)/N=C/C2=CC=CC3=C2C=CC=C3,SC1=CC=C(OC)C=C1,1.446325365,6.051425327
453,O=P1(O)OC2=C(C3=C(C=CC=C4)C4=C(C5=CC(C=CC=C6)=C6C=C5)C7=C3C=CC=C7)C=C8C(C=CC=C8)=[C@]2[C@]9=C(O1)C(C%10=C(C=CC=C%11)C%11=C(C%12=CC=C(C=CC=C%13)C%13=C%12)C%14=C%10C=CC=C%14)=CC%15=C9C=CC=C%15,O=C(C1=CC=CC=C1)/N=C/C2=CC=C(OC)C=C2,CCS,1.17989059,4.936662229
740,O=P1(O)OC2=C(Br)C=C3C(CCCC3)=C2C4=C(O1)C(Br)=CC5=C4CCCC5,O=C(C1=CC=CC=C1)/N=C/C2=CC=CC=C2,SC1=CC=CC=C1,0.392793996,1.643450079
731,O=P1(O)OC2=C(C3=CC=CC=C3)C=C4C(C=CC=C4)=C2C5=C(O1)C(C6=CC=CC=C6)=CC7=C5C=CC=C7,O=C(C1=CC=CC=C1)/N=C/C2=CC=CC=C2,SC1=CC=CC=C1,1.17989059,4.936662229
779,O=P1(O)OC2=C(CC3=CC=C(C(F)(F)F)C=C3C(F)(F)F)C=C4C(C=CC=C4)=C2C5=C(O1)C(CC6=C(C(F)(F)F)C=C(C(F)(F)F)C=C6)=CC7=C5C=CC=C7,O=C(C1=CC=CC=C1)/N=C/C2=CC=CC=C2,SC1=CC=CC=C1C,0.302504127,1.265677267
777,O=P1(O)OC2=C(CC3=CC(C(F)(F)F)=CC(C(F)(F)F)=C3)C=C4C(CCCC4)=C2C5=C(O1)C(CC6=CC(C(F)(F)F)=CC(C(F)(F)F)=C6)=CC7=C5CCCC7,O=C(C1=CC=CC=C1)/N=C/C2=CC=CC=C2,SC1=CC=CC=C1C,0.340722979,1.425584944
300,O=P1(O)OC2=C(C3=C(OC)C=CC=C3OC)C=C4C(C=CC=C4)=C2C5=C(O1)[C@@]([C@@]6=C(OC)C=CC=C6OC)=CC7=C5C=CC=C7,O=C(C1=CC=CC=C1)/N=C/C2=CC=C(Cl)C=C2Cl,SC1=CC=C(OC)C=C1,2.304684113,9.642798329
681,O=P1(O)OC2=C(C3=CC=C(C4CCCCC4)C=C3)C=C5C(CCCC5)=C2C6=C(O1)C(C7=CC=C(C8CCCCC8)C=C7)=CC9=C6CCCC9,O=C(C1=CC=CC=C1)/N=C/C2=CC=CC=C2,CCS,0.650583556,2.722041598
859,O=P1(O)OC2=C(C3=C(C=CC=C4)C4=CC5=C3C=CC=C5)C=C6C(C=CC=C6)=C2C7=C(O1)[C@@]([C@@]8=C(C=CC=C9)C9=CC%10=C8C=CC=C%10)=CC%11=C7C=CC=C%11,O=C(C1=CC=CC=C1)/N=C/C2=CC=CC=C2,SC1CCCCC1,1.301167112,5.444083197
409,O=P1(O)OC2=C(C3=C(C=CC=C4)C4=C(C5=CC(C=CC=C6)=C6C=C5)C7=C3C=CC=C7)C=C8C(C=CC=C8)=[C@]2[C@]9=C(O1)C(C%10=C(C=CC=C%11)C%11=C(C%12=CC=C(C=CC=C%13)C%13=C%12)C%14=C%10C=CC=C%14)=CC%15=C9C=CC=C%15,O=C(C1=CC=CC=C1)/N=C/C2=CC=C(Cl)C=C2Cl,SC1CCCCC1,0.981980567,4.108606692
998,O=P1(O)OC2=C(Br)C=C3C(CCCC3)=C2C4=C(O1)C(Br)=CC5=C4CCCC5,O=C(C1=CC=CC=C1)/N=C/C2=CC=CC3=C2C=CC=C3,SC1=CC=CC=C1C,0.166908496,0.698345147
280,O=P1(O)OC2=C(C3=CC(C4=CC(C=CC=C5)=C5C=C4)=CC=C3)C=C6C(C=CC=C6)=C2C7=C(O1)C(C8=CC=CC(C9=CC=C(C=CC=C%10)C%10=C9)=C8)=CC%11=C7C=CC=C%11,O=C(C1=CC=CC=C1)/N=C/C2=CC=C(Cl)C=C2Cl,SC1=CC=C(OC)C=C1,1.074990526,4.497760361
201,O=P1(O)OC2=C(C3=C(C=CC4=CC=CC(C=C5)=C46)C6=C5C=C3)C=C7C(C=CC=C7)=C2C8=C(O1)C(C9=CC=C(C=C%10)C%11=C9C=CC%12=CC=CC%10=C%11%12)=CC%13=C8C=CC=C%13,O=C(C1=CC=CC=C1)/N=C/C2=CC=C(C(F)(F)F)C=C2,SC1CCCCC1,1.125722444,4.710022706
502,O=P1(O)OC2=C(C3=CC(C4=CC=C(OC)C=C4)=CC(C5=CC=C(OC)C=C5)=C3)C=C6C(C=CC=C6)=C2C7=C(O1)C(C8=CC(C9=CC=C(OC)C=C9)=CC(C%10=CC=C(OC)C=C%10)=C8)=CC%11=C7C=CC=C%11,O=C(C1=CC=CC=C1)/N=C/C2=CC=C(OC)C=C2,SC1=CC=C(OC)C=C1,1.301167112,5.444083197
1014,O=P1(O)OC2=C(C3=C(F)C=C(OC)C=C3F)C=C4C(C=CC=C4)=[C@]2[C@]5=C(O1)C(C6=C(F)C=C(OC)C=C6F)=CC7=C5C=CC=C7,O=C(C1=CC=CC=C1)/N=C/C2=CC=CC3=C2C=CC=C3,SC1=CC=CC=C1C,1.446325365,6.051425327
617,O=P1(O)OC2=C([Si](C3=CC=CC=C3)(C4=CC=CC=C4)C5=CC=CC=C5)C=C6C(C=CC=C6)=C2C7=C(O1)C([Si](C8=CC=CC=C8)(C9=CC=CC=C9)C%10=CC=CC=C%10)=CC%11=C7C=CC=C%11,O=C(C1=CC=CC=C1)/N=C/C2=CC=C(OC)C=C2,SC1CCCCC1,-0.047400225,-0.198322541
865,O=P1(O)OC2=C(C3=CC(C4=CC(C(F)(F)F)=CC(C(F)(F)F)=C4)=CC(C5=CC(C(F)(F)F)=CC(C(F)(F)F)=C5)=C3)C=C6C(C=CC=C6)=C2C7=C(O1)C(C8=CC(C9=CC(C(F)(F)F)=CC(C(F)(F)F)=C9)=CC(C%10=CC(C(F)(F)F)=CC(C(F)(F)F)=C%10)=C8)=CC%11=C7C=CC=C%11,O=C(C1=CC=CC=C1)/N=C/C2=CC=CC3=C2C=CC=C3,CCS,0.446373616,1.867627209
1053,O=P1(O)OC2=C(CC)C=C3C(CCCC3)=C2C4=C(O1)C(CC)=CC5=C4CCCC5,O=C(C1=CC=CC=C1)/N=C/C2=CC=CC3=C2C=CC=C3,SC1CCCCC1,0.142812956,0.597529408
857,O=P1(O)OC2=C(C3=C(C4CCCCC4)C=C(C5CCCCC5)C=C3C6CCCCC6)C=C7C(C=CC=C7)=C2C8=C(O1)[C@@]([C@@]9=C(C%10CCCCC%10)C=C(C%11CCCCC%11)C=C9C%12CCCCC%12)=CC%13=C8C=CC=C%13,O=C(C1=CC=CC=C1)/N=C/C2=CC=CC=C2,SC1CCCCC1,1.531802956,6.409063568
908,O=P1(O)OC2=C(CC3=C(C=CC=C4)C4=CC5=C3C=CC=C5)C=C6C(C=CC=C6)=C2C7=C(O1)C(CC8=C(C=CC=C9)C9=CC%10=C8C=CC=C%10)=CC%11=C7C=CC=C%11,O=C(C1=CC=CC=C1)/N=C/C2=CC=CC3=C2C=CC=C3,SC1=CC=C(OC)C=C1,0.749510758,3.135953011
683,O=P1(O)OC2=C(C3=CC(C(F)(F)F)=CC(C(F)(F)F)=C3)C=C4C(C=CC=C4)=C2C5=C(O1)C(C6=CC(C(F)(F)F)=CC(C(F)(F)F)=C6)=CC7=C5C=CC=C7,O=C(C1=CC=CC=C1)/N=C/C2=CC=CC=C2,CCS,0.501758501,2.099357568
993,O=P1(O)OC2=C(CC3=CC(C(F)(F)F)=CC(C(F)(F)F)=C3)C=C4C(CCCC4)=C2C5=C(O1)C(CC6=CC(C(F)(F)F)=CC(C(F)(F)F)=C6)=CC7=C5CCCC7,O=C(C1=CC=CC=C1)/N=C/C2=CC=CC3=C2C=CC=C3,SC1=CC=CC=C1C,0.264892334,1.108309525
314,O=P1(O)OC2=C([Si](C3=CC=CC=C3)(C4=CC=CC=C4)C5=CC=CC=C5)C=C6C(C=CC=C6)=C2C7=C(O1)C([Si](C8=CC=CC=C8)(C9=CC=CC=C9)C%10=CC=CC=C%10)=CC%11=C7C=CC=C%11,O=C(C1=CC=CC=C1)/N=C/C2=CC=C(Cl)C=C2Cl,SC1=CC=CC=C1,0.191142101,0.799738551
510,O=P1(O)OC2=C(C3=C(C=CC=C4)C4=CC5=C3C=CC=C5)C=C6C(C=CC=C6)=C2C7=C(O1)[C@@]([C@@]8=C(C=CC=C9)C9=CC%10=C8C=CC=C%10)=CC%11=C7C=CC=C%11,O=C(C1=CC=CC=C1)/N=C/C2=CC=C(OC)C=C2,SC1=CC=C(OC)C=C1,2.058499317,8.612761142
193,O=P1(O)OC2=C(CC)C=C3C(CCCC3)=C2C4=C(O1)C(CC)=CC5=C4CCCC5,O=C(C1=CC=CC=C1)/N=C/C2=CC=C(C(F)(F)F)C=C2,SC1CCCCC1,0.023690626,0.099121579
236,O=P1(O)OC2=C(C3=CC(C4=C(C)C=C(C)C=C4C)=CC(C5=C(C)C=C(C)C=C5C)=C3)C=C6C(CCCC6)=C2C7=C(O1)C(C8=CC(C9=C(C)C=C(C)C=C9C)=CC(C%10=C(C)C=C(C)C=C%10C)=C8)=CC%11=C7CCCC%11,O=C(C1=CC=CC=C1)/N=C/C2=CC=C(Cl)C=C2Cl,CCS,0.682601444,2.856004442
972,O=P1(O)OC2=C(C3=CC(C(C)(C)C)=CC(C(C)(C)C)=C3)C=C4C(C=CC=C4)=C2C5=C(O1)C(C6=CC(C(C)(C)C)=CC(C(C)(C)C)=C6)=CC7=C5C=CC=C7,O=C(C1=CC=CC=C1)/N=C/C2=CC=CC3=C2C=CC=C3,SC1=CC=CC=C1,1.531802956,6.409063568
416,O=P1(O)OC2=C(C3=C(C=CC=C4)C4=CC5=C3C=CC=C5)C=C6C(C=CC=C6)=C2C7=C(O1)[C@@]([C@@]8=C(C=CC=C9)C9=CC%10=C8C=CC=C%10)=CC%11=C7C=CC=C%11,O=C(C1=CC=CC=C1)/N=C/C2=CC=C(Cl)C=C2Cl,SC1CCCCC1,0.682601444,2.856004442
269,O=P1(O)OC2=C([Si](C3=CC=CC=C3)(C4=CC=CC=C4)C5=CC=CC=C5)C=C6C(C=CC=C6)=C2C7=C(O1)C([Si](C8=CC=CC=C8)(C9=CC=CC=C9)C%10=CC=CC=C%10)=CC%11=C7C=CC=C%11,O=C(C1=CC=CC=C1)/N=C/C2=CC=C(Cl)C=C2Cl,SC1=CC=C(OC)C=C1,0.215535446,0.901800306
986,O=P1(O)OC2=C(C3=CC(C4=CC(C=CC=C5)=C5C=C4)=CC=C3)C=C6C(C=CC=C6)=C2C7=C(O1)C(C8=CC=CC(C9=CC=C(C=CC=C%10)C%10=C9)=C8)=CC%11=C7C=CC=C%11,O=C(C1=CC=CC=C1)/N=C/C2=CC=CC3=C2C=CC=C3,SC1=CC=CC=C1,1.301167112,5.444083197
285,O=P1(O)OC2=C(C3=CC=CC=C3)C=C4C(C=CC=C4)=C2C5=C(O1)C(C6=CC=CC=C6)=CC7=C5C=CC=C7,O=C(C1=CC=CC=C1)/N=C/C2=CC=C(Cl)C=C2Cl,SC1=CC=C(OC)C=C1,1.301167112,5.444083197
768,O=P1(O)OC2=C(C3=C(C=CC=C4)C4=CC5=C3C=CC=C5)C=C6C(C=CC=C6)=C2C7=C(O1)[C@@]([C@@]8=C(C=CC=C9)C9=CC%10=C8C=CC=C%10)=CC%11=C7C=CC=C%11,O=C(C1=CC=CC=C1)/N=C/C2=CC=CC=C2,SC1=CC=CC=C1,1.882001124,7.874292703
827,O=P1(O)OC2=C([Si](C3=CC=CC=C3)(C)C4=CC=CC=C4)C=C5C(C=CC=C5)=C2C6=C(O1)C([Si](C7=CC=CC=C7)(C8=CC=CC=C8)C)=CC9=C6C=CC=C9,O=C(C1=CC=CC=C1)/N=C/C2=CC=CC=C2,SC1CCCCC1,0.446373616,1.867627209
645,O=P1(O)OC2=C(C3=CC=CC=C3)C=C4C(C=CC=C4)=C2C5=C(O1)C(C6=CC=CC=C6)=CC7=C5C=CC=C7,O=C(C1=CC=CC=C1)/N=C/C2=CC=CC=C2,CCS,0.501758501,2.099357568
493,O=P1(O)OC2=C(C3=CC(C4=CC(C=CC=C5)=C5C=C4)=CC=C3)C=C6C(C=CC=C6)=C2C7=C(O1)C(C8=CC=CC(C9=CC=C(C=CC=C%10)C%10=C9)=C8)=CC%11=C7C=CC=C%11,O=C(C1=CC=CC=C1)/N=C/C2=CC=C(OC)C=C2,SC1=CC=C(OC)C=C1,1.125722444,4.710022706
898,O=P1(O)OC2=C(C3=CC(C(F)(F)F)=CC(C(F)(F)F)=C3)C=C4C(CCCC4)=C2C5=C(O1)C(C6=CC(C(F)(F)F)=CC(C(F)(F)F)=C6)=CC7=C5CCCC7,O=C(C1=CC=CC=C1)/N=C/C2=CC=CC3=C2C=CC=C3,CCS,0.446373616,1.867627209
1067,O=P1(O)OC2=C(C3=CC=C(C4CCCCC4)C=C3)C=C5C(CCCC5)=C2C6=C(O1)C(C7=CC=C(C8CCCCC8)C=C7)=CC9=C6CCCC9,O=C(C1=CC=CC=C1)/N=C/C2=CC=CC3=C2C=CC=C3,SC1CCCCC1,0.619408639,2.591605746
717,O=P1(O)OC2=C(C3=CC(C4=CC(C(F)(F)F)=CC(C(F)(F)F)=C4)=CC(C5=CC(C(F)(F)F)=CC(C(F)(F)F)=C5)=C3)C=C6C(C=CC=C6)=C2C7=C(O1)C(C8=CC(C9=CC(C(F)(F)F)=CC(C(F)(F)F)=C9)=CC(C%10=CC(C(F)(F)F)=CC(C(F)(F)F)=C%10)=C8)=CC%11=C7C=CC=C%11,O=C(C1=CC=CC=C1)/N=C/C2=CC=CC=C2,SC1=CC=C(OC)C=C1,1.301167112,5.444083197
395,O=P1(O)OC2=C(CC3=CC=C(C(F)(F)F)C=C3C(F)(F)F)C=C4C(C=CC=C4)=C2C5=C(O1)C(CC6=C(C(F)(F)F)C=C(C(F)(F)F)C=C6)=CC7=C5C=CC=C7,O=C(C1=CC=CC=C1)/N=C/C2=CC=C(Cl)C=C2Cl,SC1CCCCC1,-0.166908496,-0.698345147
76,O=P1(O)OC2=C(C3=C(OCC)C=CC(C)=C3)C=C4C(C=CC=C4)=C2C5=C(O1)C(C6=CC(C)=CC=C6OCC)=CC7=C5C=CC=C7,O=C(C1=CC=CC=C1)/N=C/C2=CC=C(C(F)(F)F)C=C2,SC1=CC=C(OC)C=C1,1.301167112,5.444083197
806,O=P1(O)OC2=C(C3=CC(COC)=CC=C3)C=C4C(C=CC=C4)=C2C5=C(O1)C(C6=CC=CC(COC)=C6)=CC7=C5C=CC=C7,O=C(C1=CC=CC=C1)/N=C/C2=CC=CC=C2,SC1=CC=CC=C1C,1.446325365,6.051425327
392,O=P1(O)OC2=C(CC3=CC=C(OC)C=C3)C=C4C(CCCC4)=C2C5=C(O1)C(CC6=CC=C(OC)C=C6)=CC7=C5CCCC7,O=C(C1=CC=CC=C1)/N=C/C2=CC=C(Cl)C=C2Cl,SC1CCCCC1,-0.240111033,-1.004624562
11,O=P1(O)OC2=C(C3=CC(C4=CC=C(OC)C=C4)=CC(C5=CC=C(OC)C=C5)=C3)C=C6C(C=CC=C6)=C2C7=C(O1)C(C8=CC(C9=CC=C(OC)C=C9)=CC(C%10=CC=C(OC)C=C%10)=C8)=CC%11=C7C=CC=C%11,O=C(C1=CC=CC=C1)/N=C/C2=CC=C(C(F)(F)F)C=C2,CCS,0.820945045,3.434834068
790,O=P1(O)OC2=C(C3=CC=C(OC)C=C3)C=C4C(C=CC=C4)=C2C5=C(O1)C(C6=CC=C(OC)C=C6)=CC7=C5C=CC=C7,O=C(C1=CC=CC=C1)/N=C/C2=CC=CC=C2,SC1=CC=CC=C1C,1.027207628,4.297836716
606,O=P1(O)OC2=C(C3=CC(C4=CC(C(F)(F)F)=CC(C(F)(F)F)=C4)=CC(C5=CC(C(F)(F)F)=CC(C(F)(F)F)=C5)=C3)C=C6C(C=CC=C6)=C2C7=C(O1)C(C8=CC(C9=CC(C(F)(F)F)=CC(C(F)(F)F)=C9)=CC(C%10=CC(C(F)(F)F)=CC(C(F)(F)F)=C%10)=C8)=CC%11=C7C=CC=C%11,O=C(C1=CC=CC=C1)/N=C/C2=CC=C(OC)C=C2,SC1CCCCC1,0.858676701,3.592703317
899,O=P1(O)OC2=C(C3=C(C(C)C)C=C(C(C)C)C=C3C(C)C)C=C4C(C=CC=C4)=C2C5=C(O1)[C@@]([C@@]6=C(C(C)C)C=C(C(C)C)C=C6C(C)C)=CC7=C5C=CC=C7,O=C(C1=CC=CC=C1)/N=C/C2=CC=CC3=C2C=CC=C3,CCS,1.301167112,5.444083197
150,O=P1(O)OC2=C(C3=C(C4CCCCC4)C=C(C5CCCCC5)C=C3C6CCCCC6)C=C7C(C=CC=C7)=C2C8=C(O1)[C@@]([C@@]9=C(C%10CCCCC%10)C=C(C%11CCCCC%11)C=C9C%12CCCCC%12)=CC%13=C8C=CC=C%13,O=C(C1=CC=CC=C1)/N=C/C2=CC=C(C(F)(F)F)C=C2,SC1=CC=CC=C1C,2.058499317,8.612761142
131,O=P1(O)OC2=C(CC3=CC(C(F)(F)F)=CC(C(F)(F)F)=C3)C=C4C(CCCC4)=C2C5=C(O1)C(CC6=CC(C(F)(F)F)=CC(C(F)(F)F)=C6)=CC7=C5CCCC7,O=C(C1=CC=CC=C1)/N=C/C2=CC=C(C(F)(F)F)C=C2,SC1=CC=CC=C1C,0.559297578,2.340101066
875,O=P1(O)OC2=C(Br)C=C3C(CCCC3)=C2C4=C(O1)C(Br)=CC5=C4CCCC5,O=C(C1=CC=CC=C1)/N=C/C2=CC=CC3=C2C=CC=C3,CCS,-0.264892334,-1.108309525
485,O=P1(O)OC2=C([Si](C3=CC=CC=C3)(C4=CC=CC=C4)C5=CC=CC=C5)C=C6C(CCCC6)=C2C7=C(O1)C([Si](C8=CC=CC=C8)(C9=CC=CC=C9)C%10=CC=CC=C%10)=CC%11=C7CCCC%11,O=C(C1=CC=CC=C1)/N=C/C2=CC=C(OC)C=C2,SC1=CC=C(OC)C=C1,0.191142101,0.799738551
429,O=P1(O)OC2=C(C3=C(OC)C=CC=C3OC)C=C4C(C=CC=C4)=C2C5=C(O1)[C@@]([C@@]6=C(OC)C=CC=C6OC)=CC7=C5C=CC=C7,O=C(C1=CC=CC=C1)/N=C/C2=CC=C(Cl)C=C2Cl,SC1CCCCC1,1.531802956,6.409063568
383,O=P1(O)OC2=C(C3=CC=C(C(C)(C)C)C=C3)C=C4C(C=CC=C4)=C2C5=C(O1)C(C6=CC=C(C(C)(C)C)C=C6)=CC7=C5C=CC=C7,O=C(C1=CC=CC=C1)/N=C/C2=CC=C(Cl)C=C2Cl,SC1=CC=CC=C1C,1.301167112,5.444083197
284,O=P1(O)OC2=C(C3=CC(C(F)(F)F)=CC(C(F)(F)F)=C3)C=C4C(CCCC4)=C2C5=C(O1)C(C6=CC(C(F)(F)F)=CC(C(F)(F)F)=C6)=CC7=C5CCCC7,O=C(C1=CC=CC=C1)/N=C/C2=CC=C(Cl)C=C2Cl,SC1=CC=C(OC)C=C1,1.125722444,4.710022706
802,O=P1(O)OC2=C(C3=C(C(C)C)C=C(C4=CC=C(C(C)(C)C)C=C4)C=C3C(C)C)C=C5C(C=CC=C5)=[C@]2[C@]6=C(O1)C(C7=C(C(C)C)C=C(C8=CC=C(C(C)(C)C)C=C8)C=C7C(C)C)=CC9=C6C=CC=C9,O=C(C1=CC=CC=C1)/N=C/C2=CC=CC=C2,SC1=CC=CC=C1C,2.304684113,9.642798329
587,O=P1(O)OC2=C(C3=CC(C4=CC=C(OC)C=C4)=CC(C5=CC=C(OC)C=C5)=C3)C=C6C(C=CC=C6)=C2C7=C(O1)C(C8=CC(C9=CC=C(OC)C=C9)=CC(C%10=CC=C(OC)C=C%10)=C8)=CC%11=C7C=CC=C%11,O=C(C1=CC=CC=C1)/N=C/C2=CC=C(OC)C=C2,SC1=CC=CC=C1C,1.301167112,5.444083197
109,O=P1(O)OC2=C(C3=CC(C4=CC(C(F)(F)F)=CC(C(F)(F)F)=C4)=CC(C5=CC(C(F)(F)F)=CC(C(F)(F)F)=C5)=C3)C=C6C(C=CC=C6)=C2C7=C(O1)C(C8=CC(C9=CC(C(F)(F)F)=CC(C(F)(F)F)=C9)=CC(C%10=CC(C(F)(F)F)=CC(C(F)(F)F)=C%10)=C8)=CC%11=C7C=CC=C%11,O=C(C1=CC=CC=C1)/N=C/C2=CC=C(C(F)(F)F)C=C2,SC1=CC=CC=C1,1.446325365,6.051425327
151,O=P1(O)OC2=C(C3=CC=C(S(F)(F)(F)(F)F)C=C3)C=C4C(C=CC=C4)=C2C5=C(O1)C(C6=CC=C(S(F)(F)(F)(F)F)C=C6)=CC7=C5C=CC=C7,O=C(C1=CC=CC=C1)/N=C/C2=CC=C(C(F)(F)F)C=C2,SC1=CC=CC=C1C,1.301167112,5.444083197
122,O=P1(O)OC2=C(C3=CC=C(C(C)(C)C)C=C3)C=C4C(C=CC=C4)=C2C5=C(O1)C(C6=CC=C(C(C)(C)C)C=C6)=CC7=C5C=CC=C7,O=C(C1=CC=CC=C1)/N=C/C2=CC=C(C(F)(F)F)C=C2,SC1=CC=CC=C1,1.301167112,5.444083197
404,O=P1(O)OC2=C([Si](C3=CC=C(C(C)(C)C)C=C3)(C4=CC=C(C(C)(C)C)C=C4)C5=CC=C(C(C)(C)C)C=C5)C=C6C(CCCC6)=C2C7=C(O1)C([Si](C8=CC=C(C(C)(C)C)C=C8)(C9=CC=C(C(C)(C)C)C=C9)C%10=CC=C(C(C)(C)C)C=C%10)=CC%11=C7CCCC%11,O=C(C1=CC=CC=C1)/N=C/C2=CC=C(Cl)C=C2Cl,SC1CCCCC1,0.023690626,0.099121579
231,O=P1(O)OC2=C(Br)C=C3C(CCCC3)=C2C4=C(O1)C(Br)=CC5=C4CCCC5,O=C(C1=CC=CC=C1)/N=C/C2=CC=C(Cl)C=C2Cl,CCS,0.0,0.0
367,O=P1(O)OC2=C(C3=C(F)C=C(OC)C=C3F)C=C4C(C=CC=C4)=[C@]2[C@]5=C(O1)C(C6=C(F)C=C(OC)C=C6F)=CC7=C5C=CC=C7,O=C(C1=CC=CC=C1)/N=C/C2=CC=C(Cl)C=C2Cl,SC1=CC=CC=C1C,1.531802956,6.409063568
695,O=P1(O)OC2=C(C3=CC(C(C)(C)C)=CC(C(C)(C)C)=C3)C=C4C(C=CC=C4)=C2C5=C(O1)C(C6=CC(C(C)(C)C)=CC(C(C)(C)C)=C6)=CC7=C5C=CC=C7,O=C(C1=CC=CC=C1)/N=C/C2=CC=CC=C2,SC1=CC=C(OC)C=C1,1.074990526,4.497760361
24,O=P1(O)OC2=C(C3=CC(COC)=CC=C3)C=C4C(CCCC4)=C2C5=C(O1)C(C6=CC=CC(COC)=C6)=CC7=C5CCCC7,O=C(C1=CC=CC=C1)/N=C/C2=CC=C(C(F)(F)F)C=C2,CCS,0.5302345,2.218501148
682,O=P1(O)OC2=C(C3=C(OC)C=CC=C3OC)C=C4C(C=CC=C4)=C2C5=C(O1)[C@@]([C@@]6=C(OC)C=CC=C6OC)=CC7=C5C=CC=C7,O=C(C1=CC=CC=C1)/N=C/C2=CC=CC=C2,CCS,1.268975128,5.309391936
982,O=P1(O)OC2=C(C3=C(OC(F)(F)F)C=CC=C3)C=C4C(C=CC=C4)=C2C5=C(O1)C(C6=CC=CC=C6OC(F)(F)F)=CC7=C5C=CC=C7,O=C(C1=CC=CC=C1)/N=C/C2=CC=CC3=C2C=CC=C3,SC1=CC=CC=C1,1.743657522,7.295463072
159,O=P1(O)OC2=C(C3=C(C=CC=C4)C4=C(C5=CC(C=CC=C6)=C6C=C5)C7=C3C=CC=C7)C=C8C(C=CC=C8)=[C@]2[C@]9=C(O1)C(C%10=C(C=CC=C%11)C%11=C(C%12=CC=C(C=CC=C%13)C%13=C%12)C%14=C%10C=CC=C%14)=CC%15=C9C=CC=C%15,O=C(C1=CC=CC=C1)/N=C/C2=CC=C(C(F)(F)F)C=C2,SC1=CC=CC=C1C,2.721168735,11.38536999
188,O=P1(O)OC2=C([Si](C3=CC=CC=C3)(C4=CC=CC=C4)C5=CC=CC=C5)C=C6C(CCCC6)=C2C7=C(O1)C([Si](C8=CC=CC=C8)(C9=CC=CC=C9)C%10=CC=CC=C%10)=CC%11=C7CCCC%11,O=C(C1=CC=CC=C1)/N=C/C2=CC=C(C(F)(F)F)C=C2,SC1CCCCC1,0.023690626,0.099121579
263,O=P1(O)OC2=C(CC3=CC=C(C(F)(F)F)C=C3C(F)(F)F)C=C4C(C=CC=C4)=C2C5=C(O1)C(CC6=C(C(F)(F)F)C=C(C(F)(F)F)C=C6)=CC7=C5C=CC=C7,O=C(C1=CC=CC=C1)/N=C/C2=CC=C(Cl)C=C2Cl,SC1=CC=C(OC)C=C1,0.392793996,1.643450079
98,O=P1(O)OC2=C(CC)C=C3C(CCCC3)=C2C4=C(O1)C(CC)=CC5=C4CCCC5,O=C(C1=CC=CC=C1)/N=C/C2=CC=C(C(F)(F)F)C=C2,SC1=CC=CC=C1,0.240111033,1.004624562
550,O=P1(O)OC2=C(C3=C(C=CC=C4)C4=C(C5=CC(C=CC=C6)=C6C=C5)C7=C3C=CC=C7)C=C8C(C=CC=C8)=[C@]2[C@]9=C(O1)C(C%10=C(C=CC=C%11)C%11=C(C%12=CC=C(C=CC=C%13)C%13=C%12)C%14=C%10C=CC=C%14)=CC%15=C9C=CC=C%15,O=C(C1=CC=CC=C1)/N=C/C2=CC=C(OC)C=C2,SC1=CC=CC=C1,2.304684113,9.642798329
529,O=P1(O)OC2=C(C3=CC=C(C4=CC(C(F)(F)F)=CC(C(F)(F)F)=C4)C=C3)C=C5C(C=CC=C5)=C2C6=C(O1)C(C7=CC=C(C8=CC(C(F)(F)F)=CC(C(F)(F)F)=C8)C=C7)=CC9=C6C=CC=C9,O=C(C1=CC=CC=C1)/N=C/C2=CC=C(OC)C=C2,SC1=CC=CC=C1,1.238109014,5.180248115
47,O=P1(O)OC2=C(CC3=C(C=CC=C4)C4=CC5=C3C=CC=C5)C=C6C(C=CC=C6)=C2C7=C(O1)C(CC8=C(C=CC=C9)C9=CC%10=C8C=CC=C%10)=CC%11=C7C=CC=C%11,O=C(C1=CC=CC=C1)/N=C/C2=CC=C(C(F)(F)F)C=C2,SC1=CC=C(OC)C=C1,0.650583556,2.722041598
597,O=P1(O)OC2=C(C3=CC=C(C(C)(C)C)C=C3)C=C4C(C=CC=C4)=C2C5=C(O1)C(C6=CC=C(C(C)(C)C)C=C6)=CC7=C5C=CC=C7,O=C(C1=CC=CC=C1)/N=C/C2=CC=C(OC)C=C2,SC1=CC=CC=C1C,1.301167112,5.444083197
126,O=P1(O)OC2=C(C3=CC=C(C4=CC=C(C=CC=C5)C5=C4)C=C3)C=C6C(C=CC=C6)=C2C7=C(O1)C(C8=CC=C(C9=CC(C=CC=C%10)=C%10C=C9)C=C8)=CC%11=C7C=CC=C%11,O=C(C1=CC=CC=C1)/N=C/C2=CC=C(C(F)(F)F)C=C2,SC1=CC=CC=C1,1.301167112,5.444083197
514,O=P1(O)OC2=C(C3=C(OC)C=CC=C3OC)C=C4C(C=CC=C4)=C2C5=C(O1)[C@@]([C@@]6=C(OC)C=CC=C6OC)=CC7=C5C=CC=C7,O=C(C1=CC=CC=C1)/N=C/C2=CC=C(OC)C=C2,SC1=CC=C(OC)C=C1,1.531802956,6.409063568
819,O=P1(O)OC2=C(C3=C(C)C=C(C)C=C3C)C=C4C(C=CC=C4)=C2C5=C(O1)[C@@]([C@@]6=C(C)C=C(C)C=C6C)=CC7=C5C=CC=C7,O=C(C1=CC=CC=C1)/N=C/C2=CC=CC=C2,SC1CCCCC1,1.027207628,4.297836716
103,O=P1(O)OC2=C(C3=CC(C(F)(F)F)=CC(C(F)(F)F)=C3)C=C4C(CCCC4)=C2C5=C(O1)C(C6=CC(C(F)(F)F)=CC(C(F)(F)F)=C6)=CC7=C5CCCC7,O=C(C1=CC=CC=C1)/N=C/C2=CC=C(C(F)(F)F)C=C2,SC1=CC=CC=C1,1.17989059,4.936662229
778,O=P1(O)OC2=C(CC3=C(C=CC=C4)C4=CC5=C3C=CC=C5)C=C6C(C=CC=C6)=C2C7=C(O1)C(CC8=C(C=CC=C9)C9=CC%10=C8C=CC=C%10)=CC%11=C7C=CC=C%11,O=C(C1=CC=CC=C1)/N=C/C2=CC=CC=C2,SC1=CC=CC=C1C,0.589002233,2.464385343
389,O=P1(O)OC2=C(C3=CC(C)=C(OC(C)C)C(C)=C3)C=C4C(C=CC=C4)=C2C5=C(O1)C(C6=CC(C)=C(OC(C)C)C(C)=C6)=CC7=C5C=CC=C7,O=C(C1=CC=CC=C1)/N=C/C2=CC=C(Cl)C=C2Cl,SC1CCCCC1,0.5302345,2.218501148
65,O=P1(O)OC2=C(C3=C(C)C=C(C)C=C3C)C=C4C(C=CC=C4)=C2C5=C(O1)[C@@]([C@@]6=C(C)C=C(C)C=C6C)=CC7=C5C=CC=C7,O=C(C1=CC=CC=C1)/N=C/C2=CC=C(C(F)(F)F)C=C2,SC1=CC=C(OC)C=C1,2.304684113,9.642798329
454,O=P1(O)OC2=[C@]([C@]3=C(Cl)C=C(Cl)C=C3Cl)C=C4C(CCCC4)=[C@]2[C@]5=C(O1)C(C6=C(Cl)C=C(Cl)C=C6Cl)=CC7=C5CCCC7,O=C(C1=CC=CC=C1)/N=C/C2=CC=C(OC)C=C2,CCS,0.938987334,3.928723005
853,O=P1(O)OC2=C(C3=C(OC)C=CC=C3OC)C=C4C(C=CC=C4)=C2C5=C(O1)[C@@]([C@@]6=C(OC)C=CC=C6OC)=CC7=C5C=CC=C7,O=C(C1=CC=CC=C1)/N=C/C2=CC=CC=C2,SC1CCCCC1,1.152342057,4.821399166
40,O=P1(O)OC2=C(C3=CC(C(C)(C)C)=CC(C(C)(C)C)=C3)C=C4C(CCCC4)=C2C5=C(O1)C(C6=CC(C(C)(C)C)=CC(C(C)(C)C)=C6)=CC7=C5CCCC7,O=C(C1=CC=CC=C1)/N=C/C2=CC=C(C(F)(F)F)C=C2,CCS,1.301167112,5.444083197
54,O=P1(O)OC2=C([Si](C3=CC=CC=C3)(C4=CC=CC=C4)C5=CC=CC=C5)C=C6C(C=CC=C6)=C2C7=C(O1)C([Si](C8=CC=CC=C8)(C9=CC=CC=C9)C%10=CC=CC=C%10)=CC%11=C7C=CC=C%11,O=C(C1=CC=CC=C1)/N=C/C2=CC=C(C(F)(F)F)C=C2,SC1=CC=C(OC)C=C1,0.166908496,0.698345147
373,O=P1(O)OC2=C(C3=CC(C(C)(C)C)=CC(C(C)(C)C)=C3)C=C4C(CCCC4)=C2C5=C(O1)C(C6=CC(C(C)(C)C)=CC(C(C)(C)C)=C6)=CC7=C5CCCC7,O=C(C1=CC=CC=C1)/N=C/C2=CC=C(Cl)C=C2Cl,SC1=CC=CC=C1C,1.370103771,5.732514178
1,O=P1(O)OC2=C(C3=C(F)C=C(OC)C=C3F)C=C4C(C=CC=C4)=[C@]2[C@]5=C(O1)C(C6=C(F)C=C(OC)C=C6F)=CC7=C5C=CC=C7,O=C(C1=CC=CC=C1)/N=C/C2=CC=C(C(F)(F)F)C=C2,CCS,1.074990526,4.497760361
610,O=P1(O)OC2=C(CC3=CC=C(C(F)(F)F)C=C3C(F)(F)F)C=C4C(C=CC=C4)=C2C5=C(O1)C(CC6=C(C(F)(F)F)C=C(C(F)(F)F)C=C6)=CC7=C5C=CC=C7,O=C(C1=CC=CC=C1)/N=C/C2=CC=C(OC)C=C2,SC1CCCCC1,-0.047400225,-0.198322541
574,O=P1(O)OC2=C(C3=CC=C(C4=CC(C(F)(F)F)=CC(C(F)(F)F)=C4)C=C3)C=C5C(C=CC=C5)=C2C6=C(O1)C(C7=CC=C(C8=CC(C(F)(F)F)=CC(C(F)(F)F)=C8)C=C7)=CC9=C6C=CC=C9,O=C(C1=CC=CC=C1)/N=C/C2=CC=C(OC)C=C2,SC1=CC=CC=C1C,1.238109014,5.180248115
253,O=P1(O)OC2=C(C3=CC=C(C4CCCCC4)C=C3)C=C5C(CCCC5)=C2C6=C(O1)C(C7=CC=C(C8CCCCC8)C=C7)=CC9=C6CCCC9,O=C(C1=CC=CC=C1)/N=C/C2=CC=C(Cl)C=C2Cl,CCS,0.619408639,2.591605746
775,O=P1(O)OC2=C(C3=CC=C(S(F)(F)(F)(F)F)C=C3)C=C4C(C=CC=C4)=C2C5=C(O1)C(C6=CC=C(S(F)(F)(F)(F)F)C=C6)=CC7=C5C=CC=C7,O=C(C1=CC=CC=C1)/N=C/C2=CC=CC=C2,SC1=CC=CC=C1C,1.074990526,4.497760361
620,O=P1(O)OC2=C(C3=CC=C(C4=CC(C(F)(F)F)=CC(C(F)(F)F)=C4)C=C3)C=C5C(C=CC=C5)=C2C6=C(O1)C(C7=CC=C(C8=CC(C(F)(F)F)=CC(C(F)(F)F)=C8)C=C7)=CC9=C6C=CC=C9,O=C(C1=CC=CC=C1)/N=C/C2=CC=C(OC)C=C2,SC1CCCCC1,0.589002233,2.464385343
86,O=P1(O)OC2=C(C3=CC=CC=C3)C=C4C(C=CC=C4)=C2C5=C(O1)C(C6=CC=CC=C6)=CC7=C5C=CC=C7,O=C(C1=CC=CC=C1)/N=C/C2=CC=C(C(F)(F)F)C=C2,SC1=CC=CC=C1,1.17989059,4.936662229
494,O=P1(O)OC2=C(C3=CC=C(C4=CC=C(C=CC=C5)C5=C4)C=C3)C=C6C(C=CC=C6)=C2C7=C(O1)C(C8=CC=C(C9=CC(C=CC=C%10)=C%10C=C9)C=C8)=CC%11=C7C=CC=C%11,O=C(C1=CC=CC=C1)/N=C/C2=CC=C(OC)C=C2,SC1=CC=C(OC)C=C1,1.125722444,4.710022706
838,O=P1(O)OC2=C(CC)C=C3C(CCCC3)=C2C4=C(O1)C(CC)=CC5=C4CCCC5,O=C(C1=CC=CC=C1)/N=C/C2=CC=CC=C2,SC1CCCCC1,0.0,0.0
233,O=P1(O)OC2=C([Si](C3=CC=CC=C3)(C4=CC=CC=C4)C5=CC=CC=C5)C=C6C(CCCC6)=C2C7=C(O1)C([Si](C8=CC=CC=C8)(C9=CC=CC=C9)C%10=CC=CC=C%10)=CC%11=C7CCCC%11,O=C(C1=CC=CC=C1)/N=C/C2=CC=C(Cl)C=C2Cl,CCS,0.023690626,0.099121579
945,O=P1(O)OC2=C(C3=C(OC)C=CC=C3OC)C=C4C(C=CC=C4)=C2C5=C(O1)[C@@]([C@@]6=C(OC)C=CC=C6OC)=CC7=C5C=CC=C7,O=C(C1=CC=CC=C1)/N=C/C2=CC=CC3=C2C=CC=C3,SC1=CC=C(OC)C=C1,2.058499317,8.612761142
754,O=P1(O)OC2=C(C3=C(C)C=C(C)C=C3C)C=C4C(C=CC=C4)=C2C5=C(O1)[C@@]([C@@]6=C(C)C=C(C)C=C6C)=CC7=C5C=CC=C7,O=C(C1=CC=CC=C1)/N=C/C2=CC=CC=C2,SC1=CC=CC=C1,1.743657522,7.295463072
260,O=P1(O)OC2=C(CC3=CC=C(OC)C=C3)C=C4C(CCCC4)=C2C5=C(O1)C(CC6=CC=C(OC)C=C6)=CC7=C5CCCC7,O=C(C1=CC=CC=C1)/N=C/C2=CC=C(Cl)C=C2Cl,SC1=CC=C(OC)C=C1,0.446373616,1.867627209
256,O=P1(O)OC2=C(C3=CC(C(F)(F)F)=CC(C(F)(F)F)=C3)C=C4C(CCCC4)=C2C5=C(O1)C(C6=CC(C(F)(F)F)=CC(C(F)(F)F)=C6)=CC7=C5CCCC7,O=C(C1=CC=CC=C1)/N=C/C2=CC=C(Cl)C=C2Cl,CCS,0.340722979,1.425584944
443,O=P1(O)OC2=C(C3=CC(C4=CC=C(OC)C=C4)=CC(C5=CC=C(OC)C=C5)=C3)C=C6C(C=CC=C6)=C2C7=C(O1)C(C8=CC(C9=CC=C(OC)C=C9)=CC(C%10=CC=C(OC)C=C%10)=C8)=CC%11=C7C=CC=C%11,O=C(C1=CC=CC=C1)/N=C/C2=CC=C(OC)C=C2,CCS,0.858676701,3.592703317
130,O=P1(O)OC2=C(CC3=CC=C(OC)C=C3)C=C4C(CCCC4)=C2C5=C(O1)C(CC6=CC=C(OC)C=C6)=CC7=C5CCCC7,O=C(C1=CC=CC=C1)/N=C/C2=CC=C(C(F)(F)F)C=C2,SC1=CC=CC=C1C,0.289903935,1.212958064
719,O=P1(O)OC2=C(C3=C(C(C)C)C=C(C4=CC=C(C(C)(C)C)C=C4)C=C3C(C)C)C=C5C(C=CC=C5)=[C@]2[C@]6=C(O1)C(C7=C(C(C)C)C=C(C8=CC=C(C(C)(C)C)C=C8)C=C7C(C)C)=CC9=C6C=CC=C9,O=C(C1=CC=CC=C1)/N=C/C2=CC=CC=C2,SC1=CC=C(OC)C=C1,2.721168735,11.38536999
455,O=P1(O)OC2=C(C3=CC=C(OC)C=C3)C=C4C(C=CC=C4)=C2C5=C(O1)C(C6=CC=C(OC)C=C6)=CC7=C5C=CC=C7,O=C(C1=CC=CC=C1)/N=C/C2=CC=C(OC)C=C2,CCS,0.446373616,1.867627209
62,O=P1(O)OC2=C(C3=CC(C(F)(F)F)=CC(C(F)(F)F)=C3)C=C4C(C=CC=C4)=C2C5=C(O1)C(C6=CC(C(F)(F)F)=CC(C(F)(F)F)=C6)=CC7=C5C=CC=C7,O=C(C1=CC=CC=C1)/N=C/C2=CC=C(C(F)(F)F)C=C2,SC1=CC=C(OC)C=C1,1.074990526,4.497760361
345,O=P1(O)OC2=C(C3=CC(C)=C(OC(C)C)C(C)=C3)C=C4C(C=CC=C4)=C2C5=C(O1)C(C6=CC(C)=C(OC(C)C)C(C)=C6)=CC7=C5C=CC=C7,O=C(C1=CC=CC=C1)/N=C/C2=CC=C(Cl)C=C2Cl,SC1=CC=CC=C1C,1.074990526,4.497760361
741,O=P1(O)OC2=C([Si](C3=CC=CC=C3)(C4=CC=CC=C4)C5=CC=CC=C5)C=C6C(C=CC=C6)=C2C7=C(O1)C([Si](C8=CC=CC=C8)(C9=CC=CC=C9)C%10=CC=CC=C%10)=CC%11=C7C=CC=C%11,O=C(C1=CC=CC=C1)/N=C/C2=CC=CC=C2,SC1=CC=CC=C1,0.240111033,1.004624562
553,O=P1(O)OC2=C(C3=C(OCC)C=CC(C)=C3)C=C4C(C=CC=C4)=C2C5=C(O1)C(C6=CC(C)=CC=C6OCC)=CC7=C5C=CC=C7,O=C(C1=CC=CC=C1)/N=C/C2=CC=C(OC)C=C2,SC1=CC=CC=C1,1.531802956,6.409063568
187,O=P1(O)OC2=C([Si](C3=CC=CC=C3)(C4=CC=CC=C4)C5=CC=CC=C5)C=C6C(C=CC=C6)=C2C7=C(O1)C([Si](C8=CC=CC=C8)(C9=CC=CC=C9)C%10=CC=CC=C%10)=CC%11=C7C=CC=C%11,O=C(C1=CC=CC=C1)/N=C/C2=CC=C(C(F)(F)F)C=C2,SC1CCCCC1,0.023690626,0.099121579
666,O=P1(O)OC2=C(CC)C=C3C(CCCC3)=C2C4=C(O1)C(CC)=CC5=C4CCCC5,O=C(C1=CC=CC=C1)/N=C/C2=CC=CC=C2,CCS,-0.118834511,-0.497203594
687,O=P1(O)OC2=C(C3=C(C(C)C)C=C(C4=CC=C(C(C)(C)C)C=C4)C=C3C(C)C)C=C5C(C=CC=C5)=[C@]2[C@]6=C(O1)C(C7=C(C(C)C)C=C(C8=CC=C(C(C)(C)C)C=C8)C=C7C(C)C)=CC9=C6C=CC=C9,O=C(C1=CC=CC=C1)/N=C/C2=CC=CC=C2,CCS,1.446325365,6.051425327
724,O=P1(O)OC2=C(C3=C(OC(F)(F)F)C=CC=C3)C=C4C(C=CC=C4)=C2C5=C(O1)C(C6=CC=CC=C6OC(F)(F)F)=CC7=C5C=CC=C7,O=C(C1=CC=CC=C1)/N=C/C2=CC=CC=C2,SC1=CC=C(OC)C=C1,1.446325365,6.051425327
53,O=P1(O)OC2=C(Br)C=C3C(CCCC3)=C2C4=C(O1)C(Br)=CC5=C4CCCC5,O=C(C1=CC=CC=C1)/N=C/C2=CC=C(C(F)(F)F)C=C2,SC1=CC=C(OC)C=C1,0.240111033,1.004624562
619,O=P1(O)OC2=C([Si](C3=CC=C(C(C)(C)C)C=C3)(C4=CC=C(C(C)(C)C)C=C4)C5=CC=C(C(C)(C)C)C=C5)C=C6C(CCCC6)=C2C7=C(O1)C([Si](C8=CC=C(C(C)(C)C)C=C8)(C9=CC=C(C(C)(C)C)C=C9)C%10=CC=C(C(C)(C)C)C=C%10)=CC%11=C7CCCC%11,O=C(C1=CC=CC=C1)/N=C/C2=CC=C(OC)C=C2,SC1CCCCC1,-0.047400225,-0.198322541
650,O=P1(O)OC2=C(C3=CC(C4=CC(C(F)(F)F)=CC(C(F)(F)F)=C4)=CC(C5=CC(C(F)(F)F)=CC(C(F)(F)F)=C5)=C3)C=C6C(C=CC=C6)=C2C7=C(O1)C(C8=CC(C9=CC(C(F)(F)F)=CC(C(F)(F)F)=C9)=CC(C%10=CC(C(F)(F)F)=CC(C(F)(F)F)=C%10)=C8)=CC%11=C7C=CC=C%11,O=C(C1=CC=CC=C1)/N=C/C2=CC=CC=C2,CCS,0.501758501,2.099357568
505,O=P1(O)OC2=C(C3=C(C=CC=C4)C4=C(C5=CC(C=CC=C6)=C6C=C5)C7=C3C=CC=C7)C=C8C(C=CC=C8)=[C@]2[C@]9=C(O1)C(C%10=C(C=CC=C%11)C%11=C(C%12=CC=C(C=CC=C%13)C%13=C%12)C%14=C%10C=CC=C%14)=CC%15=C9C=CC=C%15,O=C(C1=CC=CC=C1)/N=C/C2=CC=C(OC)C=C2,SC1=CC=C(OC)C=C1,2.304684113,9.642798329
678,O=P1(O)OC2=C(C3=C(C4=CC(C=CC=C5)=C5C=C4)C=CC=C3)C=C6C(CCCC6)=C2C7=C(O1)C(C8=CC=CC=C8C9=CC=C(C=CC=C%10)C%10=C9)=CC%11=C7CCCC%11,O=C(C1=CC=CC=C1)/N=C/C2=CC=CC=C2,CCS,0.820945045,3.434834068
992,O=P1(O)OC2=C(CC3=CC=C(OC)C=C3)C=C4C(CCCC4)=C2C5=C(O1)C(CC6=CC=C(OC)C=C6)=CC7=C5CCCC7,O=C(C1=CC=CC=C1)/N=C/C2=CC=CC3=C2C=CC=C3,SC1=CC=CC=C1C,0.166908496,0.698345147
288,O=P1(O)OC2=C(C3=C(C(C)C)C=C(C(C)C)C=C3C(C)C)C=C4C(C=CC=C4)=C2C5=C(O1)[C@@]([C@@]6=C(C(C)C)C=C(C(C)C)C=C6C(C)C)=CC7=C5C=CC=C7,O=C(C1=CC=CC=C1)/N=C/C2=CC=C(Cl)C=C2Cl,SC1=CC=C(OC)C=C1,3.134624572,13.11526921
911,O=P1(O)OC2=C(Br)C=C3C(C=CC=C3)=C2C4=C(O1)C(Br)=CC5=CC=CC=C54,O=C(C1=CC=CC=C1)/N=C/C2=CC=CC3=C2C=CC=C3,SC1=CC=C(OC)C=C1,0.191142101,0.799738551
239,O=P1(O)OC2=C(C3=C(C=CC=C4)C4=C(C5=CC(C=CC=C6)=C6C=C5)C7=C3C=CC=C7)C=C8C(C=CC=C8)=[C@]2[C@]9=C(O1)C(C%10=C(C=CC=C%11)C%11=C(C%12=CC=C(C=CC=C%13)C%13=C%12)C%14=C%10C=CC=C%14)=CC%15=C9C=CC=C%15,O=C(C1=CC=CC=C1)/N=C/C2=CC=C(Cl)C=C2Cl,CCS,1.125722444,4.710022706
536,O=P1(O)OC2=C(C3=CC=C(C4=CC=C(C=CC=C5)C5=C4)C=C3)C=C6C(C=CC=C6)=C2C7=C(O1)C(C8=CC=C(C9=CC(C=CC=C%10)=C%10C=C9)C=C8)=CC%11=C7C=CC=C%11,O=C(C1=CC=CC=C1)/N=C/C2=CC=C(OC)C=C2,SC1=CC=CC=C1,0.897960775,3.757067883
97,O=P1(O)OC2=C([Si](C3=CC=C(C(C)(C)C)C=C3)(C4=CC=C(C(C)(C)C)C=C4)C5=CC=C(C(C)(C)C)C=C5)C=C6C(CCCC6)=C2C7=C(O1)C([Si](C8=CC=C(C(C)(C)C)C=C8)(C9=CC=C(C(C)(C)C)C=C9)C%10=CC=C(C(C)(C)C)C=C%10)=CC%11=C7CCCC%11,O=C(C1=CC=CC=C1)/N=C/C2=CC=C(C(F)(F)F)C=C2,SC1=CC=CC=C1,-0.023690626,-0.099121579
95,O=P1(O)OC2=C([Si](C3=CC=CC=C3)(C4=CC=CC=C4)C5=CC=CC=C5)C=C6C(C=CC=C6)=C2C7=C(O1)C([Si](C8=CC=CC=C8)(C9=CC=CC=C9)C%10=CC=CC=C%10)=CC%11=C7C=CC=C%11,O=C(C1=CC=CC=C1)/N=C/C2=CC=C(C(F)(F)F)C=C2,SC1=CC=CC=C1,0.142812956,0.597529408
812,O=P1(O)OC2=C(C3=CC=C(C4=CC=C(C=CC=C5)C5=C4)C=C3)C=C6C(C=CC=C6)=C2C7=C(O1)C(C8=CC=C(C9=CC(C=CC=C%10)=C%10C=C9)C=C8)=CC%11=C7C=CC=C%11,O=C(C1=CC=CC=C1)/N=C/C2=CC=CC=C2,SC1=CC=CC=C1C,1.301167112,5.444083197
379,O=P1(O)OC2=C(C3=C(OCC)C=CC(C)=C3)C=C4C(C=CC=C4)=C2C5=C(O1)C(C6=CC(C)=CC=C6OCC)=CC7=C5C=CC=C7,O=C(C1=CC=CC=C1)/N=C/C2=CC=C(Cl)C=C2Cl,SC1=CC=CC=C1C,1.301167112,5.444083197
1043,O=P1(O)OC2=C(C3=CC(C(C)(C)C)=CC(C(C)(C)C)=C3)C=C4C(C=CC=C4)=C2C5=C(O1)C(C6=CC(C(C)(C)C)=CC(C(C)(C)C)=C6)=CC7=C5C=CC=C7,O=C(C1=CC=CC=C1)/N=C/C2=CC=CC3=C2C=CC=C3,SC1CCCCC1,0.619408639,2.591605746
1063,O=P1(O)OC2=C(C3=CC=C(C(C)(C)C)C=C3)C=C4C(C=CC=C4)=C2C5=C(O1)C(C6=CC=C(C(C)(C)C)C=C6)=CC7=C5C=CC=C7,O=C(C1=CC=CC=C1)/N=C/C2=CC=CC3=C2C=CC=C3,SC1CCCCC1,0.446373616,1.867627209
1070,O=P1(O)OC2=C(C3=CC(C(F)(F)F)=CC(C(F)(F)F)=C3)C=C4C(CCCC4)=C2C5=C(O1)C(C6=CC(C(F)(F)F)=CC(C(F)(F)F)=C6)=CC7=C5CCCC7,O=C(C1=CC=CC=C1)/N=C/C2=CC=CC3=C2C=CC=C3,SC1CCCCC1,0.682601444,2.856004442
104,O=P1(O)OC2=C(C3=C(F)C=C(OC)C=C3F)C=C4C(C=CC=C4)=[C@]2[C@]5=C(O1)C(C6=C(F)C=C(OC)C=C6F)=CC7=C5C=CC=C7,O=C(C1=CC=CC=C1)/N=C/C2=CC=C(C(F)(F)F)C=C2,SC1=CC=CC=C1,1.446325365,6.051425327
232,O=P1(O)OC2=C([Si](C3=CC=CC=C3)(C4=CC=CC=C4)C5=CC=CC=C5)C=C6C(C=CC=C6)=C2C7=C(O1)C([Si](C8=CC=CC=C8)(C9=CC=CC=C9)C%10=CC=CC=C%10)=CC%11=C7C=CC=C%11,O=C(C1=CC=CC=C1)/N=C/C2=CC=C(Cl)C=C2Cl,CCS,0.023690626,0.099121579
963,O=P1(O)OC2=C(C3=CC=C(C4=CC=C(C=CC=C5)C5=C4)C=C3)C=C6C(C=CC=C6)=C2C7=C(O1)C(C8=CC=C(C9=CC(C=CC=C%10)=C%10C=C9)C=C8)=CC%11=C7C=CC=C%11,O=C(C1=CC=CC=C1)/N=C/C2=CC=CC3=C2C=CC=C3,SC1=CC=CC=C1,1.125722444,4.710022706
372,O=P1(O)OC2=C(C3=CC(C(C)(C)C)=CC(C(C)(C)C)=C3)C=C4C(C=CC=C4)=C2C5=C(O1)C(C6=CC(C(C)(C)C)=CC(C(C)(C)C)=C6)=CC7=C5C=CC=C7,O=C(C1=CC=CC=C1)/N=C/C2=CC=C(Cl)C=C2Cl,SC1=CC=CC=C1C,1.301167112,5.444083197
12,O=P1(O)OC2=C(Br)C=C3C(C=CC=C3)=C2C4=C(O1)C(Br)=CC5=CC=CC=C54,O=C(C1=CC=CC=C1)/N=C/C2=CC=C(C(F)(F)F)C=C2,CCS,-0.142812956,-0.597529408
1065,O=P1(O)OC2=C(C3=CC(C4=CC(C=CC=C5)=C5C=C4)=CC=C3)C=C6C(C=CC=C6)=C2C7=C(O1)C(C8=CC=CC(C9=CC=C(C=CC=C%10)C%10=C9)=C8)=CC%11=C7C=CC=C%11,O=C(C1=CC=CC=C1)/N=C/C2=CC=CC3=C2C=CC=C3,SC1CCCCC1,0.589002233,2.464385343
18,O=P1(O)OC2=C(C3=C(C(C)C)C=C(C4=CC=C(C(C)(C)C)C=C4)C=C3C(C)C)C=C5C(C=CC=C5)=[C@]2[C@]6=C(O1)C(C7=C(C(C)C)C=C(C8=CC=C(C(C)(C)C)C=C8)C=C7C(C)C)=CC9=C6C=CC=C9,O=C(C1=CC=CC=C1)/N=C/C2=CC=C(C(F)(F)F)C=C2,CCS,1.17989059,4.936662229
190,O=P1(O)OC2=C(C3=CC=C(C4=CC(C(F)(F)F)=CC(C(F)(F)F)=C4)C=C3)C=C5C(C=CC=C5)=C2C6=C(O1)C(C7=CC=C(C8=CC(C(F)(F)F)=CC(C(F)(F)F)=C8)C=C7)=CC9=C6C=CC=C9,O=C(C1=CC=CC=C1)/N=C/C2=CC=C(C(F)(F)F)C=C2,SC1CCCCC1,0.5302345,2.218501148
42,O=P1(O)OC2=C(C3=C(C=CC=C4)C4=C(C5=CC(C=CC=C6)=C6C=C5)C7=C3C=CC=C7)C=C8C(C=CC=C8)=[C@]2[C@]9=C(O1)C(C%10=C(C=CC=C%11)C%11=C(C%12=CC=C(C=CC=C%13)C%13=C%12)C%14=C%10C=CC=C%14)=CC%15=C9C=CC=C%15,O=C(C1=CC=CC=C1)/N=C/C2=CC=C(C(F)(F)F)C=C2,CCS,1.446325365,6.051425327
927,O=P1(O)OC2=C(C3=C(C4CCCCC4)C=C(C5CCCCC5)C=C3C6CCCCC6)C=C7C(C=CC=C7)=C2C8=C(O1)[C@@]([C@@]9=C(C%10CCCCC%10)C=C(C%11CCCCC%11)C=C9C%12CCCCC%12)=CC%13=C8C=CC=C%13,O=C(C1=CC=CC=C1)/N=C/C2=CC=CC3=C2C=CC=C3,SC1=CC=C(OC)C=C1,3.134624572,13.11526921
299,O=P1(O)OC2=C(C3=C(C4=CC(C=CC=C5)=C5C=C4)C=CC=C3)C=C6C(CCCC6)=C2C7=C(O1)C(C8=CC=CC=C8C9=CC=C(C=CC=C%10)C%10=C9)=CC%11=C7CCCC%11,O=C(C1=CC=CC=C1)/N=C/C2=CC=C(Cl)C=C2Cl,SC1=CC=C(OC)C=C1,1.446325365,6.051425327
161,O=P1(O)OC2=C(C3=CC=C(OC)C=C3)C=C4C(C=CC=C4)=C2C5=C(O1)C(C6=CC=C(OC)C=C6)=CC7=C5C=CC=C7,O=C(C1=CC=CC=C1)/N=C/C2=CC=C(C(F)(F)F)C=C2,SC1=CC=CC=C1C,1.301167112,5.444083197
39,O=P1(O)OC2=C(C3=CC(C(C)(C)C)=CC(C(C)(C)C)=C3)C=C4C(C=CC=C4)=C2C5=C(O1)C(C6=CC(C(C)(C)C)=CC(C(C)(C)C)=C6)=CC7=C5C=CC=C7,O=C(C1=CC=CC=C1)/N=C/C2=CC=C(C(F)(F)F)C=C2,CCS,1.370103771,5.732514178
1004,O=P1(O)OC2=C(C3=CC=C(OC)C=C3)C=C4C(C=CC=C4)=C2C5=C(O1)C(C6=CC=C(OC)C=C6)=CC7=C5C=CC=C7,O=C(C1=CC=CC=C1)/N=C/C2=CC=CC3=C2C=CC=C3,SC1=CC=CC=C1C,1.027207628,4.297836716
868,O=P1(O)OC2=C(CC3=C(C=CC=C4)C4=CC5=C3C=CC=C5)C=C6C(C=CC=C6)=C2C7=C(O1)C(CC8=C(C=CC=C9)C9=CC%10=C8C=CC=C%10)=CC%11=C7C=CC=C%11,O=C(C1=CC=CC=C1)/N=C/C2=CC=CC3=C2C=CC=C3,CCS,0.215535446,0.901800306
378,O=P1(O)OC2=[C@]([C@]3=C(Cl)C=C(Cl)C=C3Cl)C=C4C(CCCC4)=[C@]2[C@]5=C(O1)C(C6=C(Cl)C=C(Cl)C=C6Cl)=CC7=C5CCCC7,O=C(C1=CC=CC=C1)/N=C/C2=CC=C(Cl)C=C2Cl,SC1=CC=CC=C1C,1.882001124,7.874292703
304,O=P1(O)OC2=C(C3=CC(C4=CC(C(F)(F)F)=CC(C(F)(F)F)=C4)=CC(C5=CC(C(F)(F)F)=CC(C(F)(F)F)=C5)=C3)C=C6C(C=CC=C6)=C2C7=C(O1)C(C8=CC(C9=CC(C(F)(F)F)=CC(C(F)(F)F)=C9)=CC(C%10=CC(C(F)(F)F)=CC(C(F)(F)F)=C%10)=C8)=CC%11=C7C=CC=C%11,O=C(C1=CC=CC=C1)/N=C/C2=CC=C(Cl)C=C2Cl,SC1=CC=CC=C1,1.238109014,5.180248115
474,O=P1(O)OC2=C(C3=CC=C(S(F)(F)(F)(F)F)C=C3)C=C4C(C=CC=C4)=C2C5=C(O1)C(C6=CC=C(S(F)(F)(F)(F)F)C=C6)=CC7=C5C=CC=C7,O=C(C1=CC=CC=C1)/N=C/C2=CC=C(OC)C=C2,SC1=CC=C(OC)C=C1,1.17989059,4.936662229
287,O=P1(O)OC2=C(C3=C(C)C=C(C)C=C3C)C=C4C(C=CC=C4)=C2C5=C(O1)[C@@]([C@@]6=C(C)C=C(C)C=C6C)=CC7=C5C=CC=C7,O=C(C1=CC=CC=C1)/N=C/C2=CC=C(Cl)C=C2Cl,SC1=CC=C(OC)C=C1,1.882001124,7.874292703
602,O=P1(O)OC2=C(C3=CC=CC=C3)C=C4C(C=CC=C4)=C2C5=C(O1)C(C6=CC=CC=C6)=CC7=C5C=CC=C7,O=C(C1=CC=CC=C1)/N=C/C2=CC=C(OC)C=C2,SC1CCCCC1,0.619408639,2.591605746
652,O=P1(O)OC2=C(CC3=CC(C(F)(F)F)=CC(C(F)(F)F)=C3)C=C4C(CCCC4)=C2C5=C(O1)C(CC6=CC(C(F)(F)F)=CC(C(F)(F)F)=C6)=CC7=C5CCCC7,O=C(C1=CC=CC=C1)/N=C/C2=CC=CC=C2,CCS,-0.366586769,-1.533799041
854,O=P1(O)OC2=C(C3=CC(C(F)(F)F)=CC(C(F)(F)F)=C3)C=C4C(C=CC=C4)=C2C5=C(O1)C(C6=CC(C(F)(F)F)=CC(C(F)(F)F)=C6)=CC7=C5C=CC=C7,O=C(C1=CC=CC=C1)/N=C/C2=CC=CC=C2,SC1CCCCC1,0.392793996,1.643450079
949,O=P1(O)OC2=C(CC3=CC(C(F)(F)F)=CC(C(F)(F)F)=C3)C=C4C(CCCC4)=C2C5=C(O1)C(CC6=CC(C(F)(F)F)=CC(C(F)(F)F)=C6)=CC7=C5CCCC7,O=C(C1=CC=CC=C1)/N=C/C2=CC=CC3=C2C=CC=C3,SC1=CC=CC=C1,0.619408639,2.591605746
475,O=P1(O)OC2=C(CC3=CC=C(OC)C=C3)C=C4C(CCCC4)=C2C5=C(O1)C(CC6=CC=C(OC)C=C6)=CC7=C5CCCC7,O=C(C1=CC=CC=C1)/N=C/C2=CC=C(OC)C=C2,SC1=CC=C(OC)C=C1,0.240111033,1.004624562
1031,O=P1(O)OC2=C(C3=C(OC)C=CC=C3OC)C=C4C(C=CC=C4)=C2C5=C(O1)[C@@]([C@@]6=C(OC)C=CC=C6OC)=CC7=C5C=CC=C7,O=C(C1=CC=CC=C1)/N=C/C2=CC=CC3=C2C=CC=C3,SC1=CC=CC=C1C,2.058499317,8.612761142
753,O=P1(O)OC2=C(C3=C(F)C=C(OC)C=C3F)C=C4C(C=CC=C4)=[C@]2[C@]5=C(O1)C(C6=C(F)C=C(OC)C=C6F)=CC7=C5C=CC=C7,O=C(C1=CC=CC=C1)/N=C/C2=CC=CC=C2,SC1=CC=CC=C1,1.531802956,6.409063568
66,O=P1(O)OC2=C(C3=C(C(C)C)C=C(C(C)C)C=C3C(C)C)C=C4C(C=CC=C4)=C2C5=C(O1)[C@@]([C@@]6=C(C(C)C)C=C(C(C)C)C=C6C(C)C)=CC7=C5C=CC=C7,O=C(C1=CC=CC=C1)/N=C/C2=CC=C(C(F)(F)F)C=C2,SC1=CC=C(OC)C=C1,1.743657522,7.295463072
1032,O=P1(O)OC2=C(C3=CC=CC=C3)C=C4C(C=CC=C4)=C2C5=C(O1)C(C6=CC=CC=C6)=CC7=C5C=CC=C7,O=C(C1=CC=CC=C1)/N=C/C2=CC=CC3=C2C=CC=C3,SC1CCCCC1,0.559297578,2.340101066
491,O=P1(O)OC2=C(C3=CC=C(C)C=C3)C=C4C(C=CC=C4)=C2C5=C(O1)C(C6=CC=C(C)C=C6)=CC7=C5C=CC=C7,O=C(C1=CC=CC=C1)/N=C/C2=CC=C(OC)C=C2,SC1=CC=C(OC)C=C1,1.125722444,4.710022706
374,O=P1(O)OC2=C(C3=CC(C4=CC=C(OC)C=C4)=CC(C5=CC=C(OC)C=C5)=C3)C=C6C(C=CC=C6)=C2C7=C(O1)C(C8=CC(C9=CC=C(OC)C=C9)=CC(C%10=CC=C(OC)C=C%10)=C8)=CC%11=C7C=CC=C%11,O=C(C1=CC=CC=C1)/N=C/C2=CC=C(Cl)C=C2Cl,SC1=CC=CC=C1C,1.446325365,6.051425327
142,O=P1(O)OC2=C(C3=CC(COC)=CC=C3)C=C4C(CCCC4)=C2C5=C(O1)C(C6=CC=CC(COC)=C6)=CC7=C5CCCC7,O=C(C1=CC=CC=C1)/N=C/C2=CC=C(C(F)(F)F)C=C2,SC1=CC=CC=C1C,1.125722444,4.710022706
1074,O=P1(O)OC2=C(C3=C(C=CC4=CC=CC(C=C5)=C46)C6=C5C=C3)C=C7C(C=CC=C7)=C2C8=C(O1)C(C9=CC=C(C=C%10)C%11=C9C=CC%12=CC=CC%10=C%11%12)=CC%13=C8C=CC=C%13,O=C(C1=CC=CC=C1)/N=C/C2=CC=CC3=C2C=CC=C3,SC1CCCCC1,1.743657522,7.295463072
172,O=P1(O)OC2=C(C3=CC=CC=C3)C=C4C(C=CC=C4)=C2C5=C(O1)C(C6=CC=CC=C6)=CC7=C5C=CC=C7,O=C(C1=CC=CC=C1)/N=C/C2=CC=C(C(F)(F)F)C=C2,SC1CCCCC1,0.715545793,2.993843598
398,O=P1(O)OC2=C(C3=CC(C(C)(C)C)=CC(C(C)(C)C)=C3)C=C4C(CCCC4)=C2C5=C(O1)C(C6=CC(C(C)(C)C)=CC(C(C)(C)C)=C6)=CC7=C5CCCC7,O=C(C1=CC=CC=C1)/N=C/C2=CC=C(Cl)C=C2Cl,SC1CCCCC1,0.559297578,2.340101066
664,O=P1(O)OC2=C(C3=CC=C(C4=CC(C(F)(F)F)=CC(C(F)(F)F)=C4)C=C3)C=C5C(C=CC=C5)=C2C6=C(O1)C(C7=CC=C(C8=CC(C(F)(F)F)=CC(C(F)(F)F)=C8)C=C7)=CC9=C6C=CC=C9,O=C(C1=CC=CC=C1)/N=C/C2=CC=CC=C2,CCS,0.619408639,2.591605746
1017,O=P1(O)OC2=C(C3=C(C4CCCCC4)C=C(C5CCCCC5)C=C3C6CCCCC6)C=C7C(C=CC=C7)=C2C8=C(O1)[C@@]([C@@]9=C(C%10CCCCC%10)C=C(C%11CCCCC%11)C=C9C%12CCCCC%12)=CC%13=C8C=CC=C%13,O=C(C1=CC=CC=C1)/N=C/C2=CC=CC3=C2C=CC=C3,SC1=CC=CC=C1C,3.134624572,13.11526921
894,O=P1(O)OC2=C(C3=CC=C(C4=CC=C(C=CC=C5)C5=C4)C=C3)C=C6C(C=CC=C6)=C2C7=C(O1)C(C8=CC=C(C9=CC(C=CC=C%10)=C%10C=C9)C=C8)=CC%11=C7C=CC=C%11,O=C(C1=CC=CC=C1)/N=C/C2=CC=CC3=C2C=CC=C3,CCS,0.559297578,2.340101066
295,O=P1(O)OC2=[C@]([C@]3=C(Cl)C=C(Cl)C=C3Cl)C=C4C(CCCC4)=[C@]2[C@]5=C(O1)C(C6=C(Cl)C=C(Cl)C=C6Cl)=CC7=C5CCCC7,O=C(C1=CC=CC=C1)/N=C/C2=CC=C(Cl)C=C2Cl,SC1=CC=C(OC)C=C1,2.058499317,8.612761142
222,O=P1(O)OC2=C(CC3=CC=C(OC)C=C3)C=C4C(CCCC4)=C2C5=C(O1)C(CC6=CC=C(OC)C=C6)=CC7=C5CCCC7,O=C(C1=CC=CC=C1)/N=C/C2=CC=C(Cl)C=C2Cl,CCS,-0.419377753,-1.754676519
270,O=P1(O)OC2=C([Si](C3=CC=CC=C3)(C4=CC=CC=C4)C5=CC=CC=C5)C=C6C(CCCC6)=C2C7=C(O1)C([Si](C8=CC=CC=C8)(C9=CC=CC=C9)C%10=CC=CC=C%10)=CC%11=C7CCCC%11,O=C(C1=CC=CC=C1)/N=C/C2=CC=C(Cl)C=C2Cl,SC1=CC=C(OC)C=C1,0.118834511,0.497203594
111,O=P1(O)OC2=C(C3=CC(C(C)(C)C)=CC(C(C)(C)C)=C3)C=C4C(CCCC4)=C2C5=C(O1)C(C6=CC(C(C)(C)C)=CC(C(C)(C)C)=C6)=CC7=C5CCCC7,O=C(C1=CC=CC=C1)/N=C/C2=CC=C(C(F)(F)F)C=C2,SC1=CC=CC=C1,1.301167112,5.444083197
564,O=P1(O)OC2=C(CC3=C(C=CC=C4)C4=CC5=C3C=CC=C5)C=C6C(C=CC=C6)=C2C7=C(O1)C(CC8=C(C=CC=C9)C9=CC%10=C8C=CC=C%10)=CC%11=C7C=CC=C%11,O=C(C1=CC=CC=C1)/N=C/C2=CC=C(OC)C=C2,SC1=CC=CC=C1C,0.749510758,3.135953011
942,O=P1(O)OC2=C(C3=C(C=CC4=CC=CC(C=C5)=C46)C6=C5C=C3)C=C7C(C=CC=C7)=C2C8=C(O1)C(C9=CC=C(C=C%10)C%11=C9C=CC%12=CC=CC%10=C%11%12)=CC%13=C8C=CC=C%13,O=C(C1=CC=CC=C1)/N=C/C2=CC=CC3=C2C=CC=C3,SC1=CC=C(OC)C=C1,2.304684113,9.642798329
143,O=P1(O)OC2=C(C3=C(OC(F)(F)F)C=CC=C3)C=C4C(C=CC=C4)=C2C5=C(O1)C(C6=CC=CC=C6OC(F)(F)F)=CC7=C5C=CC=C7,O=C(C1=CC=CC=C1)/N=C/C2=CC=C(C(F)(F)F)C=C2,SC1=CC=CC=C1C,1.238109014,5.180248115
498,O=P1(O)OC2=C(C3=C(C(C)C)C=C(C(C)C)C=C3C(C)C)C=C4C(C=CC=C4)=C2C5=C(O1)[C@@]([C@@]6=C(C(C)C)C=C(C(C)C)C=C6C(C)C)=CC7=C5C=CC=C7,O=C(C1=CC=CC=C1)/N=C/C2=CC=C(OC)C=C2,SC1=CC=C(OC)C=C1,2.058499317,8.612761142
121,O=P1(O)OC2=C(C3=C(C=CC=C4)C4=CC5=C3C=CC=C5)C=C6C(C=CC=C6)=C2C7=C(O1)[C@@]([C@@]8=C(C=CC=C9)C9=CC%10=C8C=CC=C%10)=CC%11=C7C=CC=C%11,O=C(C1=CC=CC=C1)/N=C/C2=CC=C(C(F)(F)F)C=C2,SC1=CC=CC=C1,1.629422542,6.817503916
732,O=P1(O)OC2=C(C3=CC(C)=C(OC(C)C)C(C)=C3)C=C4C(C=CC=C4)=C2C5=C(O1)C(C6=CC(C)=C(OC(C)C)C(C)=C6)=CC7=C5C=CC=C7,O=C(C1=CC=CC=C1)/N=C/C2=CC=CC=C2,SC1=CC=CC=C1,1.17989059,4.936662229
370,O=P1(O)OC2=C(C3=C(C4CCCCC4)C=C(C5CCCCC5)C=C3C6CCCCC6)C=C7C(C=CC=C7)=C2C8=C(O1)[C@@]([C@@]9=C(C%10CCCCC%10)C=C(C%11CCCCC%11)C=C9C%12CCCCC%12)=CC%13=C8C=CC=C%13,O=C(C1=CC=CC=C1)/N=C/C2=CC=C(Cl)C=C2Cl,SC1=CC=CC=C1C,3.134624572,13.11526921
347,O=P1(O)OC2=C(CC3=CC=C(OC)C=C3)C=C4C(CCCC4)=C2C5=C(O1)C(CC6=CC=C(OC)C=C6)=CC7=C5CCCC7,O=C(C1=CC=CC=C1)/N=C/C2=CC=C(Cl)C=C2Cl,SC1=CC=CC=C1C,0.215535446,0.901800306
235,O=P1(O)OC2=C(C3=CC=C(C4=CC(C(F)(F)F)=CC(C(F)(F)F)=C4)C=C3)C=C5C(C=CC=C5)=C2C6=C(O1)C(C7=CC=C(C8=CC(C(F)(F)F)=CC(C(F)(F)F)=C8)C=C7)=CC9=C6C=CC=C9,O=C(C1=CC=CC=C1)/N=C/C2=CC=C(Cl)C=C2Cl,CCS,0.473819986,1.982462821
254,O=P1(O)OC2=C(C3=C(OC)C=CC=C3OC)C=C4C(C=CC=C4)=C2C5=C(O1)[C@@]([C@@]6=C(OC)C=CC=C6OC)=CC7=C5C=CC=C7,O=C(C1=CC=CC=C1)/N=C/C2=CC=C(Cl)C=C2Cl,CCS,1.074990526,4.497760361
540,O=P1(O)OC2=C(C3=C(C)C=C(C)C=C3C)C=C4C(C=CC=C4)=C2C5=C(O1)[C@@]([C@@]6=C(C)C=C(C)C=C6C)=CC7=C5C=CC=C7,O=C(C1=CC=CC=C1)/N=C/C2=CC=C(OC)C=C2,SC1=CC=CC=C1,1.370103771,5.732514178
696,O=P1(O)OC2=C(C3=CC(C(C)(C)C)=CC(C(C)(C)C)=C3)C=C4C(CCCC4)=C2C5=C(O1)C(C6=CC(C(C)(C)C)=CC(C(C)(C)C)=C6)=CC7=C5CCCC7,O=C(C1=CC=CC=C1)/N=C/C2=CC=CC=C2,SC1=CC=C(OC)C=C1,1.17989059,4.936662229
582,O=P1(O)OC2=C(C3=C(F)C=C(OC)C=C3F)C=C4C(C=CC=C4)=[C@]2[C@]5=C(O1)C(C6=C(F)C=C(OC)C=C6F)=CC7=C5C=CC=C7,O=C(C1=CC=CC=C1)/N=C/C2=CC=C(OC)C=C2,SC1=CC=CC=C1C,1.629422542,6.817503916
70,O=P1(O)OC2=C(C3=CC(C4=CC=C(OC)C=C4)=CC(C5=CC=C(OC)C=C5)=C3)C=C6C(C=CC=C6)=C2C7=C(O1)C(C8=CC(C9=CC=C(OC)C=C9)=CC(C%10=CC=C(OC)C=C%10)=C8)=CC%11=C7C=CC=C%11,O=C(C1=CC=CC=C1)/N=C/C2=CC=C(C(F)(F)F)C=C2,SC1=CC=C(OC)C=C1,1.531802956,6.409063568
415,O=P1(O)OC2=C(C3=C(OC(F)(F)F)C=CC=C3)C=C4C(C=CC=C4)=C2C5=C(O1)C(C6=CC=CC=C6OC(F)(F)F)=CC7=C5C=CC=C7,O=C(C1=CC=CC=C1)/N=C/C2=CC=C(Cl)C=C2Cl,SC1CCCCC1,0.559297578,2.340101066
185,O=P1(O)OC2=C(Br)C=C3C(C=CC=C3)=C2C4=C(O1)C(Br)=CC5=CC=CC=C54,O=C(C1=CC=CC=C1)/N=C/C2=CC=C(C(F)(F)F)C=C2,SC1CCCCC1,0.118834511,0.497203594
105,O=P1(O)OC2=C(C3=C(C)C=C(C)C=C3C)C=C4C(C=CC=C4)=C2C5=C(O1)[C@@]([C@@]6=C(C)C=C(C)C=C6C)=CC7=C5C=CC=C7,O=C(C1=CC=CC=C1)/N=C/C2=CC=C(C(F)(F)F)C=C2,SC1=CC=CC=C1,1.531802956,6.409063568
665,O=P1(O)OC2=C(C3=CC(C4=C(C)C=C(C)C=C4C)=CC(C5=C(C)C=C(C)C=C5C)=C3)C=C6C(CCCC6)=C2C7=C(O1)C(C8=CC(C9=C(C)C=C(C)C=C9C)=CC(C%10=C(C)C=C(C)C=C%10C)=C8)=CC%11=C7CCCC%11,O=C(C1=CC=CC=C1)/N=C/C2=CC=CC=C2,CCS,0.589002233,2.464385343
211,O=P1(O)OC2=C(C3=C(C=CC=C4)C4=C(C5=CC(C=CC=C6)=C6C=C5)C7=C3C=CC=C7)C=C8C(C=CC=C8)=[C@]2[C@]9=C(O1)C(C%10=C(C=CC=C%11)C%11=C(C%12=CC=C(C=CC=C%13)C%13=C%12)C%14=C%10C=CC=C%14)=CC%15=C9C=CC=C%15,O=C(C1=CC=CC=C1)/N=C/C2=CC=C(C(F)(F)F)C=C2,SC1CCCCC1,1.301167112,5.444083197
811,O=P1(O)OC2=C(C3=C(C=CC4=CC=CC(C=C5)=C46)C6=C5C=C3)C=C7C(C=CC=C7)=C2C8=C(O1)C(C9=CC=C(C=C%10)C%11=C9C=CC%12=CC=CC%10=C%11%12)=CC%13=C8C=CC=C%13,O=C(C1=CC=CC=C1)/N=C/C2=CC=CC=C2,SC1=CC=CC=C1C,1.531802956,6.409063568
842,O=P1(O)OC2=C(C3=C(OCC)C=CC(C)=C3)C=C4C(C=CC=C4)=C2C5=C(O1)C(C6=CC(C)=CC=C6OCC)=CC7=C5C=CC=C7,O=C(C1=CC=CC=C1)/N=C/C2=CC=CC=C2,SC1CCCCC1,0.858676701,3.592703317
1069,O=P1(O)OC2=C(C3=CC(C(F)(F)F)=CC(C(F)(F)F)=C3)C=C4C(C=CC=C4)=C2C5=C(O1)C(C6=CC(C(F)(F)F)=CC(C(F)(F)F)=C6)=CC7=C5C=CC=C7,O=C(C1=CC=CC=C1)/N=C/C2=CC=CC3=C2C=CC=C3,SC1CCCCC1,0.406036647,1.698857331
896,O=P1(O)OC2=C(C3=C(OC)C=CC=C3OC)C=C4C(C=CC=C4)=C2C5=C(O1)[C@@]([C@@]6=C(OC)C=CC=C6OC)=CC7=C5C=CC=C7,O=C(C1=CC=CC=C1)/N=C/C2=CC=CC3=C2C=CC=C3,CCS,0.858676701,3.592703317
744,O=P1(O)OC2=C(CC)C=C3C(CCCC3)=C2C4=C(O1)C(CC)=CC5=C4CCCC5,O=C(C1=CC=CC=C1)/N=C/C2=CC=CC=C2,SC1=CC=CC=C1,0.264892334,1.108309525
581,O=P1(O)OC2=C(C3=CC(C(F)(F)F)=CC(C(F)(F)F)=C3)C=C4C(CCCC4)=C2C5=C(O1)C(C6=CC(C(F)(F)F)=CC(C(F)(F)F)=C6)=CC7=C5CCCC7,O=C(C1=CC=CC=C1)/N=C/C2=CC=C(OC)C=C2,SC1=CC=CC=C1C,1.027207628,4.297836716
772,O=P1(O)OC2=C(C3=C(OC)C=CC=C3OC)C=C4C(C=CC=C4)=C2C5=C(O1)[C@@]([C@@]6=C(OC)C=CC=C6OC)=CC7=C5C=CC=C7,O=C(C1=CC=CC=C1)/N=C/C2=CC=CC=C2,SC1=CC=CC=C1,1.629422542,6.817503916
366,O=P1(O)OC2=C(C3=CC(C(F)(F)F)=CC(C(F)(F)F)=C3)C=C4C(CCCC4)=C2C5=C(O1)C(C6=CC(C(F)(F)F)=CC(C(F)(F)F)=C6)=CC7=C5CCCC7,O=C(C1=CC=CC=C1)/N=C/C2=CC=C(Cl)C=C2Cl,SC1=CC=CC=C1C,1.027207628,4.297836716
749,O=P1(O)OC2=C(C3=C(C=CC4=CC=CC(C=C5)=C46)C6=C5C=C3)C=C7C(C=CC=C7)=C2C8=C(O1)C(C9=CC=C(C=C%10)C%11=C9C=CC%12=CC=CC%10=C%11%12)=CC%13=C8C=CC=C%13,O=C(C1=CC=CC=C1)/N=C/C2=CC=CC=C2,SC1=CC=CC=C1,1.125722444,4.710022706
486,O=P1(O)OC2=C([Si](C3=CC=C(C(C)(C)C)C=C3)(C4=CC=C(C(C)(C)C)C=C4)C5=CC=C(C(C)(C)C)C=C5)C=C6C(CCCC6)=C2C7=C(O1)C([Si](C8=CC=C(C(C)(C)C)C=C8)(C9=CC=C(C(C)(C)C)C=C9)C%10=CC=C(C(C)(C)C)C=C%10)=CC%11=C7CCCC%11,O=C(C1=CC=CC=C1)/N=C/C2=CC=C(OC)C=C2,SC1=CC=C(OC)C=C1,0.191142101,0.799738551
738,O=P1(O)OC2=C([Si](C3=CC=CC=C3)(C)C4=CC=CC=C4)C=C5C(C=CC=C5)=C2C6=C(O1)C([Si](C7=CC=CC=C7)(C8=CC=CC=C8)C)=CC9=C6C=CC=C9,O=C(C1=CC=CC=C1)/N=C/C2=CC=CC=C2,SC1=CC=CC=C1,0.820945045,3.434834068
1013,O=P1(O)OC2=C(C3=CC(C(F)(F)F)=CC(C(F)(F)F)=C3)C=C4C(CCCC4)=C2C5=C(O1)C(C6=CC(C(F)(F)F)=CC(C(F)(F)F)=C6)=CC7=C5CCCC7,O=C(C1=CC=CC=C1)/N=C/C2=CC=CC3=C2C=CC=C3,SC1=CC=CC=C1C,1.027207628,4.297836716
1003,O=P1(O)OC2=C(CC)C=C3C(CCCC3)=C2C4=C(O1)C(CC)=CC5=C4CCCC5,O=C(C1=CC=CC=C1)/N=C/C2=CC=CC3=C2C=CC=C3,SC1=CC=CC=C1C,0.289903935,1.212958064
975,O=P1(O)OC2=C(C3=CC=C(C4=CC(C(F)(F)F)=CC(C(F)(F)F)=C4)C=C3)C=C5C(C=CC=C5)=C2C6=C(O1)C(C7=CC=C(C8=CC(C(F)(F)F)=CC(C(F)(F)F)=C8)C=C7)=CC9=C6C=CC=C9,O=C(C1=CC=CC=C1)/N=C/C2=CC=CC3=C2C=CC=C3,SC1=CC=CC=C1,1.370103771,5.732514178
200,O=P1(O)OC2=C(C3=CC=C(C(C)(C)C)C=C3)C=C4C(C=CC=C4)=C2C5=C(O1)C(C6=CC=C(C(C)(C)C)C=C6)=CC7=C5C=CC=C7,O=C(C1=CC=CC=C1)/N=C/C2=CC=C(C(F)(F)F)C=C2,SC1CCCCC1,0.5302345,2.218501148
425,O=P1(O)OC2=C(C3=C(C)C=C(C)C=C3C)C=C4C(C=CC=C4)=C2C5=C(O1)[C@@]([C@@]6=C(C)C=C(C)C=C6C)=CC7=C5C=CC=C7,O=C(C1=CC=CC=C1)/N=C/C2=CC=C(Cl)C=C2Cl,SC1CCCCC1,1.531802956,6.409063568
38,O=P1(O)OC2=C(C3=C(C4CCCCC4)C=C(C5CCCCC5)C=C3C6CCCCC6)C=C7C(C=CC=C7)=C2C8=C(O1)[C@@]([C@@]9=C(C%10CCCCC%10)C=C(C%11CCCCC%11)C=C9C%12CCCCC%12)=CC%13=C8C=CC=C%13,O=C(C1=CC=CC=C1)/N=C/C2=CC=C(C(F)(F)F)C=C2,CCS,1.531802956,6.409063568
213,O=P1(O)OC2=C(C3=C(OCC)C=CC(C)=C3)C=C4C(C=CC=C4)=C2C5=C(O1)C(C6=CC(C)=CC=C6OCC)=CC7=C5C=CC=C7,O=C(C1=CC=CC=C1)/N=C/C2=CC=C(C(F)(F)F)C=C2,SC1CCCCC1,1.446325365,6.051425327
788,O=P1(O)OC2=C([Si](C3=CC=C(C(C)(C)C)C=C3)(C4=CC=C(C(C)(C)C)C=C4)C5=CC=C(C(C)(C)C)C=C5)C=C6C(CCCC6)=C2C7=C(O1)C([Si](C8=CC=C(C(C)(C)C)C=C8)(C9=CC=C(C(C)(C)C)C=C9)C%10=CC=C(C(C)(C)C)C=C%10)=CC%11=C7CCCC%11,O=C(C1=CC=CC=C1)/N=C/C2=CC=CC=C2,SC1=CC=CC=C1C,-0.047400225,-0.198322541
647,O=P1(O)OC2=C(C3=C(C)C=C(C)C=C3C)C=C4C(C=CC=C4)=C2C5=C(O1)[C@@]([C@@]6=C(C)C=C(C)C=C6C)=CC7=C5C=CC=C7,O=C(C1=CC=CC=C1)/N=C/C2=CC=CC=C2,CCS,1.238109014,5.180248115
101,O=P1(O)OC2=C(C3=CC=C(C)C=C3)C=C4C(C=CC=C4)=C2C5=C(O1)C(C6=CC=C(C)C=C6)=CC7=C5C=CC=C7,O=C(C1=CC=CC=C1)/N=C/C2=CC=C(C(F)(F)F)C=C2,SC1=CC=CC=C1,0.981980567,4.108606692
83,O=P1(O)OC2=C(C3=CC(C4=CC(C=CC=C5)=C5C=C4)=CC=C3)C=C6C(C=CC=C6)=C2C7=C(O1)C(C8=CC=CC(C9=CC=C(C=CC=C%10)C%10=C9)=C8)=CC%11=C7C=CC=C%11,O=C(C1=CC=CC=C1)/N=C/C2=CC=C(C(F)(F)F)C=C2,SC1=CC=C(OC)C=C1,1.370103771,5.732514178
266,O=P1(O)OC2=C(C3=CC(C(C)(C)C)=CC(C(C)(C)C)=C3)C=C4C(CCCC4)=C2C5=C(O1)C(C6=CC(C(C)(C)C)=CC(C(C)(C)C)=C6)=CC7=C5CCCC7,O=C(C1=CC=CC=C1)/N=C/C2=CC=C(Cl)C=C2Cl,SC1=CC=C(OC)C=C1,1.238109014,5.180248115
125,O=P1(O)OC2=C(C3=CC(C4=CC(C=CC=C5)=C5C=C4)=CC=C3)C=C6C(C=CC=C6)=C2C7=C(O1)C(C8=CC=CC(C9=CC=C(C=CC=C%10)C%10=C9)=C8)=CC%11=C7C=CC=C%11,O=C(C1=CC=CC=C1)/N=C/C2=CC=C(C(F)(F)F)C=C2,SC1=CC=CC=C1,1.370103771,5.732514178
145,O=P1(O)OC2=C(C3=CC(C(F)(F)F)=CC(C(F)(F)F)=C3)C=C4C(C=CC=C4)=C2C5=C(O1)C(C6=CC(C(F)(F)F)=CC(C(F)(F)F)=C6)=CC7=C5C=CC=C7,O=C(C1=CC=CC=C1)/N=C/C2=CC=C(C(F)(F)F)C=C2,SC1=CC=CC=C1C,1.268975128,5.309391936
910,O=P1(O)OC2=C([Si](C3=CC=CC=C3)(C)C4=CC=CC=C4)C=C5C(C=CC=C5)=C2C6=C(O1)C([Si](C7=CC=CC=C7)(C8=CC=CC=C8)C)=CC9=C6C=CC=C9,O=C(C1=CC=CC=C1)/N=C/C2=CC=CC3=C2C=CC=C3,SC1=CC=C(OC)C=C1,0.858676701,3.592703317
831,O=P1(O)OC2=C(Br)C=C3C(C=CC=C3)=C2C4=C(O1)C(Br)=CC5=CC=CC=C54,O=C(C1=CC=CC=C1)/N=C/C2=CC=CC=C2,SC1CCCCC1,0.392793996,1.643450079
883,O=P1(O)OC2=[C@]([C@]3=C(Cl)C=C(Cl)C=C3Cl)C=C4C(CCCC4)=[C@]2[C@]5=C(O1)C(C6=C(Cl)C=C(Cl)C=C6Cl)=CC7=C5CCCC7,O=C(C1=CC=CC=C1)/N=C/C2=CC=CC3=C2C=CC=C3,CCS,0.839627562,3.513001719
916,O=P1(O)OC2=C(CC)C=C3C(CCCC3)=C2C4=C(O1)C(CC)=CC5=C4CCCC5,O=C(C1=CC=CC=C1)/N=C/C2=CC=CC3=C2C=CC=C3,SC1=CC=C(OC)C=C1,0.340722979,1.425584944
1002,O=P1(O)OC2=C(C3=CC=C(C4=CC(C(F)(F)F)=CC(C(F)(F)F)=C4)C=C3)C=C5C(C=CC=C5)=C2C6=C(O1)C(C7=CC=C(C8=CC(C(F)(F)F)=CC(C(F)(F)F)=C8)C=C7)=CC9=C6C=CC=C9,O=C(C1=CC=CC=C1)/N=C/C2=CC=CC3=C2C=CC=C3,SC1=CC=CC=C1C,1.238109014,5.180248115
192,O=P1(O)OC2=C(C3=C(C(C)C)C=C(C4=CC=C(C(C)(C)C)C=C4)C=C3C(C)C)C=C5C(C=CC=C5)=[C@]2[C@]6=C(O1)C(C7=C(C(C)C)C=C(C8=CC=C(C(C)(C)C)C=C8)C=C7C(C)C)=CC9=C6C=CC=C9,O=C(C1=CC=CC=C1)/N=C/C2=CC=C(C(F)(F)F)C=C2,SC1CCCCC1,1.238109014,5.180248115
937,O=P1(O)OC2=C(C3=C(OCC)C=CC(C)=C3)C=C4C(C=CC=C4)=C2C5=C(O1)C(C6=CC(C)=CC=C6OCC)=CC7=C5C=CC=C7,O=C(C1=CC=CC=C1)/N=C/C2=CC=CC3=C2C=CC=C3,SC1=CC=C(OC)C=C1,1.301167112,5.444083197
325,O=P1(O)OC2=C(C3=C(F)C=C(OC)C=C3F)C=C4C(C=CC=C4)=[C@]2[C@]5=C(O1)C(C6=C(F)C=C(OC)C=C6F)=CC7=C5C=CC=C7,O=C(C1=CC=CC=C1)/N=C/C2=CC=C(Cl)C=C2Cl,SC1=CC=CC=C1,1.629422542,6.817503916
1008,O=P1(O)OC2=C(C3=CC=C(C(C)(C)C)C=C3)C=C4C(C=CC=C4)=C2C5=C(O1)C(C6=CC=C(C(C)(C)C)C=C6)=CC7=C5C=CC=C7,O=C(C1=CC=CC=C1)/N=C/C2=CC=CC3=C2C=CC=C3,SC1=CC=CC=C1C,1.238109014,5.180248115
46,O=P1(O)OC2=C(CC3=CC(C(F)(F)F)=CC(C(F)(F)F)=C3)C=C4C(CCCC4)=C2C5=C(O1)C(CC6=CC(C(F)(F)F)=CC(C(F)(F)F)=C6)=CC7=C5CCCC7,O=C(C1=CC=CC=C1)/N=C/C2=CC=C(C(F)(F)F)C=C2,SC1=CC=C(OC)C=C1,0.366586769,1.533799041
823,O=P1(O)OC2=C(CC3=CC=C(OC)C=C3)C=C4C(CCCC4)=C2C5=C(O1)C(CC6=CC=C(OC)C=C6)=CC7=C5CCCC7,O=C(C1=CC=CC=C1)/N=C/C2=CC=CC=C2,SC1CCCCC1,-0.142812956,-0.597529408
207,O=P1(O)OC2=C(C3=CC(C(F)(F)F)=CC(C(F)(F)F)=C3)C=C4C(CCCC4)=C2C5=C(O1)C(C6=CC(C(F)(F)F)=CC(C(F)(F)F)=C6)=CC7=C5CCCC7,O=C(C1=CC=CC=C1)/N=C/C2=CC=C(C(F)(F)F)C=C2,SC1CCCCC1,0.501758501,2.099357568
630,O=P1(O)OC2=C(C3=C(C=CC4=CC=CC(C=C5)=C46)C6=C5C=C3)C=C7C(C=CC=C7)=C2C8=C(O1)C(C9=CC=C(C=C%10)C%11=C9C=CC%12=CC=CC%10=C%11%12)=CC%13=C8C=CC=C%13,O=C(C1=CC=CC=C1)/N=C/C2=CC=C(OC)C=C2,SC1CCCCC1,0.749510758,3.135953011
14,O=P1(O)OC2=C([Si](C3=CC=CC=C3)(C4=CC=CC=C4)C5=CC=CC=C5)C=C6C(C=CC=C6)=C2C7=C(O1)C([Si](C8=CC=CC=C8)(C9=CC=CC=C9)C%10=CC=CC=C%10)=CC%11=C7C=CC=C%11,O=C(C1=CC=CC=C1)/N=C/C2=CC=C(C(F)(F)F)C=C2,CCS,0.0,0.0
641,O=P1(O)OC2=C(C3=C(C=CC=C4)C4=C(C5=CC(C=CC=C6)=C6C=C5)C7=C3C=CC=C7)C=C8C(C=CC=C8)=[C@]2[C@]9=C(O1)C(C%10=C(C=CC=C%11)C%11=C(C%12=CC=C(C=CC=C%13)C%13=C%12)C%14=C%10C=CC=C%14)=CC%15=C9C=CC=C%15,O=C(C1=CC=CC=C1)/N=C/C2=CC=C(OC)C=C2,SC1CCCCC1,1.301167112,5.444083197
660,O=P1(O)OC2=C(Br)C=C3C(CCCC3)=C2C4=C(O1)C(Br)=CC5=C4CCCC5,O=C(C1=CC=CC=C1)/N=C/C2=CC=CC=C2,CCS,0.366586769,1.533799041
390,O=P1(O)OC2=C(C3=CC=C(S(F)(F)(F)(F)F)C=C3)C=C4C(C=CC=C4)=C2C5=C(O1)C(C6=CC=C(S(F)(F)(F)(F)F)C=C6)=CC7=C5C=CC=C7,O=C(C1=CC=CC=C1)/N=C/C2=CC=C(Cl)C=C2Cl,SC1CCCCC1,0.501758501,2.099357568
360,O=P1(O)OC2=C(C3=CC(COC)=CC=C3)C=C4C(CCCC4)=C2C5=C(O1)C(C6=CC=CC(COC)=C6)=CC7=C5CCCC7,O=C(C1=CC=CC=C1)/N=C/C2=CC=C(Cl)C=C2Cl,SC1=CC=CC=C1C,1.238109014,5.180248115
334,O=P1(O)OC2=C(C3=C(OCC)C=CC(C)=C3)C=C4C(C=CC=C4)=C2C5=C(O1)C(C6=CC(C)=CC=C6OCC)=CC7=C5C=CC=C7,O=C(C1=CC=CC=C1)/N=C/C2=CC=C(Cl)C=C2Cl,SC1=CC=CC=C1,1.629422542,6.817503916
526,O=P1(O)OC2=C([Si](C3=CC=CC=C3)(C4=CC=CC=C4)C5=CC=CC=C5)C=C6C(C=CC=C6)=C2C7=C(O1)C([Si](C8=CC=CC=C8)(C9=CC=CC=C9)C%10=CC=CC=C%10)=CC%11=C7C=CC=C%11,O=C(C1=CC=CC=C1)/N=C/C2=CC=C(OC)C=C2,SC1=CC=CC=C1,0.240111033,1.004624562
793,O=P1(O)OC2=C(C3=CC(C4=CC(C=CC=C5)=C5C=C4)=CC=C3)C=C6C(C=CC=C6)=C2C7=C(O1)C(C8=CC=CC(C9=CC=C(C=CC=C%10)C%10=C9)=C8)=CC%11=C7C=CC=C%11,O=C(C1=CC=CC=C1)/N=C/C2=CC=CC=C2,SC1=CC=CC=C1C,1.074990526,4.497760361
4,O=P1(O)OC2=C(C3=CC=C(S(F)(F)(F)(F)F)C=C3)C=C4C(C=CC=C4)=C2C5=C(O1)C(C6=CC=C(S(F)(F)(F)(F)F)C=C6)=CC7=C5C=CC=C7,O=C(C1=CC=CC=C1)/N=C/C2=CC=C(C(F)(F)F)C=C2,CCS,0.5302345,2.218501148
166,O=P1(O)OC2=C(C3=C(C=CC4=CC=CC(C=C5)=C46)C6=C5C=C3)C=C7C(C=CC=C7)=C2C8=C(O1)C(C9=CC=C(C=C%10)C%11=C9C=CC%12=CC=CC%10=C%11%12)=CC%13=C8C=CC=C%13,O=C(C1=CC=CC=C1)/N=C/C2=CC=C(C(F)(F)F)C=C2,SC1=CC=CC=C1C,2.721168735,11.38536999
380,O=P1(O)OC2=C(C3=CC(COC)=CC=C3)C=C4C(C=CC=C4)=C2C5=C(O1)C(C6=CC=CC(COC)=C6)=CC7=C5C=CC=C7,O=C(C1=CC=CC=C1)/N=C/C2=CC=C(Cl)C=C2Cl,SC1=CC=CC=C1C,1.370103771,5.732514178
631,O=P1(O)OC2=C(C3=C(C4=CC(C=CC=C5)=C5C=C4)C=CC=C3)C=C6C(CCCC6)=C2C7=C(O1)C(C8=CC=CC=C8C9=CC=C(C=CC=C%10)C%10=C9)=CC%11=C7CCCC%11,O=C(C1=CC=CC=C1)/N=C/C2=CC=C(OC)C=C2,SC1CCCCC1,0.820945045,3.434834068
820,O=P1(O)OC2=C(C3=CC(C)=C(OC(C)C)C(C)=C3)C=C4C(C=CC=C4)=C2C5=C(O1)C(C6=CC(C)=C(OC(C)C)C(C)=C6)=CC7=C5C=CC=C7,O=C(C1=CC=CC=C1)/N=C/C2=CC=CC=C2,SC1CCCCC1,0.682601444,2.856004442
1038,O=P1(O)OC2=C(CC3=CC=C(OC)C=C3)C=C4C(CCCC4)=C2C5=C(O1)C(CC6=CC=C(OC)C=C6)=CC7=C5CCCC7,O=C(C1=CC=CC=C1)/N=C/C2=CC=CC3=C2C=CC=C3,SC1CCCCC1,0.023690626,0.099121579
30,O=P1(O)OC2=C(C3=C(C4=CC(C=CC=C5)=C5C=C4)C=CC=C3)C=C6C(CCCC6)=C2C7=C(O1)C(C8=CC=CC=C8C9=CC=C(C=CC=C%10)C%10=C9)=CC%11=C7CCCC%11,O=C(C1=CC=CC=C1)/N=C/C2=CC=C(C(F)(F)F)C=C2,CCS,0.749510758,3.135953011
400,O=P1(O)OC2=C(Br)C=C3C(C=CC=C3)=C2C4=C(O1)C(Br)=CC5=CC=CC=C54,O=C(C1=CC=CC=C1)/N=C/C2=CC=C(Cl)C=C2Cl,SC1CCCCC1,0.0,0.0
573,O=P1(O)OC2=C([Si](C3=CC=C(C(C)(C)C)C=C3)(C4=CC=C(C(C)(C)C)C=C4)C5=CC=C(C(C)(C)C)C=C5)C=C6C(CCCC6)=C2C7=C(O1)C([Si](C8=CC=C(C(C)(C)C)C=C8)(C9=CC=C(C(C)(C)C)C=C9)C%10=CC=C(C(C)(C)C)C=C%10)=CC%11=C7CCCC%11,O=C(C1=CC=CC=C1)/N=C/C2=CC=C(OC)C=C2,SC1=CC=CC=C1C,0.047400225,0.198322541
978,O=P1(O)OC2=C(C3=C(C=CC=C4)C4=C(C5=CC(C=CC=C6)=C6C=C5)C7=C3C=CC=C7)C=C8C(C=CC=C8)=[C@]2[C@]9=C(O1)C(C%10=C(C=CC=C%11)C%11=C(C%12=CC=C(C=CC=C%13)C%13=C%12)C%14=C%10C=CC=C%14)=CC%15=C9C=CC=C%15,O=C(C1=CC=CC=C1)/N=C/C2=CC=CC3=C2C=CC=C3,SC1=CC=CC=C1,3.134624572,13.11526921
87,O=P1(O)OC2=C(C3=CC=C(S(F)(F)(F)(F)F)C=C3)C=C4C(C=CC=C4)=C2C5=C(O1)C(C6=CC=C(S(F)(F)(F)(F)F)C=C6)=CC7=C5C=CC=C7,O=C(C1=CC=CC=C1)/N=C/C2=CC=C(C(F)(F)F)C=C2,SC1=CC=CC=C1,1.125722444,4.710022706
735,O=P1(O)OC2=C(CC3=CC(C(F)(F)F)=CC(C(F)(F)F)=C3)C=C4C(CCCC4)=C2C5=C(O1)C(CC6=CC(C(F)(F)F)=CC(C(F)(F)F)=C6)=CC7=C5CCCC7,O=C(C1=CC=CC=C1)/N=C/C2=CC=CC=C2,SC1=CC=CC=C1,0.559297578,2.340101066
