index,Test_Fold,Val_Fold,Method,real_ddG,predicted_ddG,Error,real_face,predicted_face
2,1,2,GNN,-14.661444,-11.646247,-3.015196999999999,0,0
7,1,2,GNN,-9.842778,-11.10409,1.2613120000000002,0,0
18,1,2,GNN,6.4862504,8.995439,-2.509188599999999,1,1
34,1,2,GNN,-14.661444,-11.596037,-3.0654069999999987,0,0
40,1,2,GNN,-12.982147,-10.817869,-2.1642779999999995,0,0
51,1,2,GNN,6.3842587,3.2519014,3.1323573000000002,1,1
71,1,2,GNN,16.421785,6.2882113,10.1335737,1,1
77,1,2,GNN,12.982147,11.959307,1.0228399999999986,1,1
86,1,2,GNN,-7.6051097,-7.154526,-0.45058370000000014,0,0
87,1,2,GNN,-10.123719,-8.311256,-1.8124629999999993,0,0
94,1,2,GNN,8.822678,6.3707585,2.4519195,1,1
107,1,2,GNN,-5.6171293,-8.081639,2.464509699999999,0,0
123,1,2,GNN,7.6404886,4.0645504,3.5759382000000004,1,1
124,1,2,GNN,-7.910733,-4.4961677,-3.4145652999999996,0,0
128,1,2,GNN,-5.648023,-4.915734,-0.7322890000000006,0,0
140,1,2,GNN,-12.901102,-10.700737,-2.2003649999999997,0,0
165,1,2,GNN,-0.62255454,-8.026256,7.40370146,0,0
182,1,2,GNN,10.63964,-4.8406186,15.480258599999999,1,0
189,1,2,GNN,6.99292,4.6755853,2.3173347,1,1
195,1,2,GNN,-8.822678,-5.848376,-2.974302,0,0
201,1,2,GNN,-9.059115,-7.955047,-1.1040679999999998,0,0
226,1,2,GNN,6.2159715,8.17656,-1.9605885,1,1
229,1,2,GNN,8.822678,7.7707953,1.0518827000000002,1,1
235,1,2,GNN,9.134736,9.46603,-0.33129399999999976,1,1
262,1,2,GNN,12.020931,13.97797,-1.957039,1,1
280,1,2,GNN,-11.242613,-11.118534,-0.12407900000000005,0,0
281,1,2,GNN,-13.781273,-10.485524,-3.2957490000000007,0,0
283,1,2,GNN,14.255758,14.148333,0.10742500000000099,1,1
297,1,2,GNN,7.2721643,8.216389,-0.9442246999999995,1,1
308,1,2,GNN,6.5045047,7.9614224,-1.4569177,1,1
314,1,2,GNN,10.289876,11.041695,-0.7518190000000011,1,1
318,1,2,GNN,16.421785,17.21182,-0.7900349999999996,1,1
323,1,2,GNN,14.255758,9.140207,5.115551,1,1
324,1,2,GNN,-10.198892,-7.3026795,-2.8962125000000007,0,0
327,1,2,GNN,-7.745709,-11.67951,3.9338010000000008,0,0
329,1,2,GNN,-12.073863,-11.436462,-0.6374009999999988,0,0
364,1,2,GNN,-11.58149,-10.231703,-1.349787000000001,0,0
366,1,2,GNN,-5.7915688,6.0790052,-11.870574000000001,0,1
370,1,2,GNN,-12.982147,-10.393229,-2.5889179999999996,0,0
2,1,2,gb,-14.66144387,-6.6755251845636145,-7.985918685436385,0,0
7,1,2,gb,-9.842777871,-6.219867127947867,-3.622910743052132,0,0
18,1,2,gb,6.486250575,8.897125103859988,-2.4108745288599884,1,1
34,1,2,gb,-14.66144387,-8.978969856298352,-5.682474013701647,0,0
40,1,2,gb,-12.98214718,8.11604957084653,-21.09819675084653,0,1
51,1,2,gb,6.3842587285334185,-10.494815011810331,16.87907374034375,1,0
71,1,2,gb,16.42178532510618,-2.9630362326682267,19.384821557774405,1,0
77,1,2,gb,12.982147179797291,11.685252964909132,1.2968942148881588,1,1
86,1,2,gb,-7.605109868,6.254129458885729,-13.85923932688573,0,1
87,1,2,gb,-10.1237194,-1.5321401535076586,-8.591579246492342,0,0
94,1,2,gb,8.822677770172534,11.210958377645044,-2.3882806074725096,1,1
107,1,2,gb,-5.617129501,6.493426890942027,-12.110556391942026,0,1
123,1,2,gb,7.640488600914524,-6.14823916052116,13.788727761435684,1,0
124,1,2,gb,-7.910733222,-6.286688840525777,-1.6240443814742234,0,0
128,1,2,gb,-5.648023015,0.2868646179891756,-5.9348876329891755,0,1
140,1,2,gb,-12.90110242,-5.965094963966877,-6.936007456033124,0,0
165,1,2,gb,-0.622554565,9.360984506519598,-9.983539071519598,0,1
182,1,2,gb,10.639639741358984,9.992206708222902,0.6474330331360818,1,1
189,1,2,gb,6.992920050439323,-3.352325556390511,10.345245606829835,1,0
195,1,2,gb,-8.82267777,-2.918981485524991,-5.903696284475009,0,0
201,1,2,gb,-9.059115604,-11.66471445273321,2.6055988487332087,0,0
226,1,2,gb,6.215971472910288,-0.0386566195250389,6.254628092435327,1,0
229,1,2,gb,8.822677770172534,8.736580887348817,0.08609688282371764,1,1
235,1,2,gb,9.134736505801508,6.675558252785322,2.4591782530161854,1,1
262,1,2,gb,12.020931693830237,-7.156902569647243,19.17783426347748,1,0
280,1,2,gb,-11.24261252,-12.083705867618674,0.8410933476186742,0,0
281,1,2,gb,-13.78127315,-12.342852950269668,-1.4384201997303325,0,0
283,1,2,gb,14.25575783385418,12.716504390840509,1.5392534430136706,1,1
297,1,2,gb,7.272164360189665,12.275429896325726,-5.003265536136061,1,1
308,1,2,gb,6.504504884928405,-10.176729670045692,16.681234554974097,1,0
314,1,2,gb,10.28987590712608,9.334151088577016,0.9557248185490632,1,1
318,1,2,gb,16.42178532510618,-7.015094166291574,23.436879491397754,1,0
323,1,2,gb,14.25575783385418,12.868085681823782,1.3876721520303974,1,1
324,1,2,gb,-10.19889172,-10.532543234862198,0.333651514862197,0,0
327,1,2,gb,-7.745708838,-11.724813538784876,3.979104700784876,0,0
329,1,2,gb,-12.07386304,12.849469565859865,-24.923332605859866,0,1
364,1,2,gb,-11.58148998,-6.831988361808546,-4.749501618191455,0,0
366,1,2,gb,-5.791568765,-6.066141770650941,0.2745730056509412,0,0
370,1,2,gb,-12.98214718,6.07096163830858,-19.05310881830858,0,1
2,1,3,GNN,-14.661444,-9.235579,-5.425865,0,0
7,1,3,GNN,-9.842778,-1.3527862,-8.489991799999999,0,0
18,1,3,GNN,6.4862504,10.549429,-4.0631786,1,1
34,1,3,GNN,-14.661444,-8.156805,-6.504638999999999,0,0
40,1,3,GNN,-12.982147,-9.405942,-3.576205,0,0
51,1,3,GNN,6.3842587,0.80937564,5.57488306,1,1
71,1,3,GNN,16.421785,4.939909,11.481876,1,1
77,1,3,GNN,12.982147,9.956071,3.0260759999999998,1,1
86,1,3,GNN,-7.6051097,-7.599106,-0.006003699999999945,0,0
87,1,3,GNN,-10.123719,-10.399799,0.2760800000000003,0,0
94,1,3,GNN,8.822678,4.8546457,3.9680323,1,1
107,1,3,GNN,-5.6171293,-0.31017333,-5.306955970000001,0,0
123,1,3,GNN,7.6404886,-0.29725778,7.93774638,1,0
124,1,3,GNN,-7.910733,-3.3883107,-4.5224223,0,0
128,1,3,GNN,-5.648023,-8.010256,2.362233,0,0
140,1,3,GNN,-12.901102,-9.791926,-3.1091759999999997,0,0
165,1,3,GNN,-0.62255454,-6.2704306,5.64787606,0,0
182,1,3,GNN,10.63964,-5.0976667,15.737306700000001,1,0
189,1,3,GNN,6.99292,4.317257,2.675663,1,1
195,1,3,GNN,-8.822678,-10.165191,1.3425130000000003,0,0
201,1,3,GNN,-9.059115,-10.164276,1.105160999999999,0,0
226,1,3,GNN,6.2159715,4.2979984,1.9179731000000002,1,1
229,1,3,GNN,8.822678,11.072417,-2.249739,1,1
235,1,3,GNN,9.134736,12.587526,-3.4527900000000002,1,1
262,1,3,GNN,12.020931,11.040941,0.979989999999999,1,1
280,1,3,GNN,-11.242613,-9.859853,-1.382760000000001,0,0
281,1,3,GNN,-13.781273,-9.51397,-4.267303,0,0
283,1,3,GNN,14.255758,10.247791,4.007967000000001,1,1
297,1,3,GNN,7.2721643,9.46046,-2.1882956999999994,1,1
308,1,3,GNN,6.5045047,9.510246,-3.0057413000000004,1,1
314,1,3,GNN,10.289876,9.816862,0.47301399999999916,1,1
318,1,3,GNN,16.421785,12.516121,3.905664,1,1
323,1,3,GNN,14.255758,10.601044,3.6547140000000002,1,1
324,1,3,GNN,-10.198892,-8.416678,-1.7822140000000015,0,0
327,1,3,GNN,-7.745709,-9.126125,1.3804160000000003,0,0
329,1,3,GNN,-12.073863,-9.367725,-2.7061379999999993,0,0
364,1,3,GNN,-11.58149,-9.181812,-2.3996779999999998,0,0
366,1,3,GNN,-5.7915688,3.8711069,-9.662675700000001,0,1
370,1,3,GNN,-12.982147,-10.05276,-2.929387,0,0
2,1,3,gb,-14.66144387,-11.17057720869766,-3.4908666613023396,0,0
7,1,3,gb,-9.842777871,-10.877102424460464,1.0343245534604648,0,0
18,1,3,gb,6.486250575,5.065718547337895,1.4205320276621043,1,1
34,1,3,gb,-14.66144387,-10.439189063790469,-4.222254806209531,0,0
40,1,3,gb,-12.98214718,11.02619611657592,-24.00834329657592,0,1
51,1,3,gb,6.3842587285334185,-11.895907838558845,18.280166567092262,1,0
71,1,3,gb,16.42178532510618,-0.5483956742792786,16.970180999385455,1,0
77,1,3,gb,12.982147179797291,11.414952181193843,1.5671949986034477,1,1
86,1,3,gb,-7.605109868,-1.6716944650658287,-5.9334154029341715,0,0
87,1,3,gb,-10.1237194,1.6986600045299458,-11.822379404529947,0,1
94,1,3,gb,8.822677770172534,11.880630799556068,-3.0579530293835333,1,1
107,1,3,gb,-5.617129501,2.0125420858802507,-7.629671586880251,0,1
123,1,3,gb,7.640488600914524,-5.47277332092816,13.113261921842684,1,0
124,1,3,gb,-7.910733222,9.01889953610021,-16.92963275810021,0,1
128,1,3,gb,-5.648023015,0.8136436736510528,-6.461666688651053,0,1
140,1,3,gb,-12.90110242,-4.7601589588531805,-8.14094346114682,0,0
165,1,3,gb,-0.622554565,11.873012776599674,-12.495567341599674,0,1
182,1,3,gb,10.639639741358984,11.50487433682424,-0.8652345954652567,1,1
189,1,3,gb,6.992920050439323,2.090067449052861,4.902852601386462,1,1
195,1,3,gb,-8.82267777,-4.617262196205966,-4.205415573794034,0,0
201,1,3,gb,-9.059115604,-12.799008220028233,3.739892616028232,0,0
226,1,3,gb,6.215971472910288,-0.1627445521199255,6.378716025030214,1,0
229,1,3,gb,8.822677770172534,7.505801370411932,1.3168763997606021,1,1
235,1,3,gb,9.134736505801508,5.120726520620874,4.014009985180634,1,1
262,1,3,gb,12.020931693830237,-7.81388763579482,19.834819329625056,1,0
280,1,3,gb,-11.24261252,-7.062249301282687,-4.1803632187173125,0,0
281,1,3,gb,-13.78127315,-8.123252750801885,-5.658020399198115,0,0
283,1,3,gb,14.25575783385418,7.288315163361759,6.967442670492421,1,1
297,1,3,gb,7.272164360189665,-0.4072419250631086,7.679406285252774,1,0
308,1,3,gb,6.504504884928405,-6.310073076222616,12.81457796115102,1,0
314,1,3,gb,10.28987590712608,11.66855397796193,-1.37867807083585,1,1
318,1,3,gb,16.42178532510618,13.753232028065009,2.6685532970411696,1,1
323,1,3,gb,14.25575783385418,8.275951542868663,5.9798062909855165,1,1
324,1,3,gb,-10.19889172,-10.939611874562836,0.740720154562835,0,0
327,1,3,gb,-7.745708838,-8.295877822312649,0.5501689843126494,0,0
329,1,3,gb,-12.07386304,10.294081406570374,-22.367944446570377,0,1
364,1,3,gb,-11.58148998,-9.410129290258675,-2.1713606897413253,0,0
366,1,3,gb,-5.791568765,-7.925519758636147,2.133950993636147,0,0
370,1,3,gb,-12.98214718,6.297738278959346,-19.279885458959345,0,1
2,1,4,GNN,-14.661444,-10.410088,-4.2513559999999995,0,0
7,1,4,GNN,-9.842778,-8.208019,-1.634758999999999,0,0
18,1,4,GNN,6.4862504,10.251519,-3.7652685999999997,1,1
34,1,4,GNN,-14.661444,-10.875728,-3.785715999999999,0,0
40,1,4,GNN,-12.982147,-11.709512,-1.2726349999999993,0,0
51,1,4,GNN,6.3842587,-0.39275804,6.7770167400000005,1,0
71,1,4,GNN,16.421785,4.949129,11.472656,1,1
77,1,4,GNN,12.982147,11.137516,1.8446309999999997,1,1
86,1,4,GNN,-7.6051097,-7.9959917,0.3908820000000004,0,0
87,1,4,GNN,-10.123719,-11.209449,1.0857299999999999,0,0
94,1,4,GNN,8.822678,5.1060762,3.7166017999999994,1,1
107,1,4,GNN,-5.6171293,-6.9679384,1.3508091000000002,0,0
123,1,4,GNN,7.6404886,-1.154229,8.7947176,1,0
124,1,4,GNN,-7.910733,-9.13718,1.2264470000000012,0,0
128,1,4,GNN,-5.648023,-5.299749,-0.348274,0,0
140,1,4,GNN,-12.901102,-13.024798,0.1236960000000007,0,0
165,1,4,GNN,-0.62255454,-7.7826834,7.1601288599999995,0,0
182,1,4,GNN,10.63964,-6.8781114,17.5177514,1,0
189,1,4,GNN,6.99292,3.7605395,3.2323804999999997,1,1
195,1,4,GNN,-8.822678,-8.9562235,0.13354550000000032,0,0
201,1,4,GNN,-9.059115,-10.782493,1.7233780000000003,0,0
226,1,4,GNN,6.2159715,7.2526,-1.0366285,1,1
229,1,4,GNN,8.822678,10.541804,-1.719126000000001,1,1
235,1,4,GNN,9.134736,12.234193,-3.0994569999999992,1,1
262,1,4,GNN,12.020931,13.091765,-1.0708340000000014,1,1
280,1,4,GNN,-11.242613,-10.702695,-0.5399180000000001,0,0
281,1,4,GNN,-13.781273,-12.616871,-1.1644020000000008,0,0
283,1,4,GNN,14.255758,13.0463,1.2094579999999997,1,1
297,1,4,GNN,7.2721643,10.225326,-2.9531617000000008,1,1
308,1,4,GNN,6.5045047,10.048892,-3.5443873000000004,1,1
314,1,4,GNN,10.289876,11.336142,-1.046266000000001,1,1
318,1,4,GNN,16.421785,15.201988,1.2197969999999998,1,1
323,1,4,GNN,14.255758,10.287205,3.968553,1,1
324,1,4,GNN,-10.198892,-9.809573,-0.3893190000000004,0,0
327,1,4,GNN,-7.745709,-13.225311,5.479602,0,0
329,1,4,GNN,-12.073863,-12.735072,0.6612090000000013,0,0
364,1,4,GNN,-11.58149,-12.189921,0.6084309999999995,0,0
366,1,4,GNN,-5.7915688,7.7396936,-13.5312624,0,1
370,1,4,GNN,-12.982147,-13.408681,0.4265340000000002,0,0
2,1,4,gb,-14.66144387,-12.12988241654566,-2.531561453454339,0,0
7,1,4,gb,-9.842777871,-7.217438540029656,-2.625339330970343,0,0
18,1,4,gb,6.486250575,9.48715503595234,-3.0009044609523396,1,1
34,1,4,gb,-14.66144387,-10.66581770931128,-3.995626160688719,0,0
40,1,4,gb,-12.98214718,8.288606253301273,-21.270753433301273,0,1
51,1,4,gb,6.3842587285334185,-9.613685180600436,15.997943909133856,1,0
71,1,4,gb,16.42178532510618,-5.242211000405494,21.663996325511672,1,0
77,1,4,gb,12.982147179797291,14.36962233905303,-1.3874751592557395,1,1
86,1,4,gb,-7.605109868,-11.693390564078182,4.088280696078182,0,0
87,1,4,gb,-10.1237194,-2.9476969548260272,-7.176022445173974,0,0
94,1,4,gb,8.822677770172534,12.09176421073867,-3.269086440566136,1,1
107,1,4,gb,-5.617129501,-6.8356720124624815,1.2185425114624815,0,0
123,1,4,gb,7.640488600914524,-5.288789098152842,12.929277699067367,1,0
124,1,4,gb,-7.910733222,1.469179495071383,-9.379912717071383,0,1
128,1,4,gb,-5.648023015,-1.2943471059708411,-4.353675909029159,0,0
140,1,4,gb,-12.90110242,5.380161417074486,-18.281263837074487,0,1
165,1,4,gb,-0.622554565,13.161867225512925,-13.784421790512924,0,1
182,1,4,gb,10.639639741358984,12.682708181963902,-2.0430684406049178,1,1
189,1,4,gb,6.992920050439323,8.01779778813531,-1.024877737695987,1,1
195,1,4,gb,-8.82267777,5.404992186759629,-14.22766995675963,0,1
201,1,4,gb,-9.059115604,-12.148546161701512,3.0894305577015118,0,0
226,1,4,gb,6.215971472910288,-2.1159340985268327,8.33190557143712,1,0
229,1,4,gb,8.822677770172534,0.708178094220999,8.114499675951535,1,1
235,1,4,gb,9.134736505801508,3.8231882051998567,5.31154830060165,1,1
262,1,4,gb,12.020931693830237,-6.668232936301461,18.6891646301317,1,0
280,1,4,gb,-11.24261252,-8.841833750832683,-2.4007787691673173,0,0
281,1,4,gb,-13.78127315,-10.904625094561682,-2.8766480554383183,0,0
283,1,4,gb,14.25575783385418,-5.870491440293275,20.126249274147455,1,0
297,1,4,gb,7.272164360189665,12.678239985934027,-5.4060756257443625,1,1
308,1,4,gb,6.504504884928405,-9.924474061960508,16.42897894688891,1,0
314,1,4,gb,10.28987590712608,7.099231795459709,3.19064411166637,1,1
318,1,4,gb,16.42178532510618,-3.73568779722801,20.15747312233419,1,0
323,1,4,gb,14.25575783385418,6.261503015711737,7.994254818142442,1,1
324,1,4,gb,-10.19889172,-9.586419376073536,-0.6124723439264645,0,0
327,1,4,gb,-7.745708838,-10.505452581231824,2.759743743231824,0,0
329,1,4,gb,-12.07386304,11.57734030417272,-23.65120334417272,0,1
364,1,4,gb,-11.58148998,-7.965167351604077,-3.616322628395924,0,0
366,1,4,gb,-5.791568765,-7.885326056522317,2.0937572915223166,0,0
370,1,4,gb,-12.98214718,-1.9989804731792669,-10.983166706820732,0,0
2,1,5,GNN,-14.661444,-14.786195,0.12475099999999983,0,0
7,1,5,GNN,-9.842778,-12.299721,2.4569430000000008,0,0
18,1,5,GNN,6.4862504,8.367486,-1.8812355999999992,1,1
34,1,5,GNN,-14.661444,-12.30245,-2.358993999999999,0,0
40,1,5,GNN,-12.982147,-12.167328,-0.814819,0,0
51,1,5,GNN,6.3842587,2.6474092,3.7368495000000004,1,1
71,1,5,GNN,16.421785,6.612898,9.808886999999999,1,1
77,1,5,GNN,12.982147,10.103857,2.87829,1,1
86,1,5,GNN,-7.6051097,-8.618742,1.0136322999999994,0,0
87,1,5,GNN,-10.123719,-11.153758,1.0300390000000004,0,0
94,1,5,GNN,8.822678,6.455541,2.3671369999999996,1,1
107,1,5,GNN,-5.6171293,-9.088121,3.470991699999999,0,0
123,1,5,GNN,7.6404886,5.713601,1.9268876000000006,1,1
124,1,5,GNN,-7.910733,-8.758835,0.8481019999999999,0,0
128,1,5,GNN,-5.648023,-5.648415,0.0003919999999997259,0,0
140,1,5,GNN,-12.901102,-10.847329,-2.0537729999999996,0,0
165,1,5,GNN,-0.62255454,-7.924271,7.30171646,0,0
182,1,5,GNN,10.63964,-2.2742372,12.9138772,1,0
189,1,5,GNN,6.99292,4.2202473,2.7726727,1,1
195,1,5,GNN,-8.822678,-7.441898,-1.3807799999999997,0,0
201,1,5,GNN,-9.059115,-10.143518,1.084403,0,0
226,1,5,GNN,6.2159715,7.7920704,-1.5760988999999999,1,1
229,1,5,GNN,8.822678,8.296177,0.5265009999999997,1,1
235,1,5,GNN,9.134736,9.527326,-0.3925900000000002,1,1
262,1,5,GNN,12.020931,9.35803,2.6629009999999997,1,1
280,1,5,GNN,-11.242613,-13.943576,2.700963,0,0
281,1,5,GNN,-13.781273,-12.587174,-1.1940990000000014,0,0
283,1,5,GNN,14.255758,11.9881115,2.2676464999999997,1,1
297,1,5,GNN,7.2721643,7.392891,-0.12072669999999963,1,1
308,1,5,GNN,6.5045047,8.311182,-1.8066773000000005,1,1
314,1,5,GNN,10.289876,10.616269,-0.32639300000000127,1,1
318,1,5,GNN,16.421785,14.338583,2.083202,1,1
323,1,5,GNN,14.255758,8.988281,5.2674769999999995,1,1
324,1,5,GNN,-10.198892,-8.664147,-1.534745000000001,0,0
327,1,5,GNN,-7.745709,-14.54093,6.795221,0,0
329,1,5,GNN,-12.073863,-12.101017,0.027154000000001233,0,0
364,1,5,GNN,-11.58149,-9.960615,-1.6208749999999998,0,0
366,1,5,GNN,-5.7915688,6.7722087,-12.5637775,0,1
370,1,5,GNN,-12.982147,-10.4797,-2.502447,0,0
2,1,5,gb,-14.66144387,-10.566781600389326,-4.094662269610673,0,0
7,1,5,gb,-9.842777871,-2.462748875700286,-7.380028995299713,0,0
18,1,5,gb,6.486250575,9.881450155263584,-3.3951995802635846,1,1
34,1,5,gb,-14.66144387,-11.615724047531408,-3.045719822468591,0,0
40,1,5,gb,-12.98214718,11.653681275890364,-24.635828455890362,0,1
51,1,5,gb,6.3842587285334185,-1.0061414954256789,7.390400223959097,1,0
71,1,5,gb,16.42178532510618,-7.169123502929498,23.590908828035676,1,0
77,1,5,gb,12.982147179797291,12.866618521022236,0.11552865877505525,1,1
86,1,5,gb,-7.605109868,-9.10286887079409,1.4977590027940897,0,0
87,1,5,gb,-10.1237194,-0.1229533819732411,-10.00076601802676,0,0
94,1,5,gb,8.822677770172534,12.496773964795215,-3.674096194622681,1,1
107,1,5,gb,-5.617129501,-6.259639199343489,0.6425096983434893,0,0
123,1,5,gb,7.640488600914524,-3.049491369266804,10.689979970181328,1,0
124,1,5,gb,-7.910733222,-4.768636894248843,-3.1420963277511573,0,0
128,1,5,gb,-5.648023015,-6.831465640409164,1.183442625409164,0,0
140,1,5,gb,-12.90110242,-9.352420738121266,-3.548681681878735,0,0
165,1,5,gb,-0.622554565,9.390329631914168,-10.012884196914168,0,1
182,1,5,gb,10.639639741358984,12.284752080987731,-1.6451123396287475,1,1
189,1,5,gb,6.992920050439323,7.741812744001682,-0.7488926935623592,1,1
195,1,5,gb,-8.82267777,5.2570738541265465,-14.079751624126548,0,1
201,1,5,gb,-9.059115604,-13.036905059573424,3.977789455573424,0,0
226,1,5,gb,6.215971472910288,4.920597345940356,1.2953741269699321,1,1
229,1,5,gb,8.822677770172534,6.357820616633013,2.464857153539521,1,1
235,1,5,gb,9.134736505801508,5.5250114175296625,3.609725088271845,1,1
262,1,5,gb,12.020931693830237,-6.608481803554326,18.62941349738456,1,0
280,1,5,gb,-11.24261252,-11.243763057553911,0.0011505375539115903,0,0
281,1,5,gb,-13.78127315,-10.507213365767262,-3.2740597842327386,0,0
283,1,5,gb,14.25575783385418,-2.530123497243697,16.785881331097876,1,0
297,1,5,gb,7.272164360189665,13.728556626496768,-6.456392266307104,1,1
308,1,5,gb,6.504504884928405,-2.9326795614441976,9.437184446372603,1,0
314,1,5,gb,10.28987590712608,10.850075756919257,-0.560199849793177,1,1
318,1,5,gb,16.42178532510618,1.2710104515396838,15.150774873566494,1,1
323,1,5,gb,14.25575783385418,2.865973744469676,11.389784089384504,1,1
324,1,5,gb,-10.19889172,-9.276638220141615,-0.9222534998583853,0,0
327,1,5,gb,-7.745708838,-4.653836824376752,-3.091872013623248,0,0
329,1,5,gb,-12.07386304,2.380933489726088,-14.454796529726089,0,1
364,1,5,gb,-11.58148998,-6.114896333371966,-5.466593646628034,0,0
366,1,5,gb,-5.791568765,-1.2139403453813675,-4.577628419618632,0,0
370,1,5,gb,-12.98214718,-0.0647844182501006,-12.9173627617499,0,0
2,1,6,GNN,-14.661444,-15.042552,0.3811080000000011,0,0
7,1,6,GNN,-9.842778,-10.333138,0.4903600000000008,0,0
18,1,6,GNN,6.4862504,6.9114933,-0.42524289999999976,1,1
34,1,6,GNN,-14.661444,-11.533468,-3.1279760000000003,0,0
40,1,6,GNN,-12.982147,-12.792724,-0.18942299999999967,0,0
51,1,6,GNN,6.3842587,2.900138,3.4841207,1,1
71,1,6,GNN,16.421785,4.206871,12.214914,1,1
77,1,6,GNN,12.982147,8.065482,4.916665,1,1
86,1,6,GNN,-7.6051097,-8.454289,0.8491792999999994,0,0
87,1,6,GNN,-10.123719,-12.496469,2.37275,0,0
94,1,6,GNN,8.822678,4.394404,4.428274,1,1
107,1,6,GNN,-5.6171293,-9.861192,4.244062700000001,0,0
123,1,6,GNN,7.6404886,5.6361957,2.0042929000000003,1,1
124,1,6,GNN,-7.910733,-9.472309,1.5615759999999996,0,0
128,1,6,GNN,-5.648023,-5.991054,0.34303099999999986,0,0
140,1,6,GNN,-12.901102,-11.077317,-1.823784999999999,0,0
165,1,6,GNN,-0.62255454,-5.1481614,4.52560686,0,0
182,1,6,GNN,10.63964,-11.787341,22.426980999999998,1,0
189,1,6,GNN,6.99292,0.35329118,6.6396288199999995,1,1
195,1,6,GNN,-8.822678,-5.9212193,-2.9014587,0,0
201,1,6,GNN,-9.059115,-11.572304,2.5131890000000006,0,0
226,1,6,GNN,6.2159715,2.8461635,3.3698080000000004,1,1
229,1,6,GNN,8.822678,4.332823,4.4898549999999995,1,1
235,1,6,GNN,9.134736,7.75608,1.3786560000000003,1,1
262,1,6,GNN,12.020931,10.720769,1.3001619999999985,1,1
280,1,6,GNN,-11.242613,-11.8791685,0.6365555,0,0
281,1,6,GNN,-13.781273,-12.536741,-1.2445320000000013,0,0
283,1,6,GNN,14.255758,10.768235,3.4875229999999995,1,1
297,1,6,GNN,7.2721643,6.116418,1.1557462999999997,1,1
308,1,6,GNN,6.5045047,7.462005,-0.9575003000000004,1,1
314,1,6,GNN,10.289876,10.971514,-0.6816380000000013,1,1
318,1,6,GNN,16.421785,14.065847,2.355938,1,1
323,1,6,GNN,14.255758,7.632547,6.623211,1,1
324,1,6,GNN,-10.198892,-7.419326,-2.779566000000001,0,0
327,1,6,GNN,-7.745709,-13.111901,5.366192,0,0
329,1,6,GNN,-12.073863,-10.860879,-1.2129839999999987,0,0
364,1,6,GNN,-11.58149,-10.493243,-1.0882470000000009,0,0
366,1,6,GNN,-5.7915688,5.2683587,-11.0599275,0,1
370,1,6,GNN,-12.982147,-10.902697,-2.0794499999999996,0,0
2,1,6,gb,-14.66144387,-8.119237727488322,-6.542206142511677,0,0
7,1,6,gb,-9.842777871,-7.1428018564904585,-2.6999760145095406,0,0
18,1,6,gb,6.486250575,9.83537687774203,-3.3491263027420306,1,1
34,1,6,gb,-14.66144387,-10.802923861274609,-3.8585200087253906,0,0
40,1,6,gb,-12.98214718,11.828004463429762,-24.810151643429762,0,1
51,1,6,gb,6.3842587285334185,-10.699545588053557,17.083804316586974,1,0
71,1,6,gb,16.42178532510618,-2.647218456992005,19.069003782098182,1,0
77,1,6,gb,12.982147179797291,11.675178190477908,1.3069689893193832,1,1
86,1,6,gb,-7.605109868,-9.038496193600617,1.4333863256006163,0,0
87,1,6,gb,-10.1237194,-0.2219311321218993,-9.901788267878102,0,0
94,1,6,gb,8.822677770172534,12.021247261035912,-3.1985694908633775,1,1
107,1,6,gb,-5.617129501,-7.270191385776189,1.6530618847761893,0,0
123,1,6,gb,7.640488600914524,-9.008561955632471,16.649050556546996,1,0
124,1,6,gb,-7.910733222,8.244949865537476,-16.155683087537476,0,1
128,1,6,gb,-5.648023015,0.1853546368438167,-5.833377651843817,0,1
140,1,6,gb,-12.90110242,-8.4026740966434,-4.498428323356601,0,0
165,1,6,gb,-0.622554565,7.121916427408162,-7.744470992408162,0,1
182,1,6,gb,10.639639741358984,10.887942585345783,-0.24830284398679936,1,1
189,1,6,gb,6.992920050439323,11.730108049374325,-4.737187998935002,1,1
195,1,6,gb,-8.82267777,-5.126921294543632,-3.695756475456368,0,0
201,1,6,gb,-9.059115604,-13.955036034700797,4.895920430700796,0,0
226,1,6,gb,6.215971472910288,-1.5180645936564372,7.734036066566725,1,0
229,1,6,gb,8.822677770172534,7.418605135024616,1.4040726351479185,1,1
235,1,6,gb,9.134736505801508,5.545543187563411,3.589193318238096,1,1
262,1,6,gb,12.020931693830237,-9.33154499215273,21.352476685982968,1,0
280,1,6,gb,-11.24261252,-2.343283729335646,-8.899328790664354,0,0
281,1,6,gb,-13.78127315,-9.08078731231552,-4.7004858376844805,0,0
283,1,6,gb,14.25575783385418,8.472709505661614,5.7830483281925655,1,1
297,1,6,gb,7.272164360189665,13.621733662830732,-6.349569302641067,1,1
308,1,6,gb,6.504504884928405,-3.101269582531099,9.605774467459504,1,0
314,1,6,gb,10.28987590712608,4.716728889911613,5.573147017214467,1,1
318,1,6,gb,16.42178532510618,4.942419408362912,11.479365916743266,1,1
323,1,6,gb,14.25575783385418,8.892417413339345,5.3633404205148345,1,1
324,1,6,gb,-10.19889172,-4.610789350544879,-5.588102369455122,0,0
327,1,6,gb,-7.745708838,-10.194028537442192,2.448319699442192,0,0
329,1,6,gb,-12.07386304,11.390923103035997,-23.464786143035997,0,1
364,1,6,gb,-11.58148998,-8.135055386987572,-3.4464345930124285,0,0
366,1,6,gb,-5.791568765,-5.852740767117551,0.061172002117550583,0,0
370,1,6,gb,-12.98214718,2.4231717369312284,-15.405318916931229,0,1
2,1,7,GNN,-14.661444,-9.197849,-5.463595,0,0
7,1,7,GNN,-9.842778,-2.1503801,-7.6923979,0,0
18,1,7,GNN,6.4862504,10.9622,-4.475949599999999,1,1
34,1,7,GNN,-14.661444,-8.3342705,-6.327173499999999,0,0
40,1,7,GNN,-12.982147,-10.212478,-2.7696689999999986,0,0
51,1,7,GNN,6.3842587,-0.30061704,6.68487574,1,0
71,1,7,GNN,16.421785,4.60679,11.814995,1,1
77,1,7,GNN,12.982147,10.410784,2.571363,1,1
86,1,7,GNN,-7.6051097,-7.044085,-0.5610246999999999,0,0
87,1,7,GNN,-10.123719,-9.929002,-0.19471699999999892,0,0
94,1,7,GNN,8.822678,4.500307,4.3223709999999995,1,1
107,1,7,GNN,-5.6171293,-1.5343637,-4.0827656,0,0
123,1,7,GNN,7.6404886,-0.63773304,8.27822164,1,0
124,1,7,GNN,-7.910733,-1.8775753,-6.033157699999999,0,0
128,1,7,GNN,-5.648023,-7.1970835,1.5490604999999995,0,0
140,1,7,GNN,-12.901102,-9.212004,-3.6890979999999995,0,0
165,1,7,GNN,-0.62255454,-6.4716477,5.84909316,0,0
182,1,7,GNN,10.63964,-4.5051684,15.144808399999999,1,0
189,1,7,GNN,6.99292,3.722814,3.2701059999999997,1,1
195,1,7,GNN,-8.822678,-10.833525,2.010847,0,0
201,1,7,GNN,-9.059115,-9.889411,0.8302960000000006,0,0
226,1,7,GNN,6.2159715,4.5294514,1.6865201,1,1
229,1,7,GNN,8.822678,11.63673,-2.814052,1,1
235,1,7,GNN,9.134736,12.655924,-3.5211880000000004,1,1
262,1,7,GNN,12.020931,11.877161,0.14376999999999995,1,1
280,1,7,GNN,-11.242613,-9.411998,-1.8306149999999999,0,0
281,1,7,GNN,-13.781273,-9.662789,-4.1184840000000005,0,0
283,1,7,GNN,14.255758,10.240244,4.015514,1,1
297,1,7,GNN,7.2721643,9.806854,-2.5346896999999995,1,1
308,1,7,GNN,6.5045047,9.869023,-3.3645183000000003,1,1
314,1,7,GNN,10.289876,9.742922,0.5469539999999995,1,1
318,1,7,GNN,16.421785,12.546234,3.8755509999999997,1,1
323,1,7,GNN,14.255758,10.965187,3.290571,1,1
324,1,7,GNN,-10.198892,-8.68129,-1.5176020000000001,0,0
327,1,7,GNN,-7.745709,-8.986314,1.2406050000000004,0,0
329,1,7,GNN,-12.073863,-10.169982,-1.9038810000000002,0,0
364,1,7,GNN,-11.58149,-9.6995735,-1.8819165000000009,0,0
366,1,7,GNN,-5.7915688,4.6712303,-10.462799100000002,0,1
370,1,7,GNN,-12.982147,-10.551331,-2.430816,0,0
2,1,7,gb,-14.66144387,-9.144333095864235,-5.517110774135764,0,0
7,1,7,gb,-9.842777871,-7.992858456535254,-1.849919414464745,0,0
18,1,7,gb,6.486250575,8.361336961321733,-1.8750863863217333,1,1
34,1,7,gb,-14.66144387,-9.553370442132506,-5.1080734278674935,0,0
40,1,7,gb,-12.98214718,12.247346734084608,-25.229493914084607,0,1
51,1,7,gb,6.3842587285334185,-10.051388007341895,16.435646735875313,1,0
71,1,7,gb,16.42178532510618,-6.37223085871344,22.79401618381962,1,0
77,1,7,gb,12.982147179797291,10.9554185324878,2.0267286473094916,1,1
86,1,7,gb,-7.605109868,-10.002695655832664,2.3975857878326634,0,0
87,1,7,gb,-10.1237194,1.5401109863843183,-11.66383038638432,0,1
94,1,7,gb,8.822677770172534,11.331996302649449,-2.5093185324769145,1,1
107,1,7,gb,-5.617129501,-5.158429283220104,-0.4587002177798958,0,0
123,1,7,gb,7.640488600914524,1.782999198946048,5.857489401968476,1,1
124,1,7,gb,-7.910733222,6.016456883877627,-13.927190105877628,0,1
128,1,7,gb,-5.648023015,2.373715525325323,-8.021738540325323,0,1
140,1,7,gb,-12.90110242,-9.34805694588646,-3.5530454741135404,0,0
165,1,7,gb,-0.622554565,9.626534812163412,-10.249089377163411,0,1
182,1,7,gb,10.639639741358984,11.268868253666245,-0.629228512307261,1,1
189,1,7,gb,6.992920050439323,-2.339923128202378,9.332843178641701,1,0
195,1,7,gb,-8.82267777,0.1102222002468445,-8.932899970246845,0,1
201,1,7,gb,-9.059115604,-12.559597353804532,3.500481749804532,0,0
226,1,7,gb,6.215971472910288,1.8202227884397295,4.395748684470559,1,1
229,1,7,gb,8.822677770172534,10.53131826921716,-1.7086404990446251,1,1
235,1,7,gb,9.134736505801508,3.496146898651779,5.638589607149728,1,1
262,1,7,gb,12.020931693830237,-6.833090409099602,18.85402210292984,1,0
280,1,7,gb,-11.24261252,-11.612028453618995,0.3694159336189955,0,0
281,1,7,gb,-13.78127315,-11.58629021726129,-2.1949829327387107,0,0
283,1,7,gb,14.25575783385418,0.3943519899523109,13.861405843901869,1,1
297,1,7,gb,7.272164360189665,9.548725553158931,-2.2765611929692664,1,1
308,1,7,gb,6.504504884928405,-2.512928972613414,9.01743385754182,1,0
314,1,7,gb,10.28987590712608,6.178566403859223,4.111309503266856,1,1
318,1,7,gb,16.42178532510618,6.32214853141147,10.099636793694708,1,1
323,1,7,gb,14.25575783385418,3.3964743883578388,10.859283445496342,1,1
324,1,7,gb,-10.19889172,-12.63733137540977,2.43843965540977,0,0
327,1,7,gb,-7.745708838,-11.658732046132773,3.913023208132773,0,0
329,1,7,gb,-12.07386304,10.440362002268555,-22.514225042268556,0,1
364,1,7,gb,-11.58148998,-5.550732993053983,-6.030756986946018,0,0
366,1,7,gb,-5.791568765,-6.012539874315294,0.22097110931529418,0,0
370,1,7,gb,-12.98214718,-1.4950184244089966,-11.487128755591003,0,0
2,1,8,GNN,-14.661444,-13.066965,-1.5944789999999998,0,0
7,1,8,GNN,-9.842778,-7.6321135,-2.210664499999999,0,0
18,1,8,GNN,6.4862504,9.19695,-2.710699599999999,1,1
34,1,8,GNN,-14.661444,-11.13144,-3.530004,0,0
40,1,8,GNN,-12.982147,-10.6434145,-2.338732499999999,0,0
51,1,8,GNN,6.3842587,1.9086287,4.475630000000001,1,1
71,1,8,GNN,16.421785,9.943377,6.478408,1,1
77,1,8,GNN,12.982147,10.827932,2.154214999999999,1,1
86,1,8,GNN,-7.6051097,-8.207309,0.6021993000000005,0,0
87,1,8,GNN,-10.123719,-7.5956697,-2.5280492999999993,0,0
94,1,8,GNN,8.822678,10.443948,-1.6212700000000009,1,1
107,1,8,GNN,-5.6171293,-7.2518644,1.6347350999999994,0,0
123,1,8,GNN,7.6404886,3.9443114,3.6961772,1,1
124,1,8,GNN,-7.910733,-7.5674477,-0.3432852999999998,0,0
128,1,8,GNN,-5.648023,-3.221205,-2.4268180000000004,0,0
140,1,8,GNN,-12.901102,-12.620122,-0.28097999999999956,0,0
165,1,8,GNN,-0.62255454,-7.2388763,6.61632176,0,0
182,1,8,GNN,10.63964,-2.8801162,13.5197562,1,0
189,1,8,GNN,6.99292,6.4258947,0.5670253000000001,1,1
195,1,8,GNN,-8.822678,-11.592484,2.769806000000001,0,0
201,1,8,GNN,-9.059115,-6.9548225,-2.1042925000000006,0,0
226,1,8,GNN,6.2159715,9.139981,-2.9240095000000004,1,1
229,1,8,GNN,8.822678,8.613354,0.2093240000000005,1,1
235,1,8,GNN,9.134736,10.434545,-1.2998089999999998,1,1
262,1,8,GNN,12.020931,12.888642,-0.8677110000000017,1,1
280,1,8,GNN,-11.242613,-10.777412,-0.4652010000000004,0,0
281,1,8,GNN,-13.781273,-12.041015,-1.7402580000000007,0,0
283,1,8,GNN,14.255758,13.743277,0.5124809999999993,1,1
297,1,8,GNN,7.2721643,8.003438,-0.7312736999999991,1,1
308,1,8,GNN,6.5045047,9.405859,-2.9013542999999995,1,1
314,1,8,GNN,10.289876,12.41973,-2.129854,1,1
318,1,8,GNN,16.421785,15.695049,0.7267360000000007,1,1
323,1,8,GNN,14.255758,10.279172,3.9765859999999993,1,1
324,1,8,GNN,-10.198892,-7.7512503,-2.447641700000001,0,0
327,1,8,GNN,-7.745709,-11.1675825,3.4218735000000002,0,0
329,1,8,GNN,-12.073863,-11.12947,-0.9443929999999998,0,0
364,1,8,GNN,-11.58149,-10.0373955,-1.5440945,0,0
366,1,8,GNN,-5.7915688,6.8811617,-12.6727305,0,1
370,1,8,GNN,-12.982147,-10.553147,-2.4290000000000003,0,0
2,1,8,gb,-14.66144387,-7.367212131233428,-7.294231738766571,0,0
7,1,8,gb,-9.842777871,-7.548491351028816,-2.294286519971183,0,0
18,1,8,gb,6.486250575,10.735568476797404,-4.249317901797404,1,1
34,1,8,gb,-14.66144387,-10.207863427648554,-4.453580442351445,0,0
40,1,8,gb,-12.98214718,6.9617463956275305,-19.94389357562753,0,1
51,1,8,gb,6.3842587285334185,-9.241719708765244,15.625978437298663,1,0
71,1,8,gb,16.42178532510618,-2.0383850574963187,18.4601703826025,1,0
77,1,8,gb,12.982147179797291,11.87257811066173,1.1095690691355617,1,1
86,1,8,gb,-7.605109868,-8.084540189705855,0.47943032170585465,0,0
87,1,8,gb,-10.1237194,-9.37500796528643,-0.7487114347135702,0,0
94,1,8,gb,8.822677770172534,11.884518715232453,-3.0618409450599184,1,1
107,1,8,gb,-5.617129501,-2.0042706429723456,-3.6128588580276544,0,0
123,1,8,gb,7.640488600914524,-10.91566864913612,18.556157250050642,1,0
124,1,8,gb,-7.910733222,0.4495126560441588,-8.360245878044159,0,1
128,1,8,gb,-5.648023015,-4.264759949305789,-1.3832630656942104,0,0
140,1,8,gb,-12.90110242,-6.950518344060521,-5.95058407593948,0,0
165,1,8,gb,-0.622554565,11.34694371561712,-11.96949828061712,0,1
182,1,8,gb,10.639639741358984,10.666223402434184,-0.026583661075200382,1,1
189,1,8,gb,6.992920050439323,-3.4412561381021445,10.434176188541468,1,0
195,1,8,gb,-8.82267777,0.1409463054011079,-8.963624075401109,0,1
201,1,8,gb,-9.059115604,-12.349027505493028,3.289911901493028,0,0
226,1,8,gb,6.215971472910288,-1.316407355848484,7.532378828758772,1,0
229,1,8,gb,8.822677770172534,-1.2257110533804787,10.048388823553013,1,0
235,1,8,gb,9.134736505801508,-2.9440637157889853,12.078800221590493,1,0
262,1,8,gb,12.020931693830237,-8.699601395368676,20.720533089198913,1,0
280,1,8,gb,-11.24261252,-9.020896626721497,-2.2217158932785033,0,0
281,1,8,gb,-13.78127315,-7.378987209312859,-6.4022859406871415,0,0
283,1,8,gb,14.25575783385418,9.9761802983094,4.27957753554478,1,1
297,1,8,gb,7.272164360189665,-3.1911422667885785,10.463306626978243,1,0
308,1,8,gb,6.504504884928405,4.1132819980944815,2.3912228868339236,1,1
314,1,8,gb,10.28987590712608,13.71505780399019,-3.4251818968641103,1,1
318,1,8,gb,16.42178532510618,4.537358003134955,11.884427321971224,1,1
323,1,8,gb,14.25575783385418,4.358057194890343,9.897700638963837,1,1
324,1,8,gb,-10.19889172,-11.967654234803856,1.7687625148038553,0,0
327,1,8,gb,-7.745708838,-7.448774898514934,-0.29693393948506586,0,0
329,1,8,gb,-12.07386304,4.714286252544295,-16.788149292544297,0,1
364,1,8,gb,-11.58148998,-11.19132048037306,-0.3901694996269409,0,0
366,1,8,gb,-5.791568765,-5.958342947717401,0.16677418271740052,0,0
370,1,8,gb,-12.98214718,-1.5469742605362036,-11.435172919463797,0,0
2,1,9,GNN,-14.661444,-12.284503,-2.3769409999999986,0,0
7,1,9,GNN,-9.842778,-8.67465,-1.1681279999999994,0,0
18,1,9,GNN,6.4862504,8.937855,-2.4516046000000005,1,1
34,1,9,GNN,-14.661444,-10.8244,-3.837043999999999,0,0
40,1,9,GNN,-12.982147,-12.927421,-0.05472599999999872,0,0
51,1,9,GNN,6.3842587,3.740762,2.6434967,1,1
71,1,9,GNN,16.421785,8.357258,8.064527,1,1
77,1,9,GNN,12.982147,11.272153,1.709994,1,1
86,1,9,GNN,-7.6051097,-7.7906313,0.1855216000000004,0,0
87,1,9,GNN,-10.123719,-11.560426,1.4367070000000002,0,0
94,1,9,GNN,8.822678,8.127561,0.6951169999999998,1,1
107,1,9,GNN,-5.6171293,-7.8436437,2.2265144,0,0
123,1,9,GNN,7.6404886,0.6956788,6.9448098,1,1
124,1,9,GNN,-7.910733,-7.8381696,-0.07256339999999994,0,0
128,1,9,GNN,-5.648023,-4.1442056,-1.5038174,0,0
140,1,9,GNN,-12.901102,-11.270052,-1.63105,0,0
165,1,9,GNN,-0.62255454,-7.5164776,6.89392306,0,0
182,1,9,GNN,10.63964,-8.328472,18.968111999999998,1,0
189,1,9,GNN,6.99292,2.5676057,4.4253143,1,1
195,1,9,GNN,-8.822678,-5.727392,-3.0952859999999998,0,0
201,1,9,GNN,-9.059115,-11.357183,2.298067999999999,0,0
226,1,9,GNN,6.2159715,8.044144,-1.828172499999999,1,1
229,1,9,GNN,8.822678,6.867083,1.9555949999999998,1,1
235,1,9,GNN,9.134736,10.379538,-1.244802,1,1
262,1,9,GNN,12.020931,11.960606,0.06032499999999885,1,1
280,1,9,GNN,-11.242613,-12.872761,1.6301480000000002,0,0
281,1,9,GNN,-13.781273,-12.276844,-1.504429,0,0
283,1,9,GNN,14.255758,12.333576,1.9221819999999994,1,1
297,1,9,GNN,7.2721643,6.0074368,1.2647275000000002,1,1
308,1,9,GNN,6.5045047,7.9186926,-1.4141879,1,1
314,1,9,GNN,10.289876,11.439958,-1.1500820000000012,1,1
318,1,9,GNN,16.421785,15.200894,1.220891,1,1
323,1,9,GNN,14.255758,8.510677,5.745081000000001,1,1
324,1,9,GNN,-10.198892,-6.3442173,-3.8546747000000003,0,0
327,1,9,GNN,-7.745709,-10.376363,2.630654,0,0
329,1,9,GNN,-12.073863,-11.462517,-0.6113459999999993,0,0
364,1,9,GNN,-11.58149,-11.285628,-0.2958619999999996,0,0
366,1,9,GNN,-5.7915688,7.9696083,-13.761177100000001,0,1
370,1,9,GNN,-12.982147,-9.522647,-3.4595000000000002,0,0
2,1,9,gb,-14.66144387,-10.749645320706987,-3.911798549293012,0,0
7,1,9,gb,-9.842777871,-12.988426841909636,3.1456489709096367,0,0
18,1,9,gb,6.486250575,10.542844082386734,-4.056593507386735,1,1
34,1,9,gb,-14.66144387,-11.050393674990277,-3.6110501950097227,0,0
40,1,9,gb,-12.98214718,7.031094833503374,-20.013242013503373,0,1
51,1,9,gb,6.3842587285334185,-9.11947904567993,15.503737774213349,1,0
71,1,9,gb,16.42178532510618,-5.227045752253335,21.648831077359514,1,0
77,1,9,gb,12.982147179797291,13.361167941130228,-0.37902076133293683,1,1
86,1,9,gb,-7.605109868,0.5425440123539765,-8.147653880353976,0,1
87,1,9,gb,-10.1237194,1.5797723947509414,-11.703491794750942,0,1
94,1,9,gb,8.822677770172534,12.991819856797086,-4.169142086624552,1,1
107,1,9,gb,-5.617129501,3.228108523921918,-8.845238024921919,0,1
123,1,9,gb,7.640488600914524,-13.400561606253431,21.041050207167956,1,0
124,1,9,gb,-7.910733222,-3.118960592130776,-4.791772629869224,0,0
128,1,9,gb,-5.648023015,-3.226457597285135,-2.4215654177148647,0,0
140,1,9,gb,-12.90110242,-9.75624407013292,-3.1448583498670803,0,0
165,1,9,gb,-0.622554565,12.196824409504234,-12.819378974504234,0,1
182,1,9,gb,10.639639741358984,13.307332586279076,-2.667692844920092,1,1
189,1,9,gb,6.992920050439323,10.055990626068333,-3.06307057562901,1,1
195,1,9,gb,-8.82267777,3.5553523747787104,-12.37803014477871,0,1
201,1,9,gb,-9.059115604,-12.526183317606074,3.467067713606074,0,0
226,1,9,gb,6.215971472910288,-2.1924804407827416,8.40845191369303,1,0
229,1,9,gb,8.822677770172534,7.45293454818737,1.3697432219851642,1,1
235,1,9,gb,9.134736505801508,6.367574579055098,2.767161926746409,1,1
262,1,9,gb,12.020931693830237,-7.240800979644686,19.261732673474924,1,0
280,1,9,gb,-11.24261252,-11.3103295228489,0.06771700284889981,0,0
281,1,9,gb,-13.78127315,-11.393511904728811,-2.3877612452711894,0,0
283,1,9,gb,14.25575783385418,-0.2583541127354417,14.51411194658962,1,0
297,1,9,gb,7.272164360189665,1.6118255934900751,5.6603387666995895,1,1
308,1,9,gb,6.504504884928405,-7.466091110487898,13.970595995416303,1,0
314,1,9,gb,10.28987590712608,6.2859446035551825,4.003931303570897,1,1
318,1,9,gb,16.42178532510618,-2.600383616663775,19.022168941769955,1,0
323,1,9,gb,14.25575783385418,5.194464297434366,9.061293536419814,1,1
324,1,9,gb,-10.19889172,-9.879593506732006,-0.3192982132679951,0,0
327,1,9,gb,-7.745708838,-9.0426330701071,1.2969242321070995,0,0
329,1,9,gb,-12.07386304,5.257978898292466,-17.331841938292467,0,1
364,1,9,gb,-11.58148998,-8.379450889544056,-3.202039090455944,0,0
366,1,9,gb,-5.791568765,-7.51246667628777,1.7208979112877696,0,0
370,1,9,gb,-12.98214718,-2.108851457080704,-10.873295722919297,0,0
2,1,10,GNN,-14.661444,-9.089688,-5.571755999999999,0,0
7,1,10,GNN,-9.842778,-1.1589139,-8.6838641,0,0
18,1,10,GNN,6.4862504,11.26728,-4.781029599999999,1,1
34,1,10,GNN,-14.661444,-8.218724,-6.44272,0,0
40,1,10,GNN,-12.982147,-10.161866,-2.8202809999999996,0,0
51,1,10,GNN,6.3842587,1.124757,5.2595017,1,1
71,1,10,GNN,16.421785,3.8045897,12.617195299999999,1,1
77,1,10,GNN,12.982147,10.776942,2.2052049999999994,1,1
86,1,10,GNN,-7.6051097,-7.1399307,-0.465179,0,0
87,1,10,GNN,-10.123719,-9.028574,-1.0951449999999987,0,0
94,1,10,GNN,8.822678,3.7184377,5.1042403,1,1
107,1,10,GNN,-5.6171293,-0.99863446,-4.61849484,0,0
123,1,10,GNN,7.6404886,1.3812325,6.2592561,1,1
124,1,10,GNN,-7.910733,-3.033712,-4.877020999999999,0,0
128,1,10,GNN,-5.648023,-6.818684,1.170661,0,0
140,1,10,GNN,-12.901102,-9.497466,-3.4036360000000005,0,0
165,1,10,GNN,-0.62255454,-6.287531,5.66497646,0,0
182,1,10,GNN,10.63964,-4.260791,14.900431000000001,1,0
189,1,10,GNN,6.99292,3.2708817,3.7220383,1,1
195,1,10,GNN,-8.822678,-11.012199,2.189521000000001,0,0
201,1,10,GNN,-9.059115,-8.703576,-0.35553900000000027,0,0
226,1,10,GNN,6.2159715,4.392989,1.8229825000000002,1,1
229,1,10,GNN,8.822678,11.677833,-2.855155,1,1
235,1,10,GNN,9.134736,13.532215,-4.397479000000001,1,1
262,1,10,GNN,12.020931,12.71093,-0.6899990000000003,1,1
280,1,10,GNN,-11.242613,-9.3948965,-1.8477165000000007,0,0
281,1,10,GNN,-13.781273,-9.428895,-4.352378,0,0
283,1,10,GNN,14.255758,12.084028,2.17173,1,1
297,1,10,GNN,7.2721643,10.492098,-3.2199337000000003,1,1
308,1,10,GNN,6.5045047,10.491857,-3.9873522999999995,1,1
314,1,10,GNN,10.289876,10.839138,-0.5492620000000006,1,1
318,1,10,GNN,16.421785,14.558314,1.8634710000000005,1,1
323,1,10,GNN,14.255758,11.210079,3.045679,1,1
324,1,10,GNN,-10.198892,-8.382335,-1.8165570000000013,0,0
327,1,10,GNN,-7.745709,-9.296055,1.5503460000000011,0,0
329,1,10,GNN,-12.073863,-10.289319,-1.7845439999999986,0,0
364,1,10,GNN,-11.58149,-9.901467,-1.6800230000000003,0,0
366,1,10,GNN,-5.7915688,4.698201,-10.489769800000001,0,1
370,1,10,GNN,-12.982147,-10.821513,-2.160634,0,0
2,1,10,gb,-14.66144387,-10.6962085387095,-3.965235331290499,0,0
7,1,10,gb,-9.842777871,-8.895577963894823,-0.9471999071051762,0,0
18,1,10,gb,6.486250575,10.829493808688673,-4.343243233688673,1,1
34,1,10,gb,-14.66144387,-10.043735734149084,-4.617708135850915,0,0
40,1,10,gb,-12.98214718,11.180323460432774,-24.162470640432772,0,1
51,1,10,gb,6.3842587285334185,-10.88104760531779,17.265306333851207,1,0
71,1,10,gb,16.42178532510618,-2.9028623380512015,19.32464766315738,1,0
77,1,10,gb,12.982147179797291,11.557499856889589,1.4246473229077026,1,1
86,1,10,gb,-7.605109868,-10.579561894296164,2.974452026296164,0,0
87,1,10,gb,-10.1237194,0.8015133485125113,-10.925232748512512,0,1
94,1,10,gb,8.822677770172534,12.83700543299018,-4.014327662817646,1,1
107,1,10,gb,-5.617129501,-7.442994863262227,1.8258653622622267,0,0
123,1,10,gb,7.640488600914524,-8.898270903300448,16.538759504214973,1,0
124,1,10,gb,-7.910733222,-0.8795246243572395,-7.0312085976427605,0,0
128,1,10,gb,-5.648023015,-1.374964425869446,-4.273058589130554,0,0
140,1,10,gb,-12.90110242,-7.806936269407921,-5.09416615059208,0,0
165,1,10,gb,-0.622554565,8.590890147691448,-9.213444712691448,0,1
182,1,10,gb,10.639639741358984,6.858091823722665,3.7815479176363187,1,1
189,1,10,gb,6.992920050439323,0.3029161515121329,6.6900038989271895,1,1
195,1,10,gb,-8.82267777,-3.770813112278089,-5.051864657721911,0,0
201,1,10,gb,-9.059115604,-12.450069137389502,3.390953533389501,0,0
226,1,10,gb,6.215971472910288,0.2492699690518068,5.966701503858482,1,1
229,1,10,gb,8.822677770172534,8.427667066545926,0.3950107036266086,1,1
235,1,10,gb,9.134736505801508,7.612911551192218,1.52182495460929,1,1
262,1,10,gb,12.020931693830237,-7.552914144034854,19.57384583786509,1,0
280,1,10,gb,-11.24261252,-4.158076666672368,-7.0845358533276315,0,0
281,1,10,gb,-13.78127315,-8.385886133604014,-5.395387016395986,0,0
283,1,10,gb,14.25575783385418,5.621946372514596,8.633811461339583,1,1
297,1,10,gb,7.272164360189665,14.19261619948526,-6.920451839295595,1,1
308,1,10,gb,6.504504884928405,-0.941642268565696,7.446147153494101,1,0
314,1,10,gb,10.28987590712608,10.18907573363011,0.10080017349596915,1,1
318,1,10,gb,16.42178532510618,11.177614171796307,5.244171153309871,1,1
323,1,10,gb,14.25575783385418,1.9357176199704,12.320040213883779,1,1
324,1,10,gb,-10.19889172,-13.134715565997697,2.935823845997696,0,0
327,1,10,gb,-7.745708838,-7.1502797870268315,-0.5954290509731681,0,0
329,1,10,gb,-12.07386304,11.118633702712186,-23.192496742712187,0,1
364,1,10,gb,-11.58148998,-4.385834480582498,-7.195655499417502,0,0
366,1,10,gb,-5.791568765,-5.565871005005842,-0.22569775999415764,0,0
370,1,10,gb,-12.98214718,-3.744640530562205,-9.237506649437796,0,0
0,2,1,GNN,-12.345567,-9.606829,-2.7387380000000014,0,0
1,2,1,GNN,12.982147,12.288941,0.693206,1,1
19,2,1,GNN,12.982147,12.542048,0.440099,1,1
41,2,1,GNN,-11.199451,-10.221445,-0.9780060000000006,0,0
54,2,1,GNN,0.4350432,4.8664165,-4.4313733,1,1
67,2,1,GNN,-16.421785,-13.585923,-2.8358620000000005,0,0
73,2,1,GNN,-8.359576,-7.4887085,-0.8708675000000001,0,0
81,2,1,GNN,11.365721,10.411561,0.9541599999999999,1,1
96,2,1,GNN,-7.176331,-7.8572106,0.6808795999999999,0,0
118,2,1,GNN,-8.083819,-9.643832,1.5600129999999996,0,0
119,2,1,GNN,12.982147,11.974591,1.0075559999999992,1,1
144,2,1,GNN,-8.493074,-13.257989,4.764915,0,0
183,2,1,GNN,8.27141,13.042253,-4.770843000000001,1,1
210,2,1,GNN,-11.963529,-10.677614,-1.2859149999999993,0,0
216,2,1,GNN,12.345567,11.806842,0.5387250000000012,1,1
228,2,1,GNN,-8.822678,-12.814088,3.99141,0,0
233,2,1,GNN,-11.073144,-7.2362533,-3.8368906999999988,0,0
242,2,1,GNN,-10.565633,-9.679043,-0.88659,0,0
247,2,1,GNN,-9.134736,-10.757841,1.6231050000000007,0,0
249,2,1,GNN,11.365721,14.471471,-3.1057499999999987,1,1
253,2,1,GNN,-14.255758,-11.135057,-3.1207010000000004,0,0
255,2,1,GNN,9.186848,-5.9665694,15.153417399999999,1,0
257,2,1,GNN,12.982147,11.771824,1.210322999999999,1,1
259,2,1,GNN,-7.910733,-9.105395,1.1946620000000001,0,0
271,2,1,GNN,6.330867,9.279666,-2.948799000000001,1,1
276,2,1,GNN,10.289876,14.12559,-3.835714000000001,1,1
282,2,1,GNN,-6.181254,-6.72455,0.5432959999999998,0,0
294,2,1,GNN,14.255758,16.364185,-2.108426999999999,1,1
298,2,1,GNN,-9.339127,-8.78869,-0.5504369999999987,0,0
303,2,1,GNN,10.289876,16.19068,-5.900804000000001,1,1
306,2,1,GNN,-8.015246,-7.858268,-0.15697799999999962,0,0
310,2,1,GNN,0.26889113,2.7318544,-2.46296327,1,1
322,2,1,GNN,-3.3319423,-8.344,5.0120577,0,0
332,2,1,GNN,-9.842778,-8.673896,-1.168882,0,0
340,2,1,GNN,-9.842778,-4.9426885,-4.900089499999999,0,0
347,2,1,GNN,-14.661444,-4.414087,-10.247357,0,0
368,2,1,GNN,6.304406,6.8520107,-0.5476046999999999,1,1
384,2,1,GNN,12.3974285,11.161231,1.2361974999999994,1,1
387,2,1,GNN,14.255758,13.332362,0.9233960000000003,1,1
0,2,1,gb,-12.34556651,-6.60898847342147,-5.736578036578529,0,0
1,2,1,gb,12.982147179797291,-10.130953113557132,23.11310029335442,1,0
19,2,1,gb,12.982147179797291,10.429028197260228,2.553118982537063,1,1
41,2,1,gb,-11.19945172,-2.428493510067523,-8.770958209932477,0,0
54,2,1,gb,0.4350431753893102,9.586864910657033,-9.151821735267722,1,1
67,2,1,gb,-16.42178533,-9.079039623638344,-7.342745706361654,0,0
73,2,1,gb,-8.35957626,-10.878126837321474,2.5185505773214736,0,0
81,2,1,gb,11.365720446897749,-2.738763280015911,14.10448372691366,1,0
96,2,1,gb,-7.176331252,-11.499098974300372,4.322767722300372,0,0
118,2,1,gb,-8.083819167,-8.675182687746792,0.5913635207467927,0,0
119,2,1,gb,12.982147179797291,10.676415382662912,2.3057317971343796,1,1
144,2,1,gb,-8.493074583,-10.177871986755273,1.6847974037552724,0,0
183,2,1,gb,8.271410102019884,14.547536490851408,-6.276126388831525,1,1
210,2,1,gb,-11.96352825,-5.622029754657713,-6.341498495342287,0,0
216,2,1,gb,12.345566512153232,-10.81728226113469,23.16284877328792,1,0
228,2,1,gb,-8.82267777,5.028353782868842,-13.851031552868843,0,1
233,2,1,gb,-11.07314401,-10.889689888357188,-0.1834541216428125,0,0
242,2,1,gb,-10.565633,-11.46827258453364,0.9026395845336399,0,0
247,2,1,gb,-9.134736506,8.482715250160615,-17.617451756160612,0,1
249,2,1,gb,11.365720446897749,9.60937254937166,1.7563478975260889,1,1
253,2,1,gb,-14.25575783,6.022933426537324,-20.278691256537325,0,1
255,2,1,gb,9.186847537073708,-11.697290872606247,20.884138409679956,1,0
257,2,1,gb,12.982147179797291,8.7893640174711,4.192783162326192,1,1
259,2,1,gb,-7.910733222,-8.519700752163562,0.6089675301635618,0,0
271,2,1,gb,6.330866619,8.534539857574728,-2.203673238574728,1,1
276,2,1,gb,10.28987590712608,6.712291760165752,3.5775841469603273,1,1
282,2,1,gb,-6.181253777,10.335363038507303,-16.516616815507305,0,1
294,2,1,gb,14.25575783385418,-2.989684635090353,17.245442468944532,1,0
298,2,1,gb,-9.339126939,-7.652016085820087,-1.687110853179913,0,0
303,2,1,gb,10.28987590712608,7.146271125243963,3.1436047818821162,1,1
306,2,1,gb,-8.015246779,-3.663434457627984,-4.351812321372016,0,0
310,2,1,gb,0.2688911355261758,-12.085625488424151,12.354516623950326,1,0
322,2,1,gb,-3.331942351,-11.364604541731016,8.032662190731015,0,0
332,2,1,gb,-9.842777871,-2.0096665549785775,-7.833111316021421,0,0
340,2,1,gb,-9.842777871,-9.700076111448997,-0.14270175955100228,0,0
347,2,1,gb,-14.66144387,-8.87690425942944,-5.78453961057056,0,0
368,2,1,gb,6.304406275882301,-7.954515163641747,14.258921439524048,1,0
384,2,1,gb,12.397428975196114,-13.376272322190363,25.773701297386477,1,0
387,2,1,gb,14.25575783385418,5.852426227363407,8.403331606490774,1,1
0,2,3,GNN,-12.345567,-8.240903,-4.104664000000001,0,0
1,2,3,GNN,12.982147,11.706035,1.2761119999999995,1,1
19,2,3,GNN,12.982147,12.28041,0.7017369999999996,1,1
41,2,3,GNN,-11.199451,-7.9646716,-3.2347794,0,0
54,2,3,GNN,0.4350432,4.857682,-4.4226388,1,1
67,2,3,GNN,-16.421785,-9.213561,-7.2082239999999995,0,0
73,2,3,GNN,-8.359576,-6.9849353,-1.3746407000000005,0,0
81,2,3,GNN,11.365721,11.436719,-0.07099799999999945,1,1
96,2,3,GNN,-7.176331,-7.360144,0.18381299999999978,0,0
118,2,3,GNN,-8.083819,-7.779933,-0.3038860000000003,0,0
119,2,3,GNN,12.982147,10.588283,2.393863999999999,1,1
144,2,3,GNN,-8.493074,-9.183303,0.6902290000000004,0,0
183,2,3,GNN,8.27141,11.870852,-3.599442,1,1
210,2,3,GNN,-11.963529,-8.000248,-3.9632810000000003,0,0
216,2,3,GNN,12.345567,11.172994,1.1725730000000016,1,1
228,2,3,GNN,-8.822678,-8.047653,-0.7750249999999994,0,0
233,2,3,GNN,-11.073144,-6.4897637,-4.583380299999999,0,0
242,2,3,GNN,-10.565633,-6.5757694,-3.9898635999999996,0,0
247,2,3,GNN,-9.134736,-9.297008,0.16227199999999975,0,0
249,2,3,GNN,11.365721,12.892192,-1.526470999999999,1,1
253,2,3,GNN,-14.255758,-8.927037,-5.328721,0,0
255,2,3,GNN,9.186848,-5.8066235,14.993471499999998,1,0
257,2,3,GNN,12.982147,10.939857,2.0422899999999995,1,1
259,2,3,GNN,-7.910733,-8.0098715,0.09913849999999957,0,0
271,2,3,GNN,6.330867,10.944308,-4.613441,1,1
276,2,3,GNN,10.289876,10.5036955,-0.2138194999999996,1,1
282,2,3,GNN,-6.181254,-5.392331,-0.7889229999999996,0,0
294,2,3,GNN,14.255758,12.9962,1.2595580000000002,1,1
298,2,3,GNN,-9.339127,-6.862484,-2.4766429999999993,0,0
303,2,3,GNN,10.289876,12.457813,-2.1679370000000002,1,1
306,2,3,GNN,-8.015246,-6.545843,-1.4694029999999998,0,0
310,2,3,GNN,0.26889113,2.0740263,-1.8051351699999998,1,1
322,2,3,GNN,-3.3319423,-6.5555515,3.2236092,0,0
332,2,3,GNN,-9.842778,-6.960028,-2.882749999999999,0,0
340,2,3,GNN,-9.842778,0.5339944,-10.376772399999998,0,1
347,2,3,GNN,-14.661444,-5.6928205,-8.9686235,0,0
368,2,3,GNN,6.304406,4.6209006,1.6835054000000005,1,1
384,2,3,GNN,12.3974285,11.293621,1.1038075000000003,1,1
387,2,3,GNN,14.255758,12.058249,2.197509,1,1
0,2,3,gb,-12.34556651,-10.262046410224803,-2.083520099775196,0,0
1,2,3,gb,12.982147179797291,-7.505763989649493,20.487911169446782,1,0
19,2,3,gb,12.982147179797291,-9.048801363438804,22.030948543236093,1,0
41,2,3,gb,-11.19945172,-5.7793056295618745,-5.420146090438126,0,0
54,2,3,gb,0.4350431753893102,7.02673404152628,-6.591690866136969,1,1
67,2,3,gb,-16.42178533,3.050119134240705,-19.471904464240705,0,1
73,2,3,gb,-8.35957626,-12.406303263042044,4.046727003042044,0,0
81,2,3,gb,11.365720446897749,-3.5011849008911984,14.866905347788947,1,0
96,2,3,gb,-7.176331252,-8.256484026734558,1.0801527747345583,0,0
118,2,3,gb,-8.083819167,-3.022155516436593,-5.061663650563407,0,0
119,2,3,gb,12.982147179797291,9.230229609758563,3.751917570038728,1,1
144,2,3,gb,-8.493074583,-9.32546008658722,0.8323855035872203,0,0
183,2,3,gb,8.271410102019884,12.999205581635293,-4.727795479615409,1,1
210,2,3,gb,-11.96352825,-7.941071533697103,-4.022456716302896,0,0
216,2,3,gb,12.345566512153232,-5.8050308225060725,18.150597334659302,1,0
228,2,3,gb,-8.82267777,7.299061683410241,-16.121739453410243,0,1
233,2,3,gb,-11.07314401,-9.642606164735133,-1.4305378452648672,0,0
242,2,3,gb,-10.565633,-9.79455760092102,-0.7710753990789794,0,0
247,2,3,gb,-9.134736506,11.252353891489095,-20.387090397489096,0,1
249,2,3,gb,11.365720446897749,10.147714957105348,1.2180054897924002,1,1
253,2,3,gb,-14.25575783,11.428272905501032,-25.684030735501032,0,1
255,2,3,gb,9.186847537073708,-6.979715762860818,16.166563299934527,1,0
257,2,3,gb,12.982147179797291,11.002018973027427,1.980128206769864,1,1
259,2,3,gb,-7.910733222,-6.026328583211978,-1.8844046387880224,0,0
271,2,3,gb,6.330866619,8.774458753164868,-2.4435921341648683,1,1
276,2,3,gb,10.28987590712608,13.20989175453249,-2.920015847406411,1,1
282,2,3,gb,-6.181253777,12.875859931675684,-19.057113708675686,0,1
294,2,3,gb,14.25575783385418,-3.705854894440273,17.96161272829445,1,0
298,2,3,gb,-9.339126939,-10.196283947558795,0.8571570085587954,0,0
303,2,3,gb,10.28987590712608,8.320605464430539,1.9692704426955405,1,1
306,2,3,gb,-8.015246779,0.6905958391047926,-8.705842618104793,0,1
310,2,3,gb,0.2688911355261758,-11.770112146170275,12.03900328169645,1,0
322,2,3,gb,-3.331942351,-9.839154518521854,6.507212167521853,0,0
332,2,3,gb,-9.842777871,-5.253050620623093,-4.589727250376906,0,0
340,2,3,gb,-9.842777871,-8.852381503710122,-0.9903963672898772,0,0
347,2,3,gb,-14.66144387,-7.8021146676179,-6.859329202382099,0,0
368,2,3,gb,6.304406275882301,-7.986218249651247,14.290624525533548,1,0
384,2,3,gb,12.397428975196114,-10.40896712132842,22.806396096524534,1,0
387,2,3,gb,14.25575783385418,10.160581268059156,4.095176565795024,1,1
0,2,4,GNN,-12.345567,-10.419846,-1.9257210000000011,0,0
1,2,4,GNN,12.982147,11.757765,1.2243820000000003,1,1
19,2,4,GNN,12.982147,12.749571,0.2325759999999999,1,1
41,2,4,GNN,-11.199451,-10.686214,-0.5132370000000002,0,0
54,2,4,GNN,0.4350432,3.515506,-3.0804628,1,1
67,2,4,GNN,-16.421785,-12.189766,-4.232018999999999,0,0
73,2,4,GNN,-8.359576,-7.03507,-1.3245060000000004,0,0
81,2,4,GNN,11.365721,10.165592,1.2001290000000004,1,1
96,2,4,GNN,-7.176331,-7.975161,0.7988299999999997,0,0
118,2,4,GNN,-8.083819,-8.434498,0.3506789999999995,0,0
119,2,4,GNN,12.982147,9.18055,3.8015969999999992,1,1
144,2,4,GNN,-8.493074,-12.771171,4.278097000000001,0,0
183,2,4,GNN,8.27141,11.47122,-3.199810000000001,1,1
210,2,4,GNN,-11.963529,-11.454338,-0.5091909999999995,0,0
216,2,4,GNN,12.345567,11.62124,0.7243270000000006,1,1
228,2,4,GNN,-8.822678,-11.251951,2.4292730000000002,0,0
233,2,4,GNN,-11.073144,-7.6577034,-3.4154405999999993,0,0
242,2,4,GNN,-10.565633,-9.9789295,-0.5867035000000005,0,0
247,2,4,GNN,-9.134736,-11.639152,2.504415999999999,0,0
249,2,4,GNN,11.365721,13.247999,-1.8822779999999995,1,1
253,2,4,GNN,-14.255758,-11.526431,-2.7293269999999996,0,0
255,2,4,GNN,9.186848,-8.567403,17.754251,1,0
257,2,4,GNN,12.982147,9.474262,3.507885,1,1
259,2,4,GNN,-7.910733,-9.709243,1.7985100000000012,0,0
271,2,4,GNN,6.330867,9.966692,-3.6358250000000005,1,1
276,2,4,GNN,10.289876,10.070259,0.2196169999999995,1,1
282,2,4,GNN,-6.181254,-7.6848783,1.5036243000000002,0,0
294,2,4,GNN,14.255758,13.45934,0.796418000000001,1,1
298,2,4,GNN,-9.339127,-10.105084,0.7659570000000002,0,0
303,2,4,GNN,10.289876,14.737273,-4.4473970000000005,1,1
306,2,4,GNN,-8.015246,-7.8954844,-0.11976159999999947,0,0
310,2,4,GNN,0.26889113,1.692664,-1.42377287,1,1
322,2,4,GNN,-3.3319423,-9.693478,6.361535700000001,0,0
332,2,4,GNN,-9.842778,-9.983706,0.1409280000000006,0,0
340,2,4,GNN,-9.842778,-4.5838985,-5.258879499999999,0,0
347,2,4,GNN,-14.661444,-7.1754327,-7.4860112999999995,0,0
368,2,4,GNN,6.304406,5.751763,0.5526429999999998,1,1
384,2,4,GNN,12.3974285,11.771558,0.6258704999999996,1,1
387,2,4,GNN,14.255758,12.483782,1.7719760000000004,1,1
0,2,4,gb,-12.34556651,-9.253328287633334,-3.0922382223666656,0,0
1,2,4,gb,12.982147179797291,10.73577956347079,2.2463676163265003,1,1
19,2,4,gb,12.982147179797291,12.06546831504359,0.9166788647537008,1,1
41,2,4,gb,-11.19945172,1.5229254172117552,-12.722377137211756,0,1
54,2,4,gb,0.4350431753893102,-1.336315500538937,1.7713586759282474,1,0
67,2,4,gb,-16.42178533,-4.86553336937797,-11.556251960622028,0,0
73,2,4,gb,-8.35957626,-9.170722663042255,0.8111464030422546,0,0
81,2,4,gb,11.365720446897749,0.1280501869892631,11.237670259908485,1,1
96,2,4,gb,-7.176331252,-9.761605181318007,2.5852739293180074,0,0
118,2,4,gb,-8.083819167,-8.927084340585491,0.8432651735854915,0,0
119,2,4,gb,12.982147179797291,9.663946502740558,3.3182006770567334,1,1
144,2,4,gb,-8.493074583,-9.438695491839052,0.9456209088390519,0,0
183,2,4,gb,8.271410102019884,12.543241406431196,-4.271831304411313,1,1
210,2,4,gb,-11.96352825,-6.611177557975475,-5.352350692024524,0,0
216,2,4,gb,12.345566512153232,-7.334520846707738,19.68008735886097,1,0
228,2,4,gb,-8.82267777,3.896520566249261,-12.719198336249262,0,1
233,2,4,gb,-11.07314401,-10.254943810841654,-0.8182001991583459,0,0
242,2,4,gb,-10.565633,-10.182933022275364,-0.38269997772463604,0,0
247,2,4,gb,-9.134736506,0.7993479633058526,-9.934084469305851,0,1
249,2,4,gb,11.365720446897749,4.836028644111442,6.5296918027863065,1,1
253,2,4,gb,-14.25575783,8.584677457425776,-22.840435287425777,0,1
255,2,4,gb,9.186847537073708,-12.39550840693881,21.58235594401252,1,0
257,2,4,gb,12.982147179797291,5.888915110485151,7.0932320693121405,1,1
259,2,4,gb,-7.910733222,-6.964531631792549,-0.9462015902074512,0,0
271,2,4,gb,6.330866619,7.011126362870769,-0.6802597438707689,1,1
276,2,4,gb,10.28987590712608,12.66091467656924,-2.3710387694431603,1,1
282,2,4,gb,-6.181253777,10.470481119872586,-16.651734896872586,0,1
294,2,4,gb,14.25575783385418,9.87024684597054,4.38551098788364,1,1
298,2,4,gb,-9.339126939,-10.11461979543808,0.7754928564380794,0,0
303,2,4,gb,10.28987590712608,10.090526383869854,0.19934952325622568,1,1
306,2,4,gb,-8.015246779,-12.09443269745896,4.079185918458959,0,0
310,2,4,gb,0.2688911355261758,-5.755759237554049,6.024650373080225,1,0
322,2,4,gb,-3.331942351,-9.215948474572016,5.884006123572016,0,0
332,2,4,gb,-9.842777871,-4.833951036512465,-5.008826834487534,0,0
340,2,4,gb,-9.842777871,-6.43550644242745,-3.4072714285725487,0,0
347,2,4,gb,-14.66144387,-10.03363111589549,-4.627812754104509,0,0
368,2,4,gb,6.304406275882301,-6.6014947696528585,12.90590104553516,1,0
384,2,4,gb,12.397428975196114,-13.742578309116713,26.140007284312826,1,0
387,2,4,gb,14.25575783385418,4.124503999955745,10.131253833898434,1,1
0,2,5,GNN,-12.345567,-11.318688,-1.026879000000001,0,0
1,2,5,GNN,12.982147,9.575244,3.406903,1,1
19,2,5,GNN,12.982147,10.01703,2.9651169999999993,1,1
41,2,5,GNN,-11.199451,-9.190855,-2.008595999999999,0,0
54,2,5,GNN,0.4350432,3.4350958,-3.0000526,1,1
67,2,5,GNN,-16.421785,-11.191144,-5.230641,0,0
73,2,5,GNN,-8.359576,-7.524642,-0.8349340000000005,0,0
81,2,5,GNN,11.365721,9.879617,1.486104000000001,1,1
96,2,5,GNN,-7.176331,-8.27024,1.0939089999999991,0,0
118,2,5,GNN,-8.083819,-9.090497,1.006677999999999,0,0
119,2,5,GNN,12.982147,10.952661,2.0294859999999986,1,1
144,2,5,GNN,-8.493074,-13.648819,5.155745,0,0
183,2,5,GNN,8.27141,11.241061,-2.9696510000000007,1,1
210,2,5,GNN,-11.963529,-12.381697,0.4181680000000014,0,0
216,2,5,GNN,12.345567,9.090917,3.2546500000000016,1,1
228,2,5,GNN,-8.822678,-13.04544,4.2227619999999995,0,0
233,2,5,GNN,-11.073144,-6.6336646,-4.439479399999999,0,0
242,2,5,GNN,-10.565633,-9.010912,-1.5547210000000007,0,0
247,2,5,GNN,-9.134736,-11.785121,2.650385,0,0
249,2,5,GNN,11.365721,12.684569,-1.3188479999999991,1,1
253,2,5,GNN,-14.255758,-12.011717,-2.2440409999999993,0,0
255,2,5,GNN,9.186848,-10.178355,19.365203,1,0
257,2,5,GNN,12.982147,10.980278,2.0018689999999992,1,1
259,2,5,GNN,-7.910733,-9.875653,1.9649200000000002,0,0
271,2,5,GNN,6.330867,8.014446,-1.683579,1,1
276,2,5,GNN,10.289876,13.610594,-3.320718000000001,1,1
282,2,5,GNN,-6.181254,-7.006802,0.8255480000000004,0,0
294,2,5,GNN,14.255758,13.59925,0.6565080000000005,1,1
298,2,5,GNN,-9.339127,-9.533494,0.19436699999999973,0,0
303,2,5,GNN,10.289876,14.799678,-4.5098020000000005,1,1
306,2,5,GNN,-8.015246,-7.601201,-0.4140449999999998,0,0
310,2,5,GNN,0.26889113,1.4174423,-1.1485511700000002,1,1
322,2,5,GNN,-3.3319423,-8.763268,5.4313257,0,0
332,2,5,GNN,-9.842778,-9.397185,-0.4455929999999988,0,0
340,2,5,GNN,-9.842778,-6.8513236,-2.9914543999999994,0,0
347,2,5,GNN,-14.661444,-6.8242035,-7.837240499999999,0,0
368,2,5,GNN,6.304406,4.412402,1.892004,1,1
384,2,5,GNN,12.3974285,10.325242,2.072186500000001,1,1
387,2,5,GNN,14.255758,12.236412,2.0193460000000005,1,1
0,2,5,gb,-12.34556651,-1.2670434397626262,-11.078523070237374,0,0
1,2,5,gb,12.982147179797291,-8.77576002615579,21.75790720595308,1,0
19,2,5,gb,12.982147179797291,4.247315915563215,8.734831264234076,1,1
41,2,5,gb,-11.19945172,1.798961535259958,-12.998413255259958,0,1
54,2,5,gb,0.4350431753893102,6.867297158593214,-6.432253983203903,1,1
67,2,5,gb,-16.42178533,-6.999840783351122,-9.421944546648877,0,0
73,2,5,gb,-8.35957626,-4.723935103169576,-3.6356411568304248,0,0
81,2,5,gb,11.365720446897749,0.7317484133947391,10.63397203350301,1,1
96,2,5,gb,-7.176331252,-13.654271706218976,6.4779404542189765,0,0
118,2,5,gb,-8.083819167,-9.67500645870768,1.59118729170768,0,0
119,2,5,gb,12.982147179797291,8.2455218837241,4.736625296073191,1,1
144,2,5,gb,-8.493074583,-9.557795286724543,1.064720703724543,0,0
183,2,5,gb,8.271410102019884,11.428203948629356,-3.1567938466094727,1,1
210,2,5,gb,-11.96352825,-5.6697623777369355,-6.293765872263064,0,0
216,2,5,gb,12.345566512153232,1.723307775917154,10.622258736236077,1,1
228,2,5,gb,-8.82267777,0.6092182809203077,-9.431896050920308,0,1
233,2,5,gb,-11.07314401,-9.052879118864412,-2.0202648911355876,0,0
242,2,5,gb,-10.565633,-12.463831758667569,1.8981987586675686,0,0
247,2,5,gb,-9.134736506,7.192838511184276,-16.327575017184277,0,1
249,2,5,gb,11.365720446897749,8.49149403056586,2.8742264163318882,1,1
253,2,5,gb,-14.25575783,8.240092023901452,-22.495849853901454,0,1
255,2,5,gb,9.186847537073708,-13.096126457120416,22.282973994194123,1,0
257,2,5,gb,12.982147179797291,8.184683893912807,4.797463285884485,1,1
259,2,5,gb,-7.910733222,0.8745096344973926,-8.785242856497392,0,1
271,2,5,gb,6.330866619,7.169124125673394,-0.8382575066733944,1,1
276,2,5,gb,10.28987590712608,10.38558372018188,-0.09570781305580134,1,1
282,2,5,gb,-6.181253777,4.9489906097454055,-11.130244386745407,0,1
294,2,5,gb,14.25575783385418,6.317667393079011,7.938090440775168,1,1
298,2,5,gb,-9.339126939,-6.206181491820559,-3.1329454471794405,0,0
303,2,5,gb,10.28987590712608,6.870377613080619,3.419498294045461,1,1
306,2,5,gb,-8.015246779,-8.300530087784399,0.28528330878439867,0,0
310,2,5,gb,0.2688911355261758,-3.2210848072211617,3.4899759427473374,1,0
322,2,5,gb,-3.331942351,-9.453803085648593,6.1218607346485925,0,0
332,2,5,gb,-9.842777871,-0.6806212236633383,-9.16215664733666,0,0
340,2,5,gb,-9.842777871,-6.947854650559635,-2.894923220440364,0,0
347,2,5,gb,-14.66144387,-11.709449670385528,-2.9519941996144716,0,0
368,2,5,gb,6.304406275882301,-8.83193431849786,15.136340594380162,1,0
384,2,5,gb,12.397428975196114,-14.840746204187004,27.23817517938312,1,0
387,2,5,gb,14.25575783385418,-11.383516018604263,25.639273852458444,1,0
0,2,6,GNN,-12.345567,-10.947595,-1.397972000000001,0,0
1,2,6,GNN,12.982147,8.1277895,4.854357499999999,1,1
19,2,6,GNN,12.982147,7.8357673,5.1463797,1,1
41,2,6,GNN,-11.199451,-9.655403,-1.544048,0,0
54,2,6,GNN,0.4350432,1.6823491,-1.2473059,1,1
67,2,6,GNN,-16.421785,-13.914569,-2.5072159999999997,0,0
73,2,6,GNN,-8.359576,-7.738841,-0.6207350000000007,0,0
81,2,6,GNN,11.365721,9.234484,2.1312370000000005,1,1
96,2,6,GNN,-7.176331,-9.070274,1.8939429999999993,0,0
118,2,6,GNN,-8.083819,-9.573007,1.4891880000000004,0,0
119,2,6,GNN,12.982147,10.950189,2.0319579999999995,1,1
144,2,6,GNN,-8.493074,-13.217469,4.7243949999999995,0,0
183,2,6,GNN,8.27141,10.465527,-2.1941170000000003,1,1
210,2,6,GNN,-11.963529,-12.408084,0.44455500000000114,0,0
216,2,6,GNN,12.345567,7.321624,5.023943000000001,1,1
228,2,6,GNN,-8.822678,-12.746973,3.9242950000000008,0,0
233,2,6,GNN,-11.073144,-5.66656,-5.406584,0,0
242,2,6,GNN,-10.565633,-9.871657,-0.6939759999999993,0,0
247,2,6,GNN,-9.134736,-12.381444,3.246708,0,0
249,2,6,GNN,11.365721,12.176246,-0.8105250000000002,1,1
253,2,6,GNN,-14.255758,-12.296191,-1.9595669999999998,0,0
255,2,6,GNN,9.186848,-3.6916366,12.8784846,1,0
257,2,6,GNN,12.982147,11.122561,1.8595860000000002,1,1
259,2,6,GNN,-7.910733,-9.999015,2.0882820000000004,0,0
271,2,6,GNN,6.330867,5.7568517,0.5740152999999992,1,1
276,2,6,GNN,10.289876,12.484982,-2.195106000000001,1,1
282,2,6,GNN,-6.181254,-7.0728397,0.8915857000000003,0,0
294,2,6,GNN,14.255758,14.179789,0.07596900000000062,1,1
298,2,6,GNN,-9.339127,-9.206721,-0.13240599999999958,0,0
303,2,6,GNN,10.289876,13.0787115,-2.788835500000001,1,1
306,2,6,GNN,-8.015246,-8.615923,0.600677000000001,0,0
310,2,6,GNN,0.26889113,0.75560856,-0.48671743,1,1
322,2,6,GNN,-3.3319423,-8.172963,4.8410207,0,0
332,2,6,GNN,-9.842778,-9.0984335,-0.7443444999999986,0,0
340,2,6,GNN,-9.842778,-6.3435,-3.4992779999999994,0,0
347,2,6,GNN,-14.661444,-4.3887773,-10.272666699999998,0,0
368,2,6,GNN,6.304406,2.1809494,4.123456600000001,1,1
384,2,6,GNN,12.3974285,7.050182,5.3472465,1,1
387,2,6,GNN,14.255758,10.831603,3.4241550000000007,1,1
0,2,6,gb,-12.34556651,-5.077015283663762,-7.268551226336237,0,0
1,2,6,gb,12.982147179797291,11.691406183783108,1.2907409960141827,1,1
19,2,6,gb,12.982147179797291,-11.284893665710136,24.267040845507427,1,0
41,2,6,gb,-11.19945172,-1.9900694644115111,-9.20938225558849,0,0
54,2,6,gb,0.4350431753893102,8.237142700337946,-7.802099524948636,1,1
67,2,6,gb,-16.42178533,-8.739424666370434,-7.682360663629565,0,0
73,2,6,gb,-8.35957626,-10.912485250136074,2.552908990136073,0,0
81,2,6,gb,11.365720446897749,-4.465048582885743,15.830769029783491,1,0
96,2,6,gb,-7.176331252,-3.846136488891096,-3.3301947631089037,0,0
118,2,6,gb,-8.083819167,-3.222777504970745,-4.861041662029255,0,0
119,2,6,gb,12.982147179797291,8.415843254184205,4.566303925613086,1,1
144,2,6,gb,-8.493074583,-10.234203371932994,1.7411287889329934,0,0
183,2,6,gb,8.271410102019884,13.60366501450238,-5.332254912482496,1,1
210,2,6,gb,-11.96352825,-8.721245746500605,-3.2422825034993945,0,0
216,2,6,gb,12.345566512153232,-3.223591572683089,15.569158084836321,1,0
228,2,6,gb,-8.82267777,0.1009657730859835,-8.923643543085984,0,1
233,2,6,gb,-11.07314401,-8.604153002999817,-2.4689910070001826,0,0
242,2,6,gb,-10.565633,-11.734040173551437,1.1684071735514365,0,0
247,2,6,gb,-9.134736506,6.7466607699681695,-15.881397275968169,0,1
249,2,6,gb,11.365720446897749,9.9601409484803,1.405579498417449,1,1
253,2,6,gb,-14.25575783,9.723812278523717,-23.979570108523717,0,1
255,2,6,gb,9.186847537073708,-12.923722917578342,22.11057045465205,1,0
257,2,6,gb,12.982147179797291,6.928971207098734,6.053175972698557,1,1
259,2,6,gb,-7.910733222,-9.50560320048782,1.5948699784878206,0,0
271,2,6,gb,6.330866619,5.520548687240247,0.8103179317597533,1,1
276,2,6,gb,10.28987590712608,-2.4244041336528737,12.714280040778952,1,0
282,2,6,gb,-6.181253777,10.34502759399038,-16.526281370990382,0,1
294,2,6,gb,14.25575783385418,-4.076611870451992,18.33236970430617,1,0
298,2,6,gb,-9.339126939,-9.718116341398034,0.3789894023980338,0,0
303,2,6,gb,10.28987590712608,7.243177136981609,3.04669877014447,1,1
306,2,6,gb,-8.015246779,-4.919652027284238,-3.095594751715762,0,0
310,2,6,gb,0.2688911355261758,-11.952055235548896,12.22094637107507,1,0
322,2,6,gb,-3.331942351,-8.634990768174987,5.3030484171749865,0,0
332,2,6,gb,-9.842777871,-6.613510513198344,-3.229267357801655,0,0
340,2,6,gb,-9.842777871,-10.744816823242374,0.9020389522423748,0,0
347,2,6,gb,-14.66144387,-11.586428222459952,-3.075015647540047,0,0
368,2,6,gb,6.304406275882301,-1.331378976982441,7.635785252864742,1,0
384,2,6,gb,12.397428975196114,-15.11114728171999,27.508576256916104,1,0
387,2,6,gb,14.25575783385418,1.027634721583048,13.228123112271131,1,1
0,2,7,GNN,-12.345567,-8.697931,-3.6476360000000003,0,0
1,2,7,GNN,12.982147,8.511143,4.471003999999999,1,1
19,2,7,GNN,12.982147,10.820366,2.1617809999999995,1,1
41,2,7,GNN,-11.199451,-9.228544,-1.9709070000000004,0,0
54,2,7,GNN,0.4350432,3.5492015,-3.1141583,1,1
67,2,7,GNN,-16.421785,-13.192038,-3.2297469999999997,0,0
73,2,7,GNN,-8.359576,-6.3208017,-2.038774300000001,0,0
81,2,7,GNN,11.365721,7.974202,3.3915190000000006,1,1
96,2,7,GNN,-7.176331,-8.43745,1.2611189999999999,0,0
118,2,7,GNN,-8.083819,-8.878574,0.7947550000000003,0,0
119,2,7,GNN,12.982147,7.322226,5.659921,1,1
144,2,7,GNN,-8.493074,-11.282153,2.789078999999999,0,0
183,2,7,GNN,8.27141,10.233346,-1.9619359999999997,1,1
210,2,7,GNN,-11.963529,-10.72447,-1.2390589999999992,0,0
216,2,7,GNN,12.345567,10.680338,1.665229,1,1
228,2,7,GNN,-8.822678,-10.179737,1.3570589999999996,0,0
233,2,7,GNN,-11.073144,-6.6707335,-4.402410499999999,0,0
242,2,7,GNN,-10.565633,-8.066259,-2.4993739999999995,0,0
247,2,7,GNN,-9.134736,-10.882187,1.7474509999999999,0,0
249,2,7,GNN,11.365721,11.934067,-0.568346,1,1
253,2,7,GNN,-14.255758,-10.37281,-3.8829480000000007,0,0
255,2,7,GNN,9.186848,-8.604354,17.791202,1,0
257,2,7,GNN,12.982147,7.481348,5.500799,1,1
259,2,7,GNN,-7.910733,-8.138145,0.22741200000000017,0,0
271,2,7,GNN,6.330867,5.9611416,0.3697253999999992,1,1
276,2,7,GNN,10.289876,9.105207,1.1846689999999995,1,1
282,2,7,GNN,-6.181254,-6.33531,0.15405599999999975,0,0
294,2,7,GNN,14.255758,12.7021675,1.5535905000000003,1,1
298,2,7,GNN,-9.339127,-7.8260703,-1.5130567,0,0
303,2,7,GNN,10.289876,12.756356,-2.4664800000000007,1,1
306,2,7,GNN,-8.015246,-7.1314697,-0.8837762999999992,0,0
310,2,7,GNN,0.26889113,1.0176896,-0.74879847,1,1
322,2,7,GNN,-3.3319423,-7.4048567,4.0729144,0,0
332,2,7,GNN,-9.842778,-7.586858,-2.255919999999999,0,0
340,2,7,GNN,-9.842778,-5.558449,-4.284328999999999,0,0
347,2,7,GNN,-14.661444,-6.7268534,-7.934590599999999,0,0
368,2,7,GNN,6.304406,4.0607452,2.2436608,1,1
384,2,7,GNN,12.3974285,8.284698,4.1127305,1,1
387,2,7,GNN,14.255758,10.507189,3.748569,1,1
0,2,7,gb,-12.34556651,-4.81168005936921,-7.533886450630789,0,0
1,2,7,gb,12.982147179797291,-2.0240701757514867,15.006217355548777,1,0
19,2,7,gb,12.982147179797291,-5.174407923929939,18.15655510372723,1,0
41,2,7,gb,-11.19945172,-1.3750919076318475,-9.824359812368153,0,0
54,2,7,gb,0.4350431753893102,6.943872551888412,-6.508829376499102,1,1
67,2,7,gb,-16.42178533,-5.731034416843573,-10.690750913156425,0,0
73,2,7,gb,-8.35957626,-8.409569681023525,0.04999342102352422,0,0
81,2,7,gb,11.365720446897749,-15.965386150787552,27.3311065976853,1,0
96,2,7,gb,-7.176331252,-11.68944522223682,4.51311397023682,0,0
118,2,7,gb,-8.083819167,-4.876201783783888,-3.207617383216112,0,0
119,2,7,gb,12.982147179797291,8.481212222900298,4.500934956896993,1,1
144,2,7,gb,-8.493074583,-11.167542387314422,2.674467804314421,0,0
183,2,7,gb,8.271410102019884,15.970227025072884,-7.698816923053,1,1
210,2,7,gb,-11.96352825,-9.456242176625263,-2.507286073374736,0,0
216,2,7,gb,12.345566512153232,-1.971647975397241,14.317214487550473,1,0
228,2,7,gb,-8.82267777,8.151999122802291,-16.974676892802293,0,1
233,2,7,gb,-11.07314401,-9.3190612069926,-1.7540828030073996,0,0
242,2,7,gb,-10.565633,-9.35219852509988,-1.2134344749001205,0,0
247,2,7,gb,-9.134736506,6.166009298174481,-15.30074580417448,0,1
249,2,7,gb,11.365720446897749,7.408015530620063,3.9577049162776854,1,1
253,2,7,gb,-14.25575783,7.315233333282077,-21.570991163282077,0,1
255,2,7,gb,9.186847537073708,-8.512010226694533,17.698857763768242,1,0
257,2,7,gb,12.982147179797291,8.578906185654187,4.403240994143104,1,1
259,2,7,gb,-7.910733222,-2.3728211534656074,-5.537912068534393,0,0
271,2,7,gb,6.330866619,9.125053604957651,-2.7941869859576514,1,1
276,2,7,gb,10.28987590712608,5.956516147051997,4.3333597600740825,1,1
282,2,7,gb,-6.181253777,13.281018277206323,-19.462272054206323,0,1
294,2,7,gb,14.25575783385418,-5.852650464808627,20.108408298662805,1,0
298,2,7,gb,-9.339126939,-6.540177469086653,-2.798949469913347,0,0
303,2,7,gb,10.28987590712608,7.337794971382971,2.9520809357431084,1,1
306,2,7,gb,-8.015246779,-3.529742302731591,-4.485504476268408,0,0
310,2,7,gb,0.2688911355261758,-7.012961547603293,7.281852683129469,1,0
322,2,7,gb,-3.331942351,-9.859563941950842,6.527621590950842,0,0
332,2,7,gb,-9.842777871,-5.63922678239602,-4.203551088603979,0,0
340,2,7,gb,-9.842777871,-9.488981040083097,-0.3537968309169024,0,0
347,2,7,gb,-14.66144387,-9.616604964884887,-5.044838905115112,0,0
368,2,7,gb,6.304406275882301,-3.6174652827319815,9.921871558614283,1,0
384,2,7,gb,12.397428975196114,-12.488870953114311,24.886299928310425,1,0
387,2,7,gb,14.25575783385418,6.305670110086463,7.950087723767717,1,1
0,2,8,GNN,-12.345567,-10.677125,-1.6684420000000006,0,0
1,2,8,GNN,12.982147,11.150474,1.8316729999999986,1,1
19,2,8,GNN,12.982147,10.348124,2.634022999999999,1,1
41,2,8,GNN,-11.199451,-9.234622,-1.964829,0,0
54,2,8,GNN,0.4350432,2.2379751,-1.8029319,1,1
67,2,8,GNN,-16.421785,-12.965577,-3.456208,0,0
73,2,8,GNN,-8.359576,-7.0057244,-1.3538516000000005,0,0
81,2,8,GNN,11.365721,9.290093,2.075628,1,1
96,2,8,GNN,-7.176331,-7.868844,0.6925129999999999,0,0
118,2,8,GNN,-8.083819,-8.635121,0.5513019999999997,0,0
119,2,8,GNN,12.982147,9.472038,3.510109,1,1
144,2,8,GNN,-8.493074,-14.79188,6.298806000000001,0,0
183,2,8,GNN,8.27141,12.6377535,-4.366343500000001,1,1
210,2,8,GNN,-11.963529,-11.786103,-0.17742599999999875,0,0
216,2,8,GNN,12.345567,11.056734,1.2888330000000003,1,1
228,2,8,GNN,-8.822678,-13.287341,4.464663,0,0
233,2,8,GNN,-11.073144,-6.214355,-4.858788999999999,0,0
242,2,8,GNN,-10.565633,-8.681075,-1.8845580000000002,0,0
247,2,8,GNN,-9.134736,-12.446763,3.3120270000000005,0,0
249,2,8,GNN,11.365721,13.817386,-2.451665,1,1
253,2,8,GNN,-14.255758,-12.511498,-1.7442600000000006,0,0
255,2,8,GNN,9.186848,-10.40589,19.592737999999997,1,0
257,2,8,GNN,12.982147,9.195324,3.786823,1,1
259,2,8,GNN,-7.910733,-10.201229,2.290496,0,0
271,2,8,GNN,6.330867,6.548799,-0.21793200000000024,1,1
276,2,8,GNN,10.289876,11.891608,-1.6017320000000002,1,1
282,2,8,GNN,-6.181254,-6.9619517,0.7806977000000002,0,0
294,2,8,GNN,14.255758,14.38112,-0.12536199999999909,1,1
298,2,8,GNN,-9.339127,-10.863261,1.524134,0,0
303,2,8,GNN,10.289876,16.051569,-5.761693000000001,1,1
306,2,8,GNN,-8.015246,-7.1356516,-0.8795943999999993,0,0
310,2,8,GNN,0.26889113,1.9264671,-1.65757597,1,1
322,2,8,GNN,-3.3319423,-8.813628,5.4816857,0,0
332,2,8,GNN,-9.842778,-11.159801,1.3170230000000007,0,0
340,2,8,GNN,-9.842778,-7.6919928,-2.1507851999999987,0,0
347,2,8,GNN,-14.661444,-4.0562267,-10.6052173,0,0
368,2,8,GNN,6.304406,6.1563253,0.1480807000000004,1,1
384,2,8,GNN,12.3974285,11.08727,1.3101585,1,1
387,2,8,GNN,14.255758,11.985278,2.270480000000001,1,1
0,2,8,gb,-12.34556651,-10.126837186145185,-2.2187293238548147,0,0
1,2,8,gb,12.982147179797291,-8.886997694975252,21.869144874772545,1,0
19,2,8,gb,12.982147179797291,-12.239048845686948,25.22119602548424,1,0
41,2,8,gb,-11.19945172,1.9598679300573956,-13.159319650057396,0,1
54,2,8,gb,0.4350431753893102,11.108088249995232,-10.673045074605922,1,1
67,2,8,gb,-16.42178533,9.120881145142578,-25.542666475142575,0,1
73,2,8,gb,-8.35957626,-11.652053580489444,3.292477320489443,0,0
81,2,8,gb,11.365720446897749,-1.9708072328961024,13.336527679793852,1,0
96,2,8,gb,-7.176331252,-12.2208293068538,5.0444980548538,0,0
118,2,8,gb,-8.083819167,-3.946267857404425,-4.137551309595574,0,0
119,2,8,gb,12.982147179797291,10.5223897548843,2.4597574249129917,1,1
144,2,8,gb,-8.493074583,-7.0317464486485255,-1.4613281343514748,0,0
183,2,8,gb,8.271410102019884,8.457181423408588,-0.1857713213887049,1,1
210,2,8,gb,-11.96352825,-6.966409229165223,-4.997119020834776,0,0
216,2,8,gb,12.345566512153232,-8.311804791169145,20.65737130332238,1,0
228,2,8,gb,-8.82267777,5.739082464754075,-14.561760234754075,0,1
233,2,8,gb,-11.07314401,-9.704517724471346,-1.368626285528654,0,0
242,2,8,gb,-10.565633,-9.888033788600046,-0.6775992113999543,0,0
247,2,8,gb,-9.134736506,8.809103866573917,-17.943840372573916,0,1
249,2,8,gb,11.365720446897749,9.34121693279426,2.024503514103488,1,1
253,2,8,gb,-14.25575783,9.640621662237749,-23.89637949223775,0,1
255,2,8,gb,9.186847537073708,-10.457552715832056,19.644400252905765,1,0
257,2,8,gb,12.982147179797291,8.681602356352911,4.30054482344438,1,1
259,2,8,gb,-7.910733222,-9.594247254620829,1.6835140326208284,0,0
271,2,8,gb,6.330866619,10.412474297803293,-4.081607678803293,1,1
276,2,8,gb,10.28987590712608,3.5224340953175983,6.767441811808482,1,1
282,2,8,gb,-6.181253777,13.498006946764203,-19.6792607237642,0,1
294,2,8,gb,14.25575783385418,-1.9819842615018817,16.23774209535606,1,0
298,2,8,gb,-9.339126939,-8.157440402895187,-1.181686536104813,0,0
303,2,8,gb,10.28987590712608,6.066338380206482,4.223537526919597,1,1
306,2,8,gb,-8.015246779,2.120657043135943,-10.135903822135942,0,1
310,2,8,gb,0.2688911355261758,-12.333477396905108,12.602368532431283,1,0
322,2,8,gb,-3.331942351,-9.860551758455598,6.528609407455598,0,0
332,2,8,gb,-9.842777871,-10.212352271332987,0.36957440033298816,0,0
340,2,8,gb,-9.842777871,-10.378061328811157,0.5352834578111576,0,0
347,2,8,gb,-14.66144387,-10.42237807039382,-4.239065799606179,0,0
368,2,8,gb,6.304406275882301,-7.976144000123721,14.280550276006021,1,0
384,2,8,gb,12.397428975196114,-10.928544795169682,23.325973770365795,1,0
387,2,8,gb,14.25575783385418,10.97253117102312,3.2832266628310602,1,1
0,2,9,GNN,-12.345567,-10.977567,-1.3680000000000003,0,0
1,2,9,GNN,12.982147,9.529229,3.4529179999999986,1,1
19,2,9,GNN,12.982147,11.3931875,1.5889594999999996,1,1
41,2,9,GNN,-11.199451,-9.945296,-1.254154999999999,0,0
54,2,9,GNN,0.4350432,6.759497,-6.3244538,1,1
67,2,9,GNN,-16.421785,-12.732198,-3.6895869999999995,0,0
73,2,9,GNN,-8.359576,-7.0753245,-1.2842515000000008,0,0
81,2,9,GNN,11.365721,10.6165695,0.7491515,1,1
96,2,9,GNN,-7.176331,-7.8533826,0.6770515999999995,0,0
118,2,9,GNN,-8.083819,-10.017665,1.933845999999999,0,0
119,2,9,GNN,12.982147,11.520265,1.4618819999999992,1,1
144,2,9,GNN,-8.493074,-13.366037,4.872963,0,0
183,2,9,GNN,8.27141,12.967603,-4.696193000000001,1,1
210,2,9,GNN,-11.963529,-10.020094,-1.9434349999999991,0,0
216,2,9,GNN,12.345567,10.23578,2.1097870000000007,1,1
228,2,9,GNN,-8.822678,-13.0213585,4.1986805,0,0
233,2,9,GNN,-11.073144,-8.000186,-3.072958,0,0
242,2,9,GNN,-10.565633,-8.182738,-2.3828949999999995,0,0
247,2,9,GNN,-9.134736,-10.072351,0.9376149999999992,0,0
249,2,9,GNN,11.365721,13.252733,-1.8870119999999986,1,1
253,2,9,GNN,-14.255758,-10.74598,-3.5097780000000007,0,0
255,2,9,GNN,9.186848,0.9884441,8.198403899999999,1,1
257,2,9,GNN,12.982147,10.712975,2.2691719999999993,1,1
259,2,9,GNN,-7.910733,-10.138284,2.227551000000001,0,0
271,2,9,GNN,6.330867,8.293749,-1.9628820000000005,1,1
276,2,9,GNN,10.289876,11.667586,-1.3777100000000004,1,1
282,2,9,GNN,-6.181254,-7.7772403,1.5959862999999999,0,0
294,2,9,GNN,14.255758,14.968003,-0.7122449999999994,1,1
298,2,9,GNN,-9.339127,-7.451235,-1.887892,0,0
303,2,9,GNN,10.289876,14.010548,-3.7206720000000004,1,1
306,2,9,GNN,-8.015246,-7.2795134,-0.7357325999999995,0,0
310,2,9,GNN,0.26889113,2.859299,-2.59040787,1,1
322,2,9,GNN,-3.3319423,-6.7388663,3.4069239999999996,0,0
332,2,9,GNN,-9.842778,-7.5022182,-2.3405597999999994,0,0
340,2,9,GNN,-9.842778,-5.8860164,-3.956761599999999,0,0
347,2,9,GNN,-14.661444,-6.063707,-8.597736999999999,0,0
368,2,9,GNN,6.304406,6.418582,-0.11417599999999961,1,1
384,2,9,GNN,12.3974285,8.440878,3.9565505000000005,1,1
387,2,9,GNN,14.255758,11.540806,2.7149520000000003,1,1
0,2,9,gb,-12.34556651,-9.535706124186744,-2.8098603858132556,0,0
1,2,9,gb,12.982147179797291,-2.0180076413601635,15.000154821157455,1,0
19,2,9,gb,12.982147179797291,5.8447558852672445,7.137391294530047,1,1
41,2,9,gb,-11.19945172,-6.3383015971622045,-4.861150122837796,0,0
54,2,9,gb,0.4350431753893102,-5.29797312144661,5.73301629683592,1,0
67,2,9,gb,-16.42178533,-9.55700808463812,-6.8647772453618785,0,0
73,2,9,gb,-8.35957626,-10.228862633041114,1.8692863730411133,0,0
81,2,9,gb,11.365720446897749,-2.7907659863439256,14.156486433241675,1,0
96,2,9,gb,-7.176331252,-9.671567602437031,2.4952363504370316,0,0
118,2,9,gb,-8.083819167,-10.175437181277092,2.091618014277092,0,0
119,2,9,gb,12.982147179797291,8.422717709230708,4.559429470566583,1,1
144,2,9,gb,-8.493074583,-9.647379559562763,1.1543049765627629,0,0
183,2,9,gb,8.271410102019884,15.712616018852254,-7.44120591683237,1,1
210,2,9,gb,-11.96352825,-7.128241061159916,-4.835287188840083,0,0
216,2,9,gb,12.345566512153232,-9.6636924677119,22.00925897986513,1,0
228,2,9,gb,-8.82267777,6.706233593938344,-15.528911363938345,0,1
233,2,9,gb,-11.07314401,-9.570447412002215,-1.5026965979977849,0,0
242,2,9,gb,-10.565633,-9.488763071871842,-1.0768699281281577,0,0
247,2,9,gb,-9.134736506,7.232467685961284,-16.367204191961285,0,1
249,2,9,gb,11.365720446897749,9.192788810483394,2.1729316364143543,1,1
253,2,9,gb,-14.25575783,8.032493259799162,-22.28825108979916,0,1
255,2,9,gb,9.186847537073708,-6.090349353649587,15.277196890723296,1,0
257,2,9,gb,12.982147179797291,7.827953158262691,5.1541940215346,1,1
259,2,9,gb,-7.910733222,-4.965986648681391,-2.944746573318609,0,0
271,2,9,gb,6.330866619,8.168218112120293,-1.837351493120293,1,1
276,2,9,gb,10.28987590712608,7.1904567195095845,3.099419187616495,1,1
282,2,9,gb,-6.181253777,4.915162121161683,-11.096415898161684,0,1
294,2,9,gb,14.25575783385418,7.1032166219061885,7.152541211947991,1,1
298,2,9,gb,-9.339126939,-7.706255062579625,-1.6328718764203751,0,0
303,2,9,gb,10.28987590712608,6.457464379964827,3.832411527161253,1,1
306,2,9,gb,-8.015246779,-1.2921005824032643,-6.723146196596735,0,0
310,2,9,gb,0.2688911355261758,-10.575011694123589,10.843902829649764,1,0
322,2,9,gb,-3.331942351,-9.57488951372442,6.24294716272442,0,0
332,2,9,gb,-9.842777871,-5.248654653047656,-4.594123217952343,0,0
340,2,9,gb,-9.842777871,-9.481236249874929,-0.3615416211250704,0,0
347,2,9,gb,-14.66144387,-6.738121861359031,-7.923322008640969,0,0
368,2,9,gb,6.304406275882301,0.1937899935863332,6.110616282295968,1,1
384,2,9,gb,12.397428975196114,-11.903579170941113,24.301008146137228,1,0
387,2,9,gb,14.25575783385418,8.432845271491626,5.8229125623625535,1,1
0,2,10,GNN,-12.345567,-10.320663,-2.024904000000001,0,0
1,2,10,GNN,12.982147,10.673117,2.30903,1,1
19,2,10,GNN,12.982147,11.577762,1.4043849999999996,1,1
41,2,10,GNN,-11.199451,-10.009217,-1.1902340000000002,0,0
54,2,10,GNN,0.4350432,4.955306,-4.5202628,1,1
67,2,10,GNN,-16.421785,-11.4591675,-4.9626175,0,0
73,2,10,GNN,-8.359576,-6.6348295,-1.7247465000000002,0,0
81,2,10,GNN,11.365721,10.072059,1.2936620000000012,1,1
96,2,10,GNN,-7.176331,-8.097882,0.921551,0,0
118,2,10,GNN,-8.083819,-8.654658,0.5708389999999994,0,0
119,2,10,GNN,12.982147,10.909183,2.072963999999999,1,1
144,2,10,GNN,-8.493074,-10.521476,2.028402,0,0
183,2,10,GNN,8.27141,11.272708,-3.0012980000000002,1,1
210,2,10,GNN,-11.963529,-10.456037,-1.5074919999999992,0,0
216,2,10,GNN,12.345567,10.491948,1.8536190000000001,1,1
228,2,10,GNN,-8.822678,-9.712091,0.8894129999999993,0,0
233,2,10,GNN,-11.073144,-7.2239237,-3.849220299999999,0,0
242,2,10,GNN,-10.565633,-7.571247,-2.9943860000000004,0,0
247,2,10,GNN,-9.134736,-10.908765,1.7740290000000005,0,0
249,2,10,GNN,11.365721,12.439475,-1.0737539999999992,1,1
253,2,10,GNN,-14.255758,-10.528398,-3.727360000000001,0,0
255,2,10,GNN,9.186848,-4.995727,14.182575,1,0
257,2,10,GNN,12.982147,11.187219,1.7949279999999987,1,1
259,2,10,GNN,-7.910733,-9.535307,1.624574,0,0
271,2,10,GNN,6.330867,9.666272,-3.3354049999999997,1,1
276,2,10,GNN,10.289876,11.065494,-0.7756179999999997,1,1
282,2,10,GNN,-6.181254,-6.7123876,0.5311335999999995,0,0
294,2,10,GNN,14.255758,12.53874,1.7170179999999995,1,1
298,2,10,GNN,-9.339127,-8.373761,-0.9653659999999995,0,0
303,2,10,GNN,10.289876,11.8311825,-1.541306500000001,1,1
306,2,10,GNN,-8.015246,-7.2887774,-0.7264685999999996,0,0
310,2,10,GNN,0.26889113,2.4871304,-2.2182392699999998,1,1
322,2,10,GNN,-3.3319423,-7.5060644,4.1741221,0,0
332,2,10,GNN,-9.842778,-8.302812,-1.5399659999999997,0,0
340,2,10,GNN,-9.842778,0.44320795,-10.285985949999999,0,1
347,2,10,GNN,-14.661444,-6.427985,-8.233459,0,0
368,2,10,GNN,6.304406,4.6814294,1.6229766000000003,1,1
384,2,10,GNN,12.3974285,10.043227,2.3542015000000003,1,1
387,2,10,GNN,14.255758,11.358526,2.8972320000000007,1,1
0,2,10,gb,-12.34556651,-6.469623812850305,-5.875942697149695,0,0
1,2,10,gb,12.982147179797291,-6.173540453102167,19.155687632899458,1,0
19,2,10,gb,12.982147179797291,6.138609784851449,6.843537394945842,1,1
41,2,10,gb,-11.19945172,0.5648465086118443,-11.764298228611844,0,1
54,2,10,gb,0.4350431753893102,7.282116333458252,-6.847073158068942,1,1
67,2,10,gb,-16.42178533,7.522304410247066,-23.944089740247065,0,1
73,2,10,gb,-8.35957626,-11.43263325674364,3.07305699674364,0,0
81,2,10,gb,11.365720446897749,-1.1542857240676332,12.520006170965381,1,0
96,2,10,gb,-7.176331252,-12.76837522328104,5.592043971281041,0,0
118,2,10,gb,-8.083819167,-6.48899882128537,-1.5948203457146297,0,0
119,2,10,gb,12.982147179797291,8.49892942675776,4.483217753039531,1,1
144,2,10,gb,-8.493074583,-10.002823234027485,1.5097486510274845,0,0
183,2,10,gb,8.271410102019884,13.579895009656552,-5.308484907636668,1,1
210,2,10,gb,-11.96352825,-6.864850802285381,-5.098677447714619,0,0
216,2,10,gb,12.345566512153232,-9.615250996344525,21.960817508497755,1,0
228,2,10,gb,-8.82267777,6.100538200334086,-14.923215970334086,0,1
233,2,10,gb,-11.07314401,-9.575484033369218,-1.497659976630782,0,0
242,2,10,gb,-10.565633,-10.510346434492543,-0.055286565507456586,0,0
247,2,10,gb,-9.134736506,3.535064595854647,-12.669801101854647,0,1
249,2,10,gb,11.365720446897749,4.701994407470352,6.663726039427397,1,1
253,2,10,gb,-14.25575783,4.3083449280578305,-18.56410275805783,0,1
255,2,10,gb,9.186847537073708,-11.536083324780348,20.722930861854056,1,0
257,2,10,gb,12.982147179797291,4.142853103580957,8.839294076216333,1,1
259,2,10,gb,-7.910733222,-7.355637958706778,-0.5550952632932225,0,0
271,2,10,gb,6.330866619,7.25945877563933,-0.92859215663933,1,1
276,2,10,gb,10.28987590712608,5.0635121611534455,5.226363745972634,1,1
282,2,10,gb,-6.181253777,11.60552548814756,-17.78677926514756,0,1
294,2,10,gb,14.25575783385418,6.945358224355987,7.310399609498193,1,1
298,2,10,gb,-9.339126939,-9.343585893225802,0.004458954225802003,0,0
303,2,10,gb,10.28987590712608,8.019328317987597,2.2705475891384825,1,1
306,2,10,gb,-8.015246779,-4.212365131022417,-3.802881647977583,0,0
310,2,10,gb,0.2688911355261758,-11.59414443138783,11.863035566914006,1,0
322,2,10,gb,-3.331942351,-9.197276153044625,5.865333802044624,0,0
332,2,10,gb,-9.842777871,-7.035936610591502,-2.806841260408497,0,0
340,2,10,gb,-9.842777871,-10.212734763033346,0.3699568920333469,0,0
347,2,10,gb,-14.66144387,-10.941737413695249,-3.719706456304751,0,0
368,2,10,gb,6.304406275882301,-9.932710414664989,16.23711669054729,1,0
384,2,10,gb,12.397428975196114,-12.24859599504678,24.646024970242895,1,0
387,2,10,gb,14.25575783385418,3.39301149064287,10.86274634321131,1,1
13,3,1,GNN,13.781273,-5.5253263,19.306599300000002,1,0
15,3,1,GNN,12.073863,16.54056,-4.466697,1,1
35,3,1,GNN,-11.365721,-12.072237,0.7065159999999988,0,0
69,3,1,GNN,-6.8166018,-7.7836566,0.9670547999999997,0,0
89,3,1,GNN,-11.365721,-11.339319,-0.026402000000000925,0,0
91,3,1,GNN,-11.242613,-6.827451,-4.4151620000000005,0,0
104,3,1,GNN,0.43078765,10.690859,-10.26007135,1,1
106,3,1,GNN,14.255758,15.426885,-1.1711270000000003,1,1
111,3,1,GNN,-7.421132,-6.2541904,-1.1669416000000004,0,0
126,3,1,GNN,-10.456034,-9.526089,-0.929945,0,0
129,3,1,GNN,7.7940993,10.948975,-3.1548757000000007,1,1
133,3,1,GNN,-10.456034,-8.98287,-1.4731640000000006,0,0
143,3,1,GNN,-8.359576,-6.3005004,-2.059075600000001,0,0
146,3,1,GNN,3.785482,6.142857,-2.357375,1,1
152,3,1,GNN,8.421897,11.633629,-3.2117320000000014,1,1
154,3,1,GNN,11.365721,11.070565,0.2951560000000004,1,1
156,3,1,GNN,12.073863,14.210813,-2.1369500000000006,1,1
166,3,1,GNN,3.1710496,3.920098,-0.7490484,1,1
170,3,1,GNN,9.859496,9.822374,0.0371220000000001,1,1
194,3,1,GNN,-7.445915,-11.829149,4.383233999999999,0,0
211,3,1,GNN,-0.1074811,-4.6061997,4.4987186,0,0
214,3,1,GNN,-14.661444,-10.959532,-3.701912,0,0
245,3,1,GNN,-6.330867,5.1087847,-11.439651699999999,0,1
261,3,1,GNN,9.859496,10.101947,-0.24245099999999908,1,1
278,3,1,GNN,-9.485335,-9.753499,0.2681640000000005,0,0
279,3,1,GNN,-9.859496,0.12877496,-9.98827096,0,1
288,3,1,GNN,6.99292,11.782164,-4.789244,1,1
289,3,1,GNN,-11.59052,-9.078425,-2.5120950000000004,0,0
295,3,1,GNN,14.255758,13.438744,0.8170140000000004,1,1
304,3,1,GNN,-11.199451,-11.185995,-0.01345599999999969,0,0
305,3,1,GNN,1.5458131,7.952348,-6.4065349,1,1
320,3,1,GNN,9.859496,8.066078,1.7934180000000008,1,1
334,3,1,GNN,-11.199451,-9.206131,-1.9933200000000006,0,0
353,3,1,GNN,-7.745709,-14.734028,6.988319000000001,0,0
362,3,1,GNN,-4.8105254,-9.844531,5.0340055999999995,0,0
371,3,1,GNN,13.781273,5.1387954,8.6424776,1,1
373,3,1,GNN,-9.485335,-7.7371016,-1.7482333999999993,0,0
375,3,1,GNN,10.784142,9.709352,1.0747899999999984,1,1
383,3,1,GNN,-10.784142,-12.683159,1.8990170000000006,0,0
13,3,1,gb,13.781273146340617,-5.267280915671859,19.048554062012474,1,0
15,3,1,gb,12.073863035611195,14.296210198594263,-2.222347162983068,1,1
35,3,1,gb,-11.36572045,-13.439811887482303,2.074091437482304,0,0
69,3,1,gb,-6.816601634,4.389185702124415,-11.205787336124416,0,1
89,3,1,gb,-11.36572045,7.2028770177953545,-18.568597467795353,0,1
91,3,1,gb,-11.24261252,-4.236822148453256,-7.005790371546744,0,0
104,3,1,gb,0.4307876433690973,-3.147186886239921,3.577974529609018,1,0
106,3,1,gb,14.25575783385418,8.240900676348572,6.014857157505608,1,1
111,3,1,gb,-7.421131909,-8.104480868304412,0.6833489593044124,0,0
126,3,1,gb,-10.45603334,7.359406621360752,-17.815439961360752,0,1
129,3,1,gb,7.794099337579717,12.73525805298602,-4.941158715406304,1,1
133,3,1,gb,-10.45603334,-5.247091686383622,-5.208941653616377,0,0
143,3,1,gb,-8.35957626,-6.827374587855611,-1.5322016721443896,0,0
146,3,1,gb,3.785481936091071,6.941202866499793,-3.155720930408722,1,1
152,3,1,gb,8.421896809777015,7.724537358435558,0.6973594513414572,1,1
154,3,1,gb,11.365720446897749,13.218295076325866,-1.8525746294281173,1,1
156,3,1,gb,12.073863035611195,7.199317880383074,4.874545155228121,1,1
166,3,1,gb,3.1710495309197637,7.807455701994811,-4.636406171075047,1,1
170,3,1,gb,9.859496001,6.926702292262795,2.932793708737205,1,1
194,3,1,gb,-7.445915062,-6.126242822333363,-1.3196722396666374,0,0
211,3,1,gb,-0.107481096,-6.762030843491612,6.654549747491612,0,0
214,3,1,gb,-14.66144387,10.364964445366631,-25.02640831536663,0,1
245,3,1,gb,-6.330866619,6.65308501691077,-12.98395163591077,0,1
261,3,1,gb,9.859496001,10.924082298383494,-1.064586297383494,1,1
278,3,1,gb,-9.485335519,-10.112390646717463,0.6270551277174636,0,0
279,3,1,gb,-9.859496001,6.863272289649306,-16.722768290649306,0,1
288,3,1,gb,6.992920050439323,11.431367707260538,-4.438447656821215,1,1
289,3,1,gb,-11.59051945,-7.88291610840422,-3.7076033415957808,0,0
295,3,1,gb,14.25575783385418,9.187187958668206,5.068569875185974,1,1
304,3,1,gb,-11.19945172,-4.529055590410693,-6.6703961295893075,0,0
305,3,1,gb,1.545813069360322,-4.397484497111523,5.943297566471845,1,0
320,3,1,gb,9.859496001,11.976604388290832,-2.1171083872908323,1,1
334,3,1,gb,-11.19945172,0.4313917042569163,-11.630843424256916,0,1
353,3,1,gb,-7.745708838,-8.669739446498893,0.9240306084988932,0,0
362,3,1,gb,-4.810525499,3.22652027064424,-8.03704576964424,0,1
371,3,1,gb,13.781273146340617,-10.553913625310342,24.33518677165096,1,0
373,3,1,gb,-9.485335519,2.5130103530621963,-11.998345872062195,0,1
375,3,1,gb,10.784141163895436,0.4958394980374886,10.288301665857947,1,1
383,3,1,gb,-10.78414116,13.271776616951303,-24.055917776951304,0,1
13,3,2,GNN,13.781273,-8.023686,21.804959,1,0
15,3,2,GNN,12.073863,14.748864,-2.675001,1,1
35,3,2,GNN,-11.365721,-6.816338,-4.549383000000001,0,0
69,3,2,GNN,-6.8166018,-7.101579,0.28497720000000015,0,0
89,3,2,GNN,-11.365721,-7.6870847,-3.678636300000001,0,0
91,3,2,GNN,-11.242613,-7.9716454,-3.2709676000000005,0,0
104,3,2,GNN,0.43078765,3.1423604,-2.7115727499999998,1,1
106,3,2,GNN,14.255758,13.027843,1.2279149999999994,1,1
111,3,2,GNN,-7.421132,-7.6906548,0.26952279999999984,0,0
126,3,2,GNN,-10.456034,-9.561653,-0.894381000000001,0,0
129,3,2,GNN,7.7940993,10.502306,-2.7082067000000007,1,1
133,3,2,GNN,-10.456034,-9.276086,-1.1799480000000013,0,0
143,3,2,GNN,-8.359576,-7.6083856,-0.7511904000000005,0,0
146,3,2,GNN,3.785482,9.78706,-6.001578,1,1
152,3,2,GNN,8.421897,11.390314,-2.9684170000000005,1,1
154,3,2,GNN,11.365721,9.94047,1.4252510000000012,1,1
156,3,2,GNN,12.073863,10.939846,1.134017,1,1
166,3,2,GNN,3.1710496,1.2248051,1.9462445,1,1
170,3,2,GNN,9.859496,10.4245615,-0.5650654999999993,1,1
194,3,2,GNN,-7.445915,-10.728542,3.282626999999999,0,0
211,3,2,GNN,-0.1074811,-7.575618,7.4681369,0,0
214,3,2,GNN,-14.661444,-12.34661,-2.3148339999999994,0,0
245,3,2,GNN,-6.330867,4.2253504,-10.5562174,0,1
261,3,2,GNN,9.859496,11.42275,-1.5632540000000006,1,1
278,3,2,GNN,-9.485335,-9.884907,0.3995720000000009,0,0
279,3,2,GNN,-9.859496,6.6268644,-16.4863604,0,1
288,3,2,GNN,6.99292,9.978415,-2.9854950000000002,1,1
289,3,2,GNN,-11.59052,-12.7235985,1.1330784999999999,0,0
295,3,2,GNN,14.255758,11.945407,2.3103510000000007,1,1
304,3,2,GNN,-11.199451,-10.779088,-0.42036300000000004,0,0
305,3,2,GNN,1.5458131,13.573364,-12.0275509,1,1
320,3,2,GNN,9.859496,9.076277,0.7832190000000008,1,1
334,3,2,GNN,-11.199451,-10.194647,-1.004804,0,0
353,3,2,GNN,-7.745709,-10.303032,2.5573230000000002,0,0
362,3,2,GNN,-4.8105254,-6.780018,1.9694925999999997,0,0
371,3,2,GNN,13.781273,11.935341,1.8459320000000012,1,1
373,3,2,GNN,-9.485335,-9.091593,-0.3937419999999996,0,0
375,3,2,GNN,10.784142,10.364722,0.4194199999999988,1,1
383,3,2,GNN,-10.784142,-11.806368,1.0222260000000016,0,0
13,3,2,gb,13.781273146340617,-5.870248319846705,19.651521466187322,1,0
15,3,2,gb,12.073863035611195,8.891286777753447,3.1825762578577486,1,1
35,3,2,gb,-11.36572045,9.63785750902154,-21.00357795902154,0,1
69,3,2,gb,-6.816601634,9.209752541880786,-16.026354175880787,0,1
89,3,2,gb,-11.36572045,3.5445349296276825,-14.910255379627682,0,1
91,3,2,gb,-11.24261252,-7.034908798201356,-4.2077037217986435,0,0
104,3,2,gb,0.4307876433690973,0.23162451232434,0.1991631310447573,1,1
106,3,2,gb,14.25575783385418,12.66930658327389,1.5864512505802892,1,1
111,3,2,gb,-7.421131909,-9.293815515555124,1.8726836065551247,0,0
126,3,2,gb,-10.45603334,0.0473165049554048,-10.503349844955403,0,1
129,3,2,gb,7.794099337579717,11.974181667267684,-4.180082329687967,1,1
133,3,2,gb,-10.45603334,-5.485842848241403,-4.970190491758596,0,0
143,3,2,gb,-8.35957626,-11.00028528504208,2.6407090250420797,0,0
146,3,2,gb,3.785481936091071,9.29381320674302,-5.508331270651948,1,1
152,3,2,gb,8.421896809777015,5.12105385141566,3.300842958361356,1,1
154,3,2,gb,11.365720446897749,9.400669115768936,1.9650513311288123,1,1
156,3,2,gb,12.073863035611195,3.233793994653273,8.840069040957921,1,1
166,3,2,gb,3.1710495309197637,7.128094274471761,-3.957044743551997,1,1
170,3,2,gb,9.859496001,5.369461435902381,4.490034565097619,1,1
194,3,2,gb,-7.445915062,-7.103489933450115,-0.34242512854988494,0,0
211,3,2,gb,-0.107481096,-6.114599779665446,6.007118683665446,0,0
214,3,2,gb,-14.66144387,6.307718857046475,-20.969162727046474,0,1
245,3,2,gb,-6.330866619,10.195726548949912,-16.526593167949912,0,1
261,3,2,gb,9.859496001,11.33357087021168,-1.4740748692116803,1,1
278,3,2,gb,-9.485335519,-11.241925671658334,1.756590152658335,0,0
279,3,2,gb,-9.859496001,8.334431638479082,-18.19392763947908,0,1
288,3,2,gb,6.992920050439323,11.146532195788632,-4.153612145349309,1,1
289,3,2,gb,-11.59051945,-11.59786938745447,0.007349937454469213,0,0
295,3,2,gb,14.25575783385418,7.848759159862298,6.406998673991882,1,1
304,3,2,gb,-11.19945172,-3.1311291453654055,-8.068322574634596,0,0
305,3,2,gb,1.545813069360322,-2.0098336800486165,3.5556467494089388,1,0
320,3,2,gb,9.859496001,11.02103221456104,-1.1615362135610408,1,1
334,3,2,gb,-11.19945172,-4.756332389412337,-6.443119330587664,0,0
353,3,2,gb,-7.745708838,-7.588540814160405,-0.15716802383959472,0,0
362,3,2,gb,-4.810525499,-9.345767235826267,4.535241736826268,0,0
371,3,2,gb,13.781273146340617,-5.900625662785247,19.68189880912586,1,0
373,3,2,gb,-9.485335519,-5.747666797753648,-3.7376687212463517,0,0
375,3,2,gb,10.784141163895436,2.4582947872754084,8.325846376620028,1,1
383,3,2,gb,-10.78414116,12.466144269482418,-23.250285429482417,0,1
13,3,4,GNN,13.781273,-3.4368465,17.2181195,1,0
15,3,4,GNN,12.073863,13.92584,-1.8519770000000015,1,1
35,3,4,GNN,-11.365721,-7.4214873,-3.9442337000000007,0,0
69,3,4,GNN,-6.8166018,-7.0653176,0.24871580000000026,0,0
89,3,4,GNN,-11.365721,-7.791848,-3.5738730000000007,0,0
91,3,4,GNN,-11.242613,-9.387623,-1.8549900000000008,0,0
104,3,4,GNN,0.43078765,2.010784,-1.57999635,1,1
106,3,4,GNN,14.255758,12.126904,2.1288540000000005,1,1
111,3,4,GNN,-7.421132,-7.6070905,0.18595849999999992,0,0
126,3,4,GNN,-10.456034,-9.883318,-0.5727160000000016,0,0
129,3,4,GNN,7.7940993,10.629874,-2.835774699999999,1,1
133,3,4,GNN,-10.456034,-9.052156,-1.4038780000000006,0,0
143,3,4,GNN,-8.359576,-7.5461383,-0.8134377000000006,0,0
146,3,4,GNN,3.785482,10.792418,-7.006936,1,1
152,3,4,GNN,8.421897,11.7597,-3.337803000000001,1,1
154,3,4,GNN,11.365721,10.027958,1.3377630000000007,1,1
156,3,4,GNN,12.073863,10.249678,1.824185,1,1
166,3,4,GNN,3.1710496,-0.93859863,4.1096482299999995,1,0
170,3,4,GNN,9.859496,10.564904,-0.7054080000000003,1,1
194,3,4,GNN,-7.445915,-10.821753,3.375837999999999,0,0
211,3,4,GNN,-0.1074811,-7.748099,7.6406179,0,0
214,3,4,GNN,-14.661444,-9.598059,-5.063385,0,0
245,3,4,GNN,-6.330867,2.7244086,-9.0552756,0,1
261,3,4,GNN,9.859496,11.109583,-1.2500870000000006,1,1
278,3,4,GNN,-9.485335,-10.01005,0.5247150000000005,0,0
279,3,4,GNN,-9.859496,6.506003,-16.365499,0,1
288,3,4,GNN,6.99292,10.236323,-3.2434030000000007,1,1
289,3,4,GNN,-11.59052,-9.552891,-2.037628999999999,0,0
295,3,4,GNN,14.255758,11.299089,2.9566689999999998,1,1
304,3,4,GNN,-11.199451,-10.915144,-0.2843070000000001,0,0
305,3,4,GNN,1.5458131,13.273764,-11.7279509,1,1
320,3,4,GNN,9.859496,9.952335,-0.09283899999999967,1,1
334,3,4,GNN,-11.199451,-10.6864805,-0.5129704999999998,0,0
353,3,4,GNN,-7.745709,-11.110905,3.365196000000001,0,0
362,3,4,GNN,-4.8105254,-6.9702973,2.1597719,0,0
371,3,4,GNN,13.781273,12.06855,1.7127230000000004,1,1
373,3,4,GNN,-9.485335,-9.260004,-0.22533099999999884,0,0
375,3,4,GNN,10.784142,10.523735,0.26040699999999894,1,1
383,3,4,GNN,-10.784142,-11.60898,0.8248380000000015,0,0
13,3,4,gb,13.781273146340617,-4.877780969038855,18.659054115379472,1,0
15,3,4,gb,12.073863035611195,6.497559108660026,5.576303926951169,1,1
35,3,4,gb,-11.36572045,-12.325016348384317,0.9592958983843172,0,0
69,3,4,gb,-6.816601634,3.8898437496393505,-10.706445383639352,0,1
89,3,4,gb,-11.36572045,5.712990630575234,-17.078711080575232,0,1
91,3,4,gb,-11.24261252,-6.292074493868708,-4.950538026131292,0,0
104,3,4,gb,0.4307876433690973,2.8295296809111776,-2.3987420375420805,1,1
106,3,4,gb,14.25575783385418,4.376043749248052,9.879714084606128,1,1
111,3,4,gb,-7.421131909,-7.491457575656916,0.07032566665691675,0,0
126,3,4,gb,-10.45603334,-5.942100182554324,-4.513933157445676,0,0
129,3,4,gb,7.794099337579717,12.380895173490126,-4.586795835910409,1,1
133,3,4,gb,-10.45603334,-6.436780875063327,-4.019252464936672,0,0
143,3,4,gb,-8.35957626,5.230255486369356,-13.589831746369356,0,1
146,3,4,gb,3.785481936091071,12.149196625647065,-8.363714689555994,1,1
152,3,4,gb,8.421896809777015,5.5092464789639095,2.912650330813106,1,1
154,3,4,gb,11.365720446897749,9.24187117099331,2.1238492759044387,1,1
156,3,4,gb,12.073863035611195,2.4923652167467645,9.581497818864431,1,1
166,3,4,gb,3.1710495309197637,5.290168448217933,-2.1191189172981697,1,1
170,3,4,gb,9.859496001,12.224568453841838,-2.3650724528418383,1,1
194,3,4,gb,-7.445915062,-2.8447686163777464,-4.601146445622254,0,0
211,3,4,gb,-0.107481096,5.8502513864803705,-5.95773248248037,0,1
214,3,4,gb,-14.66144387,7.936512212325457,-22.597956082325457,0,1
245,3,4,gb,-6.330866619,3.700489620438779,-10.031356239438779,0,1
261,3,4,gb,9.859496001,13.892470829673734,-4.0329748286737335,1,1
278,3,4,gb,-9.485335519,-9.65756535416577,0.17222983516577095,0,0
279,3,4,gb,-9.859496001,5.9485477017468,-15.8080437027468,0,1
288,3,4,gb,6.992920050439323,10.017394222854694,-3.0244741724153714,1,1
289,3,4,gb,-11.59051945,-12.237396414176118,0.6468769641761174,0,0
295,3,4,gb,14.25575783385418,6.650114863106336,7.6056429707478435,1,1
304,3,4,gb,-11.19945172,-7.343018873726945,-3.856432846273056,0,0
305,3,4,gb,1.545813069360322,-3.3303044191799995,4.876117488540322,1,0
320,3,4,gb,9.859496001,10.713964473860203,-0.8544684728602032,1,1
334,3,4,gb,-11.19945172,-3.387648369043654,-7.811803350956347,0,0
353,3,4,gb,-7.745708838,-5.333594976905656,-2.412113861094344,0,0
362,3,4,gb,-4.810525499,-1.3550178995160858,-3.455507599483914,0,0
371,3,4,gb,13.781273146340617,-2.968830887810175,16.75010403415079,1,0
373,3,4,gb,-9.485335519,-4.306930174593159,-5.1784053444068405,0,0
375,3,4,gb,10.784141163895436,-4.047439121212005,14.83158028510744,1,0
383,3,4,gb,-10.78414116,15.538313834774144,-26.322454994774144,0,1
13,3,5,GNN,13.781273,-8.527818,22.309091000000002,1,0
15,3,5,GNN,12.073863,13.272389,-1.198526000000001,1,1
35,3,5,GNN,-11.365721,-11.963674,0.5979529999999986,0,0
69,3,5,GNN,-6.8166018,-6.72855,-0.08805179999999968,0,0
89,3,5,GNN,-11.365721,-8.223837,-3.141884000000001,0,0
91,3,5,GNN,-11.242613,-9.846395,-1.396218000000001,0,0
104,3,5,GNN,0.43078765,4.2185106,-3.78772295,1,1
106,3,5,GNN,14.255758,13.524346,0.7314120000000006,1,1
111,3,5,GNN,-7.421132,-8.22201,0.8008779999999991,0,0
126,3,5,GNN,-10.456034,-13.31756,2.8615259999999996,0,0
129,3,5,GNN,7.7940993,6.541154,1.2529453000000004,1,1
133,3,5,GNN,-10.456034,-10.965041,0.5090069999999987,0,0
143,3,5,GNN,-8.359576,-8.163302,-0.19627400000000073,0,0
146,3,5,GNN,3.785482,10.698578,-6.9130959999999995,1,1
152,3,5,GNN,8.421897,12.319421,-3.8975240000000007,1,1
154,3,5,GNN,11.365721,10.244686,1.121035000000001,1,1
156,3,5,GNN,12.073863,9.354994,2.7188689999999998,1,1
166,3,5,GNN,3.1710496,1.9770484,1.1940012,1,1
170,3,5,GNN,9.859496,9.065578,0.7939179999999997,1,1
194,3,5,GNN,-7.445915,-12.406998,4.9610829999999995,0,0
211,3,5,GNN,-0.1074811,-6.3748302,6.2673491,0,0
214,3,5,GNN,-14.661444,-11.192168,-3.469275999999999,0,0
245,3,5,GNN,-6.330867,2.047318,-8.378185,0,1
261,3,5,GNN,9.859496,12.098965,-2.2394689999999997,1,1
278,3,5,GNN,-9.485335,-11.433453,1.948118000000001,0,0
279,3,5,GNN,-9.859496,-0.26054543,-9.59895057,0,0
288,3,5,GNN,6.99292,9.185056,-2.1921359999999996,1,1
289,3,5,GNN,-11.59052,-10.334243,-1.256276999999999,0,0
295,3,5,GNN,14.255758,11.684189,2.571569,1,1
304,3,5,GNN,-11.199451,-12.77911,1.5796589999999995,0,0
305,3,5,GNN,1.5458131,9.215577,-7.6697638999999995,1,1
320,3,5,GNN,9.859496,7.75156,2.1079360000000005,1,1
334,3,5,GNN,-11.199451,-12.1003275,0.9008765000000007,0,0
353,3,5,GNN,-7.745709,-15.670571,7.924862000000001,0,0
362,3,5,GNN,-4.8105254,-8.092668,3.2821425999999994,0,0
371,3,5,GNN,13.781273,6.178431,7.602842000000001,1,1
373,3,5,GNN,-9.485335,-9.218642,-0.26669300000000007,0,0
375,3,5,GNN,10.784142,8.7952795,1.9888624999999998,1,1
383,3,5,GNN,-10.784142,-13.321746,2.537604,0,0
13,3,5,gb,13.781273146340617,-7.705713122961285,21.4869862693019,1,0
15,3,5,gb,12.073863035611195,13.473377738473165,-1.3995147028619694,1,1
35,3,5,gb,-11.36572045,-11.722405146867672,0.35668469686767246,0,0
69,3,5,gb,-6.816601634,6.299459530265976,-13.116061164265975,0,1
89,3,5,gb,-11.36572045,-0.2330397180742546,-11.132680731925745,0,0
91,3,5,gb,-11.24261252,-1.0398918569061573,-10.202720663093842,0,0
104,3,5,gb,0.4307876433690973,-6.668137649714826,7.098925293083923,1,0
106,3,5,gb,14.25575783385418,3.374148856523357,10.881608977330822,1,1
111,3,5,gb,-7.421131909,-5.822874798742629,-1.5982571102573706,0,0
126,3,5,gb,-10.45603334,4.1983604983813105,-14.65439383838131,0,1
129,3,5,gb,7.794099337579717,11.929221015370825,-4.1351216777911075,1,1
133,3,5,gb,-10.45603334,-8.524707868260649,-1.9313254717393509,0,0
143,3,5,gb,-8.35957626,-10.446199374801,2.0866231148009984,0,0
146,3,5,gb,3.785481936091071,13.9725467727253,-10.187064836634228,1,1
152,3,5,gb,8.421896809777015,7.130125818177823,1.2917709915991926,1,1
154,3,5,gb,11.365720446897749,9.79010927582857,1.5756111710691787,1,1
156,3,5,gb,12.073863035611195,6.120632050317044,5.953230985294151,1,1
166,3,5,gb,3.1710495309197637,-1.782438759626819,4.9534882905465825,1,0
170,3,5,gb,9.859496001,5.269537882045209,4.589958118954791,1,1
194,3,5,gb,-7.445915062,-7.4127550806261295,-0.03315998137387055,0,0
211,3,5,gb,-0.107481096,-0.5987008521219433,0.49121975612194335,0,0
214,3,5,gb,-14.66144387,10.606998133595472,-25.26844200359547,0,1
245,3,5,gb,-6.330866619,3.864889112988693,-10.195755731988694,0,1
261,3,5,gb,9.859496001,11.411708573136584,-1.5522125721365843,1,1
278,3,5,gb,-9.485335519,-8.881310760214605,-0.6040247587853944,0,0
279,3,5,gb,-9.859496001,6.110320749097535,-15.969816750097536,0,1
288,3,5,gb,6.992920050439323,12.0834455016408,-5.090525451201477,1,1
289,3,5,gb,-11.59051945,0.8348202823677591,-12.42533973236776,0,1
295,3,5,gb,14.25575783385418,11.013324810969984,3.242433022884196,1,1
304,3,5,gb,-11.19945172,-7.322936420474304,-3.876515299525697,0,0
305,3,5,gb,1.545813069360322,1.810431377102584,-0.2646183077422619,1,1
320,3,5,gb,9.859496001,13.137561269697429,-3.2780652686974285,1,1
334,3,5,gb,-11.19945172,-3.716059690212549,-7.483392029787452,0,0
353,3,5,gb,-7.745708838,-9.640775854302074,1.8950670163020744,0,0
362,3,5,gb,-4.810525499,-13.150645487886935,8.340119988886936,0,0
371,3,5,gb,13.781273146340617,-11.05272734427434,24.834000490614955,1,0
373,3,5,gb,-9.485335519,5.136804341872794,-14.622139860872792,0,1
375,3,5,gb,10.784141163895436,-3.683795172930824,14.46793633682626,1,0
383,3,5,gb,-10.78414116,15.65433982635654,-26.43848098635654,0,1
13,3,6,GNN,13.781273,-4.033491,17.814764,1,0
15,3,6,GNN,12.073863,14.902653,-2.8287900000000015,1,1
35,3,6,GNN,-11.365721,-7.620751,-3.7449700000000004,0,0
69,3,6,GNN,-6.8166018,-5.15211,-1.6644917999999995,0,0
89,3,6,GNN,-11.365721,-7.082154,-4.283567000000001,0,0
91,3,6,GNN,-11.242613,-7.346447,-3.896166,0,0
104,3,6,GNN,0.43078765,2.6420105,-2.21122285,1,1
106,3,6,GNN,14.255758,13.581112,0.674646000000001,1,1
111,3,6,GNN,-7.421132,-6.441864,-0.9792680000000002,0,0
126,3,6,GNN,-10.456034,-9.532585,-0.9234490000000015,0,0
129,3,6,GNN,7.7940993,10.535701,-2.7416016999999995,1,1
133,3,6,GNN,-10.456034,-7.4681287,-2.9879053000000004,0,0
143,3,6,GNN,-8.359576,-6.35745,-2.0021260000000005,0,0
146,3,6,GNN,3.785482,12.295626,-8.510144,1,1
152,3,6,GNN,8.421897,10.264845,-1.8429479999999998,1,1
154,3,6,GNN,11.365721,10.624851,0.740870000000001,1,1
156,3,6,GNN,12.073863,12.961343,-0.88748,1,1
166,3,6,GNN,3.1710496,4.5092297,-1.3381800999999998,1,1
170,3,6,GNN,9.859496,8.175519,1.6839770000000005,1,1
194,3,6,GNN,-7.445915,-10.367649,2.921734,0,0
211,3,6,GNN,-0.1074811,-4.3235884,4.2161073,0,0
214,3,6,GNN,-14.661444,-11.4893875,-3.1720565,0,0
245,3,6,GNN,-6.330867,2.2747717,-8.6056387,0,1
261,3,6,GNN,9.859496,12.991806,-3.1323100000000004,1,1
278,3,6,GNN,-9.485335,-11.410866,1.9255310000000012,0,0
279,3,6,GNN,-9.859496,-0.29559168,-9.56390432,0,0
288,3,6,GNN,6.99292,10.353776,-3.360856,1,1
289,3,6,GNN,-11.59052,-11.411921,-0.17859900000000017,0,0
295,3,6,GNN,14.255758,10.964884,3.2908740000000005,1,1
304,3,6,GNN,-11.199451,-10.905801,-0.2936499999999995,0,0
305,3,6,GNN,1.5458131,11.452284,-9.9064709,1,1
320,3,6,GNN,9.859496,9.519149,0.3403469999999995,1,1
334,3,6,GNN,-11.199451,-9.491593,-1.7078579999999999,0,0
353,3,6,GNN,-7.745709,-13.199355,5.453646000000001,0,0
362,3,6,GNN,-4.8105254,-5.3736973,0.5631718999999995,0,0
371,3,6,GNN,13.781273,9.873924,3.907349,1,1
373,3,6,GNN,-9.485335,-8.270338,-1.2149969999999986,0,0
375,3,6,GNN,10.784142,8.057849,2.726293,1,1
383,3,6,GNN,-10.784142,-11.656481,0.8723390000000002,0,0
13,3,6,gb,13.781273146340617,-7.432751935948752,21.214025082289368,1,0
15,3,6,gb,12.073863035611195,12.682309606320215,-0.6084465707090203,1,1
35,3,6,gb,-11.36572045,-9.894653704353836,-1.471066745646164,0,0
69,3,6,gb,-6.816601634,11.695827133869493,-18.512428767869494,0,1
89,3,6,gb,-11.36572045,10.318876996775286,-21.684597446775285,0,1
91,3,6,gb,-11.24261252,-7.096376956901532,-4.146235563098468,0,0
104,3,6,gb,0.4307876433690973,-3.557913975820193,3.9887016191892903,1,0
106,3,6,gb,14.25575783385418,12.071155530941205,2.1846023029129746,1,1
111,3,6,gb,-7.421131909,-7.524965154859871,0.10383324585987097,0,0
126,3,6,gb,-10.45603334,5.056730811448864,-15.512764151448863,0,1
129,3,6,gb,7.794099337579717,11.345386883848478,-3.551287546268761,1,1
133,3,6,gb,-10.45603334,-5.2688108693187665,-5.187222470681233,0,0
143,3,6,gb,-8.35957626,-6.742435194725961,-1.6171410652740397,0,0
146,3,6,gb,3.785481936091071,8.838309106772138,-5.052827170681067,1,1
152,3,6,gb,8.421896809777015,7.083461789366501,1.3384350204105147,1,1
154,3,6,gb,11.365720446897749,6.959354108587988,4.406366338309761,1,1
156,3,6,gb,12.073863035611195,0.3291331999919978,11.744729835619196,1,1
166,3,6,gb,3.1710495309197637,7.105247515208943,-3.9341979842891797,1,1
170,3,6,gb,9.859496001,11.377280924456414,-1.5177849234564142,1,1
194,3,6,gb,-7.445915062,-9.097201676503463,1.651286614503463,0,0
211,3,6,gb,-0.107481096,-6.469830158215512,6.362349062215512,0,0
214,3,6,gb,-14.66144387,10.418375199690882,-25.07981906969088,0,1
245,3,6,gb,-6.330866619,2.01675623889462,-8.34762285789462,0,1
261,3,6,gb,9.859496001,13.928783504494634,-4.069287503494634,1,1
278,3,6,gb,-9.485335519,-10.095268297446646,0.6099327784466464,0,0
279,3,6,gb,-9.859496001,6.001267923335887,-15.860763924335888,0,1
288,3,6,gb,6.992920050439323,13.14257400721144,-6.149653956772117,1,1
289,3,6,gb,-11.59051945,-10.541031498400576,-1.0494879515994242,0,0
295,3,6,gb,14.25575783385418,12.537184757034622,1.718573076819558,1,1
304,3,6,gb,-11.19945172,-7.893426669620164,-3.306025050379837,0,0
305,3,6,gb,1.545813069360322,5.381559544665146,-3.8357464753048243,1,1
320,3,6,gb,9.859496001,12.656340376211466,-2.7968443752114656,1,1
334,3,6,gb,-11.19945172,-0.7494559238330736,-10.449995796166927,0,0
353,3,6,gb,-7.745708838,-6.4924995923394375,-1.2532092456605621,0,0
362,3,6,gb,-4.810525499,-8.699456562666688,3.8889310636666883,0,0
371,3,6,gb,13.781273146340617,-8.035656258479417,21.816929404820034,1,0
373,3,6,gb,-9.485335519,4.6016244317275214,-14.086959950727522,0,1
375,3,6,gb,10.784141163895436,-7.768494519117155,18.55263568301259,1,0
383,3,6,gb,-10.78414116,11.898270645956202,-22.682411805956203,0,1
13,3,7,GNN,13.781273,-8.266424,22.047697,1,0
15,3,7,GNN,12.073863,13.0779085,-1.0040455000000001,1,1
35,3,7,GNN,-11.365721,-8.609658,-2.756063000000001,0,0
69,3,7,GNN,-6.8166018,-8.344068,1.5274662,0,0
89,3,7,GNN,-11.365721,-7.7942195,-3.571501500000001,0,0
91,3,7,GNN,-11.242613,-8.756068,-2.4865449999999996,0,0
104,3,7,GNN,0.43078765,2.8188806,-2.38809295,1,1
106,3,7,GNN,14.255758,12.6659,1.5898579999999995,1,1
111,3,7,GNN,-7.421132,-6.1965475,-1.2245844999999997,0,0
126,3,7,GNN,-10.456034,-10.211736,-0.24429800000000057,0,0
129,3,7,GNN,7.7940993,7.930342,-0.1362426999999995,1,1
133,3,7,GNN,-10.456034,-9.548348,-0.907686,0,0
143,3,7,GNN,-8.359576,-6.1289935,-2.2305825000000006,0,0
146,3,7,GNN,3.785482,8.834893,-5.049410999999999,1,1
152,3,7,GNN,8.421897,12.298059,-3.8761620000000008,1,1
154,3,7,GNN,11.365721,9.74439,1.6213310000000014,1,1
156,3,7,GNN,12.073863,10.805615,1.2682479999999998,1,1
166,3,7,GNN,3.1710496,-1.092209,4.2632586,1,0
170,3,7,GNN,9.859496,7.7372026,2.1222934,1,1
194,3,7,GNN,-7.445915,-12.290212,4.844297,0,0
211,3,7,GNN,-0.1074811,-6.1868978,6.0794166999999995,0,0
214,3,7,GNN,-14.661444,-12.579196,-2.082248,0,0
245,3,7,GNN,-6.330867,0.87351024,-7.2043772399999995,0,1
261,3,7,GNN,9.859496,10.571588,-0.7120920000000002,1,1
278,3,7,GNN,-9.485335,-10.049765,0.5644300000000015,0,0
279,3,7,GNN,-9.859496,5.3343177,-15.1938137,0,1
288,3,7,GNN,6.99292,7.665312,-0.6723920000000003,1,1
289,3,7,GNN,-11.59052,-12.369315,0.7787950000000006,0,0
295,3,7,GNN,14.255758,10.886571,3.369187,1,1
304,3,7,GNN,-11.199451,-12.127279,0.9278279999999999,0,0
305,3,7,GNN,1.5458131,11.01385,-9.4680369,1,1
320,3,7,GNN,9.859496,7.5989366,2.2605594,1,1
334,3,7,GNN,-11.199451,-11.378153,0.17870199999999947,0,0
353,3,7,GNN,-7.745709,-12.867997,5.122288000000001,0,0
362,3,7,GNN,-4.8105254,-7.80091,2.9903845999999996,0,0
371,3,7,GNN,13.781273,8.187777,5.593496,1,1
373,3,7,GNN,-9.485335,-8.844115,-0.6412199999999988,0,0
375,3,7,GNN,10.784142,7.8764215,2.907720499999999,1,1
383,3,7,GNN,-10.784142,-12.74162,1.957478,0,0
13,3,7,gb,13.781273146340617,-6.781209711797191,20.562482858137805,1,0
15,3,7,gb,12.073863035611195,-7.050007089812857,19.12387012542405,1,0
35,3,7,gb,-11.36572045,-14.569778873955256,3.2040584239552565,0,0
69,3,7,gb,-6.816601634,7.967473600673597,-14.784075234673598,0,1
89,3,7,gb,-11.36572045,-1.2428254254464903,-10.12289502455351,0,0
91,3,7,gb,-11.24261252,-3.1572210037752537,-8.085391516224746,0,0
104,3,7,gb,0.4307876433690973,-2.188051866361544,2.618839509730641,1,0
106,3,7,gb,14.25575783385418,12.125435320038086,2.1303225138160933,1,1
111,3,7,gb,-7.421131909,-6.48676450392358,-0.9343674050764195,0,0
126,3,7,gb,-10.45603334,-0.4323860693875807,-10.023647270612418,0,0
129,3,7,gb,7.794099337579717,12.94067382149515,-5.146574483915432,1,1
133,3,7,gb,-10.45603334,-6.2194512136524915,-4.236582126347508,0,0
143,3,7,gb,-8.35957626,-3.799580866997041,-4.55999539300296,0,0
146,3,7,gb,3.785481936091071,11.1005231684643,-7.315041232373228,1,1
152,3,7,gb,8.421896809777015,5.889806687334746,2.53209012244227,1,1
154,3,7,gb,11.365720446897749,10.533251017568997,0.8324694293287518,1,1
156,3,7,gb,12.073863035611195,7.835819727630346,4.238043307980849,1,1
166,3,7,gb,3.1710495309197637,7.659542392120899,-4.488492861201136,1,1
170,3,7,gb,9.859496001,8.704071612862325,1.155424388137675,1,1
194,3,7,gb,-7.445915062,-6.143850679863086,-1.3020643821369138,0,0
211,3,7,gb,-0.107481096,-3.7188896876788777,3.611408591678878,0,0
214,3,7,gb,-14.66144387,10.0387258695425,-24.7001697395425,0,1
245,3,7,gb,-6.330866619,2.047627759603534,-8.378494378603534,0,1
261,3,7,gb,9.859496001,12.085007763415485,-2.2255117624154845,1,1
278,3,7,gb,-9.485335519,-11.661755401082008,2.1764198820820084,0,0
279,3,7,gb,-9.859496001,8.374996938368628,-18.23449293936863,0,1
288,3,7,gb,6.992920050439323,13.34805594584072,-6.355135895401397,1,1
289,3,7,gb,-11.59051945,-11.00425331175069,-0.5862661382493108,0,0
295,3,7,gb,14.25575783385418,10.406180480507144,3.849577353347035,1,1
304,3,7,gb,-11.19945172,-3.782141921193268,-7.417309798806732,0,0
305,3,7,gb,1.545813069360322,-0.735321350429095,2.2811344197894172,1,0
320,3,7,gb,9.859496001,11.664944999317376,-1.8054489983173756,1,1
334,3,7,gb,-11.19945172,1.0423975994490888,-12.24184931944909,0,1
353,3,7,gb,-7.745708838,-10.278133268515878,2.5324244305158787,0,0
362,3,7,gb,-4.810525499,-10.573638559208112,5.763113060208112,0,0
371,3,7,gb,13.781273146340617,-4.967312198168358,18.748585344508975,1,0
373,3,7,gb,-9.485335519,-0.5234955585081352,-8.961839960491865,0,0
375,3,7,gb,10.784141163895436,-1.8726132678202776,12.656754431715713,1,0
383,3,7,gb,-10.78414116,11.305433874100956,-22.089575034100957,0,1
13,3,8,GNN,13.781273,-7.2966585,21.077931500000002,1,0
15,3,8,GNN,12.073863,13.197049,-1.1231860000000005,1,1
35,3,8,GNN,-11.365721,-7.0704455,-4.295275500000001,0,0
69,3,8,GNN,-6.8166018,-7.3191113,0.5025095000000004,0,0
89,3,8,GNN,-11.365721,-9.780228,-1.5854930000000014,0,0
91,3,8,GNN,-11.242613,-10.042837,-1.199776,0,0
104,3,8,GNN,0.43078765,1.6492172,-1.21842955,1,1
106,3,8,GNN,14.255758,12.278596,1.9771619999999999,1,1
111,3,8,GNN,-7.421132,-7.6136274,0.19249540000000032,0,0
126,3,8,GNN,-10.456034,-9.97252,-0.48351400000000133,0,0
129,3,8,GNN,7.7940993,9.365426,-1.5713266999999993,1,1
133,3,8,GNN,-10.456034,-9.286013,-1.1700210000000002,0,0
143,3,8,GNN,-8.359576,-7.5983644,-0.7612116000000002,0,0
146,3,8,GNN,3.785482,9.189208,-5.403726000000001,1,1
152,3,8,GNN,8.421897,11.814378,-3.392481,1,1
154,3,8,GNN,11.365721,9.015519,2.3502020000000012,1,1
156,3,8,GNN,12.073863,10.065423,2.0084400000000002,1,1
166,3,8,GNN,3.1710496,0.56505686,2.60599274,1,1
170,3,8,GNN,9.859496,8.979925,0.8795710000000003,1,1
194,3,8,GNN,-7.445915,-11.324757,3.8788419999999997,0,0
211,3,8,GNN,-0.1074811,-7.828112,7.7206309,0,0
214,3,8,GNN,-14.661444,-10.701985,-3.959458999999999,0,0
245,3,8,GNN,-6.330867,2.14388,-8.474746999999999,0,1
261,3,8,GNN,9.859496,10.829906,-0.9704099999999993,1,1
278,3,8,GNN,-9.485335,-10.600057,1.1147220000000004,0,0
279,3,8,GNN,-9.859496,5.2942452,-15.153741199999999,0,1
288,3,8,GNN,6.99292,8.674826,-1.6819059999999997,1,1
289,3,8,GNN,-11.59052,-10.769442,-0.821078,0,0
295,3,8,GNN,14.255758,10.719887,3.535871,1,1
304,3,8,GNN,-11.199451,-11.872653,0.6732019999999999,0,0
305,3,8,GNN,1.5458131,11.452304,-9.9064909,1,1
320,3,8,GNN,9.859496,8.609239,1.2502569999999995,1,1
334,3,8,GNN,-11.199451,-12.018175,0.8187239999999996,0,0
353,3,8,GNN,-7.745709,-11.004277,3.2585680000000004,0,0
362,3,8,GNN,-4.8105254,-7.09043,2.279904599999999,0,0
371,3,8,GNN,13.781273,10.875051,2.9062220000000014,1,1
373,3,8,GNN,-9.485335,-9.157713,-0.32762199999999986,0,0
375,3,8,GNN,10.784142,8.99569,1.7884519999999995,1,1
383,3,8,GNN,-10.784142,-11.88996,1.105818000000001,0,0
13,3,8,gb,13.781273146340617,-9.179399657034688,22.960672803375303,1,0
15,3,8,gb,12.073863035611195,8.007680294840423,4.066182740770772,1,1
35,3,8,gb,-11.36572045,-13.259291032553792,1.8935705825537923,0,0
69,3,8,gb,-6.816601634,9.18025661433646,-15.996858248336462,0,1
89,3,8,gb,-11.36572045,3.5533561408786785,-14.919076590878678,0,1
91,3,8,gb,-11.24261252,-7.490441678290327,-3.752170841709673,0,0
104,3,8,gb,0.4307876433690973,-2.3315249397751336,2.762312583144231,1,0
106,3,8,gb,14.25575783385418,11.823184455249162,2.432573378605017,1,1
111,3,8,gb,-7.421131909,-4.678122172087391,-2.743009736912609,0,0
126,3,8,gb,-10.45603334,5.1572866603823835,-15.613320000382384,0,1
129,3,8,gb,7.794099337579717,12.754112694196976,-4.960013356617259,1,1
133,3,8,gb,-10.45603334,-4.100108108685669,-6.35592523131433,0,0
143,3,8,gb,-8.35957626,-9.279778491902524,0.9202022319025236,0,0
146,3,8,gb,3.785481936091071,8.60712004990323,-4.821638113812159,1,1
152,3,8,gb,8.421896809777015,3.792264377426617,4.629632432350398,1,1
154,3,8,gb,11.365720446897749,11.62768717602908,-0.26196672913133057,1,1
156,3,8,gb,12.073863035611195,5.8296935595676915,6.244169476043504,1,1
166,3,8,gb,3.1710495309197637,11.084035349768133,-7.9129858188483695,1,1
170,3,8,gb,9.859496001,6.468743015362367,3.390752985637633,1,1
194,3,8,gb,-7.445915062,-9.22567377665626,1.7797587146562597,0,0
211,3,8,gb,-0.107481096,-7.921710745422453,7.814229649422453,0,0
214,3,8,gb,-14.66144387,9.919384152896386,-24.580828022896384,0,1
245,3,8,gb,-6.330866619,6.373687444255023,-12.704554063255024,0,1
261,3,8,gb,9.859496001,12.236777359527451,-2.3772813585274513,1,1
278,3,8,gb,-9.485335519,-11.84419935774203,2.35886383874203,0,0
279,3,8,gb,-9.859496001,3.281851814128687,-13.141347815128688,0,1
288,3,8,gb,6.992920050439323,11.813381044074912,-4.8204609936355896,1,1
289,3,8,gb,-11.59051945,-8.735913130649946,-2.8546063193500544,0,0
295,3,8,gb,14.25575783385418,9.3498708988705,4.905886934983679,1,1
304,3,8,gb,-11.19945172,-2.4479436967970165,-8.751508023202984,0,0
305,3,8,gb,1.545813069360322,5.77965107200259,-4.233838002642268,1,1
320,3,8,gb,9.859496001,14.371233598364729,-4.5117375973647285,1,1
334,3,8,gb,-11.19945172,-0.5120608084929742,-10.687390911507027,0,0
353,3,8,gb,-7.745708838,-12.502949137778293,4.757240299778293,0,0
362,3,8,gb,-4.810525499,-10.308940546144273,5.498415047144273,0,0
371,3,8,gb,13.781273146340617,-8.221204875777282,22.0024780221179,1,0
373,3,8,gb,-9.485335519,5.055106358836162,-14.540441877836162,0,1
375,3,8,gb,10.784141163895436,-5.4170504773148,16.201191641210237,1,0
383,3,8,gb,-10.78414116,11.64979926295096,-22.43394042295096,0,1
13,3,9,GNN,13.781273,-6.7375846,20.5188576,1,0
15,3,9,GNN,12.073863,14.015684,-1.941821000000001,1,1
35,3,9,GNN,-11.365721,-9.105551,-2.2601700000000005,0,0
69,3,9,GNN,-6.8166018,-5.9366364,-0.8799653999999997,0,0
89,3,9,GNN,-11.365721,-4.7783237,-6.587397300000001,0,0
91,3,9,GNN,-11.242613,-6.525657,-4.716956000000001,0,0
104,3,9,GNN,0.43078765,1.8542901,-1.42350245,1,1
106,3,9,GNN,14.255758,14.117291,0.13846700000000034,1,1
111,3,9,GNN,-7.421132,-5.8476257,-1.5735063,0,0
126,3,9,GNN,-10.456034,-9.504595,-0.9514390000000006,0,0
129,3,9,GNN,7.7940993,9.001799,-1.2076997,1,1
133,3,9,GNN,-10.456034,-10.155325,-0.3007090000000012,0,0
143,3,9,GNN,-8.359576,-5.8223014,-2.537274600000001,0,0
146,3,9,GNN,3.785482,12.54009,-8.754608,1,1
152,3,9,GNN,8.421897,15.180044,-6.758147000000001,1,1
154,3,9,GNN,11.365721,10.435146,0.930575000000001,1,1
156,3,9,GNN,12.073863,12.032003,0.041859999999999786,1,1
166,3,9,GNN,3.1710496,2.3271549,0.8438946999999999,1,1
170,3,9,GNN,9.859496,9.411095,0.4484010000000005,1,1
194,3,9,GNN,-7.445915,-11.210116,3.764200999999999,0,0
211,3,9,GNN,-0.1074811,-5.8350096,5.7275285,0,0
214,3,9,GNN,-14.661444,-9.522566,-5.138878,0,0
245,3,9,GNN,-6.330867,2.8638492,-9.1947162,0,1
261,3,9,GNN,9.859496,12.619471,-2.7599750000000007,1,1
278,3,9,GNN,-9.485335,-10.529886,1.0445510000000002,0,0
279,3,9,GNN,-9.859496,2.3846838,-12.2441798,0,1
288,3,9,GNN,6.99292,9.948748,-2.9558280000000003,1,1
289,3,9,GNN,-11.59052,-9.217854,-2.372665999999999,0,0
295,3,9,GNN,14.255758,12.457613,1.7981449999999999,1,1
304,3,9,GNN,-11.199451,-11.803535,0.6040840000000003,0,0
305,3,9,GNN,1.5458131,11.283682,-9.7378689,1,1
320,3,9,GNN,9.859496,7.5376563,2.3218397,1,1
334,3,9,GNN,-11.199451,-10.483809,-0.715641999999999,0,0
353,3,9,GNN,-7.745709,-12.584507,4.838798000000001,0,0
362,3,9,GNN,-4.8105254,-7.436463,2.6259375999999994,0,0
371,3,9,GNN,13.781273,11.295804,2.485469,1,1
373,3,9,GNN,-9.485335,-8.073097,-1.4122379999999986,0,0
375,3,9,GNN,10.784142,9.306115,1.478026999999999,1,1
383,3,9,GNN,-10.784142,-11.9156475,1.1315055000000012,0,0
13,3,9,gb,13.781273146340617,-2.7451143145660426,16.52638746090666,1,0
15,3,9,gb,12.073863035611195,3.95467199089428,8.119191044716915,1,1
35,3,9,gb,-11.36572045,-6.302116238596407,-5.063604211403592,0,0
69,3,9,gb,-6.816601634,4.89316141784303,-11.70976305184303,0,1
89,3,9,gb,-11.36572045,7.4650610078933965,-18.830781457893394,0,1
91,3,9,gb,-11.24261252,-3.2752662114595257,-7.967346308540474,0,0
104,3,9,gb,0.4307876433690973,-9.512643417924972,9.943431061294069,1,0
106,3,9,gb,14.25575783385418,5.694826735303385,8.560931098550794,1,1
111,3,9,gb,-7.421131909,-4.662918144815829,-2.7582137641841706,0,0
126,3,9,gb,-10.45603334,0.5106248291330544,-10.966658169133053,0,1
129,3,9,gb,7.794099337579717,13.116609887976994,-5.3225105503972765,1,1
133,3,9,gb,-10.45603334,-6.078721825733871,-4.377311514266128,0,0
143,3,9,gb,-8.35957626,-8.408045230161651,0.048468970161650304,0,0
146,3,9,gb,3.785481936091071,10.156200726617897,-6.370718790526825,1,1
152,3,9,gb,8.421896809777015,10.176098924445489,-1.7542021146684732,1,1
154,3,9,gb,11.365720446897749,10.016074836908508,1.3496456099892402,1,1
156,3,9,gb,12.073863035611195,9.23002256223447,2.8438404733767246,1,1
166,3,9,gb,3.1710495309197637,3.9667233736061864,-0.7956738426864227,1,1
170,3,9,gb,9.859496001,10.961753798951502,-1.102257797951502,1,1
194,3,9,gb,-7.445915062,1.015499831582515,-8.461414893582514,0,1
211,3,9,gb,-0.107481096,-3.799676175309178,3.6921950793091782,0,0
214,3,9,gb,-14.66144387,7.546407785272971,-22.20785165527297,0,1
245,3,9,gb,-6.330866619,7.764821569108844,-14.095688188108845,0,1
261,3,9,gb,9.859496001,11.91921630169174,-2.0597203006917404,1,1
278,3,9,gb,-9.485335519,-10.394610145190688,0.9092746261906886,0,0
279,3,9,gb,-9.859496001,4.594778218580552,-14.454274219580551,0,1
288,3,9,gb,6.992920050439323,14.79246379437449,-7.799543743935167,1,1
289,3,9,gb,-11.59051945,-11.19254500789145,-0.39797444210855026,0,0
295,3,9,gb,14.25575783385418,9.296997965489634,4.958759868364545,1,1
304,3,9,gb,-11.19945172,-7.907997391479752,-3.291454328520249,0,0
305,3,9,gb,1.545813069360322,0.1163894120542545,1.4294236573060675,1,1
320,3,9,gb,9.859496001,14.002335407194677,-4.1428394061946765,1,1
334,3,9,gb,-11.19945172,3.325386551778452,-14.524838271778453,0,1
353,3,9,gb,-7.745708838,-5.626755824767366,-2.118953013232634,0,0
362,3,9,gb,-4.810525499,-12.600166525159157,7.789641026159157,0,0
371,3,9,gb,13.781273146340617,-6.729999807080885,20.511272953421503,1,0
373,3,9,gb,-9.485335519,3.776905626609947,-13.262241145609947,0,1
375,3,9,gb,10.784141163895436,-8.614839574408917,19.398980738304353,1,0
383,3,9,gb,-10.78414116,12.0097904404573,-22.7939316004573,0,1
13,3,10,GNN,13.781273,-7.480946,21.262219,1,0
15,3,10,GNN,12.073863,13.413652,-1.3397890000000015,1,1
35,3,10,GNN,-11.365721,-7.6801963,-3.6855247,0,0
69,3,10,GNN,-6.8166018,-7.8117156,0.9951138000000004,0,0
89,3,10,GNN,-11.365721,-8.994558,-2.371163000000001,0,0
91,3,10,GNN,-11.242613,-9.995432,-1.2471810000000012,0,0
104,3,10,GNN,0.43078765,1.6348666,-1.20407895,1,1
106,3,10,GNN,14.255758,11.736184,2.5195740000000004,1,1
111,3,10,GNN,-7.421132,-8.316024,0.8948920000000005,0,0
126,3,10,GNN,-10.456034,-11.080418,0.6243839999999992,0,0
129,3,10,GNN,7.7940993,10.506073,-2.7119737000000006,1,1
133,3,10,GNN,-10.456034,-10.158144,-0.29789000000000065,0,0
143,3,10,GNN,-8.359576,-8.306484,-0.05309200000000125,0,0
146,3,10,GNN,3.785482,11.420122,-7.634639999999999,1,1
152,3,10,GNN,8.421897,12.388824,-3.966927,1,1
154,3,10,GNN,11.365721,9.464105,1.9016160000000006,1,1
156,3,10,GNN,12.073863,9.5167675,2.557095499999999,1,1
166,3,10,GNN,3.1710496,1.1176568,2.0533928,1,1
170,3,10,GNN,9.859496,10.05467,-0.19517399999999974,1,1
194,3,10,GNN,-7.445915,-11.7598715,4.313956499999999,0,0
211,3,10,GNN,-0.1074811,-8.317848,8.2103669,0,0
214,3,10,GNN,-14.661444,-7.7328234,-6.9286205999999995,0,0
245,3,10,GNN,-6.330867,4.7648425,-11.0957095,0,1
261,3,10,GNN,9.859496,11.11051,-1.2510139999999996,1,1
278,3,10,GNN,-9.485335,-9.875008,0.38967300000000016,0,0
279,3,10,GNN,-9.859496,6.983172,-16.842668,0,1
288,3,10,GNN,6.99292,9.531435,-2.5385150000000003,1,1
289,3,10,GNN,-11.59052,-8.409523,-3.1809969999999996,0,0
295,3,10,GNN,14.255758,11.322274,2.933484,1,1
304,3,10,GNN,-11.199451,-11.379711,0.18026000000000053,0,0
305,3,10,GNN,1.5458131,12.636815,-11.0910019,1,1
320,3,10,GNN,9.859496,8.808812,1.0506840000000004,1,1
334,3,10,GNN,-11.199451,-10.800328,-0.39912299999999945,0,0
353,3,10,GNN,-7.745709,-12.123032,4.3773230000000005,0,0
362,3,10,GNN,-4.8105254,-7.4376645,2.6271391,0,0
371,3,10,GNN,13.781273,12.883202,0.8980709999999998,1,1
373,3,10,GNN,-9.485335,-9.519701,0.03436600000000034,0,0
375,3,10,GNN,10.784142,10.090879,0.693263,1,1
383,3,10,GNN,-10.784142,-12.401046,1.616904,0,0
13,3,10,gb,13.781273146340617,-7.856359804220756,21.637632950561372,1,0
15,3,10,gb,12.073863035611195,10.047690802078376,2.0261722335328187,1,1
35,3,10,gb,-11.36572045,-6.927685087500607,-4.4380353624993925,0,0
69,3,10,gb,-6.816601634,6.310189323319866,-13.126790957319866,0,1
89,3,10,gb,-11.36572045,9.860290893799482,-21.22601134379948,0,1
91,3,10,gb,-11.24261252,-6.5209562822902045,-4.721656237709795,0,0
104,3,10,gb,0.4307876433690973,-0.0344838792898717,0.465271522658969,1,0
106,3,10,gb,14.25575783385418,12.289569767635852,1.9661880662183275,1,1
111,3,10,gb,-7.421131909,-5.623069962004994,-1.7980619469950057,0,0
126,3,10,gb,-10.45603334,-6.356356537207474,-4.099676802792525,0,0
129,3,10,gb,7.794099337579717,13.494402265441956,-5.700302927862238,1,1
133,3,10,gb,-10.45603334,-7.110116412980097,-3.3459169270199025,0,0
143,3,10,gb,-8.35957626,-7.347768061663484,-1.0118081983365164,0,0
146,3,10,gb,3.785481936091071,13.470422651462927,-9.684940715371855,1,1
152,3,10,gb,8.421896809777015,4.286982936036792,4.134913873740223,1,1
154,3,10,gb,11.365720446897749,9.815306988985489,1.55041345791226,1,1
156,3,10,gb,12.073863035611195,3.919284008134279,8.154579027476917,1,1
166,3,10,gb,3.1710495309197637,11.470736049420829,-8.299686518501066,1,1
170,3,10,gb,9.859496001,7.219840980585027,2.639655020414973,1,1
194,3,10,gb,-7.445915062,-6.028408045656447,-1.4175070163435528,0,0
211,3,10,gb,-0.107481096,-7.75837228052675,7.65089118452675,0,0
214,3,10,gb,-14.66144387,3.572632750032954,-18.234076620032955,0,1
245,3,10,gb,-6.330866619,0.8389301687861709,-7.169796787786171,0,1
261,3,10,gb,9.859496001,12.637522843256727,-2.778026842256727,1,1
278,3,10,gb,-9.485335519,-8.834339894068012,-0.650995624931987,0,0
279,3,10,gb,-9.859496001,5.073439139795818,-14.932935140795818,0,1
288,3,10,gb,6.992920050439323,9.711217452080383,-2.7182974016410606,1,1
289,3,10,gb,-11.59051945,-6.845267320134478,-4.745252129865523,0,0
295,3,10,gb,14.25575783385418,6.330747605379483,7.925010228474696,1,1
304,3,10,gb,-11.19945172,-7.243002789159269,-3.9564489308407316,0,0
305,3,10,gb,1.545813069360322,-0.755876144059711,2.3016892134200333,1,0
320,3,10,gb,9.859496001,6.209147517140397,3.650348483859603,1,1
334,3,10,gb,-11.19945172,4.924080545271086,-16.123532265271088,0,1
353,3,10,gb,-7.745708838,-11.77380597487531,4.028097136875311,0,0
362,3,10,gb,-4.810525499,-4.622434049941918,-0.1880914490580814,0,0
371,3,10,gb,13.781273146340617,-9.311837787029546,23.093110933370163,1,0
373,3,10,gb,-9.485335519,7.714108692774327,-17.199444211774328,0,1
375,3,10,gb,10.784141163895436,-1.125556455219679,11.909697619115114,1,0
383,3,10,gb,-10.78414116,14.123835843970236,-24.907977003970238,0,1
3,4,1,GNN,-10.63964,-7.8066154,-2.8330246,0,0
8,4,1,GNN,0.26889113,4.4048853,-4.13599417,1,1
10,4,1,GNN,-5.020836,-6.3599524,1.3391164,0,0
21,4,1,GNN,11.365721,11.81804,-0.45231899999999925,1,1
22,4,1,GNN,9.477889,11.571348,-2.093459000000001,1,1
23,4,1,GNN,-7.6659327,-7.1424685,-0.5234642000000003,0,0
26,4,1,GNN,-10.894706,1.3542439,-12.2489499,0,1
58,4,1,GNN,3.2449806,-3.7373528,6.9823334,1,0
59,4,1,GNN,-11.580847,-6.2615247,-5.3193223000000005,0,0
61,4,1,GNN,12.073863,11.95541,0.11845299999999881,1,1
76,4,1,GNN,2.8535385,11.186594,-8.3330555,1,1
83,4,1,GNN,-16.421785,-11.61728,-4.804505000000001,0,0
120,4,1,GNN,0.19118792,6.4202905,-6.22910258,1,1
135,4,1,GNN,-6.9379215,-7.5707674,0.6328459000000004,0,0
136,4,1,GNN,9.477889,11.484548,-2.006659000000001,1,1
138,4,1,GNN,-11.963529,-12.410663,0.44713400000000014,0,0
148,4,1,GNN,-10.456034,-11.838178,1.3821439999999985,0,0
151,4,1,GNN,-13.781273,-11.511704,-2.2695690000000006,0,0
157,4,1,GNN,-7.9539084,-5.7530465,-2.2008619000000005,0,0
179,4,1,GNN,-5.7625103,-4.778971,-0.9835392999999995,0,0
180,4,1,GNN,-7.6404886,-6.2566385,-1.3838501,0,0
193,4,1,GNN,6.4862504,5.9286103,0.5576401000000004,1,1
208,4,1,GNN,5.581384,7.3661413,-1.7847572999999999,1,1
223,4,1,GNN,12.808194,7.327705,5.480489,1,1
224,4,1,GNN,11.365721,8.850317,2.515404,1,1
252,4,1,GNN,6.3842587,1.154051,5.2302077,1,1
258,4,1,GNN,-12.901102,-12.056352,-0.8447499999999994,0,0
277,4,1,GNN,-13.781273,1.4308853,-15.2121583,0,1
299,4,1,GNN,9.134736,14.401419,-5.2666830000000004,1,1
302,4,1,GNN,4.356397,3.7347503,0.6216467000000003,1,1
319,4,1,GNN,16.421785,13.6078005,2.8139845,1,1
338,4,1,GNN,0.23501252,-2.5617542,2.7967667200000004,1,0
342,4,1,GNN,-12.901102,-12.17113,-0.7299720000000001,0,0
345,4,1,GNN,-11.963529,-11.559178,-0.4043510000000001,0,0
351,4,1,GNN,-8.319836,-6.5951657,-1.7246703000000005,0,0
354,4,1,GNN,6.1386023,7.698834,-1.5602317,1,1
361,4,1,GNN,-12.982147,-3.8137007,-9.1684463,0,0
374,4,1,GNN,-11.242613,-7.9419827,-3.300630300000001,0,0
382,4,1,GNN,-10.779599,-13.558951,2.779352000000001,0,0
3,4,1,gb,-10.63963974,4.267639473775096,-14.907279213775094,0,1
8,4,1,gb,0.2688911355261758,9.49018943581696,-9.221298300290785,1,1
10,4,1,gb,-5.020835886,-4.694698772562733,-0.3261371134372677,0,0
21,4,1,gb,11.365720446897749,7.826478419230511,3.539242027667238,1,1
22,4,1,gb,9.477889153,12.387925046942636,-2.910035893942636,1,1
23,4,1,gb,-7.665932565,-11.56643829779174,3.900505732791739,0,0
26,4,1,gb,-10.89470559,-6.213214016674734,-4.681491573325265,0,0
58,4,1,gb,3.244980525170415,10.423055103727744,-7.178074578557329,1,1
59,4,1,gb,-11.58084633,-11.693282821146571,0.11243649114657117,0,0
61,4,1,gb,12.073863035611195,10.648398349370312,1.4254646862408826,1,1
76,4,1,gb,2.8535385059735283,10.982394699833444,-8.128856193859916,1,1
83,4,1,gb,-16.42178533,8.26537699740553,-24.68716232740553,0,1
120,4,1,gb,0.1911879161468672,-8.342316563741216,8.533504479888084,1,0
135,4,1,gb,-6.937921539,-6.166543466666989,-0.771378072333011,0,0
136,4,1,gb,9.477889153,5.927150902815546,3.5507382501844535,1,1
138,4,1,gb,-11.96352825,5.049412568447086,-17.012940818447085,0,1
148,4,1,gb,-10.45603334,-0.0270676014233941,-10.428965738576606,0,0
151,4,1,gb,-13.78127315,-8.076334746509573,-5.704938403490427,0,0
157,4,1,gb,-7.953908585,-5.374938892544649,-2.5789696924553507,0,0
179,4,1,gb,-5.762510154,-5.119444821218965,-0.6430653327810347,0,0
180,4,1,gb,-7.640488601,-1.9784598337788053,-5.662028767221195,0,0
193,4,1,gb,6.486250575,12.574022926675925,-6.087772351675925,1,1
208,4,1,gb,5.581384298288408,-3.3079294943056348,8.889313792594043,1,0
223,4,1,gb,12.808193713633589,9.61759608963195,3.1905976240016383,1,1
224,4,1,gb,11.365720446897749,1.1325490176507536,10.233171429246996,1,1
252,4,1,gb,6.3842587285334185,-4.231339415222081,10.615598143755498,1,0
258,4,1,gb,-12.90110242,-8.669452190671677,-4.231650229328324,0,0
277,4,1,gb,-13.78127315,-2.80133285946474,-10.97994029053526,0,0
299,4,1,gb,9.134736505801508,5.167271060913093,3.967465444888415,1,1
302,4,1,gb,4.356397006502949,-7.214273772849872,11.57067077935282,1,0
319,4,1,gb,16.42178532510618,9.84576298643101,6.576022338675168,1,1
338,4,1,gb,0.2350125215347564,5.688972006031877,-5.453959484497121,1,1
342,4,1,gb,-12.90110242,-9.561237821345893,-3.339864598654108,0,0
345,4,1,gb,-11.96352825,-5.985677572188457,-5.977850677811542,0,0
351,4,1,gb,-8.319835294,-5.618553319246801,-2.7012819747531998,0,0
354,4,1,gb,6.138602145629283,5.712060024875324,0.42654212075395925,1,1
361,4,1,gb,-12.98214718,0.1783000106658944,-13.160447190665895,0,1
374,4,1,gb,-11.24261252,-6.798753861117271,-4.4438586588827285,0,0
382,4,1,gb,-10.77959928,3.3216849484564244,-14.101284228456423,0,1
3,4,2,GNN,-10.63964,-7.755608,-2.8840320000000004,0,0
8,4,2,GNN,0.26889113,-0.62693626,0.89582739,1,0
10,4,2,GNN,-5.020836,-7.14064,2.1198040000000002,0,0
21,4,2,GNN,11.365721,11.240213,0.12550799999999995,1,1
22,4,2,GNN,9.477889,10.60345,-1.1255610000000011,1,1
23,4,2,GNN,-7.6659327,-6.739677,-0.9262556999999996,0,0
26,4,2,GNN,-10.894706,-6.3057284,-4.5889776,0,0
58,4,2,GNN,3.2449806,1.9146519,1.3303287,1,1
59,4,2,GNN,-11.580847,-7.587131,-3.993716,0,0
61,4,2,GNN,12.073863,10.924311,1.149552,1,1
76,4,2,GNN,2.8535385,4.595693,-1.7421544999999998,1,1
83,4,2,GNN,-16.421785,-10.730189,-5.6915960000000005,0,0
120,4,2,GNN,0.19118792,-0.80645454,0.99764246,1,0
135,4,2,GNN,-6.9379215,-8.311425,1.3735035,0,0
136,4,2,GNN,9.477889,10.953899,-1.4760100000000005,1,1
138,4,2,GNN,-11.963529,-9.249423,-2.7141059999999992,0,0
148,4,2,GNN,-10.456034,-4.334805,-6.1212290000000005,0,0
151,4,2,GNN,-13.781273,-9.292444,-4.488829000000001,0,0
157,4,2,GNN,-7.9539084,-6.7483525,-1.2055559000000002,0,0
179,4,2,GNN,-5.7625103,-6.407985,0.6454747000000003,0,0
180,4,2,GNN,-7.6404886,-6.872491,-0.7679976000000002,0,0
193,4,2,GNN,6.4862504,4.6159463,1.8703041000000002,1,1
208,4,2,GNN,5.581384,10.112777,-4.531393,1,1
223,4,2,GNN,12.808194,9.906762,2.901432,1,1
224,4,2,GNN,11.365721,11.037197,0.3285239999999998,1,1
252,4,2,GNN,6.3842587,-0.8354605,7.2197192,1,0
258,4,2,GNN,-12.901102,-9.791318,-3.1097839999999994,0,0
277,4,2,GNN,-13.781273,-7.24963,-6.531643000000001,0,0
299,4,2,GNN,9.134736,10.956647,-1.821911,1,1
302,4,2,GNN,4.356397,-1.0236053,5.3800023,1,0
319,4,2,GNN,16.421785,9.18496,7.236825,1,1
338,4,2,GNN,0.23501252,-2.8475068,3.0825193200000003,1,0
342,4,2,GNN,-12.901102,-9.686141,-3.2149610000000006,0,0
345,4,2,GNN,-11.963529,-4.053102,-7.910426999999999,0,0
351,4,2,GNN,-8.319836,-8.1708555,-0.1489805000000004,0,0
354,4,2,GNN,6.1386023,3.4574816,2.6811206999999997,1,1
361,4,2,GNN,-12.982147,-9.441932,-3.540215,0,0
374,4,2,GNN,-11.242613,-10.787853,-0.4547600000000003,0,0
382,4,2,GNN,-10.779599,-9.859321,-0.9202779999999997,0,0
3,4,2,gb,-10.63963974,7.246633060164238,-17.88627280016424,0,1
8,4,2,gb,0.2688911355261758,-3.7947509654203686,4.063642100946544,1,0
10,4,2,gb,-5.020835886,-1.4099713711969477,-3.610864514803053,0,0
21,4,2,gb,11.365720446897749,10.409341016351938,0.9563794305458106,1,1
22,4,2,gb,9.477889153,11.912033711562335,-2.434144558562336,1,1
23,4,2,gb,-7.665932565,-10.391552383653924,2.7256198186539233,0,0
26,4,2,gb,-10.89470559,-6.174713978130757,-4.719991611869242,0,0
58,4,2,gb,3.244980525170415,10.851427735768878,-7.606447210598462,1,1
59,4,2,gb,-11.58084633,-3.925213409781435,-7.655632920218565,0,0
61,4,2,gb,12.073863035611195,5.163580672298588,6.910282363312607,1,1
76,4,2,gb,2.8535385059735283,12.238378018679128,-9.3848395127056,1,1
83,4,2,gb,-16.42178533,3.547637539150591,-19.96942286915059,0,1
120,4,2,gb,0.1911879161468672,-10.775606382139104,10.966794298285972,1,0
135,4,2,gb,-6.937921539,-9.667544719221802,2.729623180221801,0,0
136,4,2,gb,9.477889153,2.9913027894197612,6.486586363580239,1,1
138,4,2,gb,-11.96352825,-3.713706413385171,-8.249821836614828,0,0
148,4,2,gb,-10.45603334,-7.582975257331967,-2.8730580826680328,0,0
151,4,2,gb,-13.78127315,-8.86324615063892,-4.91802699936108,0,0
157,4,2,gb,-7.953908585,-7.0610340563191105,-0.8928745286808892,0,0
179,4,2,gb,-5.762510154,-1.0135830656571048,-4.748927088342896,0,0
180,4,2,gb,-7.640488601,-6.568684396705096,-1.0718042042949047,0,0
193,4,2,gb,6.486250575,1.0098367701925692,5.4764138048074305,1,1
208,4,2,gb,5.581384298288408,4.053612747183991,1.5277715511044168,1,1
223,4,2,gb,12.808193713633589,9.641921530351466,3.166272183282123,1,1
224,4,2,gb,11.365720446897749,1.2857739234870853,10.079946523410664,1,1
252,4,2,gb,6.3842587285334185,9.206548766012784,-2.822290037479365,1,1
258,4,2,gb,-12.90110242,-1.8367245889795092,-11.064377831020492,0,0
277,4,2,gb,-13.78127315,-5.422932591533071,-8.35834055846693,0,0
299,4,2,gb,9.134736505801508,4.410964731906014,4.723771773895494,1,1
302,4,2,gb,4.356397006502949,-12.10322838787471,16.45962539437766,1,0
319,4,2,gb,16.42178532510618,11.57413074055856,4.847654584547618,1,1
338,4,2,gb,0.2350125215347564,10.64745089979087,-10.412438378256114,1,1
342,4,2,gb,-12.90110242,-8.071638179309048,-4.829464240690953,0,0
345,4,2,gb,-11.96352825,-8.713160306585443,-3.250367943414556,0,0
351,4,2,gb,-8.319835294,-4.819613201738729,-3.5002220922612715,0,0
354,4,2,gb,6.138602145629283,7.42518762568222,-1.2865854800529366,1,1
361,4,2,gb,-12.98214718,-3.6784572844548378,-9.303689895545162,0,0
374,4,2,gb,-11.24261252,-10.527535098012557,-0.7150774219874432,0,0
382,4,2,gb,-10.77959928,-7.542129043849093,-3.237470236150906,0,0
3,4,3,GNN,-10.63964,-8.791818,-1.8478220000000007,0,0
8,4,3,GNN,0.26889113,-1.2754849,1.54437603,1,0
10,4,3,GNN,-5.020836,-7.7197065,2.6988705,0,0
21,4,3,GNN,11.365721,11.094777,0.2709440000000001,1,1
22,4,3,GNN,9.477889,10.768645,-1.290756,1,1
23,4,3,GNN,-7.6659327,-7.6646914,-0.0012413000000002228,0,0
26,4,3,GNN,-10.894706,-8.65452,-2.2401859999999996,0,0
58,4,3,GNN,3.2449806,2.2008245,1.0441561,1,1
59,4,3,GNN,-11.580847,-8.23989,-3.3409569999999995,0,0
61,4,3,GNN,12.073863,10.908862,1.1650010000000002,1,1
76,4,3,GNN,2.8535385,5.448909,-2.5953704999999996,1,1
83,4,3,GNN,-16.421785,-11.550681,-4.871103999999999,0,0
120,4,3,GNN,0.19118792,0.37836146,-0.18717353999999997,1,1
135,4,3,GNN,-6.9379215,-8.974019,2.0360975000000003,0,0
136,4,3,GNN,9.477889,10.924146,-1.446257000000001,1,1
138,4,3,GNN,-11.963529,-10.44775,-1.5157790000000002,0,0
148,4,3,GNN,-10.456034,-6.547628,-3.908406000000001,0,0
151,4,3,GNN,-13.781273,-10.465762,-3.3155110000000008,0,0
157,4,3,GNN,-7.9539084,-7.686825,-0.26708340000000064,0,0
179,4,3,GNN,-5.7625103,-7.0197883,1.2572780000000003,0,0
180,4,3,GNN,-7.6404886,-8.188019,0.5475304000000003,0,0
193,4,3,GNN,6.4862504,5.355882,1.1303684,1,1
208,4,3,GNN,5.581384,10.214616,-4.633232,1,1
223,4,3,GNN,12.808194,10.45088,2.3573140000000006,1,1
224,4,3,GNN,11.365721,11.142076,0.2236450000000012,1,1
252,4,3,GNN,6.3842587,-2.2730124,8.657271099999999,1,0
258,4,3,GNN,-12.901102,-11.614791,-1.2863109999999995,0,0
277,4,3,GNN,-13.781273,-9.493812,-4.287461,0,0
299,4,3,GNN,9.134736,10.778626,-1.643889999999999,1,1
302,4,3,GNN,4.356397,-1.8481157,6.2045127,1,0
319,4,3,GNN,16.421785,10.156157,6.2656279999999995,1,1
338,4,3,GNN,0.23501252,-3.467791,3.7028035200000002,1,0
342,4,3,GNN,-12.901102,-10.423072,-2.4780300000000004,0,0
345,4,3,GNN,-11.963529,-6.406693,-5.556836,0,0
351,4,3,GNN,-8.319836,-8.399363,0.0795269999999988,0,0
354,4,3,GNN,6.1386023,2.5772252,3.5613770999999996,1,1
361,4,3,GNN,-12.982147,-10.605057,-2.377089999999999,0,0
374,4,3,GNN,-11.242613,-11.331988,0.08937500000000043,0,0
382,4,3,GNN,-10.779599,-10.422075,-0.35752399999999973,0,0
3,4,3,gb,-10.63963974,6.5505633000109365,-17.190203040010935,0,1
8,4,3,gb,0.2688911355261758,-10.22997130590292,10.498862441429095,1,0
10,4,3,gb,-5.020835886,4.877172325954324,-9.898008211954323,0,1
21,4,3,gb,11.365720446897749,8.58182089994181,2.783899546955938,1,1
22,4,3,gb,9.477889153,11.00504667298471,-1.5271575199847103,1,1
23,4,3,gb,-7.665932565,-10.101567678178457,2.4356351131784564,0,0
26,4,3,gb,-10.89470559,-6.5019845906580045,-4.392720999341995,0,0
58,4,3,gb,3.244980525170415,10.892451627023238,-7.6474711018528225,1,1
59,4,3,gb,-11.58084633,-11.26851241518018,-0.31233391481982054,0,0
61,4,3,gb,12.073863035611195,10.529997875343875,1.5438651602673197,1,1
76,4,3,gb,2.8535385059735283,8.145255496764031,-5.291716990790503,1,1
83,4,3,gb,-16.42178533,8.536437604898572,-24.958222934898572,0,1
120,4,3,gb,0.1911879161468672,-11.308115137097564,11.499303053244432,1,0
135,4,3,gb,-6.937921539,-11.543497062911603,4.605575523911603,0,0
136,4,3,gb,9.477889153,3.23137066032861,6.24651849267139,1,1
138,4,3,gb,-11.96352825,-0.6414664158274109,-11.322061834172588,0,0
148,4,3,gb,-10.45603334,5.326817834715528,-15.782851174715528,0,1
151,4,3,gb,-13.78127315,-4.112040862408362,-9.669232287591639,0,0
157,4,3,gb,-7.953908585,-3.455812914993052,-4.498095670006948,0,0
179,4,3,gb,-5.762510154,-3.866596794741563,-1.895913359258437,0,0
180,4,3,gb,-7.640488601,3.1916511397553826,-10.832139740755384,0,1
193,4,3,gb,6.486250575,-1.7985976792201666,8.284848254220167,1,0
208,4,3,gb,5.581384298288408,0.16726143441,5.414122863878408,1,1
223,4,3,gb,12.808193713633589,6.505647016675093,6.302546696958496,1,1
224,4,3,gb,11.365720446897749,-0.4235683183657793,11.789288765263528,1,0
252,4,3,gb,6.3842587285334185,-0.2677827674283329,6.652041495961751,1,0
258,4,3,gb,-12.90110242,-6.890301678515522,-6.010800741484479,0,0
277,4,3,gb,-13.78127315,-3.696889921040467,-10.084383228959533,0,0
299,4,3,gb,9.134736505801508,13.186200692557176,-4.051464186755668,1,1
302,4,3,gb,4.356397006502949,-13.047711388127224,17.40410839463017,1,0
319,4,3,gb,16.42178532510618,12.472574553544616,3.949210771561562,1,1
338,4,3,gb,0.2350125215347564,9.109929614430486,-8.87491709289573,1,1
342,4,3,gb,-12.90110242,-7.844937455269158,-5.056164964730843,0,0
345,4,3,gb,-11.96352825,-6.6006079189143945,-5.362920331085605,0,0
351,4,3,gb,-8.319835294,-5.0441046723889125,-3.275730621611088,0,0
354,4,3,gb,6.138602145629283,4.45226943341221,1.686332712217073,1,1
361,4,3,gb,-12.98214718,-0.5967058047118,-12.3854413752882,0,0
374,4,3,gb,-11.24261252,-13.287020538565825,2.044408018565825,0,0
382,4,3,gb,-10.77959928,1.7746196819423004,-12.5542189619423,0,1
3,4,5,GNN,-10.63964,-10.546408,-0.09323200000000043,0,0
8,4,5,GNN,0.26889113,2.6875875,-2.4186963699999997,1,1
10,4,5,GNN,-5.020836,-6.6727214,1.6518854000000003,0,0
21,4,5,GNN,11.365721,8.33489,3.030831000000001,1,1
22,4,5,GNN,9.477889,11.256388,-1.778499,1,1
23,4,5,GNN,-7.6659327,-7.6984076,0.03247490000000042,0,0
26,4,5,GNN,-10.894706,-2.6769018,-8.2178042,0,0
58,4,5,GNN,3.2449806,-2.2536485,5.4986291000000005,1,0
59,4,5,GNN,-11.580847,-7.1882024,-4.392644600000001,0,0
61,4,5,GNN,12.073863,12.433356,-0.3594930000000005,1,1
76,4,5,GNN,2.8535385,9.651728,-6.7981895,1,1
83,4,5,GNN,-16.421785,-12.823056,-3.5987290000000005,0,0
120,4,5,GNN,0.19118792,10.050662,-9.85947408,1,1
135,4,5,GNN,-6.9379215,-8.366581,1.4286595000000002,0,0
136,4,5,GNN,9.477889,11.436556,-1.9586670000000002,1,1
138,4,5,GNN,-11.963529,-13.340334,1.376805000000001,0,0
148,4,5,GNN,-10.456034,-10.344321,-0.11171299999999995,0,0
151,4,5,GNN,-13.781273,-12.43968,-1.3415930000000014,0,0
157,4,5,GNN,-7.9539084,-6.3639846,-1.5899238000000002,0,0
179,4,5,GNN,-5.7625103,-4.8151712,-0.9473390999999998,0,0
180,4,5,GNN,-7.6404886,-5.36477,-2.2757186000000003,0,0
193,4,5,GNN,6.4862504,5.986984,0.49926640000000067,1,1
208,4,5,GNN,5.581384,6.3778787,-0.7964947000000002,1,1
223,4,5,GNN,12.808194,7.1626153,5.645578700000001,1,1
224,4,5,GNN,11.365721,6.16836,5.197361000000001,1,1
252,4,5,GNN,6.3842587,0.95246077,5.43179793,1,1
258,4,5,GNN,-12.901102,-14.939565,2.038463,0,0
277,4,5,GNN,-13.781273,-3.744379,-10.036894,0,0
299,4,5,GNN,9.134736,10.176964,-1.0422279999999997,1,1
302,4,5,GNN,4.356397,3.044348,1.3120490000000005,1,1
319,4,5,GNN,16.421785,12.700438,3.7213469999999997,1,1
338,4,5,GNN,0.23501252,-4.003477,4.23848952,1,0
342,4,5,GNN,-12.901102,-13.271412,0.3703099999999999,0,0
345,4,5,GNN,-11.963529,-9.359984,-2.6035449999999987,0,0
351,4,5,GNN,-8.319836,-8.075273,-0.2445630000000012,0,0
354,4,5,GNN,6.1386023,-0.264096,6.4026983,1,0
361,4,5,GNN,-12.982147,-5.7526135,-7.2295335,0,0
374,4,5,GNN,-11.242613,-11.139833,-0.10278000000000098,0,0
382,4,5,GNN,-10.779599,-14.011204,3.231605,0,0
3,4,5,gb,-10.63963974,2.99541061163824,-13.63505035163824,0,1
8,4,5,gb,0.2688911355261758,-11.40927026638763,11.678161401913805,1,0
10,4,5,gb,-5.020835886,11.208088005881132,-16.22892389188113,0,1
21,4,5,gb,11.365720446897749,11.729185755684526,-0.3634653087867772,1,1
22,4,5,gb,9.477889153,13.01626916311282,-3.538380010112821,1,1
23,4,5,gb,-7.665932565,-12.52289332821291,4.856960763212909,0,0
26,4,5,gb,-10.89470559,-8.686111152101338,-2.208594437898661,0,0
58,4,5,gb,3.244980525170415,9.662397591250476,-6.417417066080061,1,1
59,4,5,gb,-11.58084633,-2.871125816480844,-8.709720513519155,0,0
61,4,5,gb,12.073863035611195,10.894456067370388,1.1794069682408068,1,1
76,4,5,gb,2.8535385059735283,5.741580782714042,-2.8880422767405136,1,1
83,4,5,gb,-16.42178533,7.387347849277437,-23.809133179277435,0,1
120,4,5,gb,0.1911879161468672,-6.816788673370918,7.007976589517785,1,0
135,4,5,gb,-6.937921539,-11.028227654267091,4.090306115267091,0,0
136,4,5,gb,9.477889153,7.523695100856834,1.9541940521431655,1,1
138,4,5,gb,-11.96352825,-9.426266407868908,-2.537261842131091,0,0
148,4,5,gb,-10.45603334,-9.367620689970298,-1.0884126500297011,0,0
151,4,5,gb,-13.78127315,-3.150550676840969,-10.630722473159032,0,0
157,4,5,gb,-7.953908585,-6.211641030231946,-1.7422675547680537,0,0
179,4,5,gb,-5.762510154,10.555199635283396,-16.317709789283395,0,1
180,4,5,gb,-7.640488601,-0.9369845182001936,-6.703504082799807,0,0
193,4,5,gb,6.486250575,-3.628254864163552,10.114505439163551,1,0
208,4,5,gb,5.581384298288408,-2.873163253439004,8.454547551727412,1,0
223,4,5,gb,12.808193713633589,9.675635608908989,3.1325581047246,1,1
224,4,5,gb,11.365720446897749,-5.983436413959938,17.349156860857686,1,0
252,4,5,gb,6.3842587285334185,4.020370263218875,2.3638884653145436,1,1
258,4,5,gb,-12.90110242,1.4303126854675037,-14.331415105467505,0,1
277,4,5,gb,-13.78127315,-6.3521430816061715,-7.429130068393829,0,0
299,4,5,gb,9.134736505801508,9.496297433927763,-0.36156092812625573,1,1
302,4,5,gb,4.356397006502949,-9.7149667031351,14.07136370963805,1,0
319,4,5,gb,16.42178532510618,12.105268273515202,4.316517051590976,1,1
338,4,5,gb,0.2350125215347564,14.118892538839804,-13.883880017305048,1,1
342,4,5,gb,-12.90110242,-10.22702837428072,-2.67407404571928,0,0
345,4,5,gb,-11.96352825,1.000293635305325,-12.963821885305325,0,1
351,4,5,gb,-8.319835294,-4.879923998154636,-3.4399112958453646,0,0
354,4,5,gb,6.138602145629283,4.556382169952258,1.5822199756770257,1,1
361,4,5,gb,-12.98214718,-4.199093237478121,-8.783053942521878,0,0
374,4,5,gb,-11.24261252,-8.330303532035447,-2.9123089879645523,0,0
382,4,5,gb,-10.77959928,-12.01675348233158,1.2371542023315811,0,0
3,4,6,GNN,-10.63964,-9.808798,-0.8308420000000005,0,0
8,4,6,GNN,0.26889113,1.365152,-1.09626087,1,1
10,4,6,GNN,-5.020836,-5.33437,0.31353399999999976,0,0
21,4,6,GNN,11.365721,8.481801,2.88392,1,1
22,4,6,GNN,9.477889,7.6851354,1.7927535999999993,1,1
23,4,6,GNN,-7.6659327,-6.62534,-1.0405927000000004,0,0
26,4,6,GNN,-10.894706,-1.8968437,-8.9978623,0,0
58,4,6,GNN,3.2449806,-4.655923,7.9009035999999995,1,0
59,4,6,GNN,-11.580847,-5.7199264,-5.8609206,0,0
61,4,6,GNN,12.073863,9.585965,2.4878979999999995,1,1
76,4,6,GNN,2.8535385,9.038895,-6.1853565,1,1
83,4,6,GNN,-16.421785,-15.43845,-0.9833350000000003,0,0
120,4,6,GNN,0.19118792,17.31309,-17.121902079999998,1,1
135,4,6,GNN,-6.9379215,-7.9464684,1.0085468999999998,0,0
136,4,6,GNN,9.477889,9.699089,-0.2212000000000014,1,1
138,4,6,GNN,-11.963529,-11.628706,-0.3348230000000001,0,0
148,4,6,GNN,-10.456034,-13.079269,2.6232349999999993,0,0
151,4,6,GNN,-13.781273,-11.142279,-2.6389940000000003,0,0
157,4,6,GNN,-7.9539084,-5.07962,-2.8742884,0,0
179,4,6,GNN,-5.7625103,-5.230287,-0.5322233000000001,0,0
180,4,6,GNN,-7.6404886,-4.2210746,-3.4194140000000006,0,0
193,4,6,GNN,6.4862504,6.061939,0.42431140000000056,1,1
208,4,6,GNN,5.581384,-0.16344336,5.7448273599999995,1,0
223,4,6,GNN,12.808194,6.7702703,6.0379237,1,1
224,4,6,GNN,11.365721,7.139047,4.226674000000001,1,1
252,4,6,GNN,6.3842587,1.4721797,4.912079,1,1
258,4,6,GNN,-12.901102,-13.4674835,0.5663815000000003,0,0
277,4,6,GNN,-13.781273,-2.1401887,-11.641084300000001,0,0
299,4,6,GNN,9.134736,10.85587,-1.7211339999999993,1,1
302,4,6,GNN,4.356397,2.5805554,1.7758416000000001,1,1
319,4,6,GNN,16.421785,12.445021,3.9767639999999993,1,1
338,4,6,GNN,0.23501252,-7.2382975,7.4733100199999996,1,0
342,4,6,GNN,-12.901102,-10.683151,-2.2179509999999993,0,0
345,4,6,GNN,-11.963529,-11.995199,0.03167000000000009,0,0
351,4,6,GNN,-8.319836,-7.3090305,-1.0108055,0,0
354,4,6,GNN,6.1386023,-3.651065,9.7896673,1,0
361,4,6,GNN,-12.982147,-6.6392255,-6.342921499999999,0,0
374,4,6,GNN,-11.242613,-10.830504,-0.41210900000000095,0,0
382,4,6,GNN,-10.779599,-14.861413,4.081814000000001,0,0
3,4,6,gb,-10.63963974,13.364510589284505,-24.004150329284506,0,1
8,4,6,gb,0.2688911355261758,-6.111963776785132,6.380854912311308,1,0
10,4,6,gb,-5.020835886,-2.1613032633136227,-2.8595326226863778,0,0
21,4,6,gb,11.365720446897749,9.687494285071724,1.678226161826025,1,1
22,4,6,gb,9.477889153,13.04254608917432,-3.5646569361743197,1,1
23,4,6,gb,-7.665932565,-8.869177476588199,1.2032449115881985,0,0
26,4,6,gb,-10.89470559,-7.807072671604117,-3.087632918395882,0,0
58,4,6,gb,3.244980525170415,9.459125621633037,-6.214145096462621,1,1
59,4,6,gb,-11.58084633,-5.466264110352109,-6.114582219647891,0,0
61,4,6,gb,12.073863035611195,9.201381393790086,2.8724816418211088,1,1
76,4,6,gb,2.8535385059735283,8.293562375034517,-5.440023869060989,1,1
83,4,6,gb,-16.42178533,8.346635549394396,-24.768420879394395,0,1
120,4,6,gb,0.1911879161468672,-11.541187229825516,11.732375145972384,1,0
135,4,6,gb,-6.937921539,-8.695644468140502,1.7577229291405017,0,0
136,4,6,gb,9.477889153,8.858154118684427,0.619735034315573,1,1
138,4,6,gb,-11.96352825,-1.249577915789995,-10.713950334210004,0,0
148,4,6,gb,-10.45603334,-6.433134146052851,-4.022899193947149,0,0
151,4,6,gb,-13.78127315,-4.8610250654006295,-8.920248084599372,0,0
157,4,6,gb,-7.953908585,-3.523414391012328,-4.430494193987672,0,0
179,4,6,gb,-5.762510154,-9.950344338676947,4.187834184676947,0,0
180,4,6,gb,-7.640488601,-1.716551103758708,-5.923937497241292,0,0
193,4,6,gb,6.486250575,6.78252189574901,-0.2962713207490104,1,1
208,4,6,gb,5.581384298288408,3.8926178873850894,1.6887664109033187,1,1
223,4,6,gb,12.808193713633589,5.035874285366438,7.772319428267151,1,1
224,4,6,gb,11.365720446897749,-0.8011788460682655,12.166899292966015,1,0
252,4,6,gb,6.3842587285334185,-2.0572593485014887,8.441518077034907,1,0
258,4,6,gb,-12.90110242,-2.0277471174480275,-10.873355302551973,0,0
277,4,6,gb,-13.78127315,-5.630067482674996,-8.151205667325005,0,0
299,4,6,gb,9.134736505801508,5.775960845553692,3.358775660247815,1,1
302,4,6,gb,4.356397006502949,-10.899380286154765,15.255777292657713,1,0
319,4,6,gb,16.42178532510618,11.873634768043924,4.548150557062254,1,1
338,4,6,gb,0.2350125215347564,5.550680533539929,-5.315668012005173,1,1
342,4,6,gb,-12.90110242,-10.092239837189826,-2.8088625828101748,0,0
345,4,6,gb,-11.96352825,-7.388212876155905,-4.575315373844094,0,0
351,4,6,gb,-8.319835294,-5.422681664112335,-2.897153629887666,0,0
354,4,6,gb,6.138602145629283,6.765662843790497,-0.6270606981612135,1,1
361,4,6,gb,-12.98214718,-7.356578087092128,-5.625569092907872,0,0
374,4,6,gb,-11.24261252,-7.156213388201193,-4.086399131798807,0,0
382,4,6,gb,-10.77959928,-3.012208040397674,-7.7673912396023255,0,0
3,4,7,GNN,-10.63964,-7.344088,-3.295552,0,0
8,4,7,GNN,0.26889113,1.2358745,-0.96698337,1,1
10,4,7,GNN,-5.020836,-7.2875834,2.2667474,0,0
21,4,7,GNN,11.365721,9.352361,2.0133600000000005,1,1
22,4,7,GNN,9.477889,8.338927,1.1389619999999994,1,1
23,4,7,GNN,-7.6659327,-7.0925007,-0.5734319999999995,0,0
26,4,7,GNN,-10.894706,-2.348326,-8.54638,0,0
58,4,7,GNN,3.2449806,-3.6497734,6.894754,1,0
59,4,7,GNN,-11.580847,-5.33825,-6.242597,0,0
61,4,7,GNN,12.073863,9.419515,2.654347999999999,1,1
76,4,7,GNN,2.8535385,4.931788,-2.0782495,1,1
83,4,7,GNN,-16.421785,-11.165239,-5.256546,0,0
120,4,7,GNN,0.19118792,2.328368,-2.1371800800000003,1,1
135,4,7,GNN,-6.9379215,-7.313542,0.37562050000000013,0,0
136,4,7,GNN,9.477889,9.64688,-0.1689910000000001,1,1
138,4,7,GNN,-11.963529,-9.852318,-2.111210999999999,0,0
148,4,7,GNN,-10.456034,-7.8364253,-2.6196087000000006,0,0
151,4,7,GNN,-13.781273,-9.835784,-3.9454890000000002,0,0
157,4,7,GNN,-7.9539084,-6.170104,-1.7838044000000002,0,0
179,4,7,GNN,-5.7625103,-6.991815,1.2293047000000001,0,0
180,4,7,GNN,-7.6404886,-6.050502,-1.5899866000000005,0,0
193,4,7,GNN,6.4862504,4.787465,1.6987854000000002,1,1
208,4,7,GNN,5.581384,4.965619,0.6157649999999997,1,1
223,4,7,GNN,12.808194,8.146111,4.662083000000001,1,1
224,4,7,GNN,11.365721,8.462129,2.9035920000000015,1,1
252,4,7,GNN,6.3842587,0.09313407,6.2911246300000006,1,1
258,4,7,GNN,-12.901102,-11.539287,-1.361815,0,0
277,4,7,GNN,-13.781273,-1.7803445,-12.0009285,0,0
299,4,7,GNN,9.134736,9.851178,-0.7164420000000007,1,1
302,4,7,GNN,4.356397,0.705167,3.6512300000000004,1,1
319,4,7,GNN,16.421785,9.86424,6.557544999999999,1,1
338,4,7,GNN,0.23501252,-4.105499,4.34051152,1,0
342,4,7,GNN,-12.901102,-10.67818,-2.2229220000000005,0,0
345,4,7,GNN,-11.963529,-7.4430056,-4.520523399999999,0,0
351,4,7,GNN,-8.319836,-5.743886,-2.5759500000000006,0,0
354,4,7,GNN,6.1386023,5.581908,0.5566942999999993,1,1
361,4,7,GNN,-12.982147,-8.041005,-4.941141999999999,0,0
374,4,7,GNN,-11.242613,-10.74695,-0.4956630000000004,0,0
382,4,7,GNN,-10.779599,-9.11897,-1.6606290000000001,0,0
3,4,7,gb,-10.63963974,10.186389736424244,-20.826029476424246,0,1
8,4,7,gb,0.2688911355261758,-10.210527492031073,10.479418627557248,1,0
10,4,7,gb,-5.020835886,-0.6804264647570549,-4.340409421242946,0,0
21,4,7,gb,11.365720446897749,10.172147571522029,1.19357287537572,1,1
22,4,7,gb,9.477889153,13.54116391835332,-4.06327476535332,1,1
23,4,7,gb,-7.665932565,-12.795206114319608,5.129273549319608,0,0
26,4,7,gb,-10.89470559,-9.22245561047086,-1.6722499795291395,0,0
58,4,7,gb,3.244980525170415,3.5582049215147498,-0.31322439634433463,1,1
59,4,7,gb,-11.58084633,-7.881031026078162,-3.699815303921838,0,0
61,4,7,gb,12.073863035611195,12.332988849894924,-0.2591258142837294,1,1
76,4,7,gb,2.8535385059735283,14.555312511568978,-11.70177400559545,1,1
83,4,7,gb,-16.42178533,5.612499775127262,-22.03428510512726,0,1
120,4,7,gb,0.1911879161468672,-10.909900695179765,11.101088611326633,1,0
135,4,7,gb,-6.937921539,-11.302642143481757,4.364720604481756,0,0
136,4,7,gb,9.477889153,7.184036981480897,2.2938521715191023,1,1
138,4,7,gb,-11.96352825,-9.399046677275653,-2.564481572724347,0,0
148,4,7,gb,-10.45603334,-3.932819387891605,-6.523213952108394,0,0
151,4,7,gb,-13.78127315,-0.4456402825968455,-13.335632867403156,0,0
157,4,7,gb,-7.953908585,-0.0001506844551128,-7.953757900544887,0,0
179,4,7,gb,-5.762510154,-11.119308819869808,5.356798665869808,0,0
180,4,7,gb,-7.640488601,-1.0992494603838394,-6.541239140616161,0,0
193,4,7,gb,6.486250575,0.7889517730352494,5.697298801964751,1,1
208,4,7,gb,5.581384298288408,-5.980020672120126,11.561404970408535,1,0
223,4,7,gb,12.808193713633589,13.137399959095456,-0.32920624546186694,1,1
224,4,7,gb,11.365720446897749,-1.4589196962848894,12.824640143182638,1,0
252,4,7,gb,6.3842587285334185,-5.4337941239585055,11.818052852491924,1,0
258,4,7,gb,-12.90110242,-7.966967334174947,-4.934135085825054,0,0
277,4,7,gb,-13.78127315,-2.8954118319497746,-10.885861318050226,0,0
299,4,7,gb,9.134736505801508,10.809528175565855,-1.674791669764348,1,1
302,4,7,gb,4.356397006502949,-11.828082772224558,16.184479778727507,1,0
319,4,7,gb,16.42178532510618,12.012609406326924,4.409175918779255,1,1
338,4,7,gb,0.2350125215347564,8.498982605643903,-8.263970084109147,1,1
342,4,7,gb,-12.90110242,-9.349681860608678,-3.551420559391323,0,0
345,4,7,gb,-11.96352825,-3.581579611934836,-8.381948638065163,0,0
351,4,7,gb,-8.319835294,-5.674507100219959,-2.645328193780042,0,0
354,4,7,gb,6.138602145629283,8.500064088515654,-2.36146194288637,1,1
361,4,7,gb,-12.98214718,-2.0666057280946437,-10.915541451905357,0,0
374,4,7,gb,-11.24261252,-9.025549640703847,-2.2170628792961526,0,0
382,4,7,gb,-10.77959928,-6.6536201180953345,-4.125979161904665,0,0
3,4,8,GNN,-10.63964,-5.5458345,-5.0938055,0,0
8,4,8,GNN,0.26889113,2.5284057,-2.25951457,1,1
10,4,8,GNN,-5.020836,-4.000274,-1.020562,0,0
21,4,8,GNN,11.365721,10.739282,0.6264390000000013,1,1
22,4,8,GNN,9.477889,9.493654,-0.01576500000000003,1,1
23,4,8,GNN,-7.6659327,-6.935274,-0.7306587000000002,0,0
26,4,8,GNN,-10.894706,-0.11651556,-10.77819044,0,0
58,4,8,GNN,3.2449806,-4.0370684,7.282049,1,0
59,4,8,GNN,-11.580847,-5.939511,-5.641336,0,0
61,4,8,GNN,12.073863,11.713891,0.35997199999999907,1,1
76,4,8,GNN,2.8535385,12.076964,-9.223425500000001,1,1
83,4,8,GNN,-16.421785,-12.396773,-4.025012,0,0
120,4,8,GNN,0.19118792,9.793206,-9.602018079999999,1,1
135,4,8,GNN,-6.9379215,-8.272613,1.3346915,0,0
136,4,8,GNN,9.477889,10.860988,-1.3830990000000014,1,1
138,4,8,GNN,-11.963529,-8.266206,-3.697322999999999,0,0
148,4,8,GNN,-10.456034,-13.472421,3.016387,0,0
151,4,8,GNN,-13.781273,-7.7805433,-6.000729700000001,0,0
157,4,8,GNN,-7.9539084,-4.1310024,-3.8229060000000006,0,0
179,4,8,GNN,-5.7625103,-4.3068233,-1.4556870000000002,0,0
180,4,8,GNN,-7.6404886,-2.569269,-5.071219600000001,0,0
193,4,8,GNN,6.4862504,7.8895082,-1.4032577999999996,1,1
208,4,8,GNN,5.581384,2.819457,2.761927,1,1
223,4,8,GNN,12.808194,9.628333,3.1798610000000007,1,1
224,4,8,GNN,11.365721,5.782914,5.582807000000001,1,1
252,4,8,GNN,6.3842587,3.0413396,3.3429191,1,1
258,4,8,GNN,-12.901102,-14.1885395,1.2874374999999993,0,0
277,4,8,GNN,-13.781273,-2.0008507,-11.780422300000001,0,0
299,4,8,GNN,9.134736,13.237657,-4.102921,1,1
302,4,8,GNN,4.356397,3.3135927,1.0428043000000002,1,1
319,4,8,GNN,16.421785,13.337894,3.0838909999999995,1,1
338,4,8,GNN,0.23501252,-4.974522,5.20953452,1,0
342,4,8,GNN,-12.901102,-12.906714,0.005611999999999284,0,0
345,4,8,GNN,-11.963529,-13.517802,1.5542730000000002,0,0
351,4,8,GNN,-8.319836,-7.629017,-0.6908190000000003,0,0
354,4,8,GNN,6.1386023,5.4281225,0.7104797999999999,1,1
361,4,8,GNN,-12.982147,-7.299607,-5.6825399999999995,0,0
374,4,8,GNN,-11.242613,-9.64218,-1.6004330000000007,0,0
382,4,8,GNN,-10.779599,-12.043004,1.2634050000000006,0,0
3,4,8,gb,-10.63963974,4.867069525529933,-15.506709265529933,0,1
8,4,8,gb,0.2688911355261758,-10.220121706797556,10.489012842323731,1,0
10,4,8,gb,-5.020835886,-4.022423728205496,-0.9984121577945047,0,0
21,4,8,gb,11.365720446897749,8.46455126980409,2.9011691770936583,1,1
22,4,8,gb,9.477889153,11.867847214380252,-2.389958061380252,1,1
23,4,8,gb,-7.665932565,-8.033613304224577,0.36768073922457667,0,0
26,4,8,gb,-10.89470559,-6.139705611714738,-4.754999978285261,0,0
58,4,8,gb,3.244980525170415,10.371476004096886,-7.12649547892647,1,1
59,4,8,gb,-11.58084633,-2.471577529448864,-9.109268800551135,0,0
61,4,8,gb,12.073863035611195,10.186833775599144,1.887029260012051,1,1
76,4,8,gb,2.8535385059735283,10.041731955294171,-7.188193449320643,1,1
83,4,8,gb,-16.42178533,8.540459846987423,-24.962245176987423,0,1
120,4,8,gb,0.1911879161468672,-10.643809675890592,10.83499759203746,1,0
135,4,8,gb,-6.937921539,-9.95470582912186,3.0167842901218593,0,0
136,4,8,gb,9.477889153,9.033688014908414,0.4442011380915858,1,1
138,4,8,gb,-11.96352825,-6.086808578429091,-5.876719671570909,0,0
148,4,8,gb,-10.45603334,-5.0248059568006616,-5.431227383199338,0,0
151,4,8,gb,-13.78127315,-5.799381291589168,-7.981891858410832,0,0
157,4,8,gb,-7.953908585,-5.707252524496715,-2.246656060503285,0,0
179,4,8,gb,-5.762510154,-6.111202780309539,0.3486926263095391,0,0
180,4,8,gb,-7.640488601,-0.7765182278341265,-6.863970373165873,0,0
193,4,8,gb,6.486250575,0.0756955367070461,6.410555038292953,1,1
208,4,8,gb,5.581384298288408,3.201234441721862,2.380149856566546,1,1
223,4,8,gb,12.808193713633589,3.569330823432338,9.23886289020125,1,1
224,4,8,gb,11.365720446897749,3.425808436699817,7.939912010197931,1,1
252,4,8,gb,6.3842587285334185,-3.4814501338854615,9.865708862418881,1,0
258,4,8,gb,-12.90110242,-8.132713407208781,-4.76838901279122,0,0
277,4,8,gb,-13.78127315,-5.716413849657367,-8.064859300342633,0,0
299,4,8,gb,9.134736505801508,10.578451370472845,-1.4437148646713371,1,1
302,4,8,gb,4.356397006502949,-12.203443914890864,16.559840921393814,1,0
319,4,8,gb,16.42178532510618,13.742109239309038,2.6796760857971407,1,1
338,4,8,gb,0.2350125215347564,0.255983837650117,-0.0209713161153606,1,1
342,4,8,gb,-12.90110242,-8.842093700079529,-4.059008719920472,0,0
345,4,8,gb,-11.96352825,-2.569598005089001,-9.393930244911,0,0
351,4,8,gb,-8.319835294,-5.6214652206723725,-2.698370073327628,0,0
354,4,8,gb,6.138602145629283,8.828843624724081,-2.690241479094798,1,1
361,4,8,gb,-12.98214718,-6.6377723820839885,-6.344374797916012,0,0
374,4,8,gb,-11.24261252,-11.80033416276117,0.5577216427611695,0,0
382,4,8,gb,-10.77959928,-3.3709646398979807,-7.408634640102019,0,0
3,4,9,GNN,-10.63964,-6.610727,-4.028913,0,0
8,4,9,GNN,0.26889113,2.8592322,-2.59034107,1,1
10,4,9,GNN,-5.020836,-5.944184,0.9233479999999998,0,0
21,4,9,GNN,11.365721,8.746991,2.618730000000001,1,1
22,4,9,GNN,9.477889,10.540363,-1.062474,1,1
23,4,9,GNN,-7.6659327,-5.6284046,-2.0375281000000003,0,0
26,4,9,GNN,-10.894706,3.0175066,-13.9122126,0,1
58,4,9,GNN,3.2449806,-1.212773,4.4577536,1,0
59,4,9,GNN,-11.580847,-6.2845397,-5.2963073000000005,0,0
61,4,9,GNN,12.073863,10.088059,1.985804,1,1
76,4,9,GNN,2.8535385,11.877794,-9.024255499999999,1,1
83,4,9,GNN,-16.421785,-10.457126,-5.964658999999999,0,0
120,4,9,GNN,0.19118792,8.44411,-8.25292208,1,1
135,4,9,GNN,-6.9379215,-6.864676,-0.07324549999999963,0,0
136,4,9,GNN,9.477889,9.593661,-0.11577200000000154,1,1
138,4,9,GNN,-11.963529,-10.401011,-1.562517999999999,0,0
148,4,9,GNN,-10.456034,-13.077342,2.621307999999999,0,0
151,4,9,GNN,-13.781273,-10.091085,-3.690188000000001,0,0
157,4,9,GNN,-7.9539084,-4.552242,-3.4016664000000008,0,0
179,4,9,GNN,-5.7625103,-4.636934,-1.1255762999999996,0,0
180,4,9,GNN,-7.6404886,-3.0507147,-4.589773900000001,0,0
193,4,9,GNN,6.4862504,9.295208,-2.8089576000000003,1,1
208,4,9,GNN,5.581384,2.3399103,3.2414737,1,1
223,4,9,GNN,12.808194,8.471697,4.336497,1,1
224,4,9,GNN,11.365721,8.152574,3.213147000000001,1,1
252,4,9,GNN,6.3842587,1.7472365,4.6370222000000005,1,1
258,4,9,GNN,-12.901102,-12.341649,-0.5594529999999995,0,0
277,4,9,GNN,-13.781273,4.983737,-18.76501,0,1
299,4,9,GNN,9.134736,9.917266,-0.7825299999999995,1,1
302,4,9,GNN,4.356397,2.9527414,1.4036556000000004,1,1
319,4,9,GNN,16.421785,12.659863,3.761922,1,1
338,4,9,GNN,0.23501252,-3.3903813,3.62539382,1,0
342,4,9,GNN,-12.901102,-11.743126,-1.1579759999999997,0,0
345,4,9,GNN,-11.963529,-12.731122,0.7675929999999997,0,0
351,4,9,GNN,-8.319836,-6.9322543,-1.3875817000000001,0,0
354,4,9,GNN,6.1386023,0.7270076,5.411594699999999,1,1
361,4,9,GNN,-12.982147,-2.7424617,-10.2396853,0,0
374,4,9,GNN,-11.242613,-10.106603,-1.1360100000000006,0,0
382,4,9,GNN,-10.779599,-11.201936,0.42233700000000063,0,0
3,4,9,gb,-10.63963974,5.02437931718616,-15.66401905718616,0,1
8,4,9,gb,0.2688911355261758,-10.61237606549977,10.881267201025945,1,0
10,4,9,gb,-5.020835886,0.9210642272022836,-5.941900113202284,0,1
21,4,9,gb,11.365720446897749,8.194577623966202,3.1711428229315466,1,1
22,4,9,gb,9.477889153,12.364231895048574,-2.8863427420485746,1,1
23,4,9,gb,-7.665932565,-13.25115097316755,5.585218408167549,0,0
26,4,9,gb,-10.89470559,-9.281021361955307,-1.6136842280446917,0,0
58,4,9,gb,3.244980525170415,3.188097739548375,0.05688278562204019,1,1
59,4,9,gb,-11.58084633,-9.251128362366645,-2.3297179676333553,0,0
61,4,9,gb,12.073863035611195,0.970178440428462,11.103684595182733,1,1
76,4,9,gb,2.8535385059735283,8.717702883168286,-5.864164377194758,1,1
83,4,9,gb,-16.42178533,7.571766028770124,-23.993551358770123,0,1
120,4,9,gb,0.1911879161468672,-10.594338383751545,10.785526299898413,1,0
135,4,9,gb,-6.937921539,-11.472741792919098,4.534820253919098,0,0
136,4,9,gb,9.477889153,9.107671452631935,0.37021770036806423,1,1
138,4,9,gb,-11.96352825,-6.877784399451098,-5.085743850548901,0,0
148,4,9,gb,-10.45603334,-4.77650319396725,-5.679530146032749,0,0
151,4,9,gb,-13.78127315,4.7418339108697385,-18.52310706086974,0,1
157,4,9,gb,-7.953908585,3.936995088280406,-11.890903673280405,0,1
179,4,9,gb,-5.762510154,-4.7876436988301725,-0.9748664551698276,0,0
180,4,9,gb,-7.640488601,-3.0915680097988996,-4.548920591201101,0,0
193,4,9,gb,6.486250575,0.4399755208123042,6.046275054187696,1,1
208,4,9,gb,5.581384298288408,9.020451898239465,-3.4390675999510565,1,1
223,4,9,gb,12.808193713633589,12.924208548349492,-0.11601483471590335,1,1
224,4,9,gb,11.365720446897749,-4.333894937856334,15.699615384754082,1,0
252,4,9,gb,6.3842587285334185,-4.6523519578717165,11.036610686405135,1,0
258,4,9,gb,-12.90110242,-4.742049082238762,-8.15905333776124,0,0
277,4,9,gb,-13.78127315,-7.045221116565251,-6.736052033434749,0,0
299,4,9,gb,9.134736505801508,5.032438195722078,4.10229831007943,1,1
302,4,9,gb,4.356397006502949,-10.438184695229426,14.794581701732374,1,0
319,4,9,gb,16.42178532510618,10.869026778068791,5.552758547037387,1,1
338,4,9,gb,0.2350125215347564,11.099046182731906,-10.86403366119715,1,1
342,4,9,gb,-12.90110242,-8.38654959108415,-4.514552828915852,0,0
345,4,9,gb,-11.96352825,-4.954168328669945,-7.009359921330055,0,0
351,4,9,gb,-8.319835294,-5.439695896893995,-2.8801393971060056,0,0
354,4,9,gb,6.138602145629283,-0.3271853781390795,6.465787523768363,1,0
361,4,9,gb,-12.98214718,-9.25558868636399,-3.726558493636011,0,0
374,4,9,gb,-11.24261252,-8.957544424063945,-2.2850680959360545,0,0
382,4,9,gb,-10.77959928,4.657544880467289,-15.437144160467287,0,1
3,4,10,GNN,-10.63964,-6.0863967,-4.5532433,0,0
8,4,10,GNN,0.26889113,5.3535657,-5.08467457,1,1
10,4,10,GNN,-5.020836,-6.2598906,1.2390546000000002,0,0
21,4,10,GNN,11.365721,11.338975,0.026746000000001047,1,1
22,4,10,GNN,9.477889,8.934005,0.5438839999999985,1,1
23,4,10,GNN,-7.6659327,-7.1990876,-0.46684509999999957,0,0
26,4,10,GNN,-10.894706,-3.7639225,-7.1307835,0,0
58,4,10,GNN,3.2449806,-3.3644927,6.609473299999999,1,0
59,4,10,GNN,-11.580847,-5.7025046,-5.8783424,0,0
61,4,10,GNN,12.073863,11.2861595,0.7877034999999992,1,1
76,4,10,GNN,2.8535385,10.018393,-7.1648545,1,1
83,4,10,GNN,-16.421785,-10.627993,-5.793792,0,0
120,4,10,GNN,0.19118792,6.501435,-6.31024708,1,1
135,4,10,GNN,-6.9379215,-8.436529,1.4986075000000003,0,0
136,4,10,GNN,9.477889,10.614951,-1.1370620000000002,1,1
138,4,10,GNN,-11.963529,-8.899269,-3.064259999999999,0,0
148,4,10,GNN,-10.456034,-10.282468,-0.173566000000001,0,0
151,4,10,GNN,-13.781273,-8.121973,-5.6593,0,0
157,4,10,GNN,-7.9539084,-5.625986,-2.3279224000000003,0,0
179,4,10,GNN,-5.7625103,-6.285849,0.5233387,0,0
180,4,10,GNN,-7.6404886,-4.356722,-3.2837666,0,0
193,4,10,GNN,6.4862504,7.9290395,-1.4427890999999997,1,1
208,4,10,GNN,5.581384,7.683297,-2.1019129999999997,1,1
223,4,10,GNN,12.808194,11.766467,1.0417269999999998,1,1
224,4,10,GNN,11.365721,8.621597,2.744124000000001,1,1
252,4,10,GNN,6.3842587,3.3077867,3.0764720000000003,1,1
258,4,10,GNN,-12.901102,-13.003168,0.10206600000000066,0,0
277,4,10,GNN,-13.781273,-4.057265,-9.724008000000001,0,0
299,4,10,GNN,9.134736,10.633837,-1.4991009999999996,1,1
302,4,10,GNN,4.356397,5.286845,-0.9304479999999993,1,1
319,4,10,GNN,16.421785,12.623294,3.7984910000000003,1,1
338,4,10,GNN,0.23501252,0.775918,-0.5409054799999999,1,1
342,4,10,GNN,-12.901102,-11.977532,-0.9235699999999998,0,0
345,4,10,GNN,-11.963529,-9.713921,-2.2496080000000003,0,0
351,4,10,GNN,-8.319836,-7.26069,-1.0591460000000001,0,0
354,4,10,GNN,6.1386023,6.801692,-0.6630897000000004,1,1
361,4,10,GNN,-12.982147,-5.946236,-7.035911,0,0
374,4,10,GNN,-11.242613,-10.847287,-0.39532600000000073,0,0
382,4,10,GNN,-10.779599,-11.284733,0.505134,0,0
3,4,10,gb,-10.63963974,9.94169659667319,-20.58133633667319,0,1
8,4,10,gb,0.2688911355261758,-9.05511377066368,9.324004906189856,1,0
10,4,10,gb,-5.020835886,-7.174650035081799,2.153814149081799,0,0
21,4,10,gb,11.365720446897749,7.782323090938997,3.583397355958752,1,1
22,4,10,gb,9.477889153,12.847456713078447,-3.3695675600784476,1,1
23,4,10,gb,-7.665932565,-11.858164556406718,4.192231991406718,0,0
26,4,10,gb,-10.89470559,-6.486280111025144,-4.408425478974856,0,0
58,4,10,gb,3.244980525170415,8.02645804329356,-4.781477518123145,1,1
59,4,10,gb,-11.58084633,-3.0273174025786367,-8.553528927421363,0,0
61,4,10,gb,12.073863035611195,10.444677840891488,1.6291851947197067,1,1
76,4,10,gb,2.8535385059735283,8.581265496024082,-5.727726990050554,1,1
83,4,10,gb,-16.42178533,8.291238936284289,-24.713024266284286,0,1
120,4,10,gb,0.1911879161468672,-9.81718111851868,10.008369034665549,1,0
135,4,10,gb,-6.937921539,-7.818753814557906,0.8808322755579052,0,0
136,4,10,gb,9.477889153,9.085040150114494,0.39284900288550517,1,1
138,4,10,gb,-11.96352825,-10.174411189363758,-1.7891170606362419,0,0
148,4,10,gb,-10.45603334,-5.098077636262903,-5.357955703737097,0,0
151,4,10,gb,-13.78127315,-3.2390329611137236,-10.542240188886277,0,0
157,4,10,gb,-7.953908585,-2.5837392501218455,-5.370169334878154,0,0
179,4,10,gb,-5.762510154,-9.251434714091523,3.4889245600915233,0,0
180,4,10,gb,-7.640488601,-3.405126138747854,-4.235362462252146,0,0
193,4,10,gb,6.486250575,4.198876407102585,2.287374167897415,1,1
208,4,10,gb,5.581384298288408,0.3242937638017731,5.257090534486635,1,1
223,4,10,gb,12.808193713633589,4.193767418126273,8.614426295507315,1,1
224,4,10,gb,11.365720446897749,-2.708200188406092,14.07392063530384,1,0
252,4,10,gb,6.3842587285334185,8.329226956238863,-1.944968227705444,1,1
258,4,10,gb,-12.90110242,-3.5844847856391766,-9.316617634360824,0,0
277,4,10,gb,-13.78127315,1.2645556095568118,-15.045828759556812,0,1
299,4,10,gb,9.134736505801508,10.962738802023608,-1.8280022962221008,1,1
302,4,10,gb,4.356397006502949,-12.059670904028298,16.416067910531247,1,0
319,4,10,gb,16.42178532510618,14.471856444639329,1.9499288804668495,1,1
338,4,10,gb,0.2350125215347564,9.299125603040318,-9.064113081505562,1,1
342,4,10,gb,-12.90110242,-9.708313854184874,-3.1927885658151265,0,0
345,4,10,gb,-11.96352825,-5.623726584582725,-6.339801665417275,0,0
351,4,10,gb,-8.319835294,-8.318654181698658,-0.0011811123013423241,0,0
354,4,10,gb,6.138602145629283,1.358038083603728,4.780564062025555,1,1
361,4,10,gb,-12.98214718,-5.885835883861784,-7.096311296138216,0,0
374,4,10,gb,-11.24261252,-10.312120645041333,-0.9304918749586673,0,0
382,4,10,gb,-10.77959928,4.68542459020672,-15.46502387020672,0,1
16,5,1,GNN,-11.938426,-10.936609,-1.001816999999999,0,0
20,5,1,GNN,8.536278,8.271823,0.2644549999999999,1,1
25,5,1,GNN,8.536278,5.2763686,3.2599093999999997,1,1
27,5,1,GNN,-10.206136,-9.706145,-0.4999910000000014,0,0
38,5,1,GNN,-8.635333,-7.580753,-1.0545799999999996,0,0
44,5,1,GNN,7.6212277,9.503883,-1.8826552999999997,1,1
48,5,1,GNN,-10.147367,-10.407948,0.2605810000000002,0,0
53,5,1,GNN,-12.901102,-7.0167165,-5.8843855,0,0
56,5,1,GNN,-5.8974757,-5.7247753,-0.1727004000000001,0,0
57,5,1,GNN,7.392465,7.4418173,-0.04935230000000068,1,1
97,5,1,GNN,9.859496,9.058311,0.8011850000000003,1,1
98,5,1,GNN,9.134736,5.15659,3.9781460000000006,1,1
101,5,1,GNN,16.421785,14.040392,2.381392999999999,1,1
115,5,1,GNN,12.982147,12.417915,0.5642319999999987,1,1
131,5,1,GNN,-9.379538,-8.638119,-0.7414190000000005,0,0
141,5,1,GNN,7.3720756,10.926453,-3.554377400000001,1,1
142,5,1,GNN,13.561231,10.498096,3.063134999999999,1,1
155,5,1,GNN,12.901102,11.753965,1.147136999999999,1,1
159,5,1,GNN,-8.76504,-5.9351506,-2.8298894000000008,0,0
163,5,1,GNN,-7.910733,-7.6125407,-0.2981922999999993,0,0
167,5,1,GNN,12.073863,13.029276,-0.9554130000000001,1,1
169,5,1,GNN,-11.670309,-10.664337,-1.0059719999999999,0,0
177,5,1,GNN,-14.255758,-10.240187,-4.015571,0,0
199,5,1,GNN,-11.670309,-9.631498,-2.038810999999999,0,0
207,5,1,GNN,13.491681,11.128965,2.362715999999999,1,1
215,5,1,GNN,-8.538379,-2.0554361,-6.482942900000001,0,0
239,5,1,GNN,6.931175,7.8642106,-0.9330356000000002,1,1
240,5,1,GNN,-10.456034,-7.30243,-3.1536040000000005,0,0
246,5,1,GNN,12.901102,12.099232,0.8018699999999992,1,1
250,5,1,GNN,-12.901102,-9.829744,-3.071358,0,0
266,5,1,GNN,-6.7197585,-6.259793,-0.4599655,0,0
300,5,1,GNN,11.242613,9.112498,2.130115,1,1
312,5,1,GNN,-14.221358,-8.065566,-6.155792,0,0
339,5,1,GNN,-4.300797,-4.457849,0.1570520000000002,0,0
346,5,1,GNN,9.859496,5.8690715,3.9904244999999996,1,1
348,5,1,GNN,14.255758,13.492456,0.7633019999999995,1,1
377,5,1,GNN,-7.7940993,-1.7387744,-6.0553249000000005,0,0
385,5,1,GNN,8.160578,8.013678,0.1468999999999987,1,1
386,5,1,GNN,-6.3842587,-4.311109,-2.0731497,0,0
16,5,1,gb,-11.93842638,-6.428017241451107,-5.5104091385488925,0,0
20,5,1,gb,8.536278132740168,2.110954735643099,6.42532339709707,1,1
25,5,1,gb,8.536278132740168,11.763639050690802,-3.2273609179506337,1,1
27,5,1,gb,-10.20613547,6.658064101848257,-16.864199571848257,0,1
38,5,1,gb,-8.635333352,-11.636504333115017,3.001170981115017,0,0
44,5,1,gb,7.621227549034938,-5.495282992289649,13.116510541324587,1,0
48,5,1,gb,-10.14736639,-3.3219691475606905,-6.82539724243931,0,0
53,5,1,gb,-12.90110242,-1.603090015347617,-11.298012404652384,0,0
56,5,1,gb,-5.897475721,5.662539611363646,-11.560015332363646,0,1
57,5,1,gb,7.392464903108631,-5.725601817239566,13.118066720348196,1,0
97,5,1,gb,9.859496001,-1.3299804800612005,11.1894764810612,1,0
98,5,1,gb,9.134736505801508,7.0154410926135995,2.119295413187908,1,1
101,5,1,gb,16.42178532510618,11.387019809197454,5.034765515908724,1,1
115,5,1,gb,12.982147179797291,10.477827506243582,2.5043196735537094,1,1
131,5,1,gb,-9.379537163,-9.93627897419807,0.5567418111980693,0,0
141,5,1,gb,7.372075335145428,7.391894944589284,-0.0198196094438563,1,1
142,5,1,gb,13.561230464776816,-7.354348618956694,20.915579083733512,1,0
155,5,1,gb,12.901102420085426,-4.922709127904606,17.823811547990033,1,0
159,5,1,gb,-8.765040779,0.3503880841797464,-9.115428863179746,0,1
163,5,1,gb,-7.910733222,-0.8482602032386583,-7.062473018761342,0,0
167,5,1,gb,12.073863035611195,12.407254020251068,-0.33339098463987327,1,1
169,5,1,gb,-11.67030896,-12.24659146480069,0.576282504800691,0,0
177,5,1,gb,-14.25575783,9.12449570546644,-23.38025353546644,0,1
199,5,1,gb,-11.67030896,-11.992125034687405,0.3218160746874048,0,0
207,5,1,gb,13.491681305173802,-2.9448591712683303,16.436540476442133,1,0
215,5,1,gb,-8.538379024,7.215883591495649,-15.754262615495648,0,1
239,5,1,gb,6.9311750993597165,-7.358259218912545,14.289434318272262,1,0
240,5,1,gb,-10.45603334,-4.930536768554354,-5.525496571445645,0,0
246,5,1,gb,12.901102420085426,-8.667689732147988,21.568792152233414,1,0
250,5,1,gb,-12.90110242,1.2377345448566563,-14.138836964856658,0,1
266,5,1,gb,-6.719758736,-6.922163240295299,0.20240450429529844,0,0
300,5,1,gb,11.242612518160245,6.286624764292397,4.955987753867848,1,1
312,5,1,gb,-14.22135851,-1.415185299345382,-12.806173210654618,0,0
339,5,1,gb,-4.300796789,10.063422979313051,-14.36421976831305,0,1
346,5,1,gb,9.859496001,7.533347394250573,2.3261486067494275,1,1
348,5,1,gb,14.25575783385418,8.416322755357578,5.839435078496601,1,1
377,5,1,gb,-7.794099338,-6.160918967779585,-1.6331803702204146,0,0
385,5,1,gb,8.160577861606914,6.544360022441342,1.6162178391655715,1,1
386,5,1,gb,-6.384258729,0.4910269564337658,-6.875285685433766,0,1
16,5,2,GNN,-11.938426,-11.023032,-0.9153939999999992,0,0
20,5,2,GNN,8.536278,11.763501,-3.2272230000000004,1,1
25,5,2,GNN,8.536278,7.116383,1.4198949999999995,1,1
27,5,2,GNN,-10.206136,-11.416583,1.2104469999999985,0,0
38,5,2,GNN,-8.635333,-10.847072,2.2117390000000015,0,0
44,5,2,GNN,7.6212277,9.542765,-1.921537299999999,1,1
48,5,2,GNN,-10.147367,-16.633202,6.485835000000002,0,0
53,5,2,GNN,-12.901102,-8.933784,-3.9673180000000006,0,0
56,5,2,GNN,-5.8974757,-9.076765,3.1792892999999998,0,0
57,5,2,GNN,7.392465,6.9399967,0.4524682999999996,1,1
97,5,2,GNN,9.859496,10.050163,-0.19066699999999948,1,1
98,5,2,GNN,9.134736,7.0010138,2.1337222000000002,1,1
101,5,2,GNN,16.421785,14.93934,1.4824450000000002,1,1
115,5,2,GNN,12.982147,13.397687,-0.41554,1,1
131,5,2,GNN,-9.379538,-8.965153,-0.41438499999999934,0,0
141,5,2,GNN,7.3720756,11.871865,-4.4997894,1,1
142,5,2,GNN,13.561231,13.994756,-0.43352500000000127,1,1
155,5,2,GNN,12.901102,14.315738,-1.4146359999999998,1,1
159,5,2,GNN,-8.76504,-8.897476,0.13243599999999844,0,0
163,5,2,GNN,-7.910733,-6.3947887,-1.5159442999999992,0,0
167,5,2,GNN,12.073863,12.838576,-0.7647130000000004,1,1
169,5,2,GNN,-11.670309,-11.5837965,-0.08651249999999955,0,0
177,5,2,GNN,-14.255758,-12.191021,-2.064737000000001,0,0
199,5,2,GNN,-11.670309,-13.378717,1.7084080000000004,0,0
207,5,2,GNN,13.491681,10.921954,2.5697270000000003,1,1
215,5,2,GNN,-8.538379,2.825849,-11.364228,0,1
239,5,2,GNN,6.931175,7.181433,-0.25025800000000054,1,1
240,5,2,GNN,-10.456034,-10.515215,0.05918099999999882,0,0
246,5,2,GNN,12.901102,14.241065,-1.339963000000001,1,1
250,5,2,GNN,-12.901102,-10.900819,-2.0002829999999996,0,0
266,5,2,GNN,-6.7197585,-7.965364,1.2456055,0,0
300,5,2,GNN,11.242613,11.764308,-0.5216949999999994,1,1
312,5,2,GNN,-14.221358,-2.5380409,-11.6833171,0,0
339,5,2,GNN,-4.300797,-9.020752,4.719955,0,0
346,5,2,GNN,9.859496,6.4624085,3.3970875000000005,1,1
348,5,2,GNN,14.255758,12.605994,1.6497639999999993,1,1
377,5,2,GNN,-7.7940993,6.2460275,-14.0401268,0,1
385,5,2,GNN,8.160578,10.077226,-1.9166480000000004,1,1
386,5,2,GNN,-6.3842587,-2.9943686,-3.3898901,0,0
16,5,2,gb,-11.93842638,1.7866838116484038,-13.725110191648403,0,1
20,5,2,gb,8.536278132740168,10.806323748083155,-2.270045615342987,1,1
25,5,2,gb,8.536278132740168,12.44948315012756,-3.9132050173873907,1,1
27,5,2,gb,-10.20613547,10.350789483221776,-20.556924953221774,0,1
38,5,2,gb,-8.635333352,-12.189699958984292,3.554366606984292,0,0
44,5,2,gb,7.621227549034938,-10.929124241481505,18.550351790516444,1,0
48,5,2,gb,-10.14736639,3.1173591043663156,-13.264725494366315,0,1
53,5,2,gb,-12.90110242,5.761748845497651,-18.66285126549765,0,1
56,5,2,gb,-5.897475721,6.3120594823798015,-12.2095352033798,0,1
57,5,2,gb,7.392464903108631,6.529457062275613,0.863007840833018,1,1
97,5,2,gb,9.859496001,11.233327468019729,-1.3738314670197287,1,1
98,5,2,gb,9.134736505801508,5.811296473612016,3.3234400321894917,1,1
101,5,2,gb,16.42178532510618,11.62784991348137,4.793935411624808,1,1
115,5,2,gb,12.982147179797291,8.782080793931243,4.200066385866048,1,1
131,5,2,gb,-9.379537163,-8.685021511405969,-0.6945156515940312,0,0
141,5,2,gb,7.372075335145428,9.028465587917577,-1.656390252772149,1,1
142,5,2,gb,13.561230464776816,-2.5694956245502723,16.130726089327087,1,0
155,5,2,gb,12.901102420085426,-9.40994582214741,22.311048242232836,1,0
159,5,2,gb,-8.765040779,-2.4042409160441345,-6.360799862955865,0,0
163,5,2,gb,-7.910733222,2.956603219243258,-10.867336441243259,0,1
167,5,2,gb,12.073863035611195,8.519002442792695,3.5548605928184998,1,1
169,5,2,gb,-11.67030896,-8.9585577823226,-2.7117511776773995,0,0
177,5,2,gb,-14.25575783,10.36803901572337,-24.62379684572337,0,1
199,5,2,gb,-11.67030896,-10.715855525565328,-0.9544534344346722,0,0
207,5,2,gb,13.491681305173802,-1.649731527555128,15.14141283272893,1,0
215,5,2,gb,-8.538379024,2.4261728359355437,-10.964551859935543,0,1
239,5,2,gb,6.9311750993597165,-8.057658059826819,14.988833159186536,1,0
240,5,2,gb,-10.45603334,5.2865609068639134,-15.742594246863913,0,1
246,5,2,gb,12.901102420085426,-9.722402060376556,22.623504480461982,1,0
250,5,2,gb,-12.90110242,-10.476424240664407,-2.4246781793355936,0,0
266,5,2,gb,-6.719758736,-5.749881885539741,-0.9698768504602588,0,0
300,5,2,gb,11.242612518160245,5.411099625408321,5.831512892751924,1,1
312,5,2,gb,-14.22135851,-3.23240807719001,-10.98895043280999,0,0
339,5,2,gb,-4.300796789,12.035087126540942,-16.33588391554094,0,1
346,5,2,gb,9.859496001,10.762416332840845,-0.9029203318408445,1,1
348,5,2,gb,14.25575783385418,-6.245028700931119,20.5007865347853,1,0
377,5,2,gb,-7.794099338,9.045718498658044,-16.839817836658042,0,1
385,5,2,gb,8.160577861606914,-10.731102987612465,18.891680849219377,1,0
386,5,2,gb,-6.384258729,2.5652025039503674,-8.949461232950368,0,1
16,5,3,GNN,-11.938426,-10.716406,-1.2220200000000006,0,0
20,5,3,GNN,8.536278,8.36399,0.172288,1,1
25,5,3,GNN,8.536278,2.5838623,5.9524156999999995,1,1
27,5,3,GNN,-10.206136,-10.443503,0.237366999999999,0,0
38,5,3,GNN,-8.635333,-12.886149,4.250816,0,0
44,5,3,GNN,7.6212277,6.768168,0.8530597000000002,1,1
48,5,3,GNN,-10.147367,-11.470527,1.3231600000000014,0,0
53,5,3,GNN,-12.901102,-7.520015,-5.381087,0,0
56,5,3,GNN,-5.8974757,-6.5423613,0.6448855999999994,0,0
57,5,3,GNN,7.392465,7.1505446,0.2419203999999997,1,1
97,5,3,GNN,9.859496,8.751909,1.1075870000000005,1,1
98,5,3,GNN,9.134736,2.3808918,6.7538442,1,1
101,5,3,GNN,16.421785,13.6794405,2.7423444999999997,1,1
115,5,3,GNN,12.982147,12.49821,0.4839369999999992,1,1
131,5,3,GNN,-9.379538,-9.757397,0.37785899999999906,0,0
141,5,3,GNN,7.3720756,11.818153,-4.446077400000001,1,1
142,5,3,GNN,13.561231,10.023385,3.537846,1,1
155,5,3,GNN,12.901102,13.550628,-0.6495259999999998,1,1
159,5,3,GNN,-8.76504,-7.261361,-1.5036790000000009,0,0
163,5,3,GNN,-7.910733,-6.268019,-1.6427139999999998,0,0
167,5,3,GNN,12.073863,11.740466,0.3333969999999997,1,1
169,5,3,GNN,-11.670309,-10.372105,-1.2982040000000001,0,0
177,5,3,GNN,-14.255758,-10.347194,-3.908564,0,0
199,5,3,GNN,-11.670309,-9.131901,-2.5384080000000004,0,0
207,5,3,GNN,13.491681,9.947633,3.544048,1,1
215,5,3,GNN,-8.538379,-1.4020025,-7.136376500000001,0,0
239,5,3,GNN,6.931175,2.3936026,4.5375724,1,1
240,5,3,GNN,-10.456034,-8.456677,-1.9993569999999998,0,0
246,5,3,GNN,12.901102,11.566319,1.3347829999999998,1,1
250,5,3,GNN,-12.901102,-13.319499,0.4183970000000006,0,0
266,5,3,GNN,-6.7197585,-6.727736,0.00797749999999997,0,0
300,5,3,GNN,11.242613,10.161978,1.080635000000001,1,1
312,5,3,GNN,-14.221358,-11.974343,-2.247015000000001,0,0
339,5,3,GNN,-4.300797,-5.541893,1.2410959999999998,0,0
346,5,3,GNN,9.859496,7.0524464,2.8070496,1,1
348,5,3,GNN,14.255758,13.155804,1.0999540000000003,1,1
377,5,3,GNN,-7.7940993,0.5856426,-8.3797419,0,1
385,5,3,GNN,8.160578,8.295497,-0.134919,1,1
386,5,3,GNN,-6.3842587,-5.643017,-0.7412416999999998,0,0
16,5,3,gb,-11.93842638,0.3937342252697735,-12.332160605269772,0,1
20,5,3,gb,8.536278132740168,12.226467165039097,-3.690189032298928,1,1
25,5,3,gb,8.536278132740168,10.293283905935644,-1.7570057731954751,1,1
27,5,3,gb,-10.20613547,10.17197018835383,-20.37810565835383,0,1
38,5,3,gb,-8.635333352,-11.945616398900292,3.3102830469002917,0,0
44,5,3,gb,7.621227549034938,-5.690802064349947,13.312029613384885,1,0
48,5,3,gb,-10.14736639,1.1552527003120068,-11.302619090312007,0,1
53,5,3,gb,-12.90110242,2.6494952795268323,-15.550597699526833,0,1
56,5,3,gb,-5.897475721,6.427699975001528,-12.325175696001528,0,1
57,5,3,gb,7.392464903108631,1.4213544133346208,5.97111048977401,1,1
97,5,3,gb,9.859496001,9.832509991569127,0.026986009430872926,1,1
98,5,3,gb,9.134736505801508,1.689974904269537,7.444761601531971,1,1
101,5,3,gb,16.42178532510618,8.906818857585067,7.514966467521111,1,1
115,5,3,gb,12.982147179797291,12.06617986461092,0.9159673151863714,1,1
131,5,3,gb,-9.379537163,-10.834652977844568,1.455115814844568,0,0
141,5,3,gb,7.372075335145428,5.329071357003584,2.0430039781418436,1,1
142,5,3,gb,13.561230464776816,-0.2776885338774812,13.838918998654297,1,0
155,5,3,gb,12.901102420085426,-6.154840135500555,19.05594255558598,1,0
159,5,3,gb,-8.765040779,-1.0518445864324084,-7.713196192567591,0,0
163,5,3,gb,-7.910733222,-0.7207486126832242,-7.189984609316776,0,0
167,5,3,gb,12.073863035611195,9.509718224381569,2.5641448112296263,1,1
169,5,3,gb,-11.67030896,-10.859874164535334,-0.8104347954646656,0,0
177,5,3,gb,-14.25575783,-3.0106586909291764,-11.245099139070824,0,0
199,5,3,gb,-11.67030896,-11.271208410879789,-0.3991005491202113,0,0
207,5,3,gb,13.491681305173802,1.5790758461196583,11.912605459054145,1,1
215,5,3,gb,-8.538379024,11.253433167426298,-19.791812191426295,0,1
239,5,3,gb,6.9311750993597165,-4.556525881511029,11.487700980870745,1,0
240,5,3,gb,-10.45603334,1.4936409371928812,-11.94967427719288,0,1
246,5,3,gb,12.901102420085426,3.9561260324006127,8.944976387684813,1,1
250,5,3,gb,-12.90110242,5.692803359848316,-18.593905779848317,0,1
266,5,3,gb,-6.719758736,-7.517482405431983,0.7977236694319831,0,0
300,5,3,gb,11.242612518160245,3.1368572990346237,8.105755219125621,1,1
312,5,3,gb,-14.22135851,0.4060293737042624,-14.627387883704262,0,1
339,5,3,gb,-4.300796789,12.671319952731224,-16.972116741731224,0,1
346,5,3,gb,9.859496001,2.7601145647898515,7.099381436210148,1,1
348,5,3,gb,14.25575783385418,0.7249380445356914,13.530819789318489,1,1
377,5,3,gb,-7.794099338,-0.8848515342050172,-6.909247803794982,0,0
385,5,3,gb,8.160577861606914,14.757107803038991,-6.5965299414320775,1,1
386,5,3,gb,-6.384258729,1.6933825588020532,-8.077641287802052,0,1
16,5,4,GNN,-11.938426,-10.383688,-1.5547380000000004,0,0
20,5,4,GNN,8.536278,12.087728,-3.551450000000001,1,1
25,5,4,GNN,8.536278,6.6829176,1.8533603999999997,1,1
27,5,4,GNN,-10.206136,-11.938141,1.7320049999999991,0,0
38,5,4,GNN,-8.635333,-9.963679,1.3283460000000016,0,0
44,5,4,GNN,7.6212277,11.208817,-3.5875892999999994,1,1
48,5,4,GNN,-10.147367,-18.36154,8.214173000000002,0,0
53,5,4,GNN,-12.901102,-9.321279,-3.5798229999999993,0,0
56,5,4,GNN,-5.8974757,-7.6150093,1.7175335999999994,0,0
57,5,4,GNN,7.392465,6.1238275,1.2686374999999996,1,1
97,5,4,GNN,9.859496,11.856432,-1.9969359999999998,1,1
98,5,4,GNN,9.134736,6.5821214,2.5526146,1,1
101,5,4,GNN,16.421785,13.633398,2.788387,1,1
115,5,4,GNN,12.982147,13.857709,-0.8755620000000004,1,1
131,5,4,GNN,-9.379538,-9.395115,0.015577000000000396,0,0
141,5,4,GNN,7.3720756,12.545626,-5.173550400000001,1,1
142,5,4,GNN,13.561231,11.264942,2.296289,1,1
155,5,4,GNN,12.901102,12.570023,0.331078999999999,1,1
159,5,4,GNN,-8.76504,-8.099756,-0.6652840000000015,0,0
163,5,4,GNN,-7.910733,-6.615394,-1.2953389999999994,0,0
167,5,4,GNN,12.073863,13.487589,-1.4137260000000005,1,1
169,5,4,GNN,-11.670309,-11.329137,-0.34117200000000025,0,0
177,5,4,GNN,-14.255758,-12.429638,-1.8261199999999995,0,0
199,5,4,GNN,-11.670309,-12.738335,1.0680259999999997,0,0
207,5,4,GNN,13.491681,11.252884,2.238797,1,1
215,5,4,GNN,-8.538379,0.2758218,-8.8142008,0,1
239,5,4,GNN,6.931175,5.7381673,1.1930077,1,1
240,5,4,GNN,-10.456034,-11.307329,0.8512949999999986,0,0
246,5,4,GNN,12.901102,12.576206,0.32489599999999896,1,1
250,5,4,GNN,-12.901102,-11.204784,-1.6963179999999998,0,0
266,5,4,GNN,-6.7197585,-7.743803,1.0240444999999996,0,0
300,5,4,GNN,11.242613,11.983786,-0.7411729999999999,1,1
312,5,4,GNN,-14.221358,-2.2807376,-11.9406204,0,0
339,5,4,GNN,-4.300797,-7.9968753,3.6960783,0,0
346,5,4,GNN,9.859496,6.4288006,3.4306954000000003,1,1
348,5,4,GNN,14.255758,13.164452,1.0913059999999994,1,1
377,5,4,GNN,-7.7940993,6.2197714,-14.0138707,0,1
385,5,4,GNN,8.160578,11.534133,-3.3735550000000014,1,1
386,5,4,GNN,-6.3842587,-3.0683272,-3.3159315,0,0
16,5,4,gb,-11.93842638,5.7535138893303035,-17.691940269330303,0,1
20,5,4,gb,8.536278132740168,7.0239387091582275,1.512339423581941,1,1
25,5,4,gb,8.536278132740168,11.678134437511964,-3.141856304771796,1,1
27,5,4,gb,-10.20613547,7.50237506034277,-17.70851053034277,0,1
38,5,4,gb,-8.635333352,-13.249385909660347,4.614052557660347,0,0
44,5,4,gb,7.621227549034938,-9.416491509651753,17.03771905868669,1,0
48,5,4,gb,-10.14736639,-13.040301076874949,2.8929346868749484,0,0
53,5,4,gb,-12.90110242,-3.4367436288277906,-9.46435879117221,0,0
56,5,4,gb,-5.897475721,7.167549527990042,-13.065025248990043,0,1
57,5,4,gb,7.392464903108631,-6.544262126112108,13.936727029220739,1,0
97,5,4,gb,9.859496001,6.847975554775037,3.0115204462249627,1,1
98,5,4,gb,9.134736505801508,3.0130438699814572,6.12169263582005,1,1
101,5,4,gb,16.42178532510618,12.882689792962518,3.5390955321436603,1,1
115,5,4,gb,12.982147179797291,11.767255554394026,1.214891625403265,1,1
131,5,4,gb,-9.379537163,-9.715808884924009,0.33627172192400856,0,0
141,5,4,gb,7.372075335145428,3.876429762454904,3.4956455726905236,1,1
142,5,4,gb,13.561230464776816,-8.406666371412589,21.967896836189404,1,0
155,5,4,gb,12.901102420085426,-5.670587692595157,18.57169011268058,1,0
159,5,4,gb,-8.765040779,-6.478228394909233,-2.2868123840907666,0,0
163,5,4,gb,-7.910733222,-10.565475657397108,2.6547424353971083,0,0
167,5,4,gb,12.073863035611195,2.8037063742388075,9.270156661372388,1,1
169,5,4,gb,-11.67030896,-9.160456149840046,-2.5098528101599538,0,0
177,5,4,gb,-14.25575783,10.298048080184657,-24.553805910184657,0,1
199,5,4,gb,-11.67030896,-11.795147090412074,0.12483813041207448,0,0
207,5,4,gb,13.491681305173802,-3.1061195950628555,16.597800900236656,1,0
215,5,4,gb,-8.538379024,11.489677303235617,-20.028056327235618,0,1
239,5,4,gb,6.9311750993597165,-7.272262453705591,14.203437553065307,1,0
240,5,4,gb,-10.45603334,-6.981268046920895,-3.4747652930791046,0,0
246,5,4,gb,12.901102420085426,0.6782869928829135,12.222815427202512,1,1
250,5,4,gb,-12.90110242,4.733318144568974,-17.634420564568977,0,1
266,5,4,gb,-6.719758736,-5.205140822695704,-1.5146179133042965,0,0
300,5,4,gb,11.242612518160245,6.498827232368828,4.743785285791417,1,1
312,5,4,gb,-14.22135851,-6.74405813377098,-7.47730037622902,0,0
339,5,4,gb,-4.300796789,14.508588744727856,-18.809385533727855,0,1
346,5,4,gb,9.859496001,3.8420343146120506,6.01746168638795,1,1
348,5,4,gb,14.25575783385418,5.355781615852902,8.899976218001278,1,1
377,5,4,gb,-7.794099338,-5.203130467520396,-2.5909688704796032,0,0
385,5,4,gb,8.160577861606914,14.52982707582004,-6.369249214213125,1,1
386,5,4,gb,-6.384258729,-5.346864210409399,-1.0373945185906006,0,0
16,5,6,GNN,-11.938426,-9.624688,-2.313737999999999,0,0
20,5,6,GNN,8.536278,7.439224,1.097053999999999,1,1
25,5,6,GNN,8.536278,0.3042755,8.2320025,1,1
27,5,6,GNN,-10.206136,-12.129912,1.9237759999999984,0,0
38,5,6,GNN,-8.635333,-13.100725,4.465392000000001,0,0
44,5,6,GNN,7.6212277,6.921065,0.7001627000000008,1,1
48,5,6,GNN,-10.147367,-15.350105,5.202738,0,0
53,5,6,GNN,-12.901102,-7.8948474,-5.0062546,0,0
56,5,6,GNN,-5.8974757,-5.643059,-0.25441670000000016,0,0
57,5,6,GNN,7.392465,6.3028426,1.0896223999999997,1,1
97,5,6,GNN,9.859496,7.557468,2.302028,1,1
98,5,6,GNN,9.134736,0.0061344467,9.1286015533,1,1
101,5,6,GNN,16.421785,12.095919,4.3258659999999995,1,1
115,5,6,GNN,12.982147,11.091864,1.8902830000000002,1,1
131,5,6,GNN,-9.379538,-8.981198,-0.398340000000001,0,0
141,5,6,GNN,7.3720756,10.23491,-2.8628343999999997,1,1
142,5,6,GNN,13.561231,8.743606,4.817625,1,1
155,5,6,GNN,12.901102,10.300603,2.6004989999999992,1,1
159,5,6,GNN,-8.76504,-6.019897,-2.7451430000000006,0,0
163,5,6,GNN,-7.910733,-8.025981,0.11524800000000024,0,0
167,5,6,GNN,12.073863,10.07941,1.994453,1,1
169,5,6,GNN,-11.670309,-10.928648,-0.7416609999999988,0,0
177,5,6,GNN,-14.255758,-11.321409,-2.934349000000001,0,0
199,5,6,GNN,-11.670309,-10.154974,-1.5153350000000003,0,0
207,5,6,GNN,13.491681,7.7925878,5.6990932,1,1
215,5,6,GNN,-8.538379,-1.4849592,-7.0534198,0,0
239,5,6,GNN,6.931175,0.95157224,5.97960276,1,1
240,5,6,GNN,-10.456034,-7.466618,-2.9894160000000003,0,0
246,5,6,GNN,12.901102,10.149805,2.751296999999999,1,1
250,5,6,GNN,-12.901102,-9.778739,-3.122363,0,0
266,5,6,GNN,-6.7197585,-6.884264,0.16450549999999975,0,0
300,5,6,GNN,11.242613,8.723349,2.5192639999999997,1,1
312,5,6,GNN,-14.221358,-7.7056537,-6.5157043,0,0
339,5,6,GNN,-4.300797,-5.7020235,1.4012265,0,0
346,5,6,GNN,9.859496,4.842298,5.017198,1,1
348,5,6,GNN,14.255758,10.751825,3.503933,1,1
377,5,6,GNN,-7.7940993,-1.7496936,-6.0444057,0,0
385,5,6,GNN,8.160578,7.831518,0.32905999999999924,1,1
386,5,6,GNN,-6.3842587,-2.1535408,-4.2307179,0,0
16,5,6,gb,-11.93842638,5.614680271508258,-17.55310665150826,0,1
20,5,6,gb,8.536278132740168,9.831882833191754,-1.2956047004515856,1,1
25,5,6,gb,8.536278132740168,12.686720654837766,-4.150442522097597,1,1
27,5,6,gb,-10.20613547,8.90859257309361,-19.11472804309361,0,1
38,5,6,gb,-8.635333352,-8.499395720292643,-0.13593763170735684,0,0
44,5,6,gb,7.621227549034938,-6.031779107073004,13.65300665610794,1,0
48,5,6,gb,-10.14736639,-8.242416703783968,-1.9049496862160318,0,0
53,5,6,gb,-12.90110242,-4.357385668684921,-8.543716751315081,0,0
56,5,6,gb,-5.897475721,6.250302087174375,-12.147777808174375,0,1
57,5,6,gb,7.392464903108631,-8.4414660587822,15.833930961890832,1,0
97,5,6,gb,9.859496001,7.96446757715548,1.8950284238445203,1,1
98,5,6,gb,9.134736505801508,1.5219812138049331,7.612755291996574,1,1
101,5,6,gb,16.42178532510618,11.1867307271468,5.235054597959378,1,1
115,5,6,gb,12.982147179797291,9.78335226543166,3.1987949143656316,1,1
131,5,6,gb,-9.379537163,-11.490039179265526,2.110502016265526,0,0
141,5,6,gb,7.372075335145428,10.05724522324811,-2.685169888102682,1,1
142,5,6,gb,13.561230464776816,-9.356526949484104,22.91775741426092,1,0
155,5,6,gb,12.901102420085426,-8.22291893002331,21.124021350108734,1,0
159,5,6,gb,-8.765040779,-1.6232095082675793,-7.14183127073242,0,0
163,5,6,gb,-7.910733222,-9.023067167393808,1.1123339453938081,0,0
167,5,6,gb,12.073863035611195,9.042680739908116,3.031182295703079,1,1
169,5,6,gb,-11.67030896,-11.594394234626597,-0.07591472537340316,0,0
177,5,6,gb,-14.25575783,2.2864130728304515,-16.542170902830453,0,1
199,5,6,gb,-11.67030896,-10.9438591623678,-0.7264497976321991,0,0
207,5,6,gb,13.491681305173802,2.545724889830076,10.945956415343726,1,1
215,5,6,gb,-8.538379024,2.6491201064163534,-11.187499130416352,0,1
239,5,6,gb,6.9311750993597165,-3.985166131910989,10.916341231270705,1,0
240,5,6,gb,-10.45603334,-5.930375968646621,-4.525657371353378,0,0
246,5,6,gb,12.901102420085426,-7.766266622765108,20.667369042850535,1,0
250,5,6,gb,-12.90110242,6.476131620929762,-19.377234040929764,0,1
266,5,6,gb,-6.719758736,-6.542762934829637,-0.17699580117036362,0,0
300,5,6,gb,11.242612518160245,0.6584392171676418,10.584173300992603,1,1
312,5,6,gb,-14.22135851,-1.6565153033378637,-12.564843206662136,0,0
339,5,6,gb,-4.300796789,12.398661238726184,-16.699458027726184,0,1
346,5,6,gb,9.859496001,6.41608393248319,3.4434120685168104,1,1
348,5,6,gb,14.25575783385418,2.603301093595175,11.652456740259005,1,1
377,5,6,gb,-7.794099338,8.132917027097255,-15.927016365097256,0,1
385,5,6,gb,8.160577861606914,13.435018546515618,-5.274440684908704,1,1
386,5,6,gb,-6.384258729,-0.5778452857751183,-5.806413443224882,0,0
16,5,7,GNN,-11.938426,-9.72112,-2.217305999999999,0,0
20,5,7,GNN,8.536278,9.434509,-0.8982310000000009,1,1
25,5,7,GNN,8.536278,4.381474,4.1548039999999995,1,1
27,5,7,GNN,-10.206136,-13.581933,3.3757969999999986,0,0
38,5,7,GNN,-8.635333,-12.26577,3.6304370000000006,0,0
44,5,7,GNN,7.6212277,8.172371,-0.5511432999999997,1,1
48,5,7,GNN,-10.147367,-15.47954,5.332173000000001,0,0
53,5,7,GNN,-12.901102,-8.717718,-4.183384,0,0
56,5,7,GNN,-5.8974757,-7.623957,1.7264812999999997,0,0
57,5,7,GNN,7.392465,4.833691,2.5587739999999997,1,1
97,5,7,GNN,9.859496,8.74499,1.1145060000000004,1,1
98,5,7,GNN,9.134736,4.220217,4.914519,1,1
101,5,7,GNN,16.421785,11.342232,5.079553000000001,1,1
115,5,7,GNN,12.982147,10.676441,2.305705999999999,1,1
131,5,7,GNN,-9.379538,-9.085028,-0.2945100000000007,0,0
141,5,7,GNN,7.3720756,9.798193,-2.4261174,1,1
142,5,7,GNN,13.561231,10.093025,3.4682059999999986,1,1
155,5,7,GNN,12.901102,9.732388,3.1687139999999996,1,1
159,5,7,GNN,-8.76504,-7.9765906,-0.7884494000000011,0,0
163,5,7,GNN,-7.910733,-7.8757367,-0.034996299999999536,0,0
167,5,7,GNN,12.073863,10.874323,1.199539999999999,1,1
169,5,7,GNN,-11.670309,-10.722577,-0.9477320000000002,0,0
177,5,7,GNN,-14.255758,-12.284084,-1.9716740000000001,0,0
199,5,7,GNN,-11.670309,-11.798573,0.1282639999999997,0,0
207,5,7,GNN,13.491681,8.540199,4.951482,1,1
215,5,7,GNN,-8.538379,-2.3640656,-6.174313400000001,0,0
239,5,7,GNN,6.931175,4.295245,2.635929999999999,1,1
240,5,7,GNN,-10.456034,-10.114392,-0.3416420000000002,0,0
246,5,7,GNN,12.901102,9.806995,3.0941069999999993,1,1
250,5,7,GNN,-12.901102,-10.150583,-2.7505190000000006,0,0
266,5,7,GNN,-6.7197585,-7.8502164,1.1304578999999997,0,0
300,5,7,GNN,11.242613,9.541939,1.7006740000000011,1,1
312,5,7,GNN,-14.221358,-7.2800612,-6.941296800000001,0,0
339,5,7,GNN,-4.300797,-8.29123,3.9904330000000003,0,0
346,5,7,GNN,9.859496,5.048328,4.811168,1,1
348,5,7,GNN,14.255758,10.77141,3.4843480000000007,1,1
377,5,7,GNN,-7.7940993,4.9840827,-12.778182000000001,0,1
385,5,7,GNN,8.160578,8.519204,-0.358626000000001,1,1
386,5,7,GNN,-6.3842587,-4.727054,-1.6572047000000003,0,0
16,5,7,gb,-11.93842638,6.058905621312283,-17.99733200131228,0,1
20,5,7,gb,8.536278132740168,6.711672350532381,1.8246057822077875,1,1
25,5,7,gb,8.536278132740168,10.4724929742158,-1.936214841475632,1,1
27,5,7,gb,-10.20613547,8.454056997848856,-18.660192467848855,0,1
38,5,7,gb,-8.635333352,-12.30261624991156,3.6672828979115604,0,0
44,5,7,gb,7.621227549034938,0.7175539326668048,6.903673616368133,1,1
48,5,7,gb,-10.14736639,-13.678783217745208,3.5314168277452076,0,0
53,5,7,gb,-12.90110242,-0.5959667747829487,-12.305135645217053,0,0
56,5,7,gb,-5.897475721,4.276989684067347,-10.174465405067348,0,1
57,5,7,gb,7.392464903108631,-5.654747003059164,13.047211906167796,1,0
97,5,7,gb,9.859496001,12.659629111785868,-2.8001331107858682,1,1
98,5,7,gb,9.134736505801508,8.014839296082798,1.1198972097187099,1,1
101,5,7,gb,16.42178532510618,13.22040295428217,3.2013823708240086,1,1
115,5,7,gb,12.982147179797291,9.490341822144508,3.491805357652783,1,1
131,5,7,gb,-9.379537163,-10.935563319721904,1.556026156721904,0,0
141,5,7,gb,7.372075335145428,4.552156756170004,2.8199185789754235,1,1
142,5,7,gb,13.561230464776816,-8.394488357659222,21.95571882243604,1,0
155,5,7,gb,12.901102420085426,-10.460776642252602,23.361879062338026,1,0
159,5,7,gb,-8.765040779,-1.6980764143511162,-7.066964364648883,0,0
163,5,7,gb,-7.910733222,3.617444004301464,-11.528177226301464,0,1
167,5,7,gb,12.073863035611195,3.169108033246664,8.904755002364531,1,1
169,5,7,gb,-11.67030896,-11.003878564302738,-0.6664303956972617,0,0
177,5,7,gb,-14.25575783,-3.9857211521496505,-10.27003667785035,0,0
199,5,7,gb,-11.67030896,-11.375568709392478,-0.2947402506075214,0,0
207,5,7,gb,13.491681305173802,4.568602163387868,8.923079141785934,1,1
215,5,7,gb,-8.538379024,12.434046454840034,-20.972425478840034,0,1
239,5,7,gb,6.9311750993597165,-8.251137861549385,15.182312960909101,1,0
240,5,7,gb,-10.45603334,-7.008967150986466,-3.4470661890135332,0,0
246,5,7,gb,12.901102420085426,0.1337428485015816,12.767359571583844,1,1
250,5,7,gb,-12.90110242,8.427431617178769,-21.32853403717877,0,1
266,5,7,gb,-6.719758736,-7.082690311943675,0.36293157594367464,0,0
300,5,7,gb,11.242612518160245,-7.492751616937056,18.7353641350973,1,0
312,5,7,gb,-14.22135851,-0.5406577844236046,-13.680700725576395,0,0
339,5,7,gb,-4.300796789,7.949732891031976,-12.250529680031976,0,1
346,5,7,gb,9.859496001,11.52781241339419,-1.6683164123941907,1,1
348,5,7,gb,14.25575783385418,3.051241492853497,11.204516341000682,1,1
377,5,7,gb,-7.794099338,-4.402596678796786,-3.391502659203214,0,0
385,5,7,gb,8.160577861606914,6.752788831581577,1.407789030025337,1,1
386,5,7,gb,-6.384258729,-1.221245377137825,-5.163013351862174,0,0
16,5,8,GNN,-11.938426,-9.647081,-2.2913449999999997,0,0
20,5,8,GNN,8.536278,12.128603,-3.5923250000000007,1,1
25,5,8,GNN,8.536278,6.6413035,1.8949744999999991,1,1
27,5,8,GNN,-10.206136,-12.615843,2.409706999999999,0,0
38,5,8,GNN,-8.635333,-13.721749,5.086416000000002,0,0
44,5,8,GNN,7.6212277,9.422272,-1.8010442999999992,1,1
48,5,8,GNN,-10.147367,-15.917672,5.7703050000000005,0,0
53,5,8,GNN,-12.901102,-8.152599,-4.7485029999999995,0,0
56,5,8,GNN,-5.8974757,-6.9856243,1.0881485999999994,0,0
57,5,8,GNN,7.392465,5.449509,1.9429559999999997,1,1
97,5,8,GNN,9.859496,10.035581,-0.1760850000000005,1,1
98,5,8,GNN,9.134736,6.457148,2.677588,1,1
101,5,8,GNN,16.421785,13.4075365,3.014248499999999,1,1
115,5,8,GNN,12.982147,12.192392,0.7897549999999995,1,1
131,5,8,GNN,-9.379538,-8.389205,-0.9903329999999997,0,0
141,5,8,GNN,7.3720756,10.886966,-3.5148903999999996,1,1
142,5,8,GNN,13.561231,10.262954,3.298276999999999,1,1
155,5,8,GNN,12.901102,10.16864,2.732462,1,1
159,5,8,GNN,-8.76504,-7.0281153,-1.7369247000000012,0,0
163,5,8,GNN,-7.910733,-6.4439764,-1.4667565999999992,0,0
167,5,8,GNN,12.073863,11.085087,0.9887759999999997,1,1
169,5,8,GNN,-11.670309,-11.219884,-0.4504249999999992,0,0
177,5,8,GNN,-14.255758,-12.676336,-1.579422000000001,0,0
199,5,8,GNN,-11.670309,-12.054059,0.3837500000000009,0,0
207,5,8,GNN,13.491681,10.081211,3.41047,1,1
215,5,8,GNN,-8.538379,1.8925518,-10.4309308,0,1
239,5,8,GNN,6.931175,5.1696014,1.7615735999999993,1,1
240,5,8,GNN,-10.456034,-10.372711,-0.08332300000000004,0,0
246,5,8,GNN,12.901102,10.329341,2.5717610000000004,1,1
250,5,8,GNN,-12.901102,-9.709683,-3.191419,0,0
266,5,8,GNN,-6.7197585,-8.750092,2.0303335000000002,0,0
300,5,8,GNN,11.242613,10.429598,0.813015,1,1
312,5,8,GNN,-14.221358,-6.160099,-8.061259,0,0
339,5,8,GNN,-4.300797,-7.524689,3.223892,0,0
346,5,8,GNN,9.859496,5.65412,4.205376,1,1
348,5,8,GNN,14.255758,11.164886,3.090872000000001,1,1
377,5,8,GNN,-7.7940993,5.706893,-13.5009923,0,1
385,5,8,GNN,8.160578,10.12581,-1.9652320000000003,1,1
386,5,8,GNN,-6.3842587,-1.1913153,-5.1929434,0,0
16,5,8,gb,-11.93842638,6.110988812739945,-18.049415192739943,0,1
20,5,8,gb,8.536278132740168,9.342300379324683,-0.806022246584515,1,1
25,5,8,gb,8.536278132740168,11.492457365732676,-2.9561792329925076,1,1
27,5,8,gb,-10.20613547,10.901446444839552,-21.10758191483955,0,1
38,5,8,gb,-8.635333352,-9.786437654333286,1.1511043023332856,0,0
44,5,8,gb,7.621227549034938,-15.151363757008555,22.772591306043495,1,0
48,5,8,gb,-10.14736639,3.7018605198093817,-13.849226909809381,0,1
53,5,8,gb,-12.90110242,5.149221714265703,-18.050324134265704,0,1
56,5,8,gb,-5.897475721,5.5754314018482996,-11.4729071228483,0,1
57,5,8,gb,7.392464903108631,-11.893639748812692,19.286104651921324,1,0
97,5,8,gb,9.859496001,4.956056844856078,4.903439156143922,1,1
98,5,8,gb,9.134736505801508,5.299908105847954,3.8348283999535537,1,1
101,5,8,gb,16.42178532510618,10.03327942785294,6.388505897253239,1,1
115,5,8,gb,12.982147179797291,8.952527146137957,4.029620033659334,1,1
131,5,8,gb,-9.379537163,-12.317325490079854,2.937788327079854,0,0
141,5,8,gb,7.372075335145428,5.467781019819519,1.9042943153259086,1,1
142,5,8,gb,13.561230464776816,-2.359511897223478,15.920742362000293,1,0
155,5,8,gb,12.901102420085426,-7.387997383321136,20.28909980340656,1,0
159,5,8,gb,-8.765040779,-3.492985385781071,-5.2720553932189285,0,0
163,5,8,gb,-7.910733222,-6.1173957172379705,-1.7933375047620297,0,0
167,5,8,gb,12.073863035611195,8.578981608454397,3.4948814271567983,1,1
169,5,8,gb,-11.67030896,-9.793023432858238,-1.877285527141762,0,0
177,5,8,gb,-14.25575783,5.728381711871744,-19.984139541871745,0,1
199,5,8,gb,-11.67030896,-10.62942599520988,-1.0408829647901197,0,0
207,5,8,gb,13.491681305173802,4.538833494716344,8.95284781045746,1,1
215,5,8,gb,-8.538379024,0.0084653155151845,-8.546844339515184,0,1
239,5,8,gb,6.9311750993597165,-7.096818336761336,14.027993436121053,1,0
240,5,8,gb,-10.45603334,-5.3661047574404135,-5.089928582559586,0,0
246,5,8,gb,12.901102420085426,-2.3634447878371345,15.264547207922561,1,0
250,5,8,gb,-12.90110242,5.964522273913452,-18.865624693913453,0,1
266,5,8,gb,-6.719758736,-7.754369987279381,1.0346112512793812,0,0
300,5,8,gb,11.242612518160245,6.650346915936622,4.592265602223622,1,1
312,5,8,gb,-14.22135851,2.236178121762232,-16.45753663176223,0,1
339,5,8,gb,-4.300796789,14.706093036476362,-19.006889825476364,0,1
346,5,8,gb,9.859496001,1.6403149649740123,8.219181036025988,1,1
348,5,8,gb,14.25575783385418,-10.932481015653035,25.188238849507215,1,0
377,5,8,gb,-7.794099338,4.077111540453909,-11.871210878453908,0,1
385,5,8,gb,8.160577861606914,-1.112219838552087,9.272797700159,1,0
386,5,8,gb,-6.384258729,-9.1767213694284,2.7924626404283996,0,0
16,5,9,GNN,-11.938426,-10.930625,-1.0078010000000006,0,0
20,5,9,GNN,8.536278,10.258908,-1.7226300000000005,1,1
25,5,9,GNN,8.536278,5.573995,2.9622829999999993,1,1
27,5,9,GNN,-10.206136,-10.8094,0.6032639999999994,0,0
38,5,9,GNN,-8.635333,-11.7159,3.0805670000000003,0,0
44,5,9,GNN,7.6212277,8.738938,-1.1177102999999988,1,1
48,5,9,GNN,-10.147367,-13.163258,3.0158910000000017,0,0
53,5,9,GNN,-12.901102,-7.187651,-5.713451,0,0
56,5,9,GNN,-5.8974757,-8.111785,2.214309299999999,0,0
57,5,9,GNN,7.392465,7.4853163,-0.09285130000000041,1,1
97,5,9,GNN,9.859496,10.16733,-0.3078339999999997,1,1
98,5,9,GNN,9.134736,5.4943237,3.6404123000000004,1,1
101,5,9,GNN,16.421785,13.723824,2.6979609999999994,1,1
115,5,9,GNN,12.982147,13.247117,-0.26496999999999993,1,1
131,5,9,GNN,-9.379538,-9.484168,0.10463000000000022,0,0
141,5,9,GNN,7.3720756,12.368569,-4.996493400000001,1,1
142,5,9,GNN,13.561231,11.666975,1.8942559999999986,1,1
155,5,9,GNN,12.901102,14.145231,-1.244129000000001,1,1
159,5,9,GNN,-8.76504,-7.0910063,-1.6740337000000007,0,0
163,5,9,GNN,-7.910733,-5.9998865,-1.9108465,0,0
167,5,9,GNN,12.073863,13.205897,-1.1320340000000009,1,1
169,5,9,GNN,-11.670309,-8.607038,-3.0632710000000003,0,0
177,5,9,GNN,-14.255758,-10.468699,-3.7870589999999993,0,0
199,5,9,GNN,-11.670309,-11.087705,-0.5826039999999999,0,0
207,5,9,GNN,13.491681,10.3872595,3.104421499999999,1,1
215,5,9,GNN,-8.538379,-0.3217597,-8.216619300000001,0,0
239,5,9,GNN,6.931175,5.286101,1.6450739999999993,1,1
240,5,9,GNN,-10.456034,-8.120627,-2.335407,0,0
246,5,9,GNN,12.901102,13.685258,-0.7841559999999994,1,1
250,5,9,GNN,-12.901102,-7.826499,-5.074603,0,0
266,5,9,GNN,-6.7197585,-6.8011684,0.0814098999999997,0,0
300,5,9,GNN,11.242613,11.824029,-0.581415999999999,1,1
312,5,9,GNN,-14.221358,-3.2811444,-10.9402136,0,0
339,5,9,GNN,-4.300797,-7.7135324,3.4127354,0,0
346,5,9,GNN,9.859496,7.7107773,2.1487187,1,1
348,5,9,GNN,14.255758,13.156274,1.0994840000000003,1,1
377,5,9,GNN,-7.7940993,6.7269845,-14.5210838,0,1
385,5,9,GNN,8.160578,10.029193,-1.8686150000000001,1,1
386,5,9,GNN,-6.3842587,-4.9340982,-1.4501605,0,0
16,5,9,gb,-11.93842638,3.0377540283691915,-14.97618040836919,0,1
20,5,9,gb,8.536278132740168,5.410225841762636,3.1260522909775323,1,1
25,5,9,gb,8.536278132740168,11.077455656801565,-2.5411775240613963,1,1
27,5,9,gb,-10.20613547,10.135127103632051,-20.34126257363205,0,1
38,5,9,gb,-8.635333352,-11.877951528555212,3.2426181765552116,0,0
44,5,9,gb,7.621227549034938,-0.6296431494691413,8.250870698504079,1,0
48,5,9,gb,-10.14736639,-11.372513934956658,1.2251475449566573,0,0
53,5,9,gb,-12.90110242,-10.549302920077368,-2.351799499922633,0,0
56,5,9,gb,-5.897475721,5.6011802678287825,-11.498655988828784,0,1
57,5,9,gb,7.392464903108631,-8.138845086205427,15.531309989314057,1,0
97,5,9,gb,9.859496001,12.39558074272346,-2.53608474172346,1,1
98,5,9,gb,9.134736505801508,6.772491665487905,2.3622448403136023,1,1
101,5,9,gb,16.42178532510618,12.841771115632364,3.5800142094738145,1,1
115,5,9,gb,12.982147179797291,10.988690883096815,1.9934562967004759,1,1
131,5,9,gb,-9.379537163,-10.896401362631432,1.5168641996314314,0,0
141,5,9,gb,7.372075335145428,10.866884130692448,-3.49480879554702,1,1
142,5,9,gb,13.561230464776816,-9.141375634841047,22.702606099617864,1,0
155,5,9,gb,12.901102420085426,-4.423982714343312,17.32508513442874,1,0
159,5,9,gb,-8.765040779,-0.9555223948945656,-7.809518384105434,0,0
163,5,9,gb,-7.910733222,-1.91303091956757,-5.99770230243243,0,0
167,5,9,gb,12.073863035611195,10.906808281528075,1.1670547540831198,1,1
169,5,9,gb,-11.67030896,-9.897152649711574,-1.7731563102884262,0,0
177,5,9,gb,-14.25575783,-2.1754254833100575,-12.080332346689943,0,0
199,5,9,gb,-11.67030896,-11.019810421797551,-0.6504985382024486,0,0
207,5,9,gb,13.491681305173802,1.3964787484715102,12.095202556702292,1,1
215,5,9,gb,-8.538379024,3.233764758399489,-11.772143782399489,0,1
239,5,9,gb,6.9311750993597165,-9.46524787214284,16.396422971502556,1,0
240,5,9,gb,-10.45603334,-6.169930824733264,-4.286102515266736,0,0
246,5,9,gb,12.901102420085426,-9.882711155610329,22.783813575695753,1,0
250,5,9,gb,-12.90110242,7.267599156060275,-20.168701576060275,0,1
266,5,9,gb,-6.719758736,-5.576437405153441,-1.1433213308465593,0,0
300,5,9,gb,11.242612518160245,-6.733579023905551,17.976191542065795,1,0
312,5,9,gb,-14.22135851,-0.207878050907737,-14.013480459092262,0,0
339,5,9,gb,-4.300796789,-0.5747644266374637,-3.726032362362536,0,0
346,5,9,gb,9.859496001,8.419653586679647,1.4398424143203528,1,1
348,5,9,gb,14.25575783385418,4.549456251484301,9.706301582369878,1,1
377,5,9,gb,-7.794099338,-0.689458248396047,-7.104641089603953,0,0
385,5,9,gb,8.160577861606914,14.498783214931292,-6.338205353324378,1,1
386,5,9,gb,-6.384258729,-1.2177546763191591,-5.166504052680841,0,0
16,5,10,GNN,-11.938426,-10.3982725,-1.5401535000000006,0,0
20,5,10,GNN,8.536278,10.651596,-2.1153180000000003,1,1
25,5,10,GNN,8.536278,4.650409,3.8858689999999996,1,1
27,5,10,GNN,-10.206136,-11.492218,1.2860819999999986,0,0
38,5,10,GNN,-8.635333,-11.730331,3.0949980000000004,0,0
44,5,10,GNN,7.6212277,10.800968,-3.179740299999999,1,1
48,5,10,GNN,-10.147367,-12.558268,2.410901000000001,0,0
53,5,10,GNN,-12.901102,-9.194898,-3.7062039999999996,0,0
56,5,10,GNN,-5.8974757,-8.426266,2.5287903,0,0
57,5,10,GNN,7.392465,4.7775474,2.614917599999999,1,1
97,5,10,GNN,9.859496,11.02385,-1.1643539999999994,1,1
98,5,10,GNN,9.134736,4.3765745,4.7581615,1,1
101,5,10,GNN,16.421785,12.300652,4.121133,1,1
115,5,10,GNN,12.982147,13.235817,-0.2536700000000014,1,1
131,5,10,GNN,-9.379538,-8.4403925,-0.9391455000000004,0,0
141,5,10,GNN,7.3720756,10.572477,-3.2004013999999996,1,1
142,5,10,GNN,13.561231,11.223478,2.3377529999999993,1,1
155,5,10,GNN,12.901102,11.242126,1.6589759999999991,1,1
159,5,10,GNN,-8.76504,-7.957617,-0.8074230000000009,0,0
163,5,10,GNN,-7.910733,-5.581942,-2.328791,0,0
167,5,10,GNN,12.073863,12.108295,-0.034432000000000684,1,1
169,5,10,GNN,-11.670309,-9.83132,-1.8389889999999998,0,0
177,5,10,GNN,-14.255758,-11.827585,-2.428173000000001,0,0
199,5,10,GNN,-11.670309,-11.710695,0.04038599999999981,0,0
207,5,10,GNN,13.491681,10.104435,3.3872459999999993,1,1
215,5,10,GNN,-8.538379,-0.328366,-8.210013,0,0
239,5,10,GNN,6.931175,4.4714866,2.459688399999999,1,1
240,5,10,GNN,-10.456034,-9.8200035,-0.6360305000000004,0,0
246,5,10,GNN,12.901102,11.319089,1.582013,1,1
250,5,10,GNN,-12.901102,-10.335143,-2.5659589999999994,0,0
266,5,10,GNN,-6.7197585,-8.144557,1.4247985000000005,0,0
300,5,10,GNN,11.242613,10.386215,0.8563980000000004,1,1
312,5,10,GNN,-14.221358,-6.2708488,-7.950509200000001,0,0
339,5,10,GNN,-4.300797,-8.69504,4.394243,0,0
346,5,10,GNN,9.859496,4.7579637,5.1015323,1,1
348,5,10,GNN,14.255758,12.282429,1.9733289999999997,1,1
377,5,10,GNN,-7.7940993,4.9230742,-12.717173500000001,0,1
385,5,10,GNN,8.160578,10.676422,-2.5158440000000013,1,1
386,5,10,GNN,-6.3842587,-1.9796978,-4.4045609,0,0
16,5,10,gb,-11.93842638,1.5301128001608193,-13.468539180160818,0,1
20,5,10,gb,8.536278132740168,8.58233745272678,-0.04605931998661106,1,1
25,5,10,gb,8.536278132740168,10.629635743917923,-2.0933576111777548,1,1
27,5,10,gb,-10.20613547,10.345067873487574,-20.551203343487572,0,1
38,5,10,gb,-8.635333352,-12.64000040810922,4.00466705610922,0,0
44,5,10,gb,7.621227549034938,-14.09383080815592,21.715058357190856,1,0
48,5,10,gb,-10.14736639,-3.4085018470294863,-6.738864542970514,0,0
53,5,10,gb,-12.90110242,-1.2024687004979229,-11.698633719502078,0,0
56,5,10,gb,-5.897475721,6.571821757029206,-12.469297478029207,0,1
57,5,10,gb,7.392464903108631,-5.59008380909411,12.98254871220274,1,0
97,5,10,gb,9.859496001,5.76569154418144,4.09380445681856,1,1
98,5,10,gb,9.134736505801508,8.133647878780227,1.0010886270212804,1,1
101,5,10,gb,16.42178532510618,11.17779425156788,5.243991073538298,1,1
115,5,10,gb,12.982147179797291,8.474133641057136,4.508013538740155,1,1
131,5,10,gb,-9.379537163,-8.768460366592128,-0.6110767964078718,0,0
141,5,10,gb,7.372075335145428,7.2167394577861295,0.1553358773592981,1,1
142,5,10,gb,13.561230464776816,-9.325889556058792,22.88712002083561,1,0
155,5,10,gb,12.901102420085426,-4.742985821695312,17.644088241780736,1,0
159,5,10,gb,-8.765040779,-1.2713398348638432,-7.493700944136156,0,0
163,5,10,gb,-7.910733222,-4.048174507885134,-3.862558714114866,0,0
167,5,10,gb,12.073863035611195,9.823658836657463,2.250204198953732,1,1
169,5,10,gb,-11.67030896,-10.92060019352947,-0.7497087664705298,0,0
177,5,10,gb,-14.25575783,7.289135618435219,-21.544893448435218,0,1
199,5,10,gb,-11.67030896,-10.222139300383365,-1.4481696596166351,0,0
207,5,10,gb,13.491681305173802,-4.909007078067166,18.40068838324097,1,0
215,5,10,gb,-8.538379024,11.210825470349876,-19.749204494349875,0,1
239,5,10,gb,6.9311750993597165,-6.413126047041604,13.344301146401321,1,0
240,5,10,gb,-10.45603334,-2.646076095643069,-7.80995724435693,0,0
246,5,10,gb,12.901102420085426,-7.972786777721705,20.87388919780713,1,0
250,5,10,gb,-12.90110242,3.1132726292622537,-16.014375049262256,0,1
266,5,10,gb,-6.719758736,-0.5062990224086646,-6.213459713591336,0,0
300,5,10,gb,11.242612518160245,7.524670873637588,3.717941644522657,1,1
312,5,10,gb,-14.22135851,-0.7724365005871224,-13.448922009412877,0,0
339,5,10,gb,-4.300796789,6.592616521764239,-10.893413310764238,0,1
346,5,10,gb,9.859496001,-0.3579997679517903,10.21749576895179,1,0
348,5,10,gb,14.25575783385418,7.222674699807437,7.033083134046742,1,1
377,5,10,gb,-7.794099338,-6.6090547981223375,-1.1850445398776621,0,0
385,5,10,gb,8.160577861606914,8.378161728228617,-0.2175838666217036,1,1
386,5,10,gb,-6.384258729,-1.2000884055256773,-5.184170323474323,0,0
5,6,1,GNN,-12.073863,-11.334562,-0.7393009999999993,0,0
28,6,1,GNN,9.859496,10.652867,-0.7933710000000005,1,1
37,6,1,GNN,-12.901102,-11.445875,-1.4552270000000007,0,0
42,6,1,GNN,-6.9379215,-7.8388963,0.9009748000000002,0,0
45,6,1,GNN,-12.727605,-12.121836,-0.6057690000000004,0,0
47,6,1,GNN,-9.859496,-11.040177,1.1806809999999999,0,0
50,6,1,GNN,8.27141,12.787984,-4.516574,1,1
60,6,1,GNN,-11.073144,-8.994833,-2.0783109999999994,0,0
70,6,1,GNN,-4.9630437,-12.129014,7.1659703,0,0
75,6,1,GNN,14.255758,14.741814,-0.4860559999999996,1,1
99,6,1,GNN,-6.9495783,-6.0729966,-0.8765817,0,0
105,6,1,GNN,5.4825664,11.118989,-5.6364225999999995,1,1
113,6,1,GNN,4.767139,2.214673,2.5524660000000003,1,1
121,6,1,GNN,-6.734521,-5.0042415,-1.7302795,0,0
137,6,1,GNN,8.822678,12.86897,-4.046291999999999,1,1
147,6,1,GNN,16.421785,12.995776,3.4260090000000005,1,1
153,6,1,GNN,10.784142,10.262292,0.5218499999999988,1,1
162,6,1,GNN,6.626992,11.144546,-4.517554,1,1
168,6,1,GNN,16.421785,12.730939,3.6908460000000005,1,1
172,6,1,GNN,-4.8770833,-1.0030116,-3.8740717,0,0
188,6,1,GNN,-8.472118,-9.061337,0.5892189999999999,0,0
192,6,1,GNN,-9.134736,-4.905051,-4.229685,0,0
203,6,1,GNN,-6.9530387,-7.0208435,0.06780480000000022,0,0
221,6,1,GNN,13.781273,10.94539,2.835883000000001,1,1
225,6,1,GNN,-7.7940993,-3.0088153,-4.785284,0,0
238,6,1,GNN,12.982147,12.343723,0.6384239999999988,1,1
243,6,1,GNN,10.289876,12.172608,-1.8827320000000007,1,1
256,6,1,GNN,-2.6722217,-12.918242,10.2460203,0,0
260,6,1,GNN,-11.670309,-4.4799876,-7.190321399999999,0,0
270,6,1,GNN,9.350891,10.939673,-1.5887820000000001,1,1
273,6,1,GNN,12.073863,13.72477,-1.6509070000000001,1,1
275,6,1,GNN,9.842778,11.649004,-1.8062260000000006,1,1
293,6,1,GNN,-1.8525255,5.0289855,-6.881511,0,1
321,6,1,GNN,-8.27141,6.494391,-14.765801,0,1
328,6,1,GNN,0.12411132,10.248449,-10.12433768,1,1
337,6,1,GNN,-10.132467,-11.686802,1.554335,0,0
355,6,1,GNN,5.7915688,9.511807,-3.720238199999999,1,1
356,6,1,GNN,6.4582996,9.877119,-3.4188194000000003,1,1
363,6,1,GNN,-6.331988,-4.7540445,-1.5779435,0,0
5,6,1,gb,-12.07386304,9.21062501184304,-21.28448805184304,0,1
28,6,1,gb,9.859496001,10.036307128491714,-0.1768111274917139,1,1
37,6,1,gb,-12.90110242,-5.583169442562283,-7.317932977437718,0,0
42,6,1,gb,-6.937921539,6.769358718828588,-13.70728025782859,0,1
45,6,1,gb,-12.72760478,-11.51911531436398,-1.2084894656360206,0,0
47,6,1,gb,-9.859496001,2.096197633507525,-11.955693634507526,0,1
50,6,1,gb,8.271410102019884,-7.768768113108943,16.040178215128826,1,0
60,6,1,gb,-11.07314401,-10.593632120617883,-0.47951188938211686,0,0
70,6,1,gb,-4.963043658,-4.304217095480007,-0.6588265625199927,0,0
75,6,1,gb,14.25575783385418,7.701340084362224,6.5544177494919555,1,1
99,6,1,gb,-6.949578332,-5.418221777625826,-1.5313565543741738,0,0
105,6,1,gb,5.4825661203137965,-1.0549287632650224,6.537494883578819,1,0
113,6,1,gb,4.767138942868287,10.368957385729214,-5.601818442860927,1,1
121,6,1,gb,-6.73452098,8.805382693608946,-15.539903673608947,0,1
137,6,1,gb,8.822677770172534,10.94481289619797,-2.1221351260254355,1,1
147,6,1,gb,16.42178532510618,9.089961060658029,7.33182426444815,1,1
153,6,1,gb,10.784141163895436,-1.210920545827886,11.995061709723322,1,0
162,6,1,gb,6.626992303984755,-9.949509621975276,16.57650192596003,1,0
168,6,1,gb,16.42178532510618,12.438439936760425,3.9833453883457537,1,1
172,6,1,gb,-4.877083461,-9.993789478153513,5.116706017153513,0,0
188,6,1,gb,-8.472118403,-1.6250068148165184,-6.847111588183481,0,0
192,6,1,gb,-9.134736506,10.431852652135904,-19.566589158135905,0,1
203,6,1,gb,-6.953038651,-8.83709688881425,1.8840582378142496,0,0
221,6,1,gb,13.781273146340617,8.505163456807567,5.276109689533049,1,1
225,6,1,gb,-7.794099338,-5.526499337415479,-2.2676000005845207,0,0
238,6,1,gb,12.982147179797291,-4.144565191008324,17.126712370805613,1,0
243,6,1,gb,10.28987590712608,1.5983283269049555,8.691547580221124,1,1
256,6,1,gb,-2.672221739,10.228361363089135,-12.900583102089135,0,1
260,6,1,gb,-11.67030896,-8.00526312042018,-3.66504583957982,0,0
270,6,1,gb,9.35089077271046,10.358191713989772,-1.0073009412793112,1,1
273,6,1,gb,12.073863035611195,9.960244899760784,2.1136181358504107,1,1
275,6,1,gb,9.842777870601656,-1.707869482420207,11.550647353021864,1,0
293,6,1,gb,-1.852525501,-0.6966812389186618,-1.155844262081338,0,0
321,6,1,gb,-8.271410102,7.14569522290314,-15.41710532490314,0,1
328,6,1,gb,0.1241113139407008,12.578870834368743,-12.454759520428043,1,1
337,6,1,gb,-10.1324674,-11.627761176965404,1.4952937769654042,0,0
355,6,1,gb,5.791568764566212,-4.263296591248574,10.054865355814787,1,0
356,6,1,gb,6.4582994316565125,-2.7792538438867496,9.237553275543263,1,0
363,6,1,gb,-6.331987711,-8.573514873200223,2.2415271622002226,0,0
5,6,2,GNN,-12.073863,-10.772985,-1.300877999999999,0,0
28,6,2,GNN,9.859496,10.73921,-0.8797139999999999,1,1
37,6,2,GNN,-12.901102,-12.366649,-0.5344529999999992,0,0
42,6,2,GNN,-6.9379215,-8.023429,1.0855075000000003,0,0
45,6,2,GNN,-12.727605,-11.674412,-1.0531930000000003,0,0
47,6,2,GNN,-9.859496,-11.053513,1.1940170000000006,0,0
50,6,2,GNN,8.27141,11.228863,-2.957453000000001,1,1
60,6,2,GNN,-11.073144,-10.099513,-0.9736309999999992,0,0
70,6,2,GNN,-4.9630437,-10.232886,5.2698423000000005,0,0
75,6,2,GNN,14.255758,13.261793,0.9939649999999993,1,1
99,6,2,GNN,-6.9495783,-6.0313773,-0.9182009999999998,0,0
105,6,2,GNN,5.4825664,9.312586,-3.8300196,1,1
113,6,2,GNN,4.767139,5.143067,-0.37592800000000004,1,1
121,6,2,GNN,-6.734521,-5.561539,-1.1729820000000002,0,0
137,6,2,GNN,8.822678,13.097442,-4.274763999999999,1,1
147,6,2,GNN,16.421785,11.2559,5.165884999999999,1,1
153,6,2,GNN,10.784142,10.130186,0.6539559999999991,1,1
162,6,2,GNN,6.626992,11.138021,-4.511029,1,1
168,6,2,GNN,16.421785,11.259531,5.162253999999999,1,1
172,6,2,GNN,-4.8770833,-5.197927,0.3208437000000002,0,0
188,6,2,GNN,-8.472118,-9.187445,0.7153270000000003,0,0
192,6,2,GNN,-9.134736,-6.3998322,-2.7349038000000006,0,0
203,6,2,GNN,-6.9530387,-6.67518,-0.27785869999999946,0,0
221,6,2,GNN,13.781273,10.221304,3.5599690000000006,1,1
225,6,2,GNN,-7.7940993,-0.20762539,-7.5864739100000005,0,0
238,6,2,GNN,12.982147,10.856809,2.1253379999999993,1,1
243,6,2,GNN,10.289876,11.349302,-1.0594260000000002,1,1
256,6,2,GNN,-2.6722217,-11.190251,8.5180293,0,0
260,6,2,GNN,-11.670309,-6.3522224,-5.3180866,0,0
270,6,2,GNN,9.350891,13.014925,-3.664033999999999,1,1
273,6,2,GNN,12.073863,14.4732275,-2.399364500000001,1,1
275,6,2,GNN,9.842778,10.650633,-0.807855,1,1
293,6,2,GNN,-1.8525255,4.0925117,-5.9450372,0,1
321,6,2,GNN,-8.27141,5.9423785,-14.2137885,0,1
328,6,2,GNN,0.12411132,10.261378,-10.13726668,1,1
337,6,2,GNN,-10.132467,-11.614776,1.4823090000000008,0,0
355,6,2,GNN,5.7915688,5.607906,0.18366280000000046,1,1
356,6,2,GNN,6.4582996,6.2188787,0.23942089999999983,1,1
363,6,2,GNN,-6.331988,-4.7120185,-1.6199694999999998,0,0
5,6,2,gb,-12.07386304,11.267544091282984,-23.341407131282985,0,1
28,6,2,gb,9.859496001,10.030661900081787,-0.17116589908178703,1,1
37,6,2,gb,-12.90110242,-7.388131067113165,-5.512971352886836,0,0
42,6,2,gb,-6.937921539,9.237998588336405,-16.175920127336404,0,1
45,6,2,gb,-12.72760478,-10.825036412119168,-1.902568367880832,0,0
47,6,2,gb,-9.859496001,10.14319480305581,-20.00269080405581,0,1
50,6,2,gb,8.271410102019884,-7.918326476033161,16.189736578053044,1,0
60,6,2,gb,-11.07314401,-9.912698827682068,-1.1604451823179325,0,0
70,6,2,gb,-4.963043658,-8.455506911127909,3.4924632531279087,0,0
75,6,2,gb,14.25575783385418,9.112862515862508,5.142895317991671,1,1
99,6,2,gb,-6.949578332,-4.209866646475115,-2.7397116855248846,0,0
105,6,2,gb,5.4825661203137965,-6.028330740935738,11.510896861249535,1,0
113,6,2,gb,4.767138942868287,11.142885653584498,-6.375746710716212,1,1
121,6,2,gb,-6.73452098,6.988042653184815,-13.722563633184816,0,1
137,6,2,gb,8.822677770172534,-0.1109495504928747,8.933627320665408,1,0
147,6,2,gb,16.42178532510618,6.741043399930074,9.680741925176104,1,1
153,6,2,gb,10.784141163895436,3.2945419240591276,7.489599239836308,1,1
162,6,2,gb,6.626992303984755,-5.372749491814476,11.999741795799231,1,0
168,6,2,gb,16.42178532510618,11.594737673485154,4.827047651621024,1,1
172,6,2,gb,-4.877083461,-8.721773537124548,3.8446900761245484,0,0
188,6,2,gb,-8.472118403,-3.349837592007206,-5.122280810992794,0,0
192,6,2,gb,-9.134736506,9.65006453764039,-18.78480104364039,0,1
203,6,2,gb,-6.953038651,-9.25940326555483,2.3063646145548304,0,0
221,6,2,gb,13.781273146340617,-1.1999681815028893,14.981241327843506,1,0
225,6,2,gb,-7.794099338,-2.873155618477041,-4.920943719522959,0,0
238,6,2,gb,12.982147179797291,-7.4436424486145585,20.42578962841185,1,0
243,6,2,gb,10.28987590712608,3.700940308316738,6.588935598809341,1,1
256,6,2,gb,-2.672221739,-3.0364066689566793,0.3641849299566795,0,0
260,6,2,gb,-11.67030896,-10.82825443146221,-0.8420545285377905,0,0
270,6,2,gb,9.35089077271046,10.566653542276894,-1.2157627695664335,1,1
273,6,2,gb,12.073863035611195,8.60728869487395,3.4665743407372442,1,1
275,6,2,gb,9.842777870601656,-1.6190288002347284,11.461806670836385,1,0
293,6,2,gb,-1.852525501,-2.073994933896849,0.22146943289684917,0,0
321,6,2,gb,-8.271410102,6.302915999720941,-14.574326101720942,0,1
328,6,2,gb,0.1241113139407008,12.800058750022933,-12.675947436082232,1,1
337,6,2,gb,-10.1324674,-11.501333143612811,1.3688657436128118,0,0
355,6,2,gb,5.791568764566212,-4.348702445947275,10.140271210513486,1,0
356,6,2,gb,6.4582994316565125,2.358741101925645,4.0995583297308675,1,1
363,6,2,gb,-6.331987711,-8.505633844004914,2.1736461330049135,0,0
5,6,3,GNN,-12.073863,-10.3557625,-1.7181004999999985,0,0
28,6,3,GNN,9.859496,10.567915,-0.7084189999999992,1,1
37,6,3,GNN,-12.901102,-9.501825,-3.3992769999999997,0,0
42,6,3,GNN,-6.9379215,-8.254808,1.3168865000000007,0,0
45,6,3,GNN,-12.727605,-10.655332,-2.072273000000001,0,0
47,6,3,GNN,-9.859496,-10.593909,0.734413,0,0
50,6,3,GNN,8.27141,11.03609,-2.7646800000000002,1,1
60,6,3,GNN,-11.073144,-10.334689,-0.7384550000000001,0,0
70,6,3,GNN,-4.9630437,-12.036649,7.0736053000000005,0,0
75,6,3,GNN,14.255758,13.103269,1.152489000000001,1,1
99,6,3,GNN,-6.9495783,-0.8110188,-6.1385594999999995,0,0
105,6,3,GNN,5.4825664,10.289992,-4.8074256,1,1
113,6,3,GNN,4.767139,0.21702632,4.55011268,1,1
121,6,3,GNN,-6.734521,-6.805204,0.07068299999999983,0,0
137,6,3,GNN,8.822678,11.086493,-2.263815000000001,1,1
147,6,3,GNN,16.421785,11.375992,5.045793,1,1
153,6,3,GNN,10.784142,11.036296,-0.2521540000000009,1,1
162,6,3,GNN,6.626992,9.530022,-2.90303,1,1
168,6,3,GNN,16.421785,11.227784,5.194001,1,1
172,6,3,GNN,-4.8770833,-7.4354205,2.5583372000000004,0,0
188,6,3,GNN,-8.472118,-9.009704,0.5375859999999992,0,0
192,6,3,GNN,-9.134736,-7.1639814,-1.9707546000000002,0,0
203,6,3,GNN,-6.9530387,-8.094198,1.1411593000000009,0,0
221,6,3,GNN,13.781273,10.377975,3.4032980000000013,1,1
225,6,3,GNN,-7.7940993,2.0079474,-9.8020467,0,1
238,6,3,GNN,12.982147,11.329127,1.6530199999999997,1,1
243,6,3,GNN,10.289876,10.908183,-0.6183069999999997,1,1
256,6,3,GNN,-2.6722217,-13.09826,10.4260383,0,0
260,6,3,GNN,-11.670309,-7.1307573,-4.5395517,0,0
270,6,3,GNN,9.350891,11.502208,-2.151316999999999,1,1
273,6,3,GNN,12.073863,10.736802,1.3370609999999985,1,1
275,6,3,GNN,9.842778,9.884486,-0.04170800000000163,1,1
293,6,3,GNN,-1.8525255,1.361572,-3.2140975000000003,0,1
321,6,3,GNN,-8.27141,6.007984,-14.279394,0,1
328,6,3,GNN,0.12411132,11.581588,-11.45747668,1,1
337,6,3,GNN,-10.132467,-9.141669,-0.9907979999999998,0,0
355,6,3,GNN,5.7915688,3.0838702,2.7076986000000005,1,1
356,6,3,GNN,6.4582996,2.0462852,4.4120144,1,1
363,6,3,GNN,-6.331988,-8.671158,2.33917,0,0
5,6,3,gb,-12.07386304,11.297087193686322,-23.370950233686322,0,1
28,6,3,gb,9.859496001,8.22195756253068,1.6375384384693206,1,1
37,6,3,gb,-12.90110242,-5.028302596731429,-7.872799823268572,0,0
42,6,3,gb,-6.937921539,0.9435833140551212,-7.881504853055121,0,1
45,6,3,gb,-12.72760478,-12.702707704289589,-0.024897075710411443,0,0
47,6,3,gb,-9.859496001,6.6094136975576205,-16.46890969855762,0,1
50,6,3,gb,8.271410102019884,-5.321644205661105,13.593054307680989,1,0
60,6,3,gb,-11.07314401,-10.14152572265649,-0.9316182873435093,0,0
70,6,3,gb,-4.963043658,11.058980485515956,-16.022024143515956,0,1
75,6,3,gb,14.25575783385418,7.324247701689539,6.93151013216464,1,1
99,6,3,gb,-6.949578332,-0.9276151208453148,-6.021963211154685,0,0
105,6,3,gb,5.4825661203137965,-3.987242580333178,9.469808700646976,1,0
113,6,3,gb,4.767138942868287,9.625745088719292,-4.858606145851005,1,1
121,6,3,gb,-6.73452098,2.322385916967229,-9.056906896967229,0,1
137,6,3,gb,8.822677770172534,-2.235468982454915,11.058146752627449,1,0
147,6,3,gb,16.42178532510618,10.192627049187037,6.229158275919142,1,1
153,6,3,gb,10.784141163895436,3.7511205059387343,7.033020657956701,1,1
162,6,3,gb,6.626992303984755,-8.706711564874363,15.333703868859118,1,0
168,6,3,gb,16.42178532510618,12.870930791562916,3.550854533543262,1,1
172,6,3,gb,-4.877083461,-7.63900040468975,2.7619169436897506,0,0
188,6,3,gb,-8.472118403,1.467179630219312,-9.939298033219313,0,1
192,6,3,gb,-9.134736506,10.673359145958845,-19.808095651958844,0,1
203,6,3,gb,-6.953038651,-10.821635286393285,3.868596635393285,0,0
221,6,3,gb,13.781273146340617,6.122010441007856,7.65926270533276,1,1
225,6,3,gb,-7.794099338,2.451496229040618,-10.245595567040617,0,1
238,6,3,gb,12.982147179797291,-0.3017168873175839,13.283864067114875,1,0
243,6,3,gb,10.28987590712608,7.539015353971351,2.7508605531547285,1,1
256,6,3,gb,-2.672221739,9.599537200552785,-12.271758939552784,0,1
260,6,3,gb,-11.67030896,-8.432488316256206,-3.2378206437437935,0,0
270,6,3,gb,9.35089077271046,5.939467773979183,3.411422998731278,1,1
273,6,3,gb,12.073863035611195,9.456128901251985,2.6177341343592104,1,1
275,6,3,gb,9.842777870601656,-1.4430318365142851,11.285809707115941,1,0
293,6,3,gb,-1.852525501,-1.0500389946228814,-0.8024865063771185,0,0
321,6,3,gb,-8.271410102,12.313366566423417,-20.584776668423416,0,1
328,6,3,gb,0.1241113139407008,9.00334419443023,-8.87923288048953,1,1
337,6,3,gb,-10.1324674,-11.98110853795948,1.848641137959481,0,0
355,6,3,gb,5.791568764566212,-2.928083363281878,8.71965212784809,1,0
356,6,3,gb,6.4582994316565125,0.2330199486596497,6.2252794829968625,1,1
363,6,3,gb,-6.331987711,-8.692805077820168,2.360817366820168,0,0
5,6,4,GNN,-12.073863,-13.159752,1.0858889999999999,0,0
28,6,4,GNN,9.859496,10.198725,-0.33922899999999956,1,1
37,6,4,GNN,-12.901102,-13.070568,0.1694659999999999,0,0
42,6,4,GNN,-6.9379215,-9.319553,2.381631500000001,0,0
45,6,4,GNN,-12.727605,-13.172979,0.44537399999999927,0,0
47,6,4,GNN,-9.859496,-13.248727,3.3892310000000005,0,0
50,6,4,GNN,8.27141,10.980354,-2.7089440000000007,1,1
60,6,4,GNN,-11.073144,-13.26594,2.1927960000000013,0,0
70,6,4,GNN,-4.9630437,-13.532403,8.5693593,0,0
75,6,4,GNN,14.255758,12.949141,1.306617000000001,1,1
99,6,4,GNN,-6.9495783,-4.429858,-2.5197202999999995,0,0
105,6,4,GNN,5.4825664,9.528257,-4.0456906,1,1
113,6,4,GNN,4.767139,-0.89979047,5.66692947,1,0
121,6,4,GNN,-6.734521,-7.68322,0.9486990000000004,0,0
137,6,4,GNN,8.822678,10.541727,-1.719049,1,1
147,6,4,GNN,16.421785,11.100943,5.320842000000001,1,1
153,6,4,GNN,10.784142,9.790321,0.9938209999999987,1,1
162,6,4,GNN,6.626992,9.70731,-3.0803179999999992,1,1
168,6,4,GNN,16.421785,11.095144,5.326641,1,1
172,6,4,GNN,-4.8770833,-7.849967,2.9728837000000006,0,0
188,6,4,GNN,-8.472118,-11.956364,3.4842460000000006,0,0
192,6,4,GNN,-9.134736,-7.5563607,-1.5783753000000003,0,0
203,6,4,GNN,-6.9530387,-8.46949,1.5164513000000008,0,0
221,6,4,GNN,13.781273,10.245443,3.5358300000000007,1,1
225,6,4,GNN,-7.7940993,-1.2666842,-6.5274151,0,0
238,6,4,GNN,12.982147,10.970289,2.011858,1,1
243,6,4,GNN,10.289876,11.0218525,-0.7319765,1,1
256,6,4,GNN,-2.6722217,-12.778016,10.1057943,0,0
260,6,4,GNN,-11.670309,-7.069107,-4.601202,0,0
270,6,4,GNN,9.350891,12.623533,-3.2726419999999994,1,1
273,6,4,GNN,12.073863,11.029139,1.0447239999999987,1,1
275,6,4,GNN,9.842778,10.06386,-0.2210820000000009,1,1
293,6,4,GNN,-1.8525255,0.8785852,-2.7311107,0,1
321,6,4,GNN,-8.27141,6.0940776,-14.3654876,0,1
328,6,4,GNN,0.12411132,10.269946,-10.145834679999998,1,1
337,6,4,GNN,-10.132467,-13.725581,3.593114,0,0
355,6,4,GNN,5.7915688,5.061026,0.7305428000000003,1,1
356,6,4,GNN,6.4582996,4.5999804,1.8583192000000004,1,1
363,6,4,GNN,-6.331988,-7.4687614,1.1367734,0,0
5,6,4,gb,-12.07386304,11.195169329700551,-23.269032369700554,0,1
28,6,4,gb,9.859496001,10.37419465993049,-0.5146986589304898,1,1
37,6,4,gb,-12.90110242,-7.461762048741512,-5.4393403712584885,0,0
42,6,4,gb,-6.937921539,-3.3880545855709308,-3.5498669534290697,0,0
45,6,4,gb,-12.72760478,-8.172972090117263,-4.554632689882737,0,0
47,6,4,gb,-9.859496001,5.42223796668435,-15.28173396768435,0,1
50,6,4,gb,8.271410102019884,-6.000037382780834,14.271447484800717,1,0
60,6,4,gb,-11.07314401,-5.296935957548539,-5.776208052451461,0,0
70,6,4,gb,-4.963043658,-6.8802733779001395,1.9172297199001394,0,0
75,6,4,gb,14.25575783385418,10.202486773396958,4.053271060457222,1,1
99,6,4,gb,-6.949578332,2.5311625319529596,-9.48074086395296,0,1
105,6,4,gb,5.4825661203137965,-4.698070217084075,10.180636337397871,1,0
113,6,4,gb,4.767138942868287,10.433045595968863,-5.665906653100577,1,1
121,6,4,gb,-6.73452098,7.833474710927305,-14.567995690927305,0,1
137,6,4,gb,8.822677770172534,3.7527125976304903,5.0699651725420445,1,1
147,6,4,gb,16.42178532510618,10.25209817621833,6.1696871488878475,1,1
153,6,4,gb,10.784141163895436,3.46476930781989,7.319371856075546,1,1
162,6,4,gb,6.626992303984755,-8.653076393358127,15.280068697342882,1,0
168,6,4,gb,16.42178532510618,11.91114745493862,4.5106378701675585,1,1
172,6,4,gb,-4.877083461,-4.841832702027244,-0.0352507589727562,0,0
188,6,4,gb,-8.472118403,-1.93150604202834,-6.540612360971659,0,0
192,6,4,gb,-9.134736506,10.665845577980251,-19.800582083980252,0,1
203,6,4,gb,-6.953038651,-8.22829921176536,1.2752605607653607,0,0
221,6,4,gb,13.781273146340617,5.895132762705996,7.88614038363462,1,1
225,6,4,gb,-7.794099338,-6.696569884544199,-1.0975294534558007,0,0
238,6,4,gb,12.982147179797291,-2.685031687616824,15.667178867414115,1,0
243,6,4,gb,10.28987590712608,1.5091776717454737,8.780698235380605,1,1
256,6,4,gb,-2.672221739,4.390053634837146,-7.062275373837146,0,1
260,6,4,gb,-11.67030896,-9.549308059866023,-2.1210009001339767,0,0
270,6,4,gb,9.35089077271046,9.578128103112686,-0.22723733040222527,1,1
273,6,4,gb,12.073863035611195,8.294000994882978,3.779862040728217,1,1
275,6,4,gb,9.842777870601656,0.8302242746046251,9.012553595997032,1,1
293,6,4,gb,-1.852525501,-3.216257286493885,1.3637317854938853,0,0
321,6,4,gb,-8.271410102,7.289923263332593,-15.561333365332594,0,1
328,6,4,gb,0.1241113139407008,10.82248002276551,-10.698368708824809,1,1
337,6,4,gb,-10.1324674,-12.02363816258962,1.8911707625896206,0,0
355,6,4,gb,5.791568764566212,0.1743627668751947,5.617205997691017,1,1
356,6,4,gb,6.4582994316565125,-0.0333075289320034,6.491606960588516,1,0
363,6,4,gb,-6.331987711,-4.416442413799505,-1.9155452972004952,0,0
5,6,5,GNN,-12.073863,-12.2146015,0.1407385000000012,0,0
28,6,5,GNN,9.859496,11.373478,-1.5139820000000004,1,1
37,6,5,GNN,-12.901102,-13.063022,0.16192000000000029,0,0
42,6,5,GNN,-6.9379215,-9.144876,2.2069545,0,0
45,6,5,GNN,-12.727605,-15.686654,2.9590490000000003,0,0
47,6,5,GNN,-9.859496,-12.476177,2.616681,0,0
50,6,5,GNN,8.27141,12.211359,-3.9399490000000004,1,1
60,6,5,GNN,-11.073144,-11.982768,0.9096240000000009,0,0
70,6,5,GNN,-4.9630437,-14.048885,9.0858413,0,0
75,6,5,GNN,14.255758,14.098051,0.15770700000000026,1,1
99,6,5,GNN,-6.9495783,-6.47716,-0.4724183000000002,0,0
105,6,5,GNN,5.4825664,8.273717,-2.7911506,1,1
113,6,5,GNN,4.767139,0.41133475,4.35580425,1,1
121,6,5,GNN,-6.734521,-6.158584,-0.5759369999999997,0,0
137,6,5,GNN,8.822678,12.460451,-3.637773000000001,1,1
147,6,5,GNN,16.421785,12.076612,4.345172999999999,1,1
153,6,5,GNN,10.784142,9.425018,1.3591239999999996,1,1
162,6,5,GNN,6.626992,9.9582,-3.3312079999999993,1,1
168,6,5,GNN,16.421785,12.227433,4.194352,1,1
172,6,5,GNN,-4.8770833,-6.4842453,1.6071620000000006,0,0
188,6,5,GNN,-8.472118,-10.414801,1.9426830000000006,0,0
192,6,5,GNN,-9.134736,-7.569281,-1.565455,0,0
203,6,5,GNN,-6.9530387,-8.134644,1.1816053000000002,0,0
221,6,5,GNN,13.781273,9.51985,4.261423000000001,1,1
225,6,5,GNN,-7.7940993,-1.9163449,-5.877754400000001,0,0
238,6,5,GNN,12.982147,11.118179,1.8639679999999998,1,1
243,6,5,GNN,10.289876,11.623831,-1.3339549999999996,1,1
256,6,5,GNN,-2.6722217,-14.422625,11.7504033,0,0
260,6,5,GNN,-11.670309,-6.793979,-4.876329999999999,0,0
270,6,5,GNN,9.350891,12.531182,-3.1802909999999986,1,1
273,6,5,GNN,12.073863,12.116604,-0.04274100000000125,1,1
275,6,5,GNN,9.842778,10.868851,-1.0260730000000002,1,1
293,6,5,GNN,-1.8525255,3.0580018,-4.9105273,0,1
321,6,5,GNN,-8.27141,3.5799046,-11.851314599999998,0,1
328,6,5,GNN,0.12411132,8.684143,-8.56003168,1,1
337,6,5,GNN,-10.132467,-14.714558,4.582091,0,0
355,6,5,GNN,5.7915688,3.3124156,2.4791532000000003,1,1
356,6,5,GNN,6.4582996,0.7150383,5.7432613,1,1
363,6,5,GNN,-6.331988,-7.644629,1.3126410000000002,0,0
5,6,5,gb,-12.07386304,8.380257233942741,-20.454120273942742,0,1
28,6,5,gb,9.859496001,7.938735783890016,1.9207602171099838,1,1
37,6,5,gb,-12.90110242,-6.374005123257401,-6.5270972967426,0,0
42,6,5,gb,-6.937921539,-8.72456655830954,1.7866450193095398,0,0
45,6,5,gb,-12.72760478,-11.748682047524696,-0.9789227324753043,0,0
47,6,5,gb,-9.859496001,13.51259289110587,-23.37208889210587,0,1
50,6,5,gb,8.271410102019884,1.1771615802800208,7.094248521739862,1,1
60,6,5,gb,-11.07314401,-7.550920217345196,-3.5222237926548043,0,0
70,6,5,gb,-4.963043658,-3.1785038026046197,-1.7845398553953804,0,0
75,6,5,gb,14.25575783385418,11.340092552907302,2.915665280946877,1,1
99,6,5,gb,-6.949578332,-3.5676271727398383,-3.3819511592601614,0,0
105,6,5,gb,5.4825661203137965,-7.9871469030181395,13.469713023331936,1,0
113,6,5,gb,4.767138942868287,11.993374851820812,-7.226235908952526,1,1
121,6,5,gb,-6.73452098,-1.6056985677946554,-5.128822412205345,0,0
137,6,5,gb,8.822677770172534,8.024939319660737,0.7977384505117975,1,1
147,6,5,gb,16.42178532510618,9.051354741950291,7.370430583155887,1,1
153,6,5,gb,10.784141163895436,0.3404523208917367,10.443688843003699,1,1
162,6,5,gb,6.626992303984755,-8.833422463203577,15.460414767188333,1,0
168,6,5,gb,16.42178532510618,9.248299944281207,7.173485380824971,1,1
172,6,5,gb,-4.877083461,-4.11289561737321,-0.7641878436267895,0,0
188,6,5,gb,-8.472118403,0.0071760484021009,-8.479294451402101,0,1
192,6,5,gb,-9.134736506,11.07313391909463,-20.20787042509463,0,1
203,6,5,gb,-6.953038651,-9.362333953693737,2.409295302693737,0,0
221,6,5,gb,13.781273146340617,6.9904214501745585,6.790851696166058,1,1
225,6,5,gb,-7.794099338,-9.86913935501428,2.07504001701428,0,0
238,6,5,gb,12.982147179797291,9.672568061815486,3.309579117981805,1,1
243,6,5,gb,10.28987590712608,-4.388350708173672,14.678226615299751,1,0
256,6,5,gb,-2.672221739,8.151768677700762,-10.823990416700761,0,1
260,6,5,gb,-11.67030896,-10.21746783602853,-1.4528411239714707,0,0
270,6,5,gb,9.35089077271046,9.040802747373917,0.3100880253365439,1,1
273,6,5,gb,12.073863035611195,11.245722839011464,0.8281401965997315,1,1
275,6,5,gb,9.842777870601656,-9.926528198484505,19.769306069086163,1,0
293,6,5,gb,-1.852525501,-5.20368761422297,3.35116211322297,0,0
321,6,5,gb,-8.271410102,8.562861360403819,-16.83427146240382,0,1
328,6,5,gb,0.1241113139407008,14.086309042982018,-13.962197729041318,1,1
337,6,5,gb,-10.1324674,-10.881437277445931,0.7489698774459317,0,0
355,6,5,gb,5.791568764566212,1.50983354425751,4.281735220308702,1,1
356,6,5,gb,6.4582994316565125,2.4244359506936224,4.03386348096289,1,1
363,6,5,gb,-6.331987711,-9.366230079713862,3.034242368713862,0,0
5,6,7,GNN,-12.073863,-12.916797,0.8429340000000014,0,0
28,6,7,GNN,9.859496,10.337861,-0.47836500000000015,1,1
37,6,7,GNN,-12.901102,-11.363701,-1.5374009999999991,0,0
42,6,7,GNN,-6.9379215,-8.242962,1.3050405000000005,0,0
45,6,7,GNN,-12.727605,-12.481225,-0.24638000000000027,0,0
47,6,7,GNN,-9.859496,-12.510949,2.651453,0,0
50,6,7,GNN,8.27141,12.007539,-3.736129,1,1
60,6,7,GNN,-11.073144,-11.093178,0.020034000000000773,0,0
70,6,7,GNN,-4.9630437,-11.824901,6.8618573000000005,0,0
75,6,7,GNN,14.255758,13.429123,0.8266349999999996,1,1
99,6,7,GNN,-6.9495783,-5.3115377,-1.6380406,0,0
105,6,7,GNN,5.4825664,9.338637,-3.8560706000000007,1,1
113,6,7,GNN,4.767139,1.2345558,3.5325832000000004,1,1
121,6,7,GNN,-6.734521,-6.5964313,-0.1380897000000001,0,0
137,6,7,GNN,8.822678,11.573115,-2.750437,1,1
147,6,7,GNN,16.421785,11.09146,5.330325,1,1
153,6,7,GNN,10.784142,8.66919,2.114951999999999,1,1
162,6,7,GNN,6.626992,9.861157,-3.234165,1,1
168,6,7,GNN,16.421785,12.033786,4.387999000000001,1,1
172,6,7,GNN,-4.8770833,-5.0331936,0.15611029999999992,0,0
188,6,7,GNN,-8.472118,-9.79885,1.3267319999999998,0,0
192,6,7,GNN,-9.134736,-7.619666,-1.5150700000000006,0,0
203,6,7,GNN,-6.9530387,-7.7192707,0.7662320000000005,0,0
221,6,7,GNN,13.781273,8.165303,5.615970000000001,1,1
225,6,7,GNN,-7.7940993,-3.044099,-4.7500003,0,0
238,6,7,GNN,12.982147,10.517253,2.4648939999999993,1,1
243,6,7,GNN,10.289876,11.523347,-1.2334709999999998,1,1
256,6,7,GNN,-2.6722217,-13.401523,10.7293013,0,0
260,6,7,GNN,-11.670309,-6.4384584,-5.2318506,0,0
270,6,7,GNN,9.350891,11.300481,-1.9495899999999988,1,1
273,6,7,GNN,12.073863,12.383745,-0.309882,1,1
275,6,7,GNN,9.842778,9.634787,0.20799099999999981,1,1
293,6,7,GNN,-1.8525255,-0.23563008,-1.61689542,0,0
321,6,7,GNN,-8.27141,5.508665,-13.780075,0,1
328,6,7,GNN,0.12411132,8.352581,-8.22846968,1,1
337,6,7,GNN,-10.132467,-12.659344,2.5268770000000007,0,0
355,6,7,GNN,5.7915688,4.66786,1.1237088000000002,1,1
356,6,7,GNN,6.4582996,3.1752918,3.2830078,1,1
363,6,7,GNN,-6.331988,-5.9454184,-0.3865695999999996,0,0
5,6,7,gb,-12.07386304,7.131374377223475,-19.205237417223476,0,1
28,6,7,gb,9.859496001,2.486068633678048,7.373427367321952,1,1
37,6,7,gb,-12.90110242,-7.623716136830069,-5.277386283169932,0,0
42,6,7,gb,-6.937921539,4.067959716890725,-11.005881255890724,0,1
45,6,7,gb,-12.72760478,-10.620099245475238,-2.107505534524762,0,0
47,6,7,gb,-9.859496001,9.83269341267546,-19.69218941367546,0,1
50,6,7,gb,8.271410102019884,-7.117179473006322,15.388589575026206,1,0
60,6,7,gb,-11.07314401,-10.526218920564023,-0.5469250894359767,0,0
70,6,7,gb,-4.963043658,-2.99869070703032,-1.9643529509696802,0,0
75,6,7,gb,14.25575783385418,2.8515611768460394,11.40419665700814,1,1
99,6,7,gb,-6.949578332,-3.207787149564377,-3.7417911824356227,0,0
105,6,7,gb,5.4825661203137965,-6.3836938627690225,11.86625998308282,1,0
113,6,7,gb,4.767138942868287,6.353921233390092,-1.5867822905218052,1,1
121,6,7,gb,-6.73452098,1.4159437492428044,-8.150464729242804,0,1
137,6,7,gb,8.822677770172534,6.172534261731798,2.6501435084407365,1,1
147,6,7,gb,16.42178532510618,4.9988708900849135,11.422914435021266,1,1
153,6,7,gb,10.784141163895436,6.794687370738408,3.989453793157028,1,1
162,6,7,gb,6.626992303984755,-7.584708043228507,14.211700347213263,1,0
168,6,7,gb,16.42178532510618,11.328851476628442,5.0929338484777364,1,1
172,6,7,gb,-4.877083461,-7.307504902328611,2.430421441328611,0,0
188,6,7,gb,-8.472118403,0.3424635841748034,-8.814581987174803,0,1
192,6,7,gb,-9.134736506,10.00105144346938,-19.135787949469382,0,1
203,6,7,gb,-6.953038651,-6.094737229063342,-0.858301421936658,0,0
221,6,7,gb,13.781273146340617,1.2658630007730456,12.515410145567571,1,1
225,6,7,gb,-7.794099338,3.293699940930376,-11.087799278930376,0,1
238,6,7,gb,12.982147179797291,-4.772825871848623,17.754973051645912,1,0
243,6,7,gb,10.28987590712608,-1.1182142161404791,11.40809012326656,1,0
256,6,7,gb,-2.672221739,3.722902505726384,-6.395124244726384,0,1
260,6,7,gb,-11.67030896,-8.786652961083774,-2.8836559989162254,0,0
270,6,7,gb,9.35089077271046,12.461405732521264,-3.1105149598108035,1,1
273,6,7,gb,12.073863035611195,9.133572153237974,2.940290882373221,1,1
275,6,7,gb,9.842777870601656,-3.285196456152716,13.127974326754373,1,0
293,6,7,gb,-1.852525501,-3.724621407280491,1.8720959062804912,0,0
321,6,7,gb,-8.271410102,6.93273316347382,-15.204143265473821,0,1
328,6,7,gb,0.1241113139407008,11.126405363381386,-11.002294049440685,1,1
337,6,7,gb,-10.1324674,-10.774359132343111,0.6418917323431117,0,0
355,6,7,gb,5.791568764566212,-4.272475646427307,10.06404441099352,1,0
356,6,7,gb,6.4582994316565125,0.2424974036007736,6.215802028055739,1,1
363,6,7,gb,-6.331987711,0.0123512973896352,-6.344339008389635,0,1
5,6,8,GNN,-12.073863,-13.286315,1.2124520000000008,0,0
28,6,8,GNN,9.859496,11.736371,-1.876875,1,1
37,6,8,GNN,-12.901102,-13.757803,0.8567009999999993,0,0
42,6,8,GNN,-6.9379215,-10.139173,3.2012514999999997,0,0
45,6,8,GNN,-12.727605,-14.408477,1.680871999999999,0,0
47,6,8,GNN,-9.859496,-13.396049,3.5365529999999996,0,0
50,6,8,GNN,8.27141,11.999613,-3.7282030000000006,1,1
60,6,8,GNN,-11.073144,-12.623935,1.5507910000000003,0,0
70,6,8,GNN,-4.9630437,-14.100523,9.1374793,0,0
75,6,8,GNN,14.255758,13.842581,0.413177000000001,1,1
99,6,8,GNN,-6.9495783,-4.600766,-2.3488122999999996,0,0
105,6,8,GNN,5.4825664,10.0262785,-4.5437121000000005,1,1
113,6,8,GNN,4.767139,1.9503459,2.8167931,1,1
121,6,8,GNN,-6.734521,-8.189465,1.4549440000000002,0,0
137,6,8,GNN,8.822678,11.662902,-2.840224000000001,1,1
147,6,8,GNN,16.421785,12.071271,4.350514,1,1
153,6,8,GNN,10.784142,10.359901,0.42424099999999854,1,1
162,6,8,GNN,6.626992,10.0989275,-3.4719355,1,1
168,6,8,GNN,16.421785,12.051707,4.3700779999999995,1,1
172,6,8,GNN,-4.8770833,-8.912824,4.035740700000001,0,0
188,6,8,GNN,-8.472118,-10.084198,1.6120800000000006,0,0
192,6,8,GNN,-9.134736,-10.200229,1.065493,0,0
203,6,8,GNN,-6.9530387,-8.830031,1.8769923000000004,0,0
221,6,8,GNN,13.781273,10.492793,3.28848,1,1
225,6,8,GNN,-7.7940993,-0.13002875,-7.66407055,0,0
238,6,8,GNN,12.982147,11.708131,1.2740159999999996,1,1
243,6,8,GNN,10.289876,11.714828,-1.424952000000001,1,1
256,6,8,GNN,-2.6722217,-14.095906,11.4236843,0,0
260,6,8,GNN,-11.670309,-8.541883,-3.1284259999999993,0,0
270,6,8,GNN,9.350891,11.535293,-2.1844019999999986,1,1
273,6,8,GNN,12.073863,12.198008,-0.1241450000000004,1,1
275,6,8,GNN,9.842778,10.698883,-0.8561050000000012,1,1
293,6,8,GNN,-1.8525255,3.2363713,-5.0888968000000006,0,1
321,6,8,GNN,-8.27141,4.8168783,-13.088288299999999,0,1
328,6,8,GNN,0.12411132,10.264215,-10.14010368,1,1
337,6,8,GNN,-10.132467,-13.7655,3.6330329999999993,0,0
355,6,8,GNN,5.7915688,5.5756593,0.21590950000000042,1,1
356,6,8,GNN,6.4582996,4.5001664,1.9581331999999998,1,1
363,6,8,GNN,-6.331988,-8.198468,1.8664800000000001,0,0
5,6,8,gb,-12.07386304,10.963703100324418,-23.03756614032442,0,1
28,6,8,gb,9.859496001,-2.014423484130458,11.873919485130457,1,0
37,6,8,gb,-12.90110242,-4.459275378340726,-8.441827041659275,0,0
42,6,8,gb,-6.937921539,-5.163830118611834,-1.7740914203881664,0,0
45,6,8,gb,-12.72760478,-9.375544165464849,-3.3520606145351515,0,0
47,6,8,gb,-9.859496001,8.192714186457085,-18.052210187457085,0,1
50,6,8,gb,8.271410102019884,3.346827094545106,4.924583007474777,1,1
60,6,8,gb,-11.07314401,-9.328748782863617,-1.7443952271363834,0,0
70,6,8,gb,-4.963043658,-4.058763071488171,-0.9042805865118293,0,0
75,6,8,gb,14.25575783385418,9.181256700498675,5.074501133355504,1,1
99,6,8,gb,-6.949578332,-1.4306779328668608,-5.518900399133139,0,0
105,6,8,gb,5.4825661203137965,-0.4969541919008333,5.97952031221463,1,0
113,6,8,gb,4.767138942868287,5.198745896202154,-0.43160695333386734,1,1
121,6,8,gb,-6.73452098,2.975023482267545,-9.709544462267544,0,1
137,6,8,gb,8.822677770172534,9.552984093010132,-0.7303063228375972,1,1
147,6,8,gb,16.42178532510618,7.774853848100684,8.646931477005495,1,1
153,6,8,gb,10.784141163895436,4.376453856628287,6.407687307267149,1,1
162,6,8,gb,6.626992303984755,-7.615030831420449,14.242023135405205,1,0
168,6,8,gb,16.42178532510618,10.322284224111543,6.099501100994635,1,1
172,6,8,gb,-4.877083461,-7.784883736591716,2.9078002755917165,0,0
188,6,8,gb,-8.472118403,0.7737414536817458,-9.245859856681745,0,1
192,6,8,gb,-9.134736506,9.539099738178464,-18.673836244178464,0,1
203,6,8,gb,-6.953038651,-7.611251273312517,0.6582126223125169,0,0
221,6,8,gb,13.781273146340617,-4.282362986394713,18.06363613273533,1,0
225,6,8,gb,-7.794099338,-2.254017213803745,-5.540082124196255,0,0
238,6,8,gb,12.982147179797291,-6.875845425459609,19.8579926052569,1,0
243,6,8,gb,10.28987590712608,-1.0207656242035543,11.310641531329633,1,0
256,6,8,gb,-2.672221739,4.41448284659799,-7.086704585597991,0,1
260,6,8,gb,-11.67030896,-7.445025144263424,-4.225283815736576,0,0
270,6,8,gb,9.35089077271046,9.011357890210332,0.33953288250012825,1,1
273,6,8,gb,12.073863035611195,9.49457877738086,2.5792842582303344,1,1
275,6,8,gb,9.842777870601656,0.5590113143980111,9.283766556203645,1,1
293,6,8,gb,-1.852525501,-1.9429489453571784,0.09042344435717853,0,0
321,6,8,gb,-8.271410102,9.652667077102569,-17.924077179102568,0,1
328,6,8,gb,0.1241113139407008,3.554153899467313,-3.4300425855266123,1,1
337,6,8,gb,-10.1324674,-11.48315266291623,1.3506852629162314,0,0
355,6,8,gb,5.791568764566212,-6.2480837445245685,12.03965250909078,1,0
356,6,8,gb,6.4582994316565125,-6.632140233855926,13.090439665512438,1,0
363,6,8,gb,-6.331987711,-8.337875330349618,2.0058876193496182,0,0
5,6,9,GNN,-12.073863,-12.170644,0.096781,0,0
28,6,9,GNN,9.859496,12.858146,-2.9986499999999996,1,1
37,6,9,GNN,-12.901102,-10.609437,-2.291665,0,0
42,6,9,GNN,-6.9379215,-8.659837,1.7219154999999997,0,0
45,6,9,GNN,-12.727605,-13.902136,1.174531,0,0
47,6,9,GNN,-9.859496,-11.05269,1.193194,0,0
50,6,9,GNN,8.27141,12.639546,-4.368136,1,1
60,6,9,GNN,-11.073144,-10.324456,-0.7486879999999996,0,0
70,6,9,GNN,-4.9630437,-11.720507,6.7574632999999995,0,0
75,6,9,GNN,14.255758,14.931699,-0.6759409999999999,1,1
99,6,9,GNN,-6.9495783,-6.471154,-0.47842429999999947,0,0
105,6,9,GNN,5.4825664,10.392741,-4.9101745999999995,1,1
113,6,9,GNN,4.767139,2.6533859,2.1137531000000003,1,1
121,6,9,GNN,-6.734521,-5.4998884,-1.2346326000000003,0,0
137,6,9,GNN,8.822678,13.597247,-4.774569,1,1
147,6,9,GNN,16.421785,13.084872,3.336912999999999,1,1
153,6,9,GNN,10.784142,10.343644,0.44049799999999983,1,1
162,6,9,GNN,6.626992,11.82883,-5.2018379999999995,1,1
168,6,9,GNN,16.421785,12.496206,3.925578999999999,1,1
172,6,9,GNN,-4.8770833,-3.2533202,-1.6237630999999997,0,0
188,6,9,GNN,-8.472118,-8.801198,0.3290799999999994,0,0
192,6,9,GNN,-9.134736,-6.720617,-2.4141190000000003,0,0
203,6,9,GNN,-6.9530387,-7.8855276,0.9324889000000001,0,0
221,6,9,GNN,13.781273,9.340038,4.441235000000001,1,1
225,6,9,GNN,-7.7940993,-1.5413344,-6.2527649,0,0
238,6,9,GNN,12.982147,12.244334,0.7378129999999992,1,1
243,6,9,GNN,10.289876,13.3045435,-3.0146675,1,1
256,6,9,GNN,-2.6722217,-12.113623,9.4414013,0,0
260,6,9,GNN,-11.670309,-6.3446946,-5.325614399999999,0,0
270,6,9,GNN,9.350891,14.338151,-4.987259999999999,1,1
273,6,9,GNN,12.073863,14.37209,-2.2982270000000007,1,1
275,6,9,GNN,9.842778,11.694236,-1.851458000000001,1,1
293,6,9,GNN,-1.8525255,1.584246,-3.4367715,0,1
321,6,9,GNN,-8.27141,6.729058,-15.000468,0,1
328,6,9,GNN,0.12411132,9.887807,-9.76369568,1,1
337,6,9,GNN,-10.132467,-11.516563,1.3840959999999995,0,0
355,6,9,GNN,5.7915688,6.174977,-0.38340819999999987,1,1
356,6,9,GNN,6.4582996,4.649733,1.8085665999999998,1,1
363,6,9,GNN,-6.331988,-4.21962,-2.112368,0,0
5,6,9,gb,-12.07386304,11.04502752122077,-23.118890561220773,0,1
28,6,9,gb,9.859496001,11.199521361158943,-1.3400253601589434,1,1
37,6,9,gb,-12.90110242,-8.193943725749854,-4.707158694250147,0,0
42,6,9,gb,-6.937921539,4.095191039079081,-11.03311257807908,0,1
45,6,9,gb,-12.72760478,-13.357132665563451,0.6295278855634514,0,0
47,6,9,gb,-9.859496001,6.302975206272486,-16.162471207272485,0,1
50,6,9,gb,8.271410102019884,-2.3376080868915645,10.609018188911449,1,0
60,6,9,gb,-11.07314401,-6.606426931520776,-4.466717078479224,0,0
70,6,9,gb,-4.963043658,-4.547423243300271,-0.4156204146997293,0,0
75,6,9,gb,14.25575783385418,7.906967094102992,6.348790739751188,1,1
99,6,9,gb,-6.949578332,-1.8133967157474704,-5.13618161625253,0,0
105,6,9,gb,5.4825661203137965,3.275791224182222,2.2067748961315745,1,1
113,6,9,gb,4.767138942868287,-3.2639778754212605,8.031116818289547,1,0
121,6,9,gb,-6.73452098,4.529731229821209,-11.264252209821208,0,1
137,6,9,gb,8.822677770172534,-2.82019208233683,11.642869852509364,1,0
147,6,9,gb,16.42178532510618,9.58334182434709,6.838443500759089,1,1
153,6,9,gb,10.784141163895436,4.626362625819603,6.157778538075833,1,1
162,6,9,gb,6.626992303984755,-3.298783080272538,9.925775384257292,1,0
168,6,9,gb,16.42178532510618,7.731226452845538,8.69055887226064,1,1
172,6,9,gb,-4.877083461,-4.250840595228272,-0.6262428657717276,0,0
188,6,9,gb,-8.472118403,0.5880547329422393,-9.06017313594224,0,1
192,6,9,gb,-9.134736506,9.41112363608045,-18.54586014208045,0,1
203,6,9,gb,-6.953038651,-7.989054123444239,1.0360154724442392,0,0
221,6,9,gb,13.781273146340617,-11.571753569588685,25.353026715929303,1,0
225,6,9,gb,-7.794099338,-3.326170157833531,-4.467929180166468,0,0
238,6,9,gb,12.982147179797291,-4.073988665660871,17.05613584545816,1,0
243,6,9,gb,10.28987590712608,2.8553063065420403,7.434569600584039,1,1
256,6,9,gb,-2.672221739,12.277041822274892,-14.949263561274892,0,1
260,6,9,gb,-11.67030896,-9.444960985645285,-2.2253479743547153,0,0
270,6,9,gb,9.35089077271046,9.458619463986915,-0.10772869127645457,1,1
273,6,9,gb,12.073863035611195,11.091392690990611,0.9824703446205838,1,1
275,6,9,gb,9.842777870601656,1.940862654210741,7.901915216390916,1,1
293,6,9,gb,-1.852525501,-5.626623185807179,3.774097684807179,0,0
321,6,9,gb,-8.271410102,5.900618433789393,-14.172028535789394,0,1
328,6,9,gb,0.1241113139407008,9.163063974671392,-9.038952660730692,1,1
337,6,9,gb,-10.1324674,-12.112292923240668,1.9798255232406685,0,0
355,6,9,gb,5.791568764566212,5.250285443350975,0.5412833212152366,1,1
356,6,9,gb,6.4582994316565125,-5.96647665537868,12.424776087035193,1,0
363,6,9,gb,-6.331987711,-6.601479413238325,0.26949170223832475,0,0
5,6,10,GNN,-12.073863,-12.822012,0.7481490000000015,0,0
28,6,10,GNN,9.859496,10.599071,-0.7395750000000003,1,1
37,6,10,GNN,-12.901102,-12.126995,-0.774106999999999,0,0
42,6,10,GNN,-6.9379215,-9.014557,2.0766355,0,0
45,6,10,GNN,-12.727605,-12.503086,-0.2245190000000008,0,0
47,6,10,GNN,-9.859496,-13.118513,3.259017,0,0
50,6,10,GNN,8.27141,11.092445,-2.821035,1,1
60,6,10,GNN,-11.073144,-12.04842,0.9752760000000009,0,0
70,6,10,GNN,-4.9630437,-12.737966,7.7749223,0,0
75,6,10,GNN,14.255758,12.807554,1.4482040000000005,1,1
99,6,10,GNN,-6.9495783,-3.0863917,-3.8631865999999997,0,0
105,6,10,GNN,5.4825664,8.714574,-3.232007600000001,1,1
113,6,10,GNN,4.767139,1.117502,3.6496370000000002,1,1
121,6,10,GNN,-6.734521,-7.387004,0.6524830000000001,0,0
137,6,10,GNN,8.822678,9.853871,-1.031193,1,1
147,6,10,GNN,16.421785,11.485957,4.935827999999999,1,1
153,6,10,GNN,10.784142,9.828289,0.9558529999999994,1,1
162,6,10,GNN,6.626992,8.434678,-1.8076859999999995,1,1
168,6,10,GNN,16.421785,11.231939,5.189845999999999,1,1
172,6,10,GNN,-4.8770833,-7.119604,2.2425207,0,0
188,6,10,GNN,-8.472118,-11.220943,2.748825,0,0
192,6,10,GNN,-9.134736,-7.3014946,-1.8332414000000004,0,0
203,6,10,GNN,-6.9530387,-8.546981,1.593942300000001,0,0
221,6,10,GNN,13.781273,10.116647,3.664626,1,1
225,6,10,GNN,-7.7940993,0.6135076,-8.4076069,0,1
238,6,10,GNN,12.982147,11.237164,1.7449829999999995,1,1
243,6,10,GNN,10.289876,10.423194,-0.13331800000000094,1,1
256,6,10,GNN,-2.6722217,-14.190054,11.5178323,0,0
260,6,10,GNN,-11.670309,-7.1683264,-4.5019826,0,0
270,6,10,GNN,9.350891,9.655123,-0.30423199999999895,1,1
273,6,10,GNN,12.073863,9.487544,2.5863189999999996,1,1
275,6,10,GNN,9.842778,9.903084,-0.06030600000000064,1,1
293,6,10,GNN,-1.8525255,1.0663476,-2.9188731,0,1
321,6,10,GNN,-8.27141,4.885493,-13.156903,0,1
328,6,10,GNN,0.12411132,10.348586,-10.224474679999998,1,1
337,6,10,GNN,-10.132467,-11.569359,1.4368920000000003,0,0
355,6,10,GNN,5.7915688,3.5802853,2.2112835000000004,1,1
356,6,10,GNN,6.4582996,2.826578,3.6317216,1,1
363,6,10,GNN,-6.331988,-6.9555283,0.6235403000000002,0,0
5,6,10,gb,-12.07386304,10.73464540056099,-22.808508440560992,0,1
28,6,10,gb,9.859496001,6.143127366951675,3.716368634048325,1,1
37,6,10,gb,-12.90110242,-8.502033775520639,-4.399068644479362,0,0
42,6,10,gb,-6.937921539,3.8029862047349496,-10.740907743734951,0,1
45,6,10,gb,-12.72760478,-11.154301576929708,-1.5733032030702923,0,0
47,6,10,gb,-9.859496001,6.751112700203511,-16.61060870120351,0,1
50,6,10,gb,8.271410102019884,-6.054563621069791,14.325973723089675,1,0
60,6,10,gb,-11.07314401,-10.31722243596712,-0.7559215740328806,0,0
70,6,10,gb,-4.963043658,-10.123927425485316,5.160883767485316,0,0
75,6,10,gb,14.25575783385418,8.19889260985951,6.05686522399467,1,1
99,6,10,gb,-6.949578332,-9.080165478413631,2.1305871464136317,0,0
105,6,10,gb,5.4825661203137965,-10.84888783517605,16.33145395548985,1,0
113,6,10,gb,4.767138942868287,10.022692789134256,-5.255553846265969,1,1
121,6,10,gb,-6.73452098,-4.298048924888779,-2.4364720551112207,0,0
137,6,10,gb,8.822677770172534,10.370832475427004,-1.5481547052544702,1,1
147,6,10,gb,16.42178532510618,10.215306807883184,6.206478517222994,1,1
153,6,10,gb,10.784141163895436,2.7996683936543714,7.984472770241064,1,1
162,6,10,gb,6.626992303984755,-9.81633034576564,16.443322649750396,1,0
168,6,10,gb,16.42178532510618,11.496596533962675,4.925188791143503,1,1
172,6,10,gb,-4.877083461,-8.940058417349706,4.062974956349706,0,0
188,6,10,gb,-8.472118403,-4.04228554325259,-4.4298328597474095,0,0
192,6,10,gb,-9.134736506,10.148214670383185,-19.282951176383186,0,1
203,6,10,gb,-6.953038651,-10.852637371782691,3.8995987207826914,0,0
221,6,10,gb,13.781273146340617,7.060500609287969,6.720772537052648,1,1
225,6,10,gb,-7.794099338,-6.7290714830941285,-1.0650278549058712,0,0
238,6,10,gb,12.982147179797291,-8.715764486180522,21.697911665977813,1,0
243,6,10,gb,10.28987590712608,1.5934086995146524,8.696467207611427,1,1
256,6,10,gb,-2.672221739,6.232507522116587,-8.904729261116588,0,1
260,6,10,gb,-11.67030896,-12.222647410030955,0.5523384500309554,0,0
270,6,10,gb,9.35089077271046,11.218090751902656,-1.8671999791921952,1,1
273,6,10,gb,12.073863035611195,6.977762660662316,5.096100374948879,1,1
275,6,10,gb,9.842777870601656,3.0138515403716113,6.828926330230045,1,1
293,6,10,gb,-1.852525501,-2.7459091573328074,0.8933836563328075,0,0
321,6,10,gb,-8.271410102,11.919666573985516,-20.191076675985517,0,1
328,6,10,gb,0.1241113139407008,9.019449582480648,-8.895338268539948,1,1
337,6,10,gb,-10.1324674,-11.915538863798892,1.7830714637988923,0,0
355,6,10,gb,5.791568764566212,-5.6002085156789425,11.391777280245154,1,0
356,6,10,gb,6.4582994316565125,-9.034899746629,15.493199178285511,1,0
363,6,10,gb,-6.331987711,-7.611949922865681,1.2799622118656808,0,0
6,7,1,GNN,9.859496,11.687307,-1.8278110000000005,1,1
9,7,1,GNN,-6.304406,-7.825678,1.5212719999999997,0,0
14,7,1,GNN,-6.7061768,-9.129831,2.4236541999999996,0,0
17,7,1,GNN,14.255758,13.519016,0.7367419999999996,1,1
36,7,1,GNN,7.577062,-6.5354614,14.1125234,1,0
55,7,1,GNN,5.7625103,13.059583,-7.2970727,1,1
63,7,1,GNN,7.577062,10.703182,-3.1261200000000002,1,1
66,7,1,GNN,-13.781273,-13.147435,-0.6338380000000008,0,0
74,7,1,GNN,12.073863,13.145902,-1.0720390000000002,1,1
79,7,1,GNN,8.822678,10.545838,-1.72316,1,1
82,7,1,GNN,-0.4350432,-4.6664896,4.2314464,0,0
88,7,1,GNN,8.645135,7.929286,0.7158489999999995,1,1
100,7,1,GNN,-8.802603,-14.132518,5.329915,0,0
108,7,1,GNN,6.99292,6.7637644,0.22915559999999946,1,1
110,7,1,GNN,-9.842778,-7.7294793,-2.1132986999999988,0,0
130,7,1,GNN,-7.6999116,-4.45027,-3.2496416000000004,0,0
134,7,1,GNN,-2.6850545,-8.659481,5.9744265,0,0
145,7,1,GNN,-3.2691789,-8.679231,5.4100521,0,0
158,7,1,GNN,8.024865,10.742663,-2.717798,1,1
160,7,1,GNN,9.186848,13.64756,-4.460712000000001,1,1
161,7,1,GNN,-14.661444,-10.824616,-3.836827999999999,0,0
171,7,1,GNN,11.365721,13.471911,-2.10619,1,1
178,7,1,GNN,11.365721,11.96671,-0.6009890000000002,1,1
187,7,1,GNN,-2.860269,-6.884519,4.02425,0,0
191,7,1,GNN,-6.3842587,-9.615846,3.2315872999999993,0,0
196,7,1,GNN,-10.784142,-10.664881,-0.11926099999999984,0,0
204,7,1,GNN,14.255758,13.050645,1.2051130000000008,1,1
220,7,1,GNN,8.822678,12.563911,-3.7412329999999994,1,1
227,7,1,GNN,-9.477889,-10.792026,1.3141370000000006,0,0
230,7,1,GNN,-7.1637025,-7.4092455,0.24554299999999962,0,0
236,7,1,GNN,10.784142,11.091824,-0.30768200000000157,1,1
248,7,1,GNN,-6.734521,-7.4761424,0.7416213999999997,0,0
269,7,1,GNN,-6.7197585,-5.8297005,-0.8900579999999998,0,0
285,7,1,GNN,16.421785,14.096223,2.3255619999999997,1,1
341,7,1,GNN,16.421785,14.203427,2.2183580000000003,1,1
343,7,1,GNN,-8.322826,-3.0937467,-5.229079299999999,0,0
352,7,1,GNN,-13.781273,-11.156249,-2.625024,0,0
369,7,1,GNN,-14.661444,-12.039859,-2.6215849999999996,0,0
379,7,1,GNN,4.767139,2.992253,1.7748860000000004,1,1
6,7,1,gb,9.859496001,-7.549501565802744,17.408997566802743,1,0
9,7,1,gb,-6.304406276,-2.301532817345565,-4.002873458654435,0,0
14,7,1,gb,-6.706176965,9.714267772067906,-16.420444737067907,0,1
17,7,1,gb,14.25575783385418,12.123084248220588,2.132673585633592,1,1
36,7,1,gb,7.577061974006026,5.805138294027528,1.7719236799784976,1,1
55,7,1,gb,5.762510154326968,-3.49445801298033,9.256968167307297,1,0
63,7,1,gb,7.577061974006026,5.428461588166842,2.148600385839184,1,1
66,7,1,gb,-13.78127315,-4.862838600851364,-8.918434549148635,0,0
74,7,1,gb,12.073863035611195,9.041092056854737,3.0327709787564583,1,1
79,7,1,gb,8.822677770172534,8.74938929754093,0.07328847263160476,1,1
82,7,1,gb,-0.435043175,9.715438977338133,-10.150482152338133,0,1
88,7,1,gb,8.645135192345712,-9.645822345913585,18.2909575382593,1,0
100,7,1,gb,-8.80260242,-7.069697353867212,-1.7329050661327878,0,0
108,7,1,gb,6.992920050439323,11.149719917242388,-4.156799866803065,1,1
110,7,1,gb,-9.842777871,-4.637373641909998,-5.205404229090001,0,0
130,7,1,gb,-7.699911823,1.4026275968598416,-9.102539419859841,0,1
134,7,1,gb,-2.685054485,-9.120044653145436,6.434990168145436,0,0
145,7,1,gb,-3.269178868,-10.466292210717327,7.197113342717327,0,0
158,7,1,gb,8.024865092428724,10.380864589453497,-2.355999497024772,1,1
160,7,1,gb,9.186847537073708,-2.861189241596919,12.048036778670628,1,0
161,7,1,gb,-14.66144387,-1.4439570630033511,-13.217486806996648,0,0
171,7,1,gb,11.365720446897749,9.528405889014271,1.8373145578834773,1,1
178,7,1,gb,11.365720446897749,-9.630241478810238,20.995961925707988,1,0
187,7,1,gb,-2.860269063,-0.8444624527942629,-2.015806610205737,0,0
191,7,1,gb,-6.384258729,2.272053411573036,-8.656312140573036,0,1
196,7,1,gb,-10.78414116,-5.570346079457815,-5.2137950805421855,0,0
204,7,1,gb,14.25575783385418,-3.9044982739606984,18.160256107814877,1,0
220,7,1,gb,8.822677770172534,7.676214487162047,1.1464632830104877,1,1
227,7,1,gb,-9.477889153,8.338134955243808,-17.81602410824381,0,1
230,7,1,gb,-7.163702257,-10.151681148325723,2.9879788913257235,0,0
236,7,1,gb,10.784141163895436,7.130865739201003,3.6532754246944332,1,1
248,7,1,gb,-6.73452098,-7.621821827835463,0.8873008478354629,0,0
269,7,1,gb,-6.719758736,-0.1394791494283184,-6.580279586571682,0,0
285,7,1,gb,16.42178532510618,5.218323557712808,11.203461767393371,1,1
341,7,1,gb,16.42178532510618,2.17647890221439,14.245306422891789,1,1
343,7,1,gb,-8.32282608,5.044365464789299,-13.3671915447893,0,1
352,7,1,gb,-13.78127315,-7.503836407171556,-6.277436742828445,0,0
369,7,1,gb,-14.66144387,2.4384061370011927,-17.09985000700119,0,1
379,7,1,gb,4.767138942868287,-4.654255385476056,9.421394328344343,1,0
6,7,2,GNN,9.859496,12.867317,-3.007821,1,1
9,7,2,GNN,-6.304406,-8.298244,1.9938380000000002,0,0
14,7,2,GNN,-6.7061768,-9.039796,2.333619200000001,0,0
17,7,2,GNN,14.255758,13.243287,1.0124709999999997,1,1
36,7,2,GNN,7.577062,5.7832212,1.7938408,1,1
55,7,2,GNN,5.7625103,13.124986,-7.3624757,1,1
63,7,2,GNN,7.577062,10.875217,-3.2981549999999995,1,1
66,7,2,GNN,-13.781273,-10.443056,-3.338217,0,0
74,7,2,GNN,12.073863,12.468403,-0.394540000000001,1,1
79,7,2,GNN,8.822678,13.949533,-5.126855000000001,1,1
82,7,2,GNN,-0.4350432,5.7495155,-6.1845587,0,1
88,7,2,GNN,8.645135,7.401362,1.243773,1,1
100,7,2,GNN,-8.802603,-9.502244,0.6996409999999997,0,0
108,7,2,GNN,6.99292,6.497173,0.4957469999999997,1,1
110,7,2,GNN,-9.842778,-8.332553,-1.5102249999999984,0,0
130,7,2,GNN,-7.6999116,-5.362728,-2.3371836000000004,0,0
134,7,2,GNN,-2.6850545,-6.5733757,3.8883211999999996,0,0
145,7,2,GNN,-3.2691789,-6.158428,2.8892491,0,0
158,7,2,GNN,8.024865,10.742969,-2.7181040000000003,1,1
160,7,2,GNN,9.186848,10.845913,-1.659065,1,1
161,7,2,GNN,-14.661444,-11.688728,-2.972716,0,0
171,7,2,GNN,11.365721,13.714346,-2.348625,1,1
178,7,2,GNN,11.365721,10.560495,0.8052260000000011,1,1
187,7,2,GNN,-2.860269,-5.501152,2.640883,0,0
191,7,2,GNN,-6.3842587,-8.687093,2.3028343000000007,0,0
196,7,2,GNN,-10.784142,-11.943078,1.1589360000000006,0,0
204,7,2,GNN,14.255758,12.608624,1.6471339999999994,1,1
220,7,2,GNN,8.822678,13.699904,-4.877226,1,1
227,7,2,GNN,-9.477889,-11.181828,1.703939,0,0
230,7,2,GNN,-7.1637025,-6.356737,-0.8069655000000004,0,0
236,7,2,GNN,10.784142,12.3061905,-1.5220485000000004,1,1
248,7,2,GNN,-6.734521,-6.1839314,-0.5505896000000003,0,0
269,7,2,GNN,-6.7197585,-5.63317,-1.0865885000000004,0,0
285,7,2,GNN,16.421785,15.193984,1.2278009999999995,1,1
341,7,2,GNN,16.421785,13.875521,2.546263999999999,1,1
343,7,2,GNN,-8.322826,5.8887415,-14.2115675,0,1
352,7,2,GNN,-13.781273,-13.101632,-0.6796410000000002,0,0
369,7,2,GNN,-14.661444,-11.773939,-2.887504999999999,0,0
379,7,2,GNN,4.767139,2.319736,2.4474030000000004,1,1
6,7,2,gb,9.859496001,-10.895432304442192,20.754928305442192,1,0
9,7,2,gb,-6.304406276,-8.205443137182073,1.9010368611820727,0,0
14,7,2,gb,-6.706176965,10.598525914020824,-17.304702879020823,0,1
17,7,2,gb,14.25575783385418,12.150872769967526,2.1048850638866536,1,1
36,7,2,gb,7.577061974006026,-0.0501640083381404,7.627225982344166,1,0
55,7,2,gb,5.762510154326968,-3.541939588816327,9.304449743143294,1,0
63,7,2,gb,7.577061974006026,10.503758206447726,-2.9266962324417003,1,1
66,7,2,gb,-13.78127315,-4.205386023537951,-9.57588712646205,0,0
74,7,2,gb,12.073863035611195,9.5333236353595,2.5405394002516957,1,1
79,7,2,gb,8.822677770172534,7.574025290243737,1.248652479928797,1,1
82,7,2,gb,-0.435043175,-16.01475347562278,15.579710300622779,0,0
88,7,2,gb,8.645135192345712,5.230929013313267,3.414206179032446,1,1
100,7,2,gb,-8.80260242,-11.220169494886443,2.4175670748864437,0,0
108,7,2,gb,6.992920050439323,11.89438077509512,-4.901460724655798,1,1
110,7,2,gb,-9.842777871,-2.639732693621597,-7.203045177378402,0,0
130,7,2,gb,-7.699911823,-1.724476592825856,-5.975435230174144,0,0
134,7,2,gb,-2.685054485,-9.46814594050504,6.783091455505041,0,0
145,7,2,gb,-3.269178868,-11.999994057122851,8.73081518912285,0,0
158,7,2,gb,8.024865092428724,9.784970168050023,-1.7601050756212988,1,1
160,7,2,gb,9.186847537073708,-4.1452444465506355,13.332091983624345,1,0
161,7,2,gb,-14.66144387,-3.6186521575516624,-11.042791712448338,0,0
171,7,2,gb,11.365720446897749,13.64994351240682,-2.284223065509071,1,1
178,7,2,gb,11.365720446897749,-9.788627928483574,21.154348375381325,1,0
187,7,2,gb,-2.860269063,-0.9161859426098106,-1.9440831203901894,0,0
191,7,2,gb,-6.384258729,1.8325743380265591,-8.21683306702656,0,1
196,7,2,gb,-10.78414116,-2.7794346978266646,-8.004706462173337,0,0
204,7,2,gb,14.25575783385418,-1.0430109873657796,15.298768821219959,1,0
220,7,2,gb,8.822677770172534,7.358281767288854,1.4643960028836807,1,1
227,7,2,gb,-9.477889153,4.203900921681229,-13.681790074681228,0,1
230,7,2,gb,-7.163702257,-3.972990724035691,-3.1907115329643085,0,0
236,7,2,gb,10.784141163895436,11.82814203850781,-1.0440008746123741,1,1
248,7,2,gb,-6.73452098,-5.5341426571689825,-1.2003783228310176,0,0
269,7,2,gb,-6.719758736,-3.878920640602296,-2.840838095397704,0,0
285,7,2,gb,16.42178532510618,7.474616807051409,8.94716851805477,1,1
341,7,2,gb,16.42178532510618,2.736862963019877,13.6849223620863,1,1
343,7,2,gb,-8.32282608,4.6791909853819185,-13.002017065381919,0,1
352,7,2,gb,-13.78127315,-6.9400912728369555,-6.841181877163045,0,0
369,7,2,gb,-14.66144387,-11.85535611334348,-2.8060877566565186,0,0
379,7,2,gb,4.767138942868287,-5.375769794541911,10.142908737410199,1,0
6,7,3,GNN,9.859496,11.812934,-1.9534380000000002,1,1
9,7,3,GNN,-6.304406,-9.983328,3.678922,0,0
14,7,3,GNN,-6.7061768,-10.467404,3.7612272000000004,0,0
17,7,3,GNN,14.255758,12.024934,2.230824,1,1
36,7,3,GNN,7.577062,5.5275345,2.0495275,1,1
55,7,3,GNN,5.7625103,11.935403,-6.172892700000001,1,1
63,7,3,GNN,7.577062,11.492055,-3.914993000000001,1,1
66,7,3,GNN,-13.781273,-9.1500025,-4.631270500000001,0,0
74,7,3,GNN,12.073863,11.686071,0.38779199999999925,1,1
79,7,3,GNN,8.822678,11.805659,-2.9829810000000005,1,1
82,7,3,GNN,-0.4350432,1.5578479,-1.9928911,0,1
88,7,3,GNN,8.645135,3.5100112,5.1351238,1,1
100,7,3,GNN,-8.802603,-8.418743,-0.3838600000000003,0,0
108,7,3,GNN,6.99292,5.556969,1.4359510000000002,1,1
110,7,3,GNN,-9.842778,-8.28688,-1.5558979999999991,0,0
130,7,3,GNN,-7.6999116,-10.179669,2.4797574000000004,0,0
134,7,3,GNN,-2.6850545,-9.254922,6.569867500000001,0,0
145,7,3,GNN,-3.2691789,-9.3855505,6.116371600000001,0,0
158,7,3,GNN,8.024865,11.3271055,-3.3022405,1,1
160,7,3,GNN,9.186848,8.376913,0.8099349999999994,1,1
161,7,3,GNN,-14.661444,-9.635226,-5.026218,0,0
171,7,3,GNN,11.365721,12.318212,-0.9524910000000002,1,1
178,7,3,GNN,11.365721,10.343063,1.0226579999999998,1,1
187,7,3,GNN,-2.860269,-7.850411,4.9901420000000005,0,0
191,7,3,GNN,-6.3842587,-8.479596,2.0953373000000006,0,0
196,7,3,GNN,-10.784142,-9.985204,-0.7989379999999997,0,0
204,7,3,GNN,14.255758,11.529493,2.7262649999999997,1,1
220,7,3,GNN,8.822678,11.693507,-2.8708290000000005,1,1
227,7,3,GNN,-9.477889,-10.568098,1.0902090000000015,0,0
230,7,3,GNN,-7.1637025,-7.8980627,0.7343601999999994,0,0
236,7,3,GNN,10.784142,11.489072,-0.704930000000001,1,1
248,7,3,GNN,-6.734521,-7.958191,1.2236700000000003,0,0
269,7,3,GNN,-6.7197585,-10.167782,3.4480235000000006,0,0
285,7,3,GNN,16.421785,11.356256,5.065529,1,1
341,7,3,GNN,16.421785,11.803863,4.617922,1,1
343,7,3,GNN,-8.322826,5.7759233,-14.098749299999998,0,1
352,7,3,GNN,-13.781273,-9.202878,-4.578395,0,0
369,7,3,GNN,-14.661444,-6.2805495,-8.3808945,0,0
379,7,3,GNN,4.767139,0.21745151,4.54968749,1,1
6,7,3,gb,9.859496001,-4.723762043961202,14.583258044961202,1,0
9,7,3,gb,-6.304406276,-4.974354483835456,-1.3300517921645438,0,0
14,7,3,gb,-6.706176965,-6.6312432362864655,-0.07493372871353454,0,0
17,7,3,gb,14.25575783385418,3.878736942302869,10.377020891551311,1,1
36,7,3,gb,7.577061974006026,-4.736974440924017,12.314036414930044,1,0
55,7,3,gb,5.762510154326968,-1.6987337078419946,7.4612438621689625,1,0
63,7,3,gb,7.577061974006026,7.78978734277211,-0.21272536876608417,1,1
66,7,3,gb,-13.78127315,-1.1870536564119936,-12.594219493588007,0,0
74,7,3,gb,12.073863035611195,8.758229788020802,3.3156332475903927,1,1
79,7,3,gb,8.822677770172534,7.049146584907292,1.7735311852652424,1,1
82,7,3,gb,-0.435043175,10.672713084962412,-11.107756259962413,0,1
88,7,3,gb,8.645135192345712,-0.5853072449013637,9.230442437247076,1,0
100,7,3,gb,-8.80260242,-8.473836377872447,-0.3287660421275529,0,0
108,7,3,gb,6.992920050439323,11.671571189152353,-4.67865113871303,1,1
110,7,3,gb,-9.842777871,-8.003134197320607,-1.839643673679392,0,0
130,7,3,gb,-7.699911823,-3.8634552643534192,-3.8364565586465806,0,0
134,7,3,gb,-2.685054485,-6.067331894492107,3.382277409492107,0,0
145,7,3,gb,-3.269178868,-11.43634408125204,8.16716521325204,0,0
158,7,3,gb,8.024865092428724,3.810180830816007,4.214684261612717,1,1
160,7,3,gb,9.186847537073708,-10.785121755209822,19.971969292283532,1,0
161,7,3,gb,-14.66144387,-7.960043000272236,-6.701400869727763,0,0
171,7,3,gb,11.365720446897749,11.079896347439114,0.28582409945863496,1,1
178,7,3,gb,11.365720446897749,-10.898847157867513,22.26456760476526,1,0
187,7,3,gb,-2.860269063,-7.179755695015366,4.319486632015366,0,0
191,7,3,gb,-6.384258729,-4.208039775855112,-2.176218953144888,0,0
196,7,3,gb,-10.78414116,-0.268403234327623,-10.515737925672378,0,0
204,7,3,gb,14.25575783385418,-0.1908809311625949,14.446638765016774,1,0
220,7,3,gb,8.822677770172534,-1.6265601247132333,10.449237894885767,1,0
227,7,3,gb,-9.477889153,6.425107035367683,-15.902996188367682,0,1
230,7,3,gb,-7.163702257,-5.05432641290069,-2.1093758440993096,0,0
236,7,3,gb,10.784141163895436,10.572062551357636,0.21207861253780003,1,1
248,7,3,gb,-6.73452098,-8.614662859814366,1.8801418798143663,0,0
269,7,3,gb,-6.719758736,1.432031982279307,-8.151790718279308,0,1
285,7,3,gb,16.42178532510618,6.005447056722611,10.416338268383567,1,1
341,7,3,gb,16.42178532510618,-0.4667452914707042,16.888530616576883,1,0
343,7,3,gb,-8.32282608,4.8931022730164,-13.215928353016402,0,1
352,7,3,gb,-13.78127315,-8.477937082353415,-5.303336067646585,0,0
369,7,3,gb,-14.66144387,-11.811329901112645,-2.8501139688873547,0,0
379,7,3,gb,4.767138942868287,-2.697021358676749,7.464160301545036,1,0
6,7,4,GNN,9.859496,12.514217,-2.6547210000000003,1,1
9,7,4,GNN,-6.304406,-12.3012705,5.996864499999999,0,0
14,7,4,GNN,-6.7061768,-11.08803,4.3818532,0,0
17,7,4,GNN,14.255758,12.9426,1.3131579999999996,1,1
36,7,4,GNN,7.577062,1.0207996,6.5562624,1,1
55,7,4,GNN,5.7625103,12.021809,-6.2592986999999995,1,1
63,7,4,GNN,7.577062,10.3087635,-2.7317015,1,1
66,7,4,GNN,-13.781273,-13.523023,-0.2582500000000003,0,0
74,7,4,GNN,12.073863,11.631109,0.442753999999999,1,1
79,7,4,GNN,8.822678,12.901756,-4.079078000000001,1,1
82,7,4,GNN,-0.4350432,1.5549803,-1.9900235,0,1
88,7,4,GNN,8.645135,5.862979,2.7821559999999996,1,1
100,7,4,GNN,-8.802603,-13.977408,5.174805000000001,0,0
108,7,4,GNN,6.99292,5.111544,1.8813759999999995,1,1
110,7,4,GNN,-9.842778,-10.690404,0.847626,0,0
130,7,4,GNN,-7.6999116,-8.49345,0.7935383999999992,0,0
134,7,4,GNN,-2.6850545,-9.701443,7.0163885,0,0
145,7,4,GNN,-3.2691789,-9.439248,6.170069099999999,0,0
158,7,4,GNN,8.024865,10.204569,-2.179703999999999,1,1
160,7,4,GNN,9.186848,7.3974695,1.7893784999999998,1,1
161,7,4,GNN,-14.661444,-11.947853,-2.713590999999999,0,0
171,7,4,GNN,11.365721,13.449509,-2.083788,1,1
178,7,4,GNN,11.365721,10.027903,1.3378180000000004,1,1
187,7,4,GNN,-2.860269,-8.915557,6.055287999999999,0,0
191,7,4,GNN,-6.3842587,-10.891967,4.507708299999999,0,0
196,7,4,GNN,-10.784142,-13.102509,2.3183670000000003,0,0
204,7,4,GNN,14.255758,11.667674,2.5880840000000003,1,1
220,7,4,GNN,8.822678,12.624199,-3.801521000000001,1,1
227,7,4,GNN,-9.477889,-14.143053,4.665164000000001,0,0
230,7,4,GNN,-7.1637025,-10.859957,3.6962544999999993,0,0
236,7,4,GNN,10.784142,11.4438,-0.6596580000000003,1,1
248,7,4,GNN,-6.734521,-8.856265,2.1217440000000005,0,0
269,7,4,GNN,-6.7197585,-10.2214575,3.5016989999999995,0,0
285,7,4,GNN,16.421785,12.944067,3.4777179999999994,1,1
341,7,4,GNN,16.421785,13.166383,3.255402,1,1
343,7,4,GNN,-8.322826,5.1133866,-13.4362126,0,1
352,7,4,GNN,-13.781273,-11.593655,-2.1876180000000005,0,0
369,7,4,GNN,-14.661444,-15.000273,0.3388290000000005,0,0
379,7,4,GNN,4.767139,-1.0375223,5.8046613,1,0
6,7,4,gb,9.859496001,5.725878217467125,4.133617783532875,1,1
9,7,4,gb,-6.304406276,-5.661015644258841,-0.6433906317411591,0,0
14,7,4,gb,-6.706176965,3.254141565243114,-9.960318530243114,0,1
17,7,4,gb,14.25575783385418,13.706338177896583,0.5494196559575961,1,1
36,7,4,gb,7.577061974006026,5.3343014348544,2.242760539151626,1,1
55,7,4,gb,5.762510154326968,-2.309946949321675,8.072457103648643,1,0
63,7,4,gb,7.577061974006026,1.6504468783802952,5.92661509562573,1,1
66,7,4,gb,-13.78127315,1.8295809041807976,-15.610854054180798,0,1
74,7,4,gb,12.073863035611195,12.80865004443954,-0.734787008828345,1,1
79,7,4,gb,8.822677770172534,12.349474410740276,-3.526796640567742,1,1
82,7,4,gb,-0.435043175,11.409879498328104,-11.844922673328105,0,1
88,7,4,gb,8.645135192345712,7.448738095836412,1.1963970965093003,1,1
100,7,4,gb,-8.80260242,-10.481912970987958,1.6793105509879585,0,0
108,7,4,gb,6.992920050439323,10.41686424322851,-3.423944192789187,1,1
110,7,4,gb,-9.842777871,-6.394619317149188,-3.448158553850811,0,0
130,7,4,gb,-7.699911823,-5.3468108598136155,-2.3531009631863844,0,0
134,7,4,gb,-2.685054485,-10.240959764809787,7.555905279809787,0,0
145,7,4,gb,-3.269178868,-9.185336660411926,5.9161577924119255,0,0
158,7,4,gb,8.024865092428724,9.493580353597654,-1.4687152611689296,1,1
160,7,4,gb,9.186847537073708,-2.009141347181916,11.195988884255625,1,0
161,7,4,gb,-14.66144387,-0.7235006866810104,-13.937943183318989,0,0
171,7,4,gb,11.365720446897749,10.355894467305516,1.0098259795922324,1,1
178,7,4,gb,11.365720446897749,-13.232538790718705,24.598259237616453,1,0
187,7,4,gb,-2.860269063,0.0058406188061731,-2.866109681806173,0,1
191,7,4,gb,-6.384258729,-6.787419178075184,0.4031604490751839,0,0
196,7,4,gb,-10.78414116,-10.716121334749047,-0.0680198252509534,0,0
204,7,4,gb,14.25575783385418,-2.2340890109625677,16.489846844816746,1,0
220,7,4,gb,8.822677770172534,6.48302163074608,2.339656139426454,1,1
227,7,4,gb,-9.477889153,4.5218475884135545,-13.999736741413553,0,1
230,7,4,gb,-7.163702257,-3.272891811167174,-3.890810445832826,0,0
236,7,4,gb,10.784141163895436,12.754152071857076,-1.9700109079616404,1,1
248,7,4,gb,-6.73452098,-6.48714654032941,-0.24737443967059036,0,0
269,7,4,gb,-6.719758736,-1.2757195426919132,-5.444039193308087,0,0
285,7,4,gb,16.42178532510618,6.011451465234774,10.410333859871404,1,1
341,7,4,gb,16.42178532510618,-6.279442372130148,22.701227697236327,1,0
343,7,4,gb,-8.32282608,7.992030525036389,-16.31485660503639,0,1
352,7,4,gb,-13.78127315,-6.295005455019958,-7.486267694980042,0,0
369,7,4,gb,-14.66144387,-1.4939858517705882,-13.16745801822941,0,0
379,7,4,gb,4.767138942868287,0.2417717276504912,4.525367215217796,1,1
6,7,5,GNN,9.859496,13.639138,-3.779642000000001,1,1
9,7,5,GNN,-6.304406,-10.121455,3.817048999999999,0,0
14,7,5,GNN,-6.7061768,-9.195597,2.4894201999999996,0,0
17,7,5,GNN,14.255758,14.004474,0.25128400000000006,1,1
36,7,5,GNN,7.577062,-6.573151,14.150213,1,0
55,7,5,GNN,5.7625103,14.380161,-8.617650699999999,1,1
63,7,5,GNN,7.577062,12.941395,-5.364333,1,1
66,7,5,GNN,-13.781273,-11.12937,-2.651903000000001,0,0
74,7,5,GNN,12.073863,14.006694,-1.9328310000000002,1,1
79,7,5,GNN,8.822678,13.846801,-5.0241229999999995,1,1
82,7,5,GNN,-0.4350432,-3.0700836,2.6350404,0,0
88,7,5,GNN,8.645135,7.9632688,0.6818662,1,1
100,7,5,GNN,-8.802603,-13.311152,4.508549,0,0
108,7,5,GNN,6.99292,7.407512,-0.41459199999999985,1,1
110,7,5,GNN,-9.842778,-7.713787,-2.128990999999999,0,0
130,7,5,GNN,-7.6999116,-6.9426193,-0.7572923000000005,0,0
134,7,5,GNN,-2.6850545,-10.699264,8.0142095,0,0
145,7,5,GNN,-3.2691789,-9.089288,5.8201091,0,0
158,7,5,GNN,8.024865,12.842568,-4.817703,1,1
160,7,5,GNN,9.186848,10.540608,-1.3537600000000012,1,1
161,7,5,GNN,-14.661444,-13.515788,-1.145655999999999,0,0
171,7,5,GNN,11.365721,14.189059,-2.8233379999999997,1,1
178,7,5,GNN,11.365721,12.031323,-0.6656019999999998,1,1
187,7,5,GNN,-2.860269,-7.4317307,4.5714617,0,0
191,7,5,GNN,-6.3842587,-7.181054,0.7967952999999994,0,0
196,7,5,GNN,-10.784142,-11.347781,0.5636390000000002,0,0
204,7,5,GNN,14.255758,14.026021,0.22973700000000008,1,1
220,7,5,GNN,8.822678,14.177278,-5.3546,1,1
227,7,5,GNN,-9.477889,-11.312158,1.8342690000000008,0,0
230,7,5,GNN,-7.1637025,-8.25185,1.088147499999999,0,0
236,7,5,GNN,10.784142,13.743381,-2.959239,1,1
248,7,5,GNN,-6.734521,-7.822503,1.0879820000000002,0,0
269,7,5,GNN,-6.7197585,-8.175296,1.4555374999999993,0,0
285,7,5,GNN,16.421785,16.319357,0.10242799999999974,1,1
341,7,5,GNN,16.421785,13.883599,2.5381859999999996,1,1
343,7,5,GNN,-8.322826,4.9011946,-13.2240206,0,1
352,7,5,GNN,-13.781273,-8.955783,-4.82549,0,0
369,7,5,GNN,-14.661444,-13.499271,-1.1621729999999992,0,0
379,7,5,GNN,4.767139,1.5640265,3.2031125000000005,1,1
6,7,5,gb,9.859496001,-9.945363069525149,19.804859070525147,1,0
9,7,5,gb,-6.304406276,-4.964777114736725,-1.3396291612632751,0,0
14,7,5,gb,-6.706176965,5.834525784716224,-12.540702749716225,0,1
17,7,5,gb,14.25575783385418,12.1054212537255,2.1503365801286787,1,1
36,7,5,gb,7.577061974006026,0.6833994156614766,6.893662558344549,1,1
55,7,5,gb,5.762510154326968,4.230292291424702,1.5322178629022662,1,1
63,7,5,gb,7.577061974006026,7.42730173742444,0.149760236581586,1,1
66,7,5,gb,-13.78127315,-6.581129150404573,-7.2001439995954275,0,0
74,7,5,gb,12.073863035611195,7.637076048435894,4.436786987175301,1,1
79,7,5,gb,8.822677770172534,11.583183855619316,-2.7605060854467816,1,1
82,7,5,gb,-0.435043175,10.043534713968,-10.478577888968001,0,1
88,7,5,gb,8.645135192345712,-9.107767881504966,17.75290307385068,1,0
100,7,5,gb,-8.80260242,-14.275881059396797,5.473278639396797,0,0
108,7,5,gb,6.992920050439323,12.26000879585951,-5.267088745420188,1,1
110,7,5,gb,-9.842777871,-8.108529060771993,-1.7342488102280065,0,0
130,7,5,gb,-7.699911823,-6.982583757888001,-0.7173280651119986,0,0
134,7,5,gb,-2.685054485,-10.974895335890752,8.289840850890752,0,0
145,7,5,gb,-3.269178868,-13.012067228600529,9.742888360600528,0,0
158,7,5,gb,8.024865092428724,6.104770816260233,1.9200942761684914,1,1
160,7,5,gb,9.186847537073708,-5.855467541993899,15.042315079067606,1,0
161,7,5,gb,-14.66144387,-1.514953507939099,-13.1464903620609,0,0
171,7,5,gb,11.365720446897749,6.42600087939309,4.939719567504659,1,1
178,7,5,gb,11.365720446897749,-3.9954736265317448,15.361194073429493,1,0
187,7,5,gb,-2.860269063,-1.1583679683171302,-1.7019010946828699,0,0
191,7,5,gb,-6.384258729,-6.444597730166033,0.06033900116603341,0,0
196,7,5,gb,-10.78414116,-2.428457443395863,-8.355683716604137,0,0
204,7,5,gb,14.25575783385418,-7.229578266680368,21.485336100534546,1,0
220,7,5,gb,8.822677770172534,-1.0994184347276783,9.922096204900212,1,0
227,7,5,gb,-9.477889153,6.0228035913355,-15.500692744335499,0,1
230,7,5,gb,-7.163702257,-10.437302105713446,3.273599848713446,0,0
236,7,5,gb,10.784141163895436,11.730732524577236,-0.9465913606818006,1,1
248,7,5,gb,-6.73452098,-9.912449387122534,3.1779284071225335,0,0
269,7,5,gb,-6.719758736,0.2429196175419631,-6.962678353541963,0,1
285,7,5,gb,16.42178532510618,5.922697690261966,10.499087634844212,1,1
341,7,5,gb,16.42178532510618,6.533701047685298,9.88808427742088,1,1
343,7,5,gb,-8.32282608,10.02851467884141,-18.35134075884141,0,1
352,7,5,gb,-13.78127315,-3.2603670283304473,-10.520906121669553,0,0
369,7,5,gb,-14.66144387,-8.63754153022803,-6.02390233977197,0,0
379,7,5,gb,4.767138942868287,-8.119584456365114,12.8867233992334,1,0
6,7,6,GNN,9.859496,13.463259,-3.6037630000000007,1,1
9,7,6,GNN,-6.304406,-8.648824,2.3444179999999992,0,0
14,7,6,GNN,-6.7061768,-10.636995,3.930818200000001,0,0
17,7,6,GNN,14.255758,12.751422,1.5043360000000003,1,1
36,7,6,GNN,7.577062,-2.3662639,9.9433259,1,0
55,7,6,GNN,5.7625103,14.156288,-8.393777700000001,1,1
63,7,6,GNN,7.577062,11.993624,-4.416562000000001,1,1
66,7,6,GNN,-13.781273,-12.674431,-1.1068420000000003,0,0
74,7,6,GNN,12.073863,10.736751,1.3371119999999994,1,1
79,7,6,GNN,8.822678,11.374952,-2.5522740000000006,1,1
82,7,6,GNN,-0.4350432,-5.341487,4.9064438,0,0
88,7,6,GNN,8.645135,10.048741,-1.403606,1,1
100,7,6,GNN,-8.802603,-14.208918,5.406315000000001,0,0
108,7,6,GNN,6.99292,4.4519124,2.5410075999999995,1,1
110,7,6,GNN,-9.842778,-10.772888,0.9301100000000009,0,0
130,7,6,GNN,-7.6999116,-5.5972733,-2.1026382999999997,0,0
134,7,6,GNN,-2.6850545,-10.241323,7.5562685,0,0
145,7,6,GNN,-3.2691789,-5.595077,2.3258981,0,0
158,7,6,GNN,8.024865,11.764658,-3.7397930000000006,1,1
160,7,6,GNN,9.186848,11.951683,-2.7648349999999997,1,1
161,7,6,GNN,-14.661444,-16.14027,1.4788260000000015,0,0
171,7,6,GNN,11.365721,12.36634,-1.0006189999999986,1,1
178,7,6,GNN,11.365721,10.358268,1.007453,1,1
187,7,6,GNN,-2.860269,-6.430989,3.57072,0,0
191,7,6,GNN,-6.3842587,-10.661485,4.277226300000001,0,0
196,7,6,GNN,-10.784142,-12.968866,2.184724000000001,0,0
204,7,6,GNN,14.255758,13.467697,0.7880610000000008,1,1
220,7,6,GNN,8.822678,12.149113,-3.326435,1,1
227,7,6,GNN,-9.477889,-10.255573,0.7776840000000007,0,0
230,7,6,GNN,-7.1637025,-7.3948326,0.23113009999999967,0,0
236,7,6,GNN,10.784142,13.096415,-2.312273000000001,1,1
248,7,6,GNN,-6.734521,-7.707688,0.9731670000000001,0,0
269,7,6,GNN,-6.7197585,-6.9763,0.2565415,0,0
285,7,6,GNN,16.421785,11.755986,4.665799,1,1
341,7,6,GNN,16.421785,13.554414,2.8673710000000003,1,1
343,7,6,GNN,-8.322826,-7.3654604,-0.9573655999999993,0,0
352,7,6,GNN,-13.781273,-9.228293,-4.55298,0,0
369,7,6,GNN,-14.661444,-14.261751,-0.3996929999999992,0,0
379,7,6,GNN,4.767139,0.019018352,4.748120648,1,1
6,7,6,gb,9.859496001,3.6449179534173033,6.214578047582696,1,1
9,7,6,gb,-6.304406276,-7.951074005419933,1.6466677294199332,0,0
14,7,6,gb,-6.706176965,6.98058273417849,-13.68675969917849,0,1
17,7,6,gb,14.25575783385418,11.684208078848876,2.5715497550053037,1,1
36,7,6,gb,7.577061974006026,-2.372957139807201,9.950019113813227,1,0
55,7,6,gb,5.762510154326968,-5.401630887406741,11.164141041733709,1,0
63,7,6,gb,7.577061974006026,7.490007839957663,0.08705413404836282,1,1
66,7,6,gb,-13.78127315,-3.466703905430696,-10.314569244569304,0,0
74,7,6,gb,12.073863035611195,2.7199152803794027,9.353947755231793,1,1
79,7,6,gb,8.822677770172534,7.203933376691317,1.618744393481217,1,1
82,7,6,gb,-0.435043175,11.07494814237572,-11.50999131737572,0,1
88,7,6,gb,8.645135192345712,-6.84931292958178,15.494448121927492,1,0
100,7,6,gb,-8.80260242,-14.24919145233118,5.446589032331181,0,0
108,7,6,gb,6.992920050439323,10.121169172378089,-3.128249121938766,1,1
110,7,6,gb,-9.842777871,-4.310916851333226,-5.531861019666773,0,0
130,7,6,gb,-7.699911823,-2.72401068311758,-4.97590113988242,0,0
134,7,6,gb,-2.685054485,-12.379323007387054,9.694268522387054,0,0
145,7,6,gb,-3.269178868,-13.764338655322874,10.495159787322873,0,0
158,7,6,gb,8.024865092428724,7.876995069341016,0.1478700230877088,1,1
160,7,6,gb,9.186847537073708,-12.359500219183465,21.546347756257173,1,0
161,7,6,gb,-14.66144387,-11.288544692005503,-3.372899177994496,0,0
171,7,6,gb,11.365720446897749,10.18880558594154,1.1769148609562095,1,1
178,7,6,gb,11.365720446897749,-10.041905273283907,21.407625720181656,1,0
187,7,6,gb,-2.860269063,-1.434257922944889,-1.426011140055111,0,0
191,7,6,gb,-6.384258729,1.8076137317164167,-8.191872460716416,0,1
196,7,6,gb,-10.78414116,1.3024744164512485,-12.08661557645125,0,1
204,7,6,gb,14.25575783385418,-1.0972790658669742,15.353036899721154,1,0
220,7,6,gb,8.822677770172534,8.874574634341805,-0.05189686416927053,1,1
227,7,6,gb,-9.477889153,8.913287404884327,-18.39117655788433,0,1
230,7,6,gb,-7.163702257,-6.229249157041748,-0.9344530999582519,0,0
236,7,6,gb,10.784141163895436,7.608797626928077,3.1753435369673593,1,1
248,7,6,gb,-6.73452098,-4.978652825667443,-1.755868154332557,0,0
269,7,6,gb,-6.719758736,-1.546383192451049,-5.173375543548952,0,0
285,7,6,gb,16.42178532510618,5.403995734004408,11.01778959110177,1,1
341,7,6,gb,16.42178532510618,-1.185345987251268,17.607131312357446,1,0
343,7,6,gb,-8.32282608,-1.9533284835145932,-6.369497596485408,0,0
352,7,6,gb,-13.78127315,-4.671109569154642,-9.11016358084536,0,0
369,7,6,gb,-14.66144387,-4.685905955537082,-9.975537914462917,0,0
379,7,6,gb,4.767138942868287,-0.1912424476406102,4.9583813905088965,1,0
6,7,8,GNN,9.859496,12.917924,-3.0584279999999993,1,1
9,7,8,GNN,-6.304406,-11.071595,4.767189,0,0
14,7,8,GNN,-6.7061768,-10.720378,4.0142012000000005,0,0
17,7,8,GNN,14.255758,13.24146,1.0142980000000001,1,1
36,7,8,GNN,7.577062,-1.311186,8.888247999999999,1,0
55,7,8,GNN,5.7625103,12.991039,-7.228528700000001,1,1
63,7,8,GNN,7.577062,10.482778,-2.905716,1,1
66,7,8,GNN,-13.781273,-11.443301,-2.3379720000000006,0,0
74,7,8,GNN,12.073863,12.506219,-0.4323560000000004,1,1
79,7,8,GNN,8.822678,13.180671,-4.3579930000000004,1,1
82,7,8,GNN,-0.4350432,-0.82517946,0.39013625999999996,0,0
88,7,8,GNN,8.645135,6.064044,2.581091,1,1
100,7,8,GNN,-8.802603,-14.322061,5.519458,0,0
108,7,8,GNN,6.99292,6.401184,0.591736,1,1
110,7,8,GNN,-9.842778,-8.286254,-1.5565239999999996,0,0
130,7,8,GNN,-7.6999116,-6.7939525,-0.9059591000000005,0,0
134,7,8,GNN,-2.6850545,-8.047518,5.3624635000000005,0,0
145,7,8,GNN,-3.2691789,-7.3190393,4.0498604,0,0
158,7,8,GNN,8.024865,10.3635645,-2.3386995000000006,1,1
160,7,8,GNN,9.186848,11.77465,-2.587802,1,1
161,7,8,GNN,-14.661444,-12.381221,-2.2802229999999994,0,0
171,7,8,GNN,11.365721,13.800107,-2.434386,1,1
178,7,8,GNN,11.365721,12.206395,-0.8406739999999999,1,1
187,7,8,GNN,-2.860269,-7.0148983,4.1546293,0,0
191,7,8,GNN,-6.3842587,-8.607181,2.2229223000000005,0,0
196,7,8,GNN,-10.784142,-11.945064,1.1609220000000011,0,0
204,7,8,GNN,14.255758,12.8333025,1.4224554999999999,1,1
220,7,8,GNN,8.822678,13.02422,-4.201542,1,1
227,7,8,GNN,-9.477889,-13.599327,4.121438000000001,0,0
230,7,8,GNN,-7.1637025,-9.2739935,2.1102909999999993,0,0
236,7,8,GNN,10.784142,12.452161,-1.668019000000001,1,1
248,7,8,GNN,-6.734521,-7.7515817,1.0170607,0,0
269,7,8,GNN,-6.7197585,-8.933322,2.2135635000000002,0,0
285,7,8,GNN,16.421785,14.7092285,1.7125564999999998,1,1
341,7,8,GNN,16.421785,13.130085,3.2917000000000005,1,1
343,7,8,GNN,-8.322826,3.997378,-12.320203999999999,0,1
352,7,8,GNN,-13.781273,-13.04538,-0.7358930000000008,0,0
369,7,8,GNN,-14.661444,-12.940264,-1.7211799999999986,0,0
379,7,8,GNN,4.767139,2.0232522,2.7438868000000003,1,1
6,7,8,gb,9.859496001,-8.810296773096418,18.66979277409642,1,0
9,7,8,gb,-6.304406276,-6.500216772030516,0.19581049603051603,0,0
14,7,8,gb,-6.706176965,7.859628858266173,-14.565805823266173,0,1
17,7,8,gb,14.25575783385418,12.092324061544751,2.1634337723094283,1,1
36,7,8,gb,7.577061974006026,5.7866897943335,1.7903721796725254,1,1
55,7,8,gb,5.762510154326968,-3.738167768298356,9.500677922625323,1,0
63,7,8,gb,7.577061974006026,4.011325877965386,3.5657360960406397,1,1
66,7,8,gb,-13.78127315,-0.3446184120771633,-13.436654737922836,0,0
74,7,8,gb,12.073863035611195,6.833277163172008,5.240585872439187,1,1
79,7,8,gb,8.822677770172534,13.274992410243325,-4.4523146400707905,1,1
82,7,8,gb,-0.435043175,9.683179352146588,-10.118222527146589,0,1
88,7,8,gb,8.645135192345712,-7.931866769989556,16.577001962335267,1,0
100,7,8,gb,-8.80260242,-7.123694813700258,-1.6789076062997417,0,0
108,7,8,gb,6.992920050439323,11.048201541783117,-4.055281491343794,1,1
110,7,8,gb,-9.842777871,-7.242186775656962,-2.600591095343037,0,0
130,7,8,gb,-7.699911823,-5.843235979125339,-1.856675843874661,0,0
134,7,8,gb,-2.685054485,-10.567764316395774,7.882709831395774,0,0
145,7,8,gb,-3.269178868,-9.848254087875416,6.579075219875416,0,0
158,7,8,gb,8.024865092428724,7.354817020279861,0.6700480721488633,1,1
160,7,8,gb,9.186847537073708,-1.923134367466936,11.109981904540644,1,0
161,7,8,gb,-14.66144387,2.596231485314612,-17.25767535531461,0,1
171,7,8,gb,11.365720446897749,13.384971381347944,-2.019250934450195,1,1
178,7,8,gb,11.365720446897749,-11.330883170017929,22.696603616915677,1,0
187,7,8,gb,-2.860269063,-8.685193322450603,5.8249242594506025,0,0
191,7,8,gb,-6.384258729,-6.956798646024901,0.5725399170249013,0,0
196,7,8,gb,-10.78414116,3.410007012157646,-14.194148172157647,0,1
204,7,8,gb,14.25575783385418,-7.218524169228327,21.474282003082507,1,0
220,7,8,gb,8.822677770172534,6.6682433862335015,2.1544343839390327,1,1
227,7,8,gb,-9.477889153,8.858726026150341,-18.336615179150343,0,1
230,7,8,gb,-7.163702257,-7.308100746048401,0.14439848904840158,0,0
236,7,8,gb,10.784141163895436,5.763475941933084,5.020665221962352,1,1
248,7,8,gb,-6.73452098,-5.222710077600295,-1.5118109023997048,0,0
269,7,8,gb,-6.719758736,-4.243780194278105,-2.4759785417218954,0,0
285,7,8,gb,16.42178532510618,6.407386981738956,10.014398343367223,1,1
341,7,8,gb,16.42178532510618,-0.477302956434845,16.899088281541022,1,0
343,7,8,gb,-8.32282608,3.5942974819898557,-11.917123561989856,0,1
352,7,8,gb,-13.78127315,-7.520432901776055,-6.260840248223945,0,0
369,7,8,gb,-14.66144387,-7.826921262377957,-6.834522607622042,0,0
379,7,8,gb,4.767138942868287,-9.264538891514924,14.03167783438321,1,0
6,7,9,GNN,9.859496,11.85015,-1.9906539999999993,1,1
9,7,9,GNN,-6.304406,-9.81797,3.5135640000000006,0,0
14,7,9,GNN,-6.7061768,-9.566941,2.8607642,0,0
17,7,9,GNN,14.255758,13.283907,0.9718510000000009,1,1
36,7,9,GNN,7.577062,-7.081556,14.658618,1,0
55,7,9,GNN,5.7625103,14.372648,-8.6101377,1,1
63,7,9,GNN,7.577062,12.401322,-4.824260000000001,1,1
66,7,9,GNN,-13.781273,-12.872641,-0.9086320000000008,0,0
74,7,9,GNN,12.073863,13.638234,-1.5643710000000013,1,1
79,7,9,GNN,8.822678,11.835713,-3.0130350000000004,1,1
82,7,9,GNN,-0.4350432,0.33005086,-0.76509406,0,1
88,7,9,GNN,8.645135,10.38103,-1.735895000000001,1,1
100,7,9,GNN,-8.802603,-9.291663,0.4890600000000003,0,0
108,7,9,GNN,6.99292,6.39736,0.5955599999999999,1,1
110,7,9,GNN,-9.842778,-9.208325,-0.6344529999999988,0,0
130,7,9,GNN,-7.6999116,-5.7119207,-1.9879908999999998,0,0
134,7,9,GNN,-2.6850545,-6.7478733,4.0628188000000005,0,0
145,7,9,GNN,-3.2691789,-6.994857,3.7256780999999997,0,0
158,7,9,GNN,8.024865,12.310371,-4.285506,1,1
160,7,9,GNN,9.186848,10.593513,-1.4066650000000003,1,1
161,7,9,GNN,-14.661444,-12.417802,-2.2436419999999995,0,0
171,7,9,GNN,11.365721,13.811792,-2.446071,1,1
178,7,9,GNN,11.365721,12.5365715,-1.1708505000000002,1,1
187,7,9,GNN,-2.860269,-6.6351147,3.7748456999999997,0,0
191,7,9,GNN,-6.3842587,-9.573508,3.1892493,0,0
196,7,9,GNN,-10.784142,-12.348126,1.5639840000000014,0,0
204,7,9,GNN,14.255758,13.544131,0.711627,1,1
220,7,9,GNN,8.822678,13.596063,-4.773384999999999,1,1
227,7,9,GNN,-9.477889,-12.239877,2.7619880000000006,0,0
230,7,9,GNN,-7.1637025,-8.215629,1.0519264999999995,0,0
236,7,9,GNN,10.784142,11.124779,-0.34063700000000097,1,1
248,7,9,GNN,-6.734521,-7.093831,0.3593099999999998,0,0
269,7,9,GNN,-6.7197585,-7.484998,0.7652394999999999,0,0
285,7,9,GNN,16.421785,14.97322,1.4485650000000003,1,1
341,7,9,GNN,16.421785,13.299442,3.122342999999999,1,1
343,7,9,GNN,-8.322826,-1.5851215,-6.7377044999999995,0,0
352,7,9,GNN,-13.781273,-9.264148,-4.517125,0,0
369,7,9,GNN,-14.661444,-14.751679,0.09023499999999984,0,0
379,7,9,GNN,4.767139,1.8756015,2.8915375,1,1
6,7,9,gb,9.859496001,-3.407643910350602,13.267139911350602,1,0
9,7,9,gb,-6.304406276,-8.154542952316756,1.8501366763167564,0,0
14,7,9,gb,-6.706176965,11.335787914321788,-18.04196487932179,0,1
17,7,9,gb,14.25575783385418,12.184615828248994,2.0711420056051857,1,1
36,7,9,gb,7.577061974006026,-6.046549343657793,13.62361131766382,1,0
55,7,9,gb,5.762510154326968,-4.279233429622608,10.041743583949575,1,0
63,7,9,gb,7.577061974006026,4.269610183841628,3.3074517901643974,1,1
66,7,9,gb,-13.78127315,7.709656632963029,-21.49092978296303,0,1
74,7,9,gb,12.073863035611195,12.071165549224949,0.0026974863862463394,1,1
79,7,9,gb,8.822677770172534,9.169868530773996,-0.34719076060146215,1,1
82,7,9,gb,-0.435043175,10.114839852409633,-10.549883027409633,0,1
88,7,9,gb,8.645135192345712,-4.517497248655893,13.162632441001605,1,0
100,7,9,gb,-8.80260242,-9.384839686357376,0.5822372663573763,0,0
108,7,9,gb,6.992920050439323,7.8159887599853874,-0.8230687095460647,1,1
110,7,9,gb,-9.842777871,-6.074563554977967,-3.768214316022032,0,0
130,7,9,gb,-7.699911823,-7.286423347445745,-0.4134884755542547,0,0
134,7,9,gb,-2.685054485,-10.981544544297591,8.296490059297591,0,0
145,7,9,gb,-3.269178868,-12.020754126103078,8.751575258103077,0,0
158,7,9,gb,8.024865092428724,6.798592161092589,1.2262729313361351,1,1
160,7,9,gb,9.186847537073708,4.121315009209795,5.065532527863914,1,1
161,7,9,gb,-14.66144387,4.800018885646923,-19.46146275564692,0,1
171,7,9,gb,11.365720446897749,6.516978289066965,4.848742157830784,1,1
178,7,9,gb,11.365720446897749,-10.091287778346322,21.45700822524407,1,0
187,7,9,gb,-2.860269063,-0.5710003133725737,-2.289268749627426,0,0
191,7,9,gb,-6.384258729,-5.017136548650104,-1.367122180349896,0,0
196,7,9,gb,-10.78414116,-1.0975258399620933,-9.686615320037907,0,0
204,7,9,gb,14.25575783385418,-4.202870894094126,18.458628727948305,1,0
220,7,9,gb,8.822677770172534,0.106206798210868,8.716470971961666,1,1
227,7,9,gb,-9.477889153,2.09377834949367,-11.57166750249367,0,1
230,7,9,gb,-7.163702257,-4.637124629678589,-2.5265776273214104,0,0
236,7,9,gb,10.784141163895436,9.51418552657351,1.2699556373219263,1,1
248,7,9,gb,-6.73452098,-2.122151505968977,-4.6123694740310235,0,0
269,7,9,gb,-6.719758736,0.9260000158687404,-7.64575875186874,0,1
285,7,9,gb,16.42178532510618,1.0712898295255258,15.350495495580653,1,1
341,7,9,gb,16.42178532510618,-3.1487720800582695,19.570557405164447,1,0
343,7,9,gb,-8.32282608,-4.712850628922201,-3.6099754510777995,0,0
352,7,9,gb,-13.78127315,-8.263845099306373,-5.517428050693628,0,0
369,7,9,gb,-14.66144387,-4.236772803970278,-10.42467106602972,0,0
379,7,9,gb,4.767138942868287,-6.957640754090401,11.724779696958688,1,0
6,7,10,GNN,9.859496,12.555154,-2.695658,1,1
9,7,10,GNN,-6.304406,-9.536055,3.231648999999999,0,0
14,7,10,GNN,-6.7061768,-8.230949,1.524772200000001,0,0
17,7,10,GNN,14.255758,13.369955,0.885803000000001,1,1
36,7,10,GNN,7.577062,6.760505,0.8165569999999995,1,1
55,7,10,GNN,5.7625103,12.492729,-6.730218700000001,1,1
63,7,10,GNN,7.577062,10.694731,-3.117669000000001,1,1
66,7,10,GNN,-13.781273,-10.085391,-3.695882000000001,0,0
74,7,10,GNN,12.073863,12.057147,0.016715999999998843,1,1
79,7,10,GNN,8.822678,12.891947,-4.069269,1,1
82,7,10,GNN,-0.4350432,4.4705396,-4.9055828,0,1
88,7,10,GNN,8.645135,5.799466,2.845669,1,1
100,7,10,GNN,-8.802603,-7.8850617,-0.9175412999999999,0,0
108,7,10,GNN,6.99292,7.1718125,-0.1788924999999999,1,1
110,7,10,GNN,-9.842778,-8.262253,-1.5805249999999997,0,0
130,7,10,GNN,-7.6999116,-6.562964,-1.1369476,0,0
134,7,10,GNN,-2.6850545,-6.850581,4.1655265,0,0
145,7,10,GNN,-3.2691789,-7.268439,3.9992601,0,0
158,7,10,GNN,8.024865,10.504568,-2.4797030000000007,1,1
160,7,10,GNN,9.186848,10.155663,-0.9688150000000011,1,1
161,7,10,GNN,-14.661444,-9.151533,-5.509910999999999,0,0
171,7,10,GNN,11.365721,13.908889,-2.5431679999999997,1,1
178,7,10,GNN,11.365721,11.276827,0.0888939999999998,1,1
187,7,10,GNN,-2.860269,-6.613646,3.753377,0,0
191,7,10,GNN,-6.3842587,-8.387034,2.0027752999999997,0,0
196,7,10,GNN,-10.784142,-10.197372,-0.5867699999999996,0,0
204,7,10,GNN,14.255758,11.997873,2.257885,1,1
220,7,10,GNN,8.822678,12.685127,-3.862449,1,1
227,7,10,GNN,-9.477889,-10.679432,1.201543000000001,0,0
230,7,10,GNN,-7.1637025,-6.744517,-0.4191855000000002,0,0
236,7,10,GNN,10.784142,11.64507,-0.8609280000000012,1,1
248,7,10,GNN,-6.734521,-6.846701,0.11218000000000039,0,0
269,7,10,GNN,-6.7197585,-6.550836,-0.16892249999999986,0,0
285,7,10,GNN,16.421785,12.0070915,4.4146935,1,1
341,7,10,GNN,16.421785,13.209551,3.2122340000000005,1,1
343,7,10,GNN,-8.322826,7.327974,-15.6508,0,1
352,7,10,GNN,-13.781273,-10.497898,-3.2833750000000013,0,0
369,7,10,GNN,-14.661444,-8.195795,-6.465648999999999,0,0
379,7,10,GNN,4.767139,3.8954031,0.8717359000000005,1,1
6,7,10,gb,9.859496001,-5.815692836955682,15.675188837955682,1,0
9,7,10,gb,-6.304406276,-9.83093624168223,3.5265299656822293,0,0
14,7,10,gb,-6.706176965,13.58650758192354,-20.29268454692354,0,1
17,7,10,gb,14.25575783385418,10.292000336383095,3.963757497471084,1,1
36,7,10,gb,7.577061974006026,-1.1258842151564403,8.702946189162466,1,0
55,7,10,gb,5.762510154326968,-4.6274399157186865,10.389950070045654,1,0
63,7,10,gb,7.577061974006026,3.3354725544177697,4.241589419588256,1,1
66,7,10,gb,-13.78127315,-6.869446554427709,-6.9118265955722915,0,0
74,7,10,gb,12.073863035611195,5.991256150529218,6.082606885081977,1,1
79,7,10,gb,8.822677770172534,9.501309256699637,-0.6786314865271024,1,1
82,7,10,gb,-0.435043175,8.200529343664622,-8.635572518664622,0,1
88,7,10,gb,8.645135192345712,-8.061826560758071,16.706961753103784,1,0
100,7,10,gb,-8.80260242,-9.96512243877546,1.16252001877546,0,0
108,7,10,gb,6.992920050439323,3.576679889240837,3.416240161198486,1,1
110,7,10,gb,-9.842777871,-7.339370541175332,-2.5034073298246673,0,0
130,7,10,gb,-7.699911823,-3.0001534655797086,-4.699758357420292,0,0
134,7,10,gb,-2.685054485,-9.641853938425276,6.956799453425276,0,0
145,7,10,gb,-3.269178868,-12.948373611482804,9.679194743482803,0,0
158,7,10,gb,8.024865092428724,8.922741332445115,-0.8978762400163909,1,1
160,7,10,gb,9.186847537073708,-0.3867860064590229,9.57363354353273,1,0
161,7,10,gb,-14.66144387,1.9249466469477825,-16.58639051694778,0,1
171,7,10,gb,11.365720446897749,10.63750130815308,0.7282191387446684,1,1
178,7,10,gb,11.365720446897749,-6.752040128487973,18.117760575385724,1,0
187,7,10,gb,-2.860269063,-0.6610563903036512,-2.199212672696349,0,0
191,7,10,gb,-6.384258729,1.19441060289786,-7.57866933189786,0,1
196,7,10,gb,-10.78414116,-9.708962383326067,-1.0751787766739334,0,0
204,7,10,gb,14.25575783385418,-0.3684707434704012,14.624228577324581,1,0
220,7,10,gb,8.822677770172534,0.6229384186847094,8.199739351487825,1,1
227,7,10,gb,-9.477889153,6.091567424385457,-15.569456577385456,0,1
230,7,10,gb,-7.163702257,-8.37246559139815,1.2087633343981503,0,0
236,7,10,gb,10.784141163895436,11.693736505937906,-0.9095953420424703,1,1
248,7,10,gb,-6.73452098,-4.95465692826968,-1.7798640517303204,0,0
269,7,10,gb,-6.719758736,-2.1808698103652207,-4.5388889256347795,0,0
285,7,10,gb,16.42178532510618,4.963703335159796,11.458081989946383,1,1
341,7,10,gb,16.42178532510618,-1.238364783891325,17.660150108997502,1,0
343,7,10,gb,-8.32282608,6.912444038922721,-15.23527011892272,0,1
352,7,10,gb,-13.78127315,-8.88199154612542,-4.899281603874581,0,0
369,7,10,gb,-14.66144387,1.388225821283116,-16.049669691283114,0,1
379,7,10,gb,4.767138942868287,-9.311739003608809,14.078877946477096,1,0
4,8,1,GNN,-14.221358,-8.813964,-5.407394,0,0
11,8,1,GNN,-2.8101714,-3.3571453,0.5469738999999998,0,0
12,8,1,GNN,14.255758,13.267095,0.9886630000000007,1,1
39,8,1,GNN,14.255758,12.028309,2.227449,1,1
43,8,1,GNN,12.345567,7.683506,4.6620610000000005,1,1
46,8,1,GNN,-12.901102,-8.275905,-4.625197,0,0
49,8,1,GNN,-10.784142,-10.392511,-0.3916309999999985,0,0
65,8,1,GNN,11.242613,15.179257,-3.9366439999999994,1,1
68,8,1,GNN,1.6953815,1.9597895,-0.264408,1,1
93,8,1,GNN,12.345567,12.086116,0.2594510000000003,1,1
95,8,1,GNN,8.27141,7.0921173,1.1792926999999995,1,1
102,8,1,GNN,-14.661444,-12.098419,-2.5630249999999997,0,0
103,8,1,GNN,-10.198892,-9.915556,-0.28333600000000025,0,0
127,8,1,GNN,5.222009,7.0965405,-1.8745314999999998,1,1
174,8,1,GNN,-9.842778,-7.0698876,-2.7728903999999988,0,0
175,8,1,GNN,16.421785,12.719994,3.701791,1,1
176,8,1,GNN,-3.9838798,-1.3903457,-2.5935341000000003,0,0
185,8,1,GNN,-10.198892,-7.6479483,-2.5509437000000004,0,0
186,8,1,GNN,10.456034,10.815188,-0.3591539999999984,1,1
190,8,1,GNN,16.421785,14.945172,1.4766130000000004,1,1
198,8,1,GNN,-6.181254,-7.156359,0.9751050000000001,0,0
205,8,1,GNN,-14.255758,-8.737476,-5.518282000000001,0,0
232,8,1,GNN,6.181254,5.115518,1.0657360000000002,1,1
237,8,1,GNN,-11.670309,-9.9740925,-1.6962165000000002,0,0
251,8,1,GNN,-11.213427,-9.939712,-1.2737149999999993,0,0
268,8,1,GNN,12.982147,15.3564625,-2.3743155,1,1
290,8,1,GNN,-12.901102,-9.12119,-3.7799119999999995,0,0
291,8,1,GNN,-6.4862504,-4.23456,-2.2516904,0,0
296,8,1,GNN,14.661444,11.152765,3.508678999999999,1,1
307,8,1,GNN,-11.963529,-7.361274,-4.6022549999999995,0,0
315,8,1,GNN,8.27141,9.400201,-1.1287909999999997,1,1
316,8,1,GNN,-0.24832202,-11.516049,11.26772698,0,0
317,8,1,GNN,-7.910733,-11.711403,3.800670000000001,0,0
325,8,1,GNN,12.073863,13.112542,-1.0386790000000001,1,1
326,8,1,GNN,16.421785,11.524564,4.897221,1,1
333,8,1,GNN,-6.9495783,-10.999206,4.049627699999999,0,0
335,8,1,GNN,12.073863,9.625077,2.448786,1,1
350,8,1,GNN,12.073863,12.508754,-0.43489100000000036,1,1
365,8,1,GNN,-4.73084,-6.6329613,1.9021213000000001,0,0
4,8,1,gb,-14.22135851,-10.189297593895462,-4.0320609161045375,0,0
11,8,1,gb,-2.810171397,-4.134562121301383,1.324390724301383,0,0
12,8,1,gb,14.25575783385418,10.209390306342163,4.046367527512016,1,1
39,8,1,gb,14.25575783385418,-9.627570957588205,23.883328791442384,1,0
43,8,1,gb,12.345566512153232,-4.2519350989957445,16.597501611148978,1,0
46,8,1,gb,-12.90110242,-9.383337335860272,-3.5177650841397288,0,0
49,8,1,gb,-10.78414116,9.939537345270484,-20.723678505270485,0,1
65,8,1,gb,11.242612518160245,2.281317985305478,8.961294532854767,1,1
68,8,1,gb,1.6953815033650554,-9.31482915345762,11.010210656822675,1,0
93,8,1,gb,12.345566512153232,-1.3564498493541486,13.702016361507381,1,0
95,8,1,gb,8.271410102019884,3.484722474310355,4.7866876277095285,1,1
102,8,1,gb,-14.66144387,-9.133443458020569,-5.528000411979431,0,0
103,8,1,gb,-10.19889172,-6.937339346745321,-3.2615523732546796,0,0
127,8,1,gb,5.222009403,-9.077101830007324,14.299111233007324,1,0
174,8,1,gb,-9.842777871,-8.402449612002457,-1.4403282589975426,0,0
175,8,1,gb,16.42178532510618,9.660330933838551,6.761454391267627,1,1
176,8,1,gb,-3.983879689,-5.721694488992945,1.737814799992945,0,0
185,8,1,gb,-10.19889172,-3.517246586454173,-6.681645133545828,0,0
186,8,1,gb,10.456033337686607,-6.512076815325701,16.968110153012308,1,0
190,8,1,gb,16.42178532510618,9.44768127750594,6.974104047600239,1,1
198,8,1,gb,-6.181253777,-2.6673055281284728,-3.5139482488715275,0,0
205,8,1,gb,-14.25575783,7.889343453914873,-22.145101283914872,0,1
232,8,1,gb,6.181253776842806,-3.552324559726922,9.733578336569728,1,0
237,8,1,gb,-11.67030896,-3.93496736831488,-7.7353415916851205,0,0
251,8,1,gb,-11.21342619,4.61036139299267,-15.823787582992669,0,1
268,8,1,gb,12.982147179797291,10.332320811733616,2.6498263680636747,1,1
290,8,1,gb,-12.90110242,-7.594730335374254,-5.306372084625747,0,0
291,8,1,gb,-6.486250575,-2.815069070314676,-3.6711815046853236,0,0
296,8,1,gb,14.661443872595802,0.1629864001793955,14.498457472416407,1,1
307,8,1,gb,-11.96352825,4.348589196116697,-16.312117446116694,0,1
315,8,1,gb,8.271410102019884,13.183291725445992,-4.911881623426108,1,1
316,8,1,gb,-0.248322023,13.696651494912162,-13.944973517912162,0,1
317,8,1,gb,-7.910733222,2.1942603031665393,-10.10499352516654,0,1
325,8,1,gb,12.073863035611195,9.663307834169434,2.4105552014417615,1,1
326,8,1,gb,16.42178532510618,1.5595253947531889,14.86225993035299,1,1
333,8,1,gb,-6.949578332,-11.377028013137153,4.427449681137153,0,0
335,8,1,gb,12.073863035611195,2.579581484057306,9.49428155155389,1,1
350,8,1,gb,12.073863035611195,-5.192364667653608,17.266227703264803,1,0
365,8,1,gb,-4.730840299,-11.26575342234538,6.5349131233453805,0,0
4,8,2,GNN,-14.221358,-10.280265,-3.9410930000000004,0,0
11,8,2,GNN,-2.8101714,-7.0959716,4.285800200000001,0,0
12,8,2,GNN,14.255758,13.039998,1.2157599999999995,1,1
39,8,2,GNN,14.255758,11.051948,3.2038100000000007,1,1
43,8,2,GNN,12.345567,9.590644,2.7549230000000016,1,1
46,8,2,GNN,-12.901102,-10.707215,-2.193887,0,0
49,8,2,GNN,-10.784142,-10.201058,-0.5830839999999995,0,0
65,8,2,GNN,11.242613,13.914725,-2.6721120000000003,1,1
68,8,2,GNN,1.6953815,-0.14521573,1.8405972300000002,1,0
93,8,2,GNN,12.345567,10.399669,1.9458980000000015,1,1
95,8,2,GNN,8.27141,8.523837,-0.25242700000000085,1,1
102,8,2,GNN,-14.661444,-11.215705,-3.4457389999999997,0,0
103,8,2,GNN,-10.198892,-10.178699,-0.020193000000000794,0,0
127,8,2,GNN,5.222009,9.742298,-4.520289,1,1
174,8,2,GNN,-9.842778,-4.6019,-5.2408779999999995,0,0
175,8,2,GNN,16.421785,12.812253,3.6095319999999997,1,1
176,8,2,GNN,-3.9838798,0.8459779,-4.8298577,0,1
185,8,2,GNN,-10.198892,-10.42922,0.2303280000000001,0,0
186,8,2,GNN,10.456034,10.396868,0.05916600000000116,1,1
190,8,2,GNN,16.421785,13.183234,3.2385509999999993,1,1
198,8,2,GNN,-6.181254,-7.356206,1.1749520000000002,0,0
205,8,2,GNN,-14.255758,-11.017833,-3.2379250000000006,0,0
232,8,2,GNN,6.181254,4.205464,1.97579,1,1
237,8,2,GNN,-11.670309,-10.240663,-1.429646,0,0
251,8,2,GNN,-11.213427,-7.8463593,-3.3670676999999998,0,0
268,8,2,GNN,12.982147,11.965893,1.016254,1,1
290,8,2,GNN,-12.901102,-10.175855,-2.7252469999999995,0,0
291,8,2,GNN,-6.4862504,-7.445443,0.9591925999999997,0,0
296,8,2,GNN,14.661444,12.134502,2.526942,1,1
307,8,2,GNN,-11.963529,-13.793059,1.82953,0,0
315,8,2,GNN,8.27141,9.511596,-1.2401860000000013,1,1
316,8,2,GNN,-0.24832202,-11.881467,11.63314498,0,0
317,8,2,GNN,-7.910733,-10.49925,2.5885170000000004,0,0
325,8,2,GNN,12.073863,12.849129,-0.7752660000000002,1,1
326,8,2,GNN,16.421785,11.55981,4.861974999999999,1,1
333,8,2,GNN,-6.9495783,-10.495376,3.5457977000000005,0,0
335,8,2,GNN,12.073863,9.402884,2.670978999999999,1,1
350,8,2,GNN,12.073863,11.084289,0.9895739999999993,1,1
365,8,2,GNN,-4.73084,-13.244914,8.514074,0,0
4,8,2,gb,-14.22135851,-12.710292839040472,-1.5110656709595283,0,0
11,8,2,gb,-2.810171397,-6.702770741436028,3.8925993444360283,0,0
12,8,2,gb,14.25575783385418,7.768340437031178,6.487417396823002,1,1
39,8,2,gb,14.25575783385418,-13.619130624892136,27.874888458746316,1,0
43,8,2,gb,12.345566512153232,5.374059531685556,6.971506980467676,1,1
46,8,2,gb,-12.90110242,-12.701809366947476,-0.19929305305252498,0,0
49,8,2,gb,-10.78414116,9.670069803776007,-20.454210963776006,0,1
65,8,2,gb,11.242612518160245,1.0133046908734171,10.229307827286828,1,1
68,8,2,gb,1.6953815033650554,-11.266074243862922,12.961455747227978,1,0
93,8,2,gb,12.345566512153232,4.209417050563735,8.136149461589497,1,1
95,8,2,gb,8.271410102019884,-1.263294669463026,9.53470477148291,1,0
102,8,2,gb,-14.66144387,-12.692780074937266,-1.9686637950627333,0,0
103,8,2,gb,-10.19889172,-7.982625542461807,-2.216266177538194,0,0
127,8,2,gb,5.222009403,-6.333101603417041,11.555111006417041,1,0
174,8,2,gb,-9.842777871,-5.9215989037070385,-3.9211789672929607,0,0
175,8,2,gb,16.42178532510618,9.743361674223332,6.678423650882847,1,1
176,8,2,gb,-3.983879689,-6.940986315009225,2.9571066260092245,0,0
185,8,2,gb,-10.19889172,7.540677324818479,-17.73956904481848,0,1
186,8,2,gb,10.456033337686607,-3.8267899867351294,14.282823324421736,1,0
190,8,2,gb,16.42178532510618,8.98172656581613,7.440058759290048,1,1
198,8,2,gb,-6.181253777,7.76993275456852,-13.95118653156852,0,1
205,8,2,gb,-14.25575783,3.523781606081896,-17.779539436081897,0,1
232,8,2,gb,6.181253776842806,0.6217770308806553,5.559476745962151,1,1
237,8,2,gb,-11.67030896,-11.344389342654,-0.32591961734599906,0,0
251,8,2,gb,-11.21342619,8.485608300652343,-19.699034490652345,0,1
268,8,2,gb,12.982147179797291,11.042261570408574,1.9398856093887176,1,1
290,8,2,gb,-12.90110242,-7.065786048352352,-5.835316371647649,0,0
291,8,2,gb,-6.486250575,-1.7738494435899397,-4.71240113141006,0,0
296,8,2,gb,14.661443872595802,6.917431947621084,7.744011924974718,1,1
307,8,2,gb,-11.96352825,3.113153497570374,-15.076681747570372,0,1
315,8,2,gb,8.271410102019884,11.68884213847658,-3.417432036456697,1,1
316,8,2,gb,-0.248322023,13.560422539455994,-13.808744562455994,0,1
317,8,2,gb,-7.910733222,-8.299841585654065,0.3891083636540644,0,0
325,8,2,gb,12.073863035611195,9.030965063586564,3.0428979720246314,1,1
326,8,2,gb,16.42178532510618,3.152392658053026,13.269392667053152,1,1
333,8,2,gb,-6.949578332,-10.458796711748736,3.509218379748736,0,0
335,8,2,gb,12.073863035611195,-7.290451482485008,19.364314518096204,1,0
350,8,2,gb,12.073863035611195,2.660811251439822,9.413051784171373,1,1
365,8,2,gb,-4.730840299,-10.077226621636484,5.3463863226364845,0,0
4,8,3,GNN,-14.221358,-7.4996448,-6.721713200000001,0,0
11,8,3,GNN,-2.8101714,-4.928394,2.1182225999999997,0,0
12,8,3,GNN,14.255758,13.461768,0.7939900000000009,1,1
39,8,3,GNN,14.255758,10.824153,3.4316049999999994,1,1
43,8,3,GNN,12.345567,10.565995,1.7795720000000017,1,1
46,8,3,GNN,-12.901102,-7.8996015,-5.0015005,0,0
49,8,3,GNN,-10.784142,-10.463332,-0.3208099999999998,0,0
65,8,3,GNN,11.242613,14.847095,-3.604481999999999,1,1
68,8,3,GNN,1.6953815,-2.987561,4.6829425,1,0
93,8,3,GNN,12.345567,11.484188,0.8613790000000012,1,1
95,8,3,GNN,8.27141,6.3322167,1.9391932999999995,1,1
102,8,3,GNN,-14.661444,-10.346244,-4.315199999999999,0,0
103,8,3,GNN,-10.198892,-8.760491,-1.4384010000000007,0,0
127,8,3,GNN,5.222009,7.585403,-2.3633940000000004,1,1
174,8,3,GNN,-9.842778,-8.692103,-1.1506749999999997,0,0
175,8,3,GNN,16.421785,12.470602,3.9511830000000003,1,1
176,8,3,GNN,-3.9838798,1.7465771,-5.7304569,0,1
185,8,3,GNN,-10.198892,-7.5625367,-2.636355300000001,0,0
186,8,3,GNN,10.456034,10.329272,0.12676200000000115,1,1
190,8,3,GNN,16.421785,14.194771,2.2270140000000005,1,1
198,8,3,GNN,-6.181254,-8.248857,2.067602999999999,0,0
205,8,3,GNN,-14.255758,-10.701259,-3.554499,0,0
232,8,3,GNN,6.181254,4.176709,2.0045450000000002,1,1
237,8,3,GNN,-11.670309,-8.301045,-3.3692639999999994,0,0
251,8,3,GNN,-11.213427,-10.022029,-1.1913979999999995,0,0
268,8,3,GNN,12.982147,13.593278,-0.6111310000000003,1,1
290,8,3,GNN,-12.901102,-8.634542,-4.26656,0,0
291,8,3,GNN,-6.4862504,-4.423194,-2.0630564000000007,0,0
296,8,3,GNN,14.661444,11.582812,3.078631999999999,1,1
307,8,3,GNN,-11.963529,-11.573049,-0.39048000000000016,0,0
315,8,3,GNN,8.27141,8.324155,-0.05274499999999982,1,1
316,8,3,GNN,-0.24832202,-9.528187,9.279864980000001,0,0
317,8,3,GNN,-7.910733,-9.0111,1.1003670000000012,0,0
325,8,3,GNN,12.073863,12.973109,-0.8992459999999998,1,1
326,8,3,GNN,16.421785,11.436272,4.985512999999999,1,1
333,8,3,GNN,-6.9495783,-8.984992,2.0354137000000003,0,0
335,8,3,GNN,12.073863,9.777868,2.2959949999999996,1,1
350,8,3,GNN,12.073863,11.118747,0.9551159999999985,1,1
365,8,3,GNN,-4.73084,-6.389052,1.6582120000000007,0,0
4,8,3,gb,-14.22135851,-11.751905641074153,-2.4694528689258473,0,0
11,8,3,gb,-2.810171397,-9.108081700393626,6.297910303393627,0,0
12,8,3,gb,14.25575783385418,12.407536535570497,1.8482212982836828,1,1
39,8,3,gb,14.25575783385418,-14.142027697101543,28.397785530955723,1,0
43,8,3,gb,12.345566512153232,2.189646273982597,10.155920238170635,1,1
46,8,3,gb,-12.90110242,-9.047812638742284,-3.8532897812577165,0,0
49,8,3,gb,-10.78414116,8.35263279373484,-19.13677395373484,0,1
65,8,3,gb,11.242612518160245,1.497051737095953,9.745560781064292,1,1
68,8,3,gb,1.6953815033650554,-9.856667299100238,11.552048802465293,1,0
93,8,3,gb,12.345566512153232,-4.560110280396639,16.90567679254987,1,0
95,8,3,gb,8.271410102019884,3.362405659482796,4.909004442537087,1,1
102,8,3,gb,-14.66144387,-8.41767458739177,-6.243769282608229,0,0
103,8,3,gb,-10.19889172,-4.650972785141044,-5.547918934858957,0,0
127,8,3,gb,5.222009403,-3.574185827474136,8.796195230474137,1,0
174,8,3,gb,-9.842777871,-3.826405371338825,-6.016372499661174,0,0
175,8,3,gb,16.42178532510618,10.131841860984222,6.289943464121956,1,1
176,8,3,gb,-3.983879689,-8.154570919525455,4.170691230525454,0,0
185,8,3,gb,-10.19889172,2.0493374766344052,-12.248229196634405,0,1
186,8,3,gb,10.456033337686607,-5.574195748740845,16.030229086427454,1,0
190,8,3,gb,16.42178532510618,10.351522706729236,6.070262618376942,1,1
198,8,3,gb,-6.181253777,-3.978822997924264,-2.202430779075736,0,0
205,8,3,gb,-14.25575783,7.1351524223623475,-21.390910252362346,0,1
232,8,3,gb,6.181253776842806,5.492399903777641,0.688853873065165,1,1
237,8,3,gb,-11.67030896,-5.285626183541434,-6.384682776458566,0,0
251,8,3,gb,-11.21342619,1.3472506624941345,-12.560676852494135,0,1
268,8,3,gb,12.982147179797291,11.953931234582177,1.0282159452151145,1,1
290,8,3,gb,-12.90110242,-7.2821356490605185,-5.618966770939482,0,0
291,8,3,gb,-6.486250575,-1.9982938136279165,-4.487956761372083,0,0
296,8,3,gb,14.661443872595802,-2.515561437725269,17.17700531032107,1,0
307,8,3,gb,-11.96352825,-3.3620371298087837,-8.601491120191216,0,0
315,8,3,gb,8.271410102019884,11.950933124685896,-3.6795230226660127,1,1
316,8,3,gb,-0.248322023,11.489725370327168,-11.738047393327168,0,1
317,8,3,gb,-7.910733222,-3.2180193934122103,-4.69271382858779,0,0
325,8,3,gb,12.073863035611195,8.417294001030493,3.656569034580702,1,1
326,8,3,gb,16.42178532510618,10.120005171522449,6.30178015358373,1,1
333,8,3,gb,-6.949578332,-10.221748219685525,3.272169887685525,0,0
335,8,3,gb,12.073863035611195,-0.2010077098008374,12.274870745412032,1,0
350,8,3,gb,12.073863035611195,-9.266899865142667,21.340762900753862,1,0
365,8,3,gb,-4.730840299,-11.85682381852088,7.12598351952088,0,0
4,8,4,GNN,-14.221358,-11.620229,-2.6011290000000002,0,0
11,8,4,GNN,-2.8101714,-8.61371,5.8035385999999995,0,0
12,8,4,GNN,14.255758,12.540244,1.7155140000000006,1,1
39,8,4,GNN,14.255758,11.039186,3.2165719999999993,1,1
43,8,4,GNN,12.345567,9.631426,2.7141410000000015,1,1
46,8,4,GNN,-12.901102,-13.238833,0.3377309999999998,0,0
49,8,4,GNN,-10.784142,-13.295527,2.5113850000000006,0,0
65,8,4,GNN,11.242613,13.257291,-2.014678,1,1
68,8,4,GNN,1.6953815,-4.691447,6.3868285,1,0
93,8,4,GNN,12.345567,10.33351,2.0120570000000004,1,1
95,8,4,GNN,8.27141,8.976824,-0.7054140000000011,1,1
102,8,4,GNN,-14.661444,-11.54987,-3.111573999999999,0,0
103,8,4,GNN,-10.198892,-12.454303,2.2554109999999987,0,0
127,8,4,GNN,5.222009,9.672356,-4.450347000000001,1,1
174,8,4,GNN,-9.842778,-6.777716,-3.0650619999999993,0,0
175,8,4,GNN,16.421785,12.436361,3.985424,1,1
176,8,4,GNN,-3.9838798,0.82890767,-4.81278747,0,1
185,8,4,GNN,-10.198892,-12.847442,2.6485499999999984,0,0
186,8,4,GNN,10.456034,10.22612,0.22991400000000084,1,1
190,8,4,GNN,16.421785,12.993888,3.4278969999999997,1,1
198,8,4,GNN,-6.181254,-10.784016,4.602761999999999,0,0
205,8,4,GNN,-14.255758,-12.702242,-1.5535160000000001,0,0
232,8,4,GNN,6.181254,4.128451,2.052803,1,1
237,8,4,GNN,-11.670309,-12.584053,0.9137440000000012,0,0
251,8,4,GNN,-11.213427,-9.229376,-1.9840509999999991,0,0
268,8,4,GNN,12.982147,12.589331,0.39281599999999983,1,1
290,8,4,GNN,-12.901102,-12.585229,-0.31587299999999985,0,0
291,8,4,GNN,-6.4862504,-8.754229,2.2679786,0,0
296,8,4,GNN,14.661444,11.708027,2.953417,1,1
307,8,4,GNN,-11.963529,-13.625517,1.661988000000001,0,0
315,8,4,GNN,8.27141,9.85631,-1.584900000000001,1,1
316,8,4,GNN,-0.24832202,-12.719585,12.47126298,0,0
317,8,4,GNN,-7.910733,-13.044831,5.134098000000001,0,0
325,8,4,GNN,12.073863,12.139971,-0.06610799999999983,1,1
326,8,4,GNN,16.421785,11.4896965,4.932088499999999,1,1
333,8,4,GNN,-6.9495783,-13.227579,6.278000700000001,0,0
335,8,4,GNN,12.073863,9.945093,2.1287699999999994,1,1
350,8,4,GNN,12.073863,11.125717,0.9481459999999995,1,1
365,8,4,GNN,-4.73084,-12.432417,7.7015769999999995,0,0
4,8,4,gb,-14.22135851,-6.995278967991514,-7.226079542008486,0,0
11,8,4,gb,-2.810171397,-7.637550506083852,4.827379109083852,0,0
12,8,4,gb,14.25575783385418,12.357273806405413,1.8984840274487667,1,1
39,8,4,gb,14.25575783385418,-12.978683497649548,27.234441331503728,1,0
43,8,4,gb,12.345566512153232,-3.488574966987245,15.834141479140477,1,0
46,8,4,gb,-12.90110242,-8.02852786918597,-4.872574550814031,0,0
49,8,4,gb,-10.78414116,2.7303406760378226,-13.514481836037824,0,1
65,8,4,gb,11.242612518160245,3.965973263129564,7.27663925503068,1,1
68,8,4,gb,1.6953815033650554,-9.557378420480571,11.252759923845627,1,0
93,8,4,gb,12.345566512153232,-2.841000354915138,15.18656686706837,1,0
95,8,4,gb,8.271410102019884,6.7772494877144425,1.4941606143054411,1,1
102,8,4,gb,-14.66144387,-10.978741351996108,-3.6827025180038913,0,0
103,8,4,gb,-10.19889172,-4.557823271309761,-5.641068448690239,0,0
127,8,4,gb,5.222009403,4.090377591491095,1.131631811508905,1,1
174,8,4,gb,-9.842777871,-7.270324524807624,-2.5724533461923755,0,0
175,8,4,gb,16.42178532510618,4.783559677858308,11.638225647247872,1,1
176,8,4,gb,-3.983879689,-4.380024265682433,0.39614457668243297,0,0
185,8,4,gb,-10.19889172,-3.2591061237230825,-6.939785596276918,0,0
186,8,4,gb,10.456033337686607,-0.952829328163368,11.408862665849975,1,0
190,8,4,gb,16.42178532510618,8.222678819916657,8.19910650518952,1,1
198,8,4,gb,-6.181253777,-6.05374254661998,-0.1275112303800201,0,0
205,8,4,gb,-14.25575783,6.918016348799024,-21.173774178799025,0,1
232,8,4,gb,6.181253776842806,7.470491428451228,-1.2892376516084223,1,1
237,8,4,gb,-11.67030896,-2.201592224175287,-9.468716735824714,0,0
251,8,4,gb,-11.21342619,4.112803806888741,-15.326229996888742,0,1
268,8,4,gb,12.982147179797291,13.353507959323686,-0.3713607795263947,1,1
290,8,4,gb,-12.90110242,-5.702938683576046,-7.198163736423955,0,0
291,8,4,gb,-6.486250575,-2.0187120702280996,-4.4675385047719,0,0
296,8,4,gb,14.661443872595802,5.758818717112255,8.902625155483548,1,1
307,8,4,gb,-11.96352825,-0.9447520285747658,-11.018776221425234,0,0
315,8,4,gb,8.271410102019884,13.51797631602659,-5.246566214006707,1,1
316,8,4,gb,-0.248322023,12.03516289456463,-12.28348491756463,0,1
317,8,4,gb,-7.910733222,2.0924141554189686,-10.00314737741897,0,1
325,8,4,gb,12.073863035611195,9.05482127336344,3.0190417622477543,1,1
326,8,4,gb,16.42178532510618,3.045760520780241,13.376024804325937,1,1
333,8,4,gb,-6.949578332,-11.319500888637446,4.369922556637446,0,0
335,8,4,gb,12.073863035611195,-2.46915118664566,14.543014222256854,1,0
350,8,4,gb,12.073863035611195,-6.778734555879881,18.852597591491076,1,0
365,8,4,gb,-4.730840299,-4.51394419734707,-0.21689610165292983,0,0
4,8,5,GNN,-14.221358,-9.199595,-5.021763,0,0
11,8,5,GNN,-2.8101714,-4.490313,1.6801416000000002,0,0
12,8,5,GNN,14.255758,11.230632,3.025126,1,1
39,8,5,GNN,14.255758,13.688478,0.5672800000000002,1,1
43,8,5,GNN,12.345567,9.803169,2.5423980000000004,1,1
46,8,5,GNN,-12.901102,-7.4149456,-5.4861564,0,0
49,8,5,GNN,-10.784142,-10.106109,-0.6780329999999992,0,0
65,8,5,GNN,11.242613,21.354994,-10.112381000000001,1,1
68,8,5,GNN,1.6953815,-2.9683316,4.6637131,1,0
93,8,5,GNN,12.345567,11.239581,1.1059860000000015,1,1
95,8,5,GNN,8.27141,7.362771,0.9086389999999991,1,1
102,8,5,GNN,-14.661444,-13.13565,-1.5257939999999994,0,0
103,8,5,GNN,-10.198892,-11.167247,0.968354999999999,0,0
127,8,5,GNN,5.222009,6.9861736,-1.7641646,1,1
174,8,5,GNN,-9.842778,-10.758364,0.9155860000000011,0,0
175,8,5,GNN,16.421785,12.256732,4.165053,1,1
176,8,5,GNN,-3.9838798,1.9322764,-5.9161562,0,1
185,8,5,GNN,-10.198892,-7.683321,-2.5155710000000004,0,0
186,8,5,GNN,10.456034,11.392749,-0.9367149999999995,1,1
190,8,5,GNN,16.421785,14.1066475,2.3151375000000005,1,1
198,8,5,GNN,-6.181254,-11.214845,5.033591,0,0
205,8,5,GNN,-14.255758,-13.593545,-0.6622129999999995,0,0
232,8,5,GNN,6.181254,6.010737,0.17051700000000025,1,1
237,8,5,GNN,-11.670309,-10.447551,-1.222757999999999,0,0
251,8,5,GNN,-11.213427,-10.401898,-0.8115290000000002,0,0
268,8,5,GNN,12.982147,14.798665,-1.8165180000000003,1,1
290,8,5,GNN,-12.901102,-8.617728,-4.283374,0,0
291,8,5,GNN,-6.4862504,-7.371025,0.8847746000000001,0,0
296,8,5,GNN,14.661444,12.041684,2.6197599999999994,1,1
307,8,5,GNN,-11.963529,-11.878728,-0.0848009999999988,0,0
315,8,5,GNN,8.27141,9.333505,-1.0620950000000011,1,1
316,8,5,GNN,-0.24832202,-10.337921,10.08959898,0,0
317,8,5,GNN,-7.910733,-10.9892435,3.078510500000001,0,0
325,8,5,GNN,12.073863,13.343469,-1.2696060000000013,1,1
326,8,5,GNN,16.421785,12.554333,3.867452,1,1
333,8,5,GNN,-6.9495783,-11.650289,4.700710700000001,0,0
335,8,5,GNN,12.073863,10.628986,1.444877,1,1
350,8,5,GNN,12.073863,10.313924,1.7599389999999993,1,1
365,8,5,GNN,-4.73084,-7.134338,2.403498,0,0
4,8,5,gb,-14.22135851,-12.65099831824657,-1.57036019175343,0,0
11,8,5,gb,-2.810171397,-3.9083392216231423,1.0981678246231423,0,0
12,8,5,gb,14.25575783385418,11.816995362671747,2.4387624711824323,1,1
39,8,5,gb,14.25575783385418,-15.854554407048692,30.11031224090287,1,0
43,8,5,gb,12.345566512153232,-12.061862114414266,24.407428626567498,1,0
46,8,5,gb,-12.90110242,-12.354965115738745,-0.5461373042612561,0,0
49,8,5,gb,-10.78414116,8.04877615669438,-18.83291731669438,0,1
65,8,5,gb,11.242612518160245,-12.39146158320489,23.634074101365137,1,0
68,8,5,gb,1.6953815033650554,-10.168393832836324,11.86377533620138,1,0
93,8,5,gb,12.345566512153232,-0.4299342665056475,12.775500778658879,1,0
95,8,5,gb,8.271410102019884,4.325577977871912,3.9458321241479712,1,1
102,8,5,gb,-14.66144387,-6.433299549640573,-8.228144320359426,0,0
103,8,5,gb,-10.19889172,-6.948657642431557,-3.250234077568444,0,0
127,8,5,gb,5.222009403,5.140124226268144,0.08188517673185647,1,1
174,8,5,gb,-9.842777871,-7.157711083826272,-2.685066787173727,0,0
175,8,5,gb,16.42178532510618,7.478961916796499,8.942823408309678,1,1
176,8,5,gb,-3.983879689,-6.32040785526391,2.3365281662639097,0,0
185,8,5,gb,-10.19889172,-1.6102975526072545,-8.588594167392746,0,0
186,8,5,gb,10.456033337686607,-3.5925142442658413,14.048547581952448,1,0
190,8,5,gb,16.42178532510618,14.07047446411258,2.351310860993598,1,1
198,8,5,gb,-6.181253777,-6.8096123392318155,0.6283585622318153,0,0
205,8,5,gb,-14.25575783,5.293002884017718,-19.548760714017718,0,1
232,8,5,gb,6.181253776842806,6.176318122455051,0.004935654387755228,1,1
237,8,5,gb,-11.67030896,-4.95636213450463,-6.71394682549537,0,0
251,8,5,gb,-11.21342619,7.152026608479875,-18.365452798479875,0,1
268,8,5,gb,12.982147179797291,11.80706775849262,1.1750794213046714,1,1
290,8,5,gb,-12.90110242,-7.299030159227794,-5.602072260772207,0,0
291,8,5,gb,-6.486250575,-1.6476917010959078,-4.838558873904092,0,0
296,8,5,gb,14.661443872595802,-5.4754709012987135,20.136914773894517,1,0
307,8,5,gb,-11.96352825,-1.4066226895622305,-10.55690556043777,0,0
315,8,5,gb,8.271410102019884,12.44644455982592,-4.175034457806037,1,1
316,8,5,gb,-0.248322023,13.263743618439072,-13.512065641439072,0,1
317,8,5,gb,-7.910733222,3.1403179363971043,-11.051051158397105,0,1
325,8,5,gb,12.073863035611195,11.02207065815399,1.0517923774572058,1,1
326,8,5,gb,16.42178532510618,0.8819438897768971,15.539841435329281,1,1
333,8,5,gb,-6.949578332,-14.15186634691287,7.20228801491287,0,0
335,8,5,gb,12.073863035611195,0.101480748102478,11.972382287508717,1,1
350,8,5,gb,12.073863035611195,-10.421138458516106,22.4950014941273,1,0
365,8,5,gb,-4.730840299,-11.235186301283004,6.504346002283005,0,0
4,8,6,GNN,-14.221358,-9.307157,-4.914201,0,0
11,8,6,GNN,-2.8101714,-4.230479,1.4203075999999997,0,0
12,8,6,GNN,14.255758,11.763385,2.4923730000000006,1,1
39,8,6,GNN,14.255758,12.347139,1.9086189999999998,1,1
43,8,6,GNN,12.345567,7.0435076,5.302059400000001,1,1
46,8,6,GNN,-12.901102,-8.384658,-4.516444,0,0
49,8,6,GNN,-10.784142,-9.51492,-1.2692219999999992,0,0
65,8,6,GNN,11.242613,19.59518,-8.352566999999999,1,1
68,8,6,GNN,1.6953815,2.7825656,-1.0871840999999998,1,1
93,8,6,GNN,12.345567,11.449734,0.8958330000000014,1,1
95,8,6,GNN,8.27141,5.986929,2.2844809999999995,1,1
102,8,6,GNN,-14.661444,-11.495135,-3.166309,0,0
103,8,6,GNN,-10.198892,-9.156646,-1.0422460000000004,0,0
127,8,6,GNN,5.222009,6.4178405,-1.1958314999999997,1,1
174,8,6,GNN,-9.842778,-10.690731,0.8479530000000004,0,0
175,8,6,GNN,16.421785,12.407138,4.014647,1,1
176,8,6,GNN,-3.9838798,0.48533893,-4.46921873,0,1
185,8,6,GNN,-10.198892,-8.03245,-2.166442,0,0
186,8,6,GNN,10.456034,10.701019,-0.2449849999999998,1,1
190,8,6,GNN,16.421785,13.991806,2.4299789999999994,1,1
198,8,6,GNN,-6.181254,-9.221055,3.0398009999999998,0,0
205,8,6,GNN,-14.255758,-10.208365,-4.047393,0,0
232,8,6,GNN,6.181254,6.4751973,-0.2939432999999996,1,1
237,8,6,GNN,-11.670309,-9.516534,-2.1537749999999996,0,0
251,8,6,GNN,-11.213427,-7.670611,-3.5428159999999993,0,0
268,8,6,GNN,12.982147,14.928794,-1.9466470000000005,1,1
290,8,6,GNN,-12.901102,-8.793315,-4.107787,0,0
291,8,6,GNN,-6.4862504,-5.4002814,-1.0859690000000004,0,0
296,8,6,GNN,14.661444,12.471861,2.189582999999999,1,1
307,8,6,GNN,-11.963529,-11.187781,-0.7757480000000001,0,0
315,8,6,GNN,8.27141,8.2450075,0.026402499999999662,1,1
316,8,6,GNN,-0.24832202,-9.70826,9.45993798,0,0
317,8,6,GNN,-7.910733,-9.567658,1.6569250000000002,0,0
325,8,6,GNN,12.073863,14.072456,-1.9985930000000014,1,1
326,8,6,GNN,16.421785,11.817497,4.604288,1,1
333,8,6,GNN,-6.9495783,-9.508624,2.5590456999999995,0,0
335,8,6,GNN,12.073863,11.164792,0.9090709999999991,1,1
350,8,6,GNN,12.073863,10.465687,1.6081759999999985,1,1
365,8,6,GNN,-4.73084,-15.379151,10.648311,0,0
4,8,6,gb,-14.22135851,-9.534205161605913,-4.687153348394087,0,0
11,8,6,gb,-2.810171397,-6.916183011762079,4.106011614762078,0,0
12,8,6,gb,14.25575783385418,8.95530652910962,5.300451304744559,1,1
39,8,6,gb,14.25575783385418,-7.206586022214553,21.46234385606873,1,0
43,8,6,gb,12.345566512153232,4.6522474541613095,7.693319057991922,1,1
46,8,6,gb,-12.90110242,-5.375233709133886,-7.525868710866114,0,0
49,8,6,gb,-10.78414116,4.367456868740178,-15.151598028740178,0,1
65,8,6,gb,11.242612518160245,2.945203705075896,8.297408813084349,1,1
68,8,6,gb,1.6953815033650554,-10.88318406035322,12.578565563718275,1,0
93,8,6,gb,12.345566512153232,-6.6829746191927795,19.02854113134601,1,0
95,8,6,gb,8.271410102019884,7.457243773396391,0.8141663286234921,1,1
102,8,6,gb,-14.66144387,-7.687040457726458,-6.974403412273541,0,0
103,8,6,gb,-10.19889172,-6.988180709175584,-3.210711010824417,0,0
127,8,6,gb,5.222009403,-6.382947561367062,11.604956964367062,1,0
174,8,6,gb,-9.842777871,-7.583266666406256,-2.2595112045937435,0,0
175,8,6,gb,16.42178532510618,6.988031332902589,9.433753992203588,1,1
176,8,6,gb,-3.983879689,-1.8721860005277215,-2.1116936884722786,0,0
185,8,6,gb,-10.19889172,-6.164152982054555,-4.034738737945446,0,0
186,8,6,gb,10.456033337686607,-3.1006112819198752,13.556644619606482,1,0
190,8,6,gb,16.42178532510618,7.413118485953828,9.008666839152351,1,1
198,8,6,gb,-6.181253777,-6.151225677144181,-0.030028099855819335,0,0
205,8,6,gb,-14.25575783,5.222231511696025,-19.477989341696023,0,1
232,8,6,gb,6.181253776842806,6.869685896511313,-0.6884321196685068,1,1
237,8,6,gb,-11.67030896,-3.6395634061622606,-8.03074555383774,0,0
251,8,6,gb,-11.21342619,-4.299295266069812,-6.914130923930188,0,0
268,8,6,gb,12.982147179797291,9.134454183173082,3.8476929966242093,1,1
290,8,6,gb,-12.90110242,-8.061142292856433,-4.839960127143568,0,0
291,8,6,gb,-6.486250575,-1.2872299125112876,-5.199020662488712,0,0
296,8,6,gb,14.661443872595802,7.492495764819915,7.168948107775887,1,1
307,8,6,gb,-11.96352825,-2.6173349878280914,-9.346193262171909,0,0
315,8,6,gb,8.271410102019884,11.050110621265544,-2.7787005192456604,1,1
316,8,6,gb,-0.248322023,12.52503805129633,-12.77336007429633,0,1
317,8,6,gb,-7.910733222,-5.331729879618358,-2.5790033423816423,0,0
325,8,6,gb,12.073863035611195,8.136593276140477,3.937269759470718,1,1
326,8,6,gb,16.42178532510618,-3.00426880314174,19.42605412824792,1,0
333,8,6,gb,-6.949578332,-16.128924143512734,9.179345811512734,0,0
335,8,6,gb,12.073863035611195,-5.302591844370954,17.37645487998215,1,0
350,8,6,gb,12.073863035611195,-6.36459659703371,18.438459632644907,1,0
365,8,6,gb,-4.730840299,-12.966086632801716,8.235246333801715,0,0
4,8,7,GNN,-14.221358,-8.104751,-6.116607,0,0
11,8,7,GNN,-2.8101714,-4.586686,1.7765146,0,0
12,8,7,GNN,14.255758,12.902969,1.3527889999999996,1,1
39,8,7,GNN,14.255758,11.572966,2.682792000000001,1,1
43,8,7,GNN,12.345567,11.055966,1.289601000000001,1,1
46,8,7,GNN,-12.901102,-9.775498,-3.125603999999999,0,0
49,8,7,GNN,-10.784142,-8.297505,-2.486637,0,0
65,8,7,GNN,11.242613,14.056048,-2.813435,1,1
68,8,7,GNN,1.6953815,-2.2000794,3.8954609,1,0
93,8,7,GNN,12.345567,10.8370905,1.5084765000000004,1,1
95,8,7,GNN,8.27141,6.607572,1.6638379999999993,1,1
102,8,7,GNN,-14.661444,-7.9589663,-6.702477699999999,0,0
103,8,7,GNN,-10.198892,-8.777068,-1.4218240000000009,0,0
127,8,7,GNN,5.222009,9.600455,-4.378446,1,1
174,8,7,GNN,-9.842778,-5.071823,-4.770954999999999,0,0
175,8,7,GNN,16.421785,12.787688,3.6340970000000006,1,1
176,8,7,GNN,-3.9838798,3.0715475,-7.0554273,0,1
185,8,7,GNN,-10.198892,-9.616633,-0.5822590000000005,0,0
186,8,7,GNN,10.456034,10.832583,-0.3765489999999989,1,1
190,8,7,GNN,16.421785,13.157107,3.264678,1,1
198,8,7,GNN,-6.181254,-6.8546176,0.6733636000000001,0,0
205,8,7,GNN,-14.255758,-8.75756,-5.498198,0,0
232,8,7,GNN,6.181254,5.9013486,0.27990539999999964,1,1
237,8,7,GNN,-11.670309,-8.700921,-2.9693880000000004,0,0
251,8,7,GNN,-11.213427,-6.1586556,-5.054771399999999,0,0
268,8,7,GNN,12.982147,12.674393,0.3077539999999992,1,1
290,8,7,GNN,-12.901102,-8.494603,-4.406499,0,0
291,8,7,GNN,-6.4862504,-5.297709,-1.1885414,0,0
296,8,7,GNN,14.661444,11.501028,3.1604159999999997,1,1
307,8,7,GNN,-11.963529,-10.761095,-1.2024340000000002,0,0
315,8,7,GNN,8.27141,8.865303,-0.5938930000000013,1,1
316,8,7,GNN,-0.24832202,-9.347532,9.09920998,0,0
317,8,7,GNN,-7.910733,-8.654447,0.7437139999999998,0,0
325,8,7,GNN,12.073863,12.851634,-0.7777710000000013,1,1
326,8,7,GNN,16.421785,12.0446615,4.3771235,1,1
333,8,7,GNN,-6.9495783,-8.897375,1.9477967000000005,0,0
335,8,7,GNN,12.073863,9.739318,2.3345449999999985,1,1
350,8,7,GNN,12.073863,10.321809,1.7520539999999993,1,1
365,8,7,GNN,-4.73084,-8.498822,3.767982000000001,0,0
4,8,7,gb,-14.22135851,-9.855856278468943,-4.365502231531057,0,0
11,8,7,gb,-2.810171397,-6.021223157706307,3.2110517607063067,0,0
12,8,7,gb,14.25575783385418,8.167018496723879,6.088739337130301,1,1
39,8,7,gb,14.25575783385418,-15.20246202635539,29.458219860209567,1,0
43,8,7,gb,12.345566512153232,4.965545535878059,7.380020976275173,1,1
46,8,7,gb,-12.90110242,-11.0351969968981,-1.8659054231019017,0,0
49,8,7,gb,-10.78414116,7.460752899346066,-18.244894059346066,0,1
65,8,7,gb,11.242612518160245,-6.282022489867494,17.524635008027737,1,0
68,8,7,gb,1.6953815033650554,-9.894371439717943,11.589752943082999,1,0
93,8,7,gb,12.345566512153232,4.766997593861921,7.57856891829131,1,1
95,8,7,gb,8.271410102019884,2.6253060435440494,5.646104058475834,1,1
102,8,7,gb,-14.66144387,-8.854011449871841,-5.807432420128158,0,0
103,8,7,gb,-10.19889172,-6.838737673218659,-3.360154046781342,0,0
127,8,7,gb,5.222009403,-10.313813228629336,15.535822631629337,1,0
174,8,7,gb,-9.842777871,-7.270863319303245,-2.5719145516967545,0,0
175,8,7,gb,16.42178532510618,12.416316214369411,4.005469110736767,1,1
176,8,7,gb,-3.983879689,-7.679636102194316,3.6957564131943155,0,0
185,8,7,gb,-10.19889172,-1.156782936380863,-9.042108783619138,0,0
186,8,7,gb,10.456033337686607,-7.486752209383684,17.94278554707029,1,0
190,8,7,gb,16.42178532510618,8.881599072536506,7.540186252569672,1,1
198,8,7,gb,-6.181253777,-3.876484722612582,-2.3047690543874184,0,0
205,8,7,gb,-14.25575783,3.581449820753245,-17.837207650753246,0,1
232,8,7,gb,6.181253776842806,10.737334691907895,-4.556080915065089,1,1
237,8,7,gb,-11.67030896,-3.0542900670112885,-8.616018892988711,0,0
251,8,7,gb,-11.21342619,-3.953696130428016,-7.259730059571984,0,0
268,8,7,gb,12.982147179797291,11.511057575006136,1.471089604791155,1,1
290,8,7,gb,-12.90110242,-6.061978178073784,-6.839124241926217,0,0
291,8,7,gb,-6.486250575,-1.5069770151850053,-4.979273559814994,0,0
296,8,7,gb,14.661443872595802,6.794856318716499,7.866587553879303,1,1
307,8,7,gb,-11.96352825,5.549727965900829,-17.513256215900828,0,1
315,8,7,gb,8.271410102019884,12.46386118740782,-4.192451085387937,1,1
316,8,7,gb,-0.248322023,11.988115942397222,-12.236437965397222,0,1
317,8,7,gb,-7.910733222,-6.31511251260891,-1.5956207093910901,0,0
325,8,7,gb,12.073863035611195,2.959828436390308,9.114034599220886,1,1
326,8,7,gb,16.42178532510618,1.9749967382348643,14.446788586871314,1,1
333,8,7,gb,-6.949578332,-10.074394213113896,3.1248158811138964,0,0
335,8,7,gb,12.073863035611195,-8.189273910537263,20.263136946148457,1,0
350,8,7,gb,12.073863035611195,-8.15672328881156,20.230586324422756,1,0
365,8,7,gb,-4.730840299,-11.630024878095837,6.899184579095837,0,0
4,8,9,GNN,-14.221358,-7.277817,-6.943541000000001,0,0
11,8,9,GNN,-2.8101714,-5.394272,2.5841005999999997,0,0
12,8,9,GNN,14.255758,14.3216505,-0.06589250000000035,1,1
39,8,9,GNN,14.255758,10.901269,3.354489000000001,1,1
43,8,9,GNN,12.345567,9.910912,2.434655000000001,1,1
46,8,9,GNN,-12.901102,-9.001905,-3.899196999999999,0,0
49,8,9,GNN,-10.784142,-10.586412,-0.19772999999999996,0,0
65,8,9,GNN,11.242613,19.44403,-8.201417000000001,1,1
68,8,9,GNN,1.6953815,-0.22255996,1.9179414600000002,1,0
93,8,9,GNN,12.345567,10.135627,2.2099400000000013,1,1
95,8,9,GNN,8.27141,8.169401,0.1020089999999989,1,1
102,8,9,GNN,-14.661444,-12.681864,-1.9795800000000003,0,0
103,8,9,GNN,-10.198892,-9.650233,-0.5486590000000007,0,0
127,8,9,GNN,5.222009,7.449852,-2.227843,1,1
174,8,9,GNN,-9.842778,-9.10749,-0.7352879999999988,0,0
175,8,9,GNN,16.421785,12.976355,3.44543,1,1
176,8,9,GNN,-3.9838798,1.579906,-5.5637858,0,1
185,8,9,GNN,-10.198892,-8.569745,-1.6291470000000015,0,0
186,8,9,GNN,10.456034,10.7953005,-0.339266499999999,1,1
190,8,9,GNN,16.421785,14.049557,2.372228,1,1
198,8,9,GNN,-6.181254,-7.49557,1.3143159999999998,0,0
205,8,9,GNN,-14.255758,-11.822381,-2.433377,0,0
232,8,9,GNN,6.181254,4.5426054,1.6386485999999998,1,1
237,8,9,GNN,-11.670309,-8.933955,-2.7363540000000004,0,0
251,8,9,GNN,-11.213427,-7.4013596,-3.812067399999999,0,0
268,8,9,GNN,12.982147,15.417641,-2.4354940000000003,1,1
290,8,9,GNN,-12.901102,-8.796286,-4.104816,0,0
291,8,9,GNN,-6.4862504,-6.3614736,-0.12477680000000024,0,0
296,8,9,GNN,14.661444,10.297919,4.363524999999999,1,1
307,8,9,GNN,-11.963529,-11.323975,-0.6395539999999986,0,0
315,8,9,GNN,8.27141,10.117786,-1.8463760000000011,1,1
316,8,9,GNN,-0.24832202,-10.239336,9.99101398,0,0
317,8,9,GNN,-7.910733,-8.640233,0.7295000000000007,0,0
325,8,9,GNN,12.073863,12.66889,-0.595027,1,1
326,8,9,GNN,16.421785,11.454946,4.966839,1,1
333,8,9,GNN,-6.9495783,-8.929629,1.9800507000000005,0,0
335,8,9,GNN,12.073863,12.430739,-0.3568760000000015,1,1
350,8,9,GNN,12.073863,12.975751,-0.9018880000000014,1,1
365,8,9,GNN,-4.73084,-9.165329,4.434489,0,0
4,8,9,gb,-14.22135851,-10.93518467334624,-3.2861738366537594,0,0
11,8,9,gb,-2.810171397,-3.3963670046252754,0.5861956076252754,0,0
12,8,9,gb,14.25575783385418,12.127662070568396,2.128095763285783,1,1
39,8,9,gb,14.25575783385418,-14.86553351389162,29.1212913477458,1,0
43,8,9,gb,12.345566512153232,6.760704848510925,5.5848616636423065,1,1
46,8,9,gb,-12.90110242,-11.13671713500726,-1.7643852849927413,0,0
49,8,9,gb,-10.78414116,8.53078372807442,-19.314924888074422,0,1
65,8,9,gb,11.242612518160245,-5.380750486189794,16.62336300435004,1,0
68,8,9,gb,1.6953815033650554,-9.736787314232608,11.432168817597663,1,0
93,8,9,gb,12.345566512153232,4.973547702408914,7.372018809744318,1,1
95,8,9,gb,8.271410102019884,1.6639426406948177,6.607467461325066,1,1
102,8,9,gb,-14.66144387,-7.22327235573248,-7.43817151426752,0,0
103,8,9,gb,-10.19889172,-5.864435857067593,-4.3344558629324075,0,0
127,8,9,gb,5.222009403,-8.430715501167837,13.652724904167837,1,0
174,8,9,gb,-9.842777871,-9.041134763427303,-0.801643107572696,0,0
175,8,9,gb,16.42178532510618,12.364805205016305,4.056980120089873,1,1
176,8,9,gb,-3.983879689,-7.231742764286304,3.247863075286304,0,0
185,8,9,gb,-10.19889172,-6.604043116110371,-3.5948486038896297,0,0
186,8,9,gb,10.456033337686607,-7.08353769409965,17.53957103178626,1,0
190,8,9,gb,16.42178532510618,8.941436681243102,7.480348643863076,1,1
198,8,9,gb,-6.181253777,-2.6809942263669173,-3.500259550633083,0,0
205,8,9,gb,-14.25575783,11.530190740948791,-25.78594857094879,0,1
232,8,9,gb,6.181253776842806,3.238315490424856,2.94293828641795,1,1
237,8,9,gb,-11.67030896,-4.088997698901808,-7.581311261098191,0,0
251,8,9,gb,-11.21342619,9.532076036987156,-20.745502226987156,0,1
268,8,9,gb,12.982147179797291,11.42196096155678,1.5601862182405117,1,1
290,8,9,gb,-12.90110242,-4.8734652093151025,-8.027637210684897,0,0
291,8,9,gb,-6.486250575,-2.2242416503740956,-4.2620089246259045,0,0
296,8,9,gb,14.661443872595802,7.603614052423655,7.057829820172147,1,1
307,8,9,gb,-11.96352825,7.1000945185503275,-19.063622768550328,0,1
315,8,9,gb,8.271410102019884,12.628944771129444,-4.35753466910956,1,1
316,8,9,gb,-0.248322023,12.356382337639175,-12.604704360639175,0,1
317,8,9,gb,-7.910733222,-0.1831415788689513,-7.727591643131049,0,0
325,8,9,gb,12.073863035611195,8.35098432305896,3.7228787125522356,1,1
326,8,9,gb,16.42178532510618,1.9249515962130592,14.496833728893119,1,1
333,8,9,gb,-6.949578332,-9.628138426318444,2.6785600943184438,0,0
335,8,9,gb,12.073863035611195,0.7213801544045662,11.35248288120663,1,1
350,8,9,gb,12.073863035611195,-2.0163624312175035,14.090225466828699,1,0
365,8,9,gb,-4.730840299,-11.37348660417723,6.642646305177231,0,0
4,8,10,GNN,-14.221358,-9.209334,-5.012024,0,0
11,8,10,GNN,-2.8101714,-6.604266,3.7940945999999998,0,0
12,8,10,GNN,14.255758,14.164906,0.09085199999999993,1,1
39,8,10,GNN,14.255758,10.9477415,3.308016500000001,1,1
43,8,10,GNN,12.345567,9.182245,3.163322000000001,1,1
46,8,10,GNN,-12.901102,-9.660099,-3.241002999999999,0,0
49,8,10,GNN,-10.784142,-10.796785,0.012643000000000626,0,0
65,8,10,GNN,11.242613,18.02045,-6.777837,1,1
68,8,10,GNN,1.6953815,-8.718562,10.4139435,1,0
93,8,10,GNN,12.345567,9.726013,2.619554000000001,1,1
95,8,10,GNN,8.27141,8.807521,-0.536111,1,1
102,8,10,GNN,-14.661444,-12.864253,-1.7971909999999998,0,0
103,8,10,GNN,-10.198892,-10.309617,0.11072499999999863,0,0
127,8,10,GNN,5.222009,8.1230545,-2.9010455000000004,1,1
174,8,10,GNN,-9.842778,-10.04555,0.20277200000000128,0,0
175,8,10,GNN,16.421785,13.623448,2.798337,1,1
176,8,10,GNN,-3.9838798,3.5559099,-7.5397897,0,1
185,8,10,GNN,-10.198892,-9.440726,-0.758166000000001,0,0
186,8,10,GNN,10.456034,10.219193,0.23684100000000008,1,1
190,8,10,GNN,16.421785,13.962663,2.4591220000000007,1,1
198,8,10,GNN,-6.181254,-8.653158,2.4719039999999994,0,0
205,8,10,GNN,-14.255758,-11.515914,-2.7398439999999997,0,0
232,8,10,GNN,6.181254,6.5247164,-0.34346239999999995,1,1
237,8,10,GNN,-11.670309,-10.29553,-1.3747790000000002,0,0
251,8,10,GNN,-11.213427,-6.536578,-4.676848999999999,0,0
268,8,10,GNN,12.982147,14.572642,-1.5904950000000007,1,1
290,8,10,GNN,-12.901102,-9.489453,-3.4116490000000006,0,0
291,8,10,GNN,-6.4862504,-7.6556873,1.1694369,0,0
296,8,10,GNN,14.661444,13.126049,1.5353949999999994,1,1
307,8,10,GNN,-11.963529,-13.075564,1.1120350000000006,0,0
315,8,10,GNN,8.27141,9.903651,-1.6322410000000005,1,1
316,8,10,GNN,-0.24832202,-11.139407,10.89108498,0,0
317,8,10,GNN,-7.910733,-10.1002245,2.1894915,0,0
325,8,10,GNN,12.073863,13.505736,-1.4318730000000013,1,1
326,8,10,GNN,16.421785,13.04154,3.3802450000000004,1,1
333,8,10,GNN,-6.9495783,-10.083948,3.1343696999999997,0,0
335,8,10,GNN,12.073863,10.205974,1.867889,1,1
350,8,10,GNN,12.073863,12.801841,-0.7279780000000002,1,1
365,8,10,GNN,-4.73084,-9.785741,5.054901,0,0
4,8,10,gb,-14.22135851,-11.73733602340747,-2.4840224865925293,0,0
11,8,10,gb,-2.810171397,-7.843013908692461,5.032842511692461,0,0
12,8,10,gb,14.25575783385418,8.066382428221088,6.189375405633092,1,1
39,8,10,gb,14.25575783385418,-12.523979499725671,26.779737333579853,1,0
43,8,10,gb,12.345566512153232,6.6701307314571885,5.675435780696043,1,1
46,8,10,gb,-12.90110242,-3.5100603870369915,-9.391042032963009,0,0
49,8,10,gb,-10.78414116,10.198479102605756,-20.982620262605757,0,1
65,8,10,gb,11.242612518160245,1.814361168126054,9.428251350034191,1,1
68,8,10,gb,1.6953815033650554,-10.403658095015905,12.09903959838096,1,0
93,8,10,gb,12.345566512153232,6.858589497411812,5.48697701474142,1,1
95,8,10,gb,8.271410102019884,0.4421095475525898,7.829300554467293,1,1
102,8,10,gb,-14.66144387,4.972265177094283,-19.633709047094282,0,1
103,8,10,gb,-10.19889172,-9.231540581822816,-0.9673511381771842,0,0
127,8,10,gb,5.222009403,-2.8243008947002872,8.046310297700288,1,0
174,8,10,gb,-9.842777871,-7.126055619887799,-2.7167222511122002,0,0
175,8,10,gb,16.42178532510618,12.481094924065792,3.9406904010403867,1,1
176,8,10,gb,-3.983879689,-1.9724164374405624,-2.0114632515594377,0,0
185,8,10,gb,-10.19889172,-7.674232894703026,-2.5246588252969744,0,0
186,8,10,gb,10.456033337686607,-2.4994601520415403,12.955493489728148,1,0
190,8,10,gb,16.42178532510618,10.806547812840424,5.615237512265754,1,1
198,8,10,gb,-6.181253777,-4.943612871577974,-1.237640905422026,0,0
205,8,10,gb,-14.25575783,6.62286065110591,-20.87861848110591,0,1
232,8,10,gb,6.181253776842806,8.024895727928882,-1.8436419510860764,1,1
237,8,10,gb,-11.67030896,-4.926203934761085,-6.744105025238915,0,0
251,8,10,gb,-11.21342619,1.2029495957399083,-12.416375785739909,0,1
268,8,10,gb,12.982147179797291,11.470788202579344,1.511358977217947,1,1
290,8,10,gb,-12.90110242,-9.054167234530912,-3.846935185469089,0,0
291,8,10,gb,-6.486250575,-1.7601107317869586,-4.726139843213041,0,0
296,8,10,gb,14.661443872595802,4.860801760807556,9.800642111788246,1,1
307,8,10,gb,-11.96352825,-3.167371149286335,-8.796157100713664,0,0
315,8,10,gb,8.271410102019884,12.50540125966435,-4.233991157644466,1,1
316,8,10,gb,-0.248322023,10.13288683769346,-10.38120886069346,0,1
317,8,10,gb,-7.910733222,-2.7486655346084,-5.1620676873916,0,0
325,8,10,gb,12.073863035611195,6.899728068198635,5.17413496741256,1,1
326,8,10,gb,16.42178532510618,2.049371958102196,14.372413367003983,1,1
333,8,10,gb,-6.949578332,-9.503945025893104,2.5543666938931047,0,0
335,8,10,gb,12.073863035611195,-3.934036102973758,16.007899138584953,1,0
350,8,10,gb,12.073863035611195,-3.743729769438731,15.817592805049927,1,0
365,8,10,gb,-4.730840299,-8.091456856947213,3.360616557947213,0,0
29,9,1,GNN,-11.59052,-11.761847,0.17132699999999979,0,0
30,9,1,GNN,-6.99292,-6.0160594,-0.9768606000000002,0,0
31,9,1,GNN,-14.255758,-11.3941145,-2.8616434999999996,0,0
32,9,1,GNN,8.969895,7.61126,1.3586349999999996,1,1
33,9,1,GNN,-8.319836,-8.279505,-0.04033100000000012,0,0
52,9,1,GNN,14.255758,12.265551,1.9902069999999998,1,1
62,9,1,GNN,14.255758,14.948195,-0.692437,1,1
72,9,1,GNN,-11.073144,-10.616892,-0.4562519999999992,0,0
80,9,1,GNN,-11.59052,-9.356728,-2.2337919999999993,0,0
84,9,1,GNN,-12.901102,-7.629499,-5.271603,0,0
85,9,1,GNN,-11.963529,-10.905702,-1.0578269999999996,0,0
90,9,1,GNN,5.952608,8.318083,-2.365475,1,1
109,9,1,GNN,-4.274357,-8.874226,4.599869,0,0
149,9,1,GNN,9.134736,10.452245,-1.3175089999999994,1,1
150,9,1,GNN,8.27141,10.949524,-2.6781140000000008,1,1
173,9,1,GNN,12.073863,15.36693,-3.2930670000000006,1,1
184,9,1,GNN,-6.1231146,-10.148939,4.0258244,0,0
200,9,1,GNN,-12.727605,-10.465191,-2.2624139999999997,0,0
202,9,1,GNN,-5.537861,-5.892033,0.35417199999999927,0,0
206,9,1,GNN,-2.7778118,-7.7258945,4.9480827000000005,0,0
212,9,1,GNN,9.012336,13.329899,-4.317563,1,1
213,9,1,GNN,10.456034,12.602967,-2.146932999999999,1,1
218,9,1,GNN,-14.661444,-8.619076,-6.042368,0,0
231,9,1,GNN,9.339127,9.022917,0.3162099999999999,1,1
263,9,1,GNN,-7.910733,-8.715422,0.8046890000000007,0,0
264,9,1,GNN,14.255758,13.654063,0.6016949999999994,1,1
272,9,1,GNN,9.477889,10.219389,-0.7415000000000003,1,1
286,9,1,GNN,6.330867,5.8519683,0.47889869999999934,1,1
292,9,1,GNN,-5.9032154,-9.331228,3.4280125999999997,0,0
301,9,1,GNN,12.073863,13.489399,-1.4155360000000012,1,1
309,9,1,GNN,7.6404886,-0.9778677,8.6183563,1,0
313,9,1,GNN,14.255758,13.425898,0.82986,1,1
330,9,1,GNN,-11.242613,-8.629306,-2.6133070000000007,0,0
336,9,1,GNN,12.982147,13.900122,-0.9179750000000002,1,1
344,9,1,GNN,-10.289876,-9.917106,-0.37276999999999916,0,0
358,9,1,GNN,-5.4433055,-6.178307,0.7350015000000001,0,0
376,9,1,GNN,8.024865,10.502192,-2.4773270000000007,1,1
381,9,1,GNN,-7.2172623,-9.286066,2.0688037,0,0
29,9,1,gb,-11.59051945,-1.7438383334595526,-9.846681116540449,0,0
30,9,1,gb,-6.99292005,9.98150234659841,-16.97442239659841,0,1
31,9,1,gb,-14.25575783,9.6586098422337,-23.914367672233702,0,1
32,9,1,gb,8.969895630538362,7.119388764008108,1.850506866530254,1,1
33,9,1,gb,-8.319835294,-12.031336666392114,3.7115013723921138,0,0
52,9,1,gb,14.25575783385418,-9.134513040662,23.39027087451618,1,0
62,9,1,gb,14.25575783385418,10.11419351210146,4.141564321752719,1,1
72,9,1,gb,-11.07314401,-3.9454468715770408,-7.12769713842296,0,0
80,9,1,gb,-11.59051945,-12.146513139747006,0.5559936897470052,0,0
84,9,1,gb,-12.90110242,-8.831822737266467,-4.069279682733534,0,0
85,9,1,gb,-11.96352825,0.8518766103647987,-12.815404860364799,0,1
90,9,1,gb,5.9526081138412605,-9.826515478945652,15.779123592786913,1,0
109,9,1,gb,-4.274356885,-7.1642068008257125,2.889849915825712,0,0
149,9,1,gb,9.134736505801508,-0.5427143186373014,9.677450824438809,1,0
150,9,1,gb,8.271410102019884,12.5170789047727,-4.2456688027528156,1,1
173,9,1,gb,12.073863035611195,9.202693992396968,2.871169043214227,1,1
184,9,1,gb,-6.123114621,-10.3766345718897,4.253519950889699,0,0
200,9,1,gb,-12.72760478,3.953683121931204,-16.681287901931203,0,1
202,9,1,gb,-5.537860875,0.2264034301837556,-5.764264305183755,0,1
206,9,1,gb,-2.7778118,6.686893235407779,-9.464705035407778,0,1
212,9,1,gb,9.012336177,3.437738854545097,5.574597322454903,1,1
213,9,1,gb,10.456033337686607,-2.725633563434341,13.181666901120948,1,0
218,9,1,gb,-14.66144387,-9.666403852331712,-4.995040017668288,0,0
231,9,1,gb,9.339126938530914,-3.959107592159389,13.298234530690303,1,0
263,9,1,gb,-7.910733222,8.868523639314693,-16.779256861314693,0,1
264,9,1,gb,14.25575783385418,7.538226549582225,6.717531284271955,1,1
272,9,1,gb,9.477889153,12.921186123988626,-3.4432969709886265,1,1
286,9,1,gb,6.330866619,16.024692463013043,-9.693825844013043,1,1
292,9,1,gb,-5.903215378,-11.716462354939004,5.813246976939005,0,0
301,9,1,gb,12.073863035611195,9.53956615629351,2.5342968793176848,1,1
309,9,1,gb,7.640488600914524,1.4311717398911754,6.209316861023348,1,1
313,9,1,gb,14.25575783385418,8.6801739626,5.57558387125418,1,1
330,9,1,gb,-11.24261252,2.7367272739638175,-13.979339793963817,0,1
336,9,1,gb,12.982147179797291,-6.777109286933395,19.759256466730687,1,0
344,9,1,gb,-10.28987591,11.258954362376269,-21.548830272376268,0,1
358,9,1,gb,-5.443305286,12.567400513546437,-18.010705799546436,0,1
376,9,1,gb,8.024865092428724,1.2530738325106392,6.771791259918086,1,1
381,9,1,gb,-7.217262047,-8.089422892087489,0.8721608450874889,0,0
29,9,2,GNN,-11.59052,-12.059021,0.46850099999999983,0,0
30,9,2,GNN,-6.99292,-8.289587,1.2966669999999993,0,0
31,9,2,GNN,-14.255758,-15.595833,1.3400750000000006,0,0
32,9,2,GNN,8.969895,8.907862,0.06203299999999956,1,1
33,9,2,GNN,-8.319836,-8.74954,0.4297039999999992,0,0
52,9,2,GNN,14.255758,8.9516535,5.304104499999999,1,1
62,9,2,GNN,14.255758,14.446969,-0.19121099999999913,1,1
72,9,2,GNN,-11.073144,-12.563883,1.4907390000000014,0,0
80,9,2,GNN,-11.59052,-11.327871,-0.2626489999999997,0,0
84,9,2,GNN,-12.901102,-7.751096,-5.150005999999999,0,0
85,9,2,GNN,-11.963529,-12.133488,0.16995900000000042,0,0
90,9,2,GNN,5.952608,5.5242987,0.42830929999999956,1,1
109,9,2,GNN,-4.274357,-8.31331,4.038952999999999,0,0
149,9,2,GNN,9.134736,8.7547455,0.3799904999999999,1,1
150,9,2,GNN,8.27141,10.199158,-1.9277480000000011,1,1
173,9,2,GNN,12.073863,15.64371,-3.569847000000001,1,1
184,9,2,GNN,-6.1231146,-11.150322,5.027207399999999,0,0
200,9,2,GNN,-12.727605,-11.382771,-1.3448340000000005,0,0
202,9,2,GNN,-5.537861,-6.2505574,0.7126963999999996,0,0
206,9,2,GNN,-2.7778118,-9.847252,7.069440199999999,0,0
212,9,2,GNN,9.012336,13.137739,-4.125403,1,1
213,9,2,GNN,10.456034,11.250462,-0.7944279999999999,1,1
218,9,2,GNN,-14.661444,-8.5948105,-6.0666335,0,0
231,9,2,GNN,9.339127,8.963299,0.3758280000000003,1,1
263,9,2,GNN,-7.910733,-12.2679615,4.357228500000001,0,0
264,9,2,GNN,14.255758,12.066694,2.189064,1,1
272,9,2,GNN,9.477889,9.231692,0.24619699999999867,1,1
286,9,2,GNN,6.330867,4.9237127,1.4071542999999993,1,1
292,9,2,GNN,-5.9032154,-7.914491,2.0112756000000003,0,0
301,9,2,GNN,12.073863,12.617327,-0.5434640000000002,1,1
309,9,2,GNN,7.6404886,6.0003834,1.6401052000000007,1,1
313,9,2,GNN,14.255758,12.369946,1.8858119999999996,1,1
330,9,2,GNN,-11.242613,-8.11393,-3.1286830000000005,0,0
336,9,2,GNN,12.982147,12.58861,0.39353700000000025,1,1
344,9,2,GNN,-10.289876,-11.446878,1.1570020000000003,0,0
358,9,2,GNN,-5.4433055,-5.2197495,-0.2235560000000003,0,0
376,9,2,GNN,8.024865,8.736314,-0.711449,1,1
381,9,2,GNN,-7.2172623,-9.718769,2.5015067,0,0
29,9,2,gb,-11.59051945,-7.595553889568242,-3.9949655604317584,0,0
30,9,2,gb,-6.99292005,11.385755004878156,-18.37867505487816,0,1
31,9,2,gb,-14.25575783,9.46368532492792,-23.71944315492792,0,1
32,9,2,gb,8.969895630538362,-3.155264085903082,12.125159716441445,1,0
33,9,2,gb,-8.319835294,-11.961379540673317,3.641544246673316,0,0
52,9,2,gb,14.25575783385418,-11.174585845474365,25.430343679328544,1,0
62,9,2,gb,14.25575783385418,8.482231991740527,5.773525842113653,1,1
72,9,2,gb,-11.07314401,-11.049202060263742,-0.023941949736258294,0,0
80,9,2,gb,-11.59051945,-8.797948330682765,-2.792571119317236,0,0
84,9,2,gb,-12.90110242,-7.202212856037177,-5.698889563962823,0,0
85,9,2,gb,-11.96352825,-0.7006471098248451,-11.262881140175155,0,0
90,9,2,gb,5.9526081138412605,-5.658402013935268,11.611010127776527,1,0
109,9,2,gb,-4.274356885,-10.10611067198612,5.831753786986119,0,0
149,9,2,gb,9.134736505801508,-3.6319461350276696,12.766682640829178,1,0
150,9,2,gb,8.271410102019884,6.183552021909915,2.087858080109968,1,1
173,9,2,gb,12.073863035611195,1.329440008093581,10.744423027517614,1,1
184,9,2,gb,-6.123114621,-6.418140901473541,0.2950262804735413,0,0
200,9,2,gb,-12.72760478,-0.2808297405393721,-12.446775039460627,0,0
202,9,2,gb,-5.537860875,-7.572756112111764,2.0348952371117646,0,0
206,9,2,gb,-2.7778118,10.645360107606068,-13.423171907606068,0,1
212,9,2,gb,9.012336177,6.869639394055972,2.1426967829440278,1,1
213,9,2,gb,10.456033337686607,-4.602912176417965,15.058945514104572,1,0
218,9,2,gb,-14.66144387,-10.09319820121408,-4.56824566878592,0,0
231,9,2,gb,9.339126938530914,4.8755338783416065,4.463593060189307,1,1
263,9,2,gb,-7.910733222,3.3918923126097913,-11.302625534609792,0,1
264,9,2,gb,14.25575783385418,7.807868631744713,6.447889202109467,1,1
272,9,2,gb,9.477889153,9.892972954083575,-0.41508380108357557,1,1
286,9,2,gb,6.330866619,9.064367305701367,-2.733500686701367,1,1
292,9,2,gb,-5.903215378,-11.811323301005686,5.908107923005686,0,0
301,9,2,gb,12.073863035611195,9.478968521994505,2.5948945136166905,1,1
309,9,2,gb,7.640488600914524,6.7267108338049075,0.9137777671096163,1,1
313,9,2,gb,14.25575783385418,10.59400580585218,3.661752028001999,1,1
330,9,2,gb,-11.24261252,-0.2498307848420917,-10.992781735157909,0,0
336,9,2,gb,12.982147179797291,-1.4861798048637007,14.468326984660992,1,0
344,9,2,gb,-10.28987591,5.8816975019306845,-16.171573411930684,0,1
358,9,2,gb,-5.443305286,9.906243336935642,-15.349548622935643,0,1
376,9,2,gb,8.024865092428724,11.714691457222436,-3.6898263647937117,1,1
381,9,2,gb,-7.217262047,-6.461707782990908,-0.755554264009092,0,0
29,9,3,GNN,-11.59052,-11.650922,0.060401999999999845,0,0
30,9,3,GNN,-6.99292,-7.3285356,0.33561560000000057,0,0
31,9,3,GNN,-14.255758,-13.53235,-0.7234080000000009,0,0
32,9,3,GNN,8.969895,4.2689166,4.7009783999999994,1,1
33,9,3,GNN,-8.319836,-8.639955,0.32011900000000004,0,0
52,9,3,GNN,14.255758,9.586242,4.669516,1,1
62,9,3,GNN,14.255758,12.373908,1.88185,1,1
72,9,3,GNN,-11.073144,-11.989006,0.9158620000000006,0,0
80,9,3,GNN,-11.59052,-12.31048,0.7199600000000004,0,0
84,9,3,GNN,-12.901102,-9.951027,-2.950075,0,0
85,9,3,GNN,-11.963529,-11.952706,-0.010823000000000249,0,0
90,9,3,GNN,5.952608,4.82371,1.1288979999999995,1,1
109,9,3,GNN,-4.274357,-8.820862,4.546505,0,0
149,9,3,GNN,9.134736,8.625422,0.5093139999999998,1,1
150,9,3,GNN,8.27141,8.525415,-0.25400500000000115,1,1
173,9,3,GNN,12.073863,11.034546,1.0393169999999987,1,1
184,9,3,GNN,-6.1231146,-10.932861,4.809746400000001,0,0
200,9,3,GNN,-12.727605,-11.227916,-1.499689,0,0
202,9,3,GNN,-5.537861,-6.2444634,0.7066023999999995,0,0
206,9,3,GNN,-2.7778118,-8.345507,5.567695199999999,0,0
212,9,3,GNN,9.012336,13.012481,-4.000145,1,1
213,9,3,GNN,10.456034,9.65728,0.7987540000000006,1,1
218,9,3,GNN,-14.661444,-9.449769,-5.211675,0,0
231,9,3,GNN,9.339127,4.6673007,4.671826299999999,1,1
263,9,3,GNN,-7.910733,-10.484362,2.5736290000000013,0,0
264,9,3,GNN,14.255758,9.712412,4.543346,1,1
272,9,3,GNN,9.477889,8.404453,1.0734359999999992,1,1
286,9,3,GNN,6.330867,4.1450543,2.1858126999999996,1,1
292,9,3,GNN,-5.9032154,-9.956505,4.0532896,0,0
301,9,3,GNN,12.073863,8.252392,3.821470999999999,1,1
309,9,3,GNN,7.6404886,0.20000046,7.44048814,1,1
313,9,3,GNN,14.255758,10.5422125,3.7135455000000004,1,1
330,9,3,GNN,-11.242613,-8.088012,-3.1546009999999995,0,0
336,9,3,GNN,12.982147,11.53998,1.4421669999999995,1,1
344,9,3,GNN,-10.289876,-10.654739,0.3648629999999997,0,0
358,9,3,GNN,-5.4433055,-6.480888,1.0375825,0,0
376,9,3,GNN,8.024865,8.810623,-0.7857579999999995,1,1
381,9,3,GNN,-7.2172623,-9.092256,1.874993700000001,0,0
29,9,3,gb,-11.59051945,2.514022093128286,-14.104541543128287,0,1
30,9,3,gb,-6.99292005,12.43123644212712,-19.42415649212712,0,1
31,9,3,gb,-14.25575783,11.794144565441073,-26.049902395441073,0,1
32,9,3,gb,8.969895630538362,-6.194004241307465,15.163899871845828,1,0
33,9,3,gb,-8.319835294,-9.563039321792797,1.243204027792796,0,0
52,9,3,gb,14.25575783385418,-12.758925717576895,27.014683551431077,1,0
62,9,3,gb,14.25575783385418,9.536850119263642,4.718907714590538,1,1
72,9,3,gb,-11.07314401,-11.077661455827036,0.0045174458270356155,0,0
80,9,3,gb,-11.59051945,-7.278549214172929,-4.311970235827071,0,0
84,9,3,gb,-12.90110242,-8.480173973029206,-4.420928446970795,0,0
85,9,3,gb,-11.96352825,2.226983054812777,-14.190511304812777,0,1
90,9,3,gb,5.9526081138412605,-8.772285374784918,14.72489348862618,1,0
109,9,3,gb,-4.274356885,-9.771411045297455,5.497054160297455,0,0
149,9,3,gb,9.134736505801508,2.2209267877735708,6.913809718027936,1,1
150,9,3,gb,8.271410102019884,10.11606564481271,-1.844655542792827,1,1
173,9,3,gb,12.073863035611195,8.302435720361723,3.771427315249472,1,1
184,9,3,gb,-6.123114621,-10.185500559222568,4.062385938222568,0,0
200,9,3,gb,-12.72760478,-4.0723735296362245,-8.655231250363776,0,0
202,9,3,gb,-5.537860875,-7.301451683320498,1.7635908083204983,0,0
206,9,3,gb,-2.7778118,11.197983213977864,-13.975795013977864,0,1
212,9,3,gb,9.012336177,6.8219084528577945,2.1904277241422054,1,1
213,9,3,gb,10.456033337686607,7.967508917005273,2.488524420681334,1,1
218,9,3,gb,-14.66144387,-9.307959157731796,-5.353484712268203,0,0
231,9,3,gb,9.339126938530914,-0.044030815874159,9.383157754405072,1,0
263,9,3,gb,-7.910733222,9.374404166879676,-17.285137388879676,0,1
264,9,3,gb,14.25575783385418,7.76972449606013,6.48603333779405,1,1
272,9,3,gb,9.477889153,12.973290617250806,-3.495401464250806,1,1
286,9,3,gb,6.330866619,12.562862163936334,-6.231995544936334,1,1
292,9,3,gb,-5.903215378,-12.12230407471428,6.219088696714281,0,0
301,9,3,gb,12.073863035611195,12.64100935793926,-0.5671463223280657,1,1
309,9,3,gb,7.640488600914524,8.897082671677277,-1.2565940707627528,1,1
313,9,3,gb,14.25575783385418,11.516346713357215,2.739411120496964,1,1
330,9,3,gb,-11.24261252,0.8556337552585609,-12.09824627525856,0,1
336,9,3,gb,12.982147179797291,-2.769371024296155,15.751518204093447,1,0
344,9,3,gb,-10.28987591,2.5554472842627267,-12.845323194262726,0,1
358,9,3,gb,-5.443305286,13.031993391057734,-18.475298677057733,0,1
376,9,3,gb,8.024865092428724,-7.273055109544869,15.297920201973593,1,0
381,9,3,gb,-7.217262047,-8.2668536291473,1.0495915821473005,0,0
29,9,4,GNN,-11.59052,-12.722003,1.1314830000000011,0,0
30,9,4,GNN,-6.99292,-5.815079,-1.177841,0,0
31,9,4,GNN,-14.255758,-12.485664,-1.7700940000000003,0,0
32,9,4,GNN,8.969895,4.929437,4.040457999999999,1,1
33,9,4,GNN,-8.319836,-9.005645,0.685808999999999,0,0
52,9,4,GNN,14.255758,9.369222,4.8865359999999995,1,1
62,9,4,GNN,14.255758,12.722186,1.5335719999999995,1,1
72,9,4,GNN,-11.073144,-12.211314,1.1381700000000006,0,0
80,9,4,GNN,-11.59052,-8.503207,-3.087313,0,0
84,9,4,GNN,-12.901102,-9.552207,-3.3488950000000006,0,0
85,9,4,GNN,-11.963529,-12.740557,0.7770280000000014,0,0
90,9,4,GNN,5.952608,5.428136,0.5244719999999994,1,1
109,9,4,GNN,-4.274357,-9.607529,5.333171999999999,0,0
149,9,4,GNN,9.134736,8.815619,0.3191170000000003,1,1
150,9,4,GNN,8.27141,8.77159,-0.5001800000000003,1,1
173,9,4,GNN,12.073863,11.267193,0.8066699999999987,1,1
184,9,4,GNN,-6.1231146,-10.795918,4.6728034,0,0
200,9,4,GNN,-12.727605,-12.7802515,0.05264649999999982,0,0
202,9,4,GNN,-5.537861,-6.801445,1.2635839999999998,0,0
206,9,4,GNN,-2.7778118,-8.666837,5.889025199999999,0,0
212,9,4,GNN,9.012336,11.169164,-2.156828000000001,1,1
213,9,4,GNN,10.456034,9.365998,1.0900360000000013,1,1
218,9,4,GNN,-14.661444,-10.19286,-4.468584,0,0
231,9,4,GNN,9.339127,4.206643,5.132484,1,1
263,9,4,GNN,-7.910733,-10.236915,2.326182,0,0
264,9,4,GNN,14.255758,9.828924,4.4268339999999995,1,1
272,9,4,GNN,9.477889,8.681085,0.7968039999999998,1,1
286,9,4,GNN,6.330867,5.1348815,1.1959855,1,1
292,9,4,GNN,-5.9032154,-9.359422,3.4562066000000007,0,0
301,9,4,GNN,12.073863,9.458831,2.6150319999999994,1,1
309,9,4,GNN,7.6404886,-1.4319865,9.0724751,1,0
313,9,4,GNN,14.255758,10.1791315,4.0766265,1,1
330,9,4,GNN,-11.242613,-9.629328,-1.6132850000000012,0,0
336,9,4,GNN,12.982147,11.653081,1.3290659999999992,1,1
344,9,4,GNN,-10.289876,-10.874721,0.5848449999999996,0,0
358,9,4,GNN,-5.4433055,-7.6603537,2.2170482,0,0
376,9,4,GNN,8.024865,8.962451,-0.9375859999999996,1,1
381,9,4,GNN,-7.2172623,-9.1840515,1.966789200000001,0,0
29,9,4,gb,-11.59051945,-5.437555920729875,-6.152963529270125,0,0
30,9,4,gb,-6.99292005,8.701807574233356,-15.694727624233357,0,1
31,9,4,gb,-14.25575783,10.447809389969915,-24.703567219969916,0,1
32,9,4,gb,8.969895630538362,-4.924274197766335,13.894169828304697,1,0
33,9,4,gb,-8.319835294,-13.23509180945619,4.915256515456189,0,0
52,9,4,gb,14.25575783385418,-12.140641155978154,26.396398989832335,1,0
62,9,4,gb,14.25575783385418,6.969469033797435,7.286288800056744,1,1
72,9,4,gb,-11.07314401,-5.11718426800815,-5.95595974199185,0,0
80,9,4,gb,-11.59051945,-7.063269764511243,-4.527249685488758,0,0
84,9,4,gb,-12.90110242,-9.14148632946342,-3.7596160905365803,0,0
85,9,4,gb,-11.96352825,3.2389986114857385,-15.202526861485739,0,1
90,9,4,gb,5.9526081138412605,-6.092725100773705,12.045333214614965,1,0
109,9,4,gb,-4.274356885,-9.00212658271457,4.72776969771457,0,0
149,9,4,gb,9.134736505801508,-0.5778748219361538,9.712611327737662,1,0
150,9,4,gb,8.271410102019884,8.084623246858621,0.18678685516126237,1,1
173,9,4,gb,12.073863035611195,1.5785559365720612,10.495307099039135,1,1
184,9,4,gb,-6.123114621,-8.856244454055446,2.733129833055446,0,0
200,9,4,gb,-12.72760478,-6.709356712402114,-6.018248067597886,0,0
202,9,4,gb,-5.537860875,-1.1620053812277118,-4.375855493772288,0,0
206,9,4,gb,-2.7778118,10.090046937786363,-12.867858737786364,0,1
212,9,4,gb,9.012336177,8.835408963230243,0.17692721376975662,1,1
213,9,4,gb,10.456033337686607,-4.743365977787117,15.199399315473723,1,0
218,9,4,gb,-14.66144387,-6.814263836002377,-7.847180033997622,0,0
231,9,4,gb,9.339126938530914,0.1717530760919792,9.167373862438934,1,1
263,9,4,gb,-7.910733222,6.846873788438811,-14.75760701043881,0,1
264,9,4,gb,14.25575783385418,7.045070131708161,7.210687702146019,1,1
272,9,4,gb,9.477889153,8.494602474707566,0.9832866782924334,1,1
286,9,4,gb,6.330866619,16.94935690118396,-10.618490282183961,1,1
292,9,4,gb,-5.903215378,-11.794451345942598,5.891235967942598,0,0
301,9,4,gb,12.073863035611195,6.718255701445412,5.355607334165783,1,1
309,9,4,gb,7.640488600914524,9.21032754273582,-1.5698389418212964,1,1
313,9,4,gb,14.25575783385418,10.185014100465876,4.070743733388303,1,1
330,9,4,gb,-11.24261252,-2.3154701267849163,-8.927142393215084,0,0
336,9,4,gb,12.982147179797291,-5.690472717132177,18.67261989692947,1,0
344,9,4,gb,-10.28987591,8.62903130907874,-18.91890721907874,0,1
358,9,4,gb,-5.443305286,13.059329913459145,-18.502635199459146,0,1
376,9,4,gb,8.024865092428724,0.3573447536652569,7.667520338763468,1,1
381,9,4,gb,-7.217262047,3.415306916194957,-10.632568963194958,0,1
29,9,5,GNN,-11.59052,-11.275063,-0.3154570000000003,0,0
30,9,5,GNN,-6.99292,-7.63595,0.6430300000000004,0,0
31,9,5,GNN,-14.255758,-13.271706,-0.9840520000000001,0,0
32,9,5,GNN,8.969895,3.5847785,5.385116499999999,1,1
33,9,5,GNN,-8.319836,-10.105507,1.785670999999999,0,0
52,9,5,GNN,14.255758,9.589463,4.666295,1,1
62,9,5,GNN,14.255758,11.960783,2.294975000000001,1,1
72,9,5,GNN,-11.073144,-12.557241,1.4840970000000002,0,0
80,9,5,GNN,-11.59052,-7.8907957,-3.6997242999999997,0,0
84,9,5,GNN,-12.901102,-10.476843,-2.4242589999999993,0,0
85,9,5,GNN,-11.963529,-11.608197,-0.35533199999999887,0,0
90,9,5,GNN,5.952608,3.5717309,2.3808770999999997,1,1
109,9,5,GNN,-4.274357,-10.307484,6.033127,0,0
149,9,5,GNN,9.134736,9.36517,-0.2304340000000007,1,1
150,9,5,GNN,8.27141,8.968369,-0.6969589999999997,1,1
173,9,5,GNN,12.073863,10.781428,1.2924349999999993,1,1
184,9,5,GNN,-6.1231146,-12.089762,5.9666474,0,0
200,9,5,GNN,-12.727605,-12.050764,-0.6768410000000014,0,0
202,9,5,GNN,-5.537861,-8.663315,3.1254540000000004,0,0
206,9,5,GNN,-2.7778118,-9.004287,6.226475199999999,0,0
212,9,5,GNN,9.012336,11.49301,-2.4806740000000005,1,1
213,9,5,GNN,10.456034,9.797142,0.6588920000000016,1,1
218,9,5,GNN,-14.661444,-9.957934,-4.70351,0,0
231,9,5,GNN,9.339127,3.2593029,6.0798241,1,1
263,9,5,GNN,-7.910733,-10.808493,2.897760000000001,0,0
264,9,5,GNN,14.255758,9.446007,4.809751,1,1
272,9,5,GNN,9.477889,9.14171,0.33617899999999956,1,1
286,9,5,GNN,6.330867,3.417451,2.913416,1,1
292,9,5,GNN,-5.9032154,-10.46101,4.5577946,0,0
301,9,5,GNN,12.073863,9.437538,2.6363249999999994,1,1
309,9,5,GNN,7.6404886,2.0628426,5.577646,1,1
313,9,5,GNN,14.255758,10.335651,3.920107,1,1
330,9,5,GNN,-11.242613,-10.027796,-1.214817,0,0
336,9,5,GNN,12.982147,11.263836,1.718311,1,1
344,9,5,GNN,-10.289876,-11.481556,1.1916799999999999,0,0
358,9,5,GNN,-5.4433055,-7.5009427,2.0576372000000003,0,0
376,9,5,GNN,8.024865,9.449286,-1.4244210000000006,1,1
381,9,5,GNN,-7.2172623,-10.990307,3.7730447,0,0
29,9,5,gb,-11.59051945,-7.752277634985287,-3.8382418150147135,0,0
30,9,5,gb,-6.99292005,11.519469172954825,-18.512389222954823,0,1
31,9,5,gb,-14.25575783,9.834303334721971,-24.090061164721973,0,1
32,9,5,gb,8.969895630538362,-3.709930223655911,12.679825854194274,1,0
33,9,5,gb,-8.319835294,1.2751360830366785,-9.594971377036678,0,1
52,9,5,gb,14.25575783385418,-8.302186692000282,22.55794452585446,1,0
62,9,5,gb,14.25575783385418,10.867840704763676,3.3879171290905035,1,1
72,9,5,gb,-11.07314401,-8.403359689517542,-2.6697843204824583,0,0
80,9,5,gb,-11.59051945,-10.127303238217898,-1.4632162117821021,0,0
84,9,5,gb,-12.90110242,-8.997468262176051,-3.9036341578239497,0,0
85,9,5,gb,-11.96352825,-9.518169823008575,-2.445358426991424,0,0
90,9,5,gb,5.9526081138412605,-8.595493522717398,14.548101636558659,1,0
109,9,5,gb,-4.274356885,-8.164022940022347,3.8896660550223467,0,0
149,9,5,gb,9.134736505801508,-0.2355250448572474,9.370261550658755,1,0
150,9,5,gb,8.271410102019884,9.557009761539408,-1.2855996595195247,1,1
173,9,5,gb,12.073863035611195,6.444000156116199,5.629862879494996,1,1
184,9,5,gb,-6.123114621,-7.781964558329875,1.658849937329875,0,0
200,9,5,gb,-12.72760478,-10.743424619561878,-1.9841801604381217,0,0
202,9,5,gb,-5.537860875,-6.142259714669747,0.6043988396697468,0,0
206,9,5,gb,-2.7778118,7.179750190532355,-9.957561990532355,0,1
212,9,5,gb,9.012336177,6.176459927909156,2.835876249090844,1,1
213,9,5,gb,10.456033337686607,2.1174644162684064,8.3385689214182,1,1
218,9,5,gb,-14.66144387,-16.517823301373568,1.8563794313735684,0,0
231,9,5,gb,9.339126938530914,4.115636232676782,5.2234907058541316,1,1
263,9,5,gb,-7.910733222,9.205298373041842,-17.116031595041843,0,1
264,9,5,gb,14.25575783385418,6.112063370089769,8.143694463764412,1,1
272,9,5,gb,9.477889153,11.157448346749176,-1.679559193749176,1,1
286,9,5,gb,6.330866619,13.81415418739295,-7.483287568392949,1,1
292,9,5,gb,-5.903215378,-11.92429777717705,6.021082399177051,0,0
301,9,5,gb,12.073863035611195,9.548276541173967,2.5255864944372277,1,1
309,9,5,gb,7.640488600914524,-9.663513480944966,17.30400208185949,1,0
313,9,5,gb,14.25575783385418,12.101505916075102,2.154251917779078,1,1
330,9,5,gb,-11.24261252,8.682975687652235,-19.925588207652233,0,1
336,9,5,gb,12.982147179797291,-3.9127675763543617,16.894914756151653,1,0
344,9,5,gb,-10.28987591,4.871665231820841,-15.161541141820841,0,1
358,9,5,gb,-5.443305286,11.82430046869528,-17.267605754695282,0,1
376,9,5,gb,8.024865092428724,2.829622089708041,5.195243002720684,1,1
381,9,5,gb,-7.217262047,-3.4583993319238564,-3.758862715076144,0,0
29,9,6,GNN,-11.59052,-13.932581,2.342061000000001,0,0
30,9,6,GNN,-6.99292,-7.870796,0.8778760000000005,0,0
31,9,6,GNN,-14.255758,-13.167705,-1.0880530000000004,0,0
32,9,6,GNN,8.969895,8.874089,0.09580599999999961,1,1
33,9,6,GNN,-8.319836,-7.2009225,-1.1189135000000006,0,0
52,9,6,GNN,14.255758,7.564406,6.691352,1,1
62,9,6,GNN,14.255758,12.523051,1.7327069999999996,1,1
72,9,6,GNN,-11.073144,-12.592232,1.519088,0,0
80,9,6,GNN,-11.59052,-7.25433,-4.336189999999999,0,0
84,9,6,GNN,-12.901102,-8.080968,-4.8201339999999995,0,0
85,9,6,GNN,-11.963529,-12.275928,0.312399000000001,0,0
90,9,6,GNN,5.952608,3.7788186,2.1737893999999995,1,1
109,9,6,GNN,-4.274357,-9.8958435,5.6214865,0,0
149,9,6,GNN,9.134736,8.814229,0.320507000000001,1,1
150,9,6,GNN,8.27141,6.7953563,1.4760536999999996,1,1
173,9,6,GNN,12.073863,12.472006,-0.398143000000001,1,1
184,9,6,GNN,-6.1231146,-10.118431,3.995316399999999,0,0
200,9,6,GNN,-12.727605,-6.5545044,-6.173100600000001,0,0
202,9,6,GNN,-5.537861,-2.007309,-3.5305520000000006,0,0
206,9,6,GNN,-2.7778118,-8.536363,5.758551199999999,0,0
212,9,6,GNN,9.012336,8.791574,0.2207619999999988,1,1
213,9,6,GNN,10.456034,11.545865,-1.0898309999999984,1,1
218,9,6,GNN,-14.661444,-9.238778,-5.4226659999999995,0,0
231,9,6,GNN,9.339127,8.281853,1.0572739999999996,1,1
263,9,6,GNN,-7.910733,-9.185121,1.274388000000001,0,0
264,9,6,GNN,14.255758,11.249694,3.0060640000000003,1,1
272,9,6,GNN,9.477889,9.414223,0.06366599999999956,1,1
286,9,6,GNN,6.330867,3.47077,2.8600969999999997,1,1
292,9,6,GNN,-5.9032154,-6.016763,0.11354760000000041,0,0
301,9,6,GNN,12.073863,9.312349,2.761514,1,1
309,9,6,GNN,7.6404886,7.442895,0.19759360000000026,1,1
313,9,6,GNN,14.255758,12.011079,2.2446789999999996,1,1
330,9,6,GNN,-11.242613,-8.536281,-2.7063319999999997,0,0
336,9,6,GNN,12.982147,10.787408,2.194739,1,1
344,9,6,GNN,-10.289876,-9.665941,-0.6239349999999995,0,0
358,9,6,GNN,-5.4433055,-5.6376762,0.19437069999999945,0,0
376,9,6,GNN,8.024865,8.713695,-0.6888299999999994,1,1
381,9,6,GNN,-7.2172623,-7.62307,0.40580770000000044,0,0
29,9,6,gb,-11.59051945,-7.400523940896846,-4.189995509103154,0,0
30,9,6,gb,-6.99292005,13.00911985886654,-20.002039908866543,0,1
31,9,6,gb,-14.25575783,11.22411979483874,-25.479877624838743,0,1
32,9,6,gb,8.969895630538362,-1.532586823656286,10.502482454194649,1,0
33,9,6,gb,-8.319835294,-13.537083294396274,5.217248000396273,0,0
52,9,6,gb,14.25575783385418,-10.070634959017646,24.326392792871825,1,0
62,9,6,gb,14.25575783385418,8.500579670496165,5.755178163358014,1,1
72,9,6,gb,-11.07314401,-6.216042423971918,-4.857101586028082,0,0
80,9,6,gb,-11.59051945,-9.53696399227745,-2.0535554577225508,0,0
84,9,6,gb,-12.90110242,-7.631199480152507,-5.269902939847494,0,0
85,9,6,gb,-11.96352825,4.513234098894278,-16.476762348894276,0,1
90,9,6,gb,5.9526081138412605,-6.328485602722327,12.281093716563587,1,0
109,9,6,gb,-4.274356885,-9.660385499010005,5.386028614010004,0,0
149,9,6,gb,9.134736505801508,-3.4408268098399395,12.575563315641446,1,0
150,9,6,gb,8.271410102019884,-0.1260302474191827,8.397440349439066,1,0
173,9,6,gb,12.073863035611195,2.7990747937077893,9.274788241903405,1,1
184,9,6,gb,-6.123114621,-5.481632244832805,-0.6414823761671951,0,0
200,9,6,gb,-12.72760478,1.4386655137570714,-14.166270293757071,0,1
202,9,6,gb,-5.537860875,1.2714728231163843,-6.809333698116384,0,1
206,9,6,gb,-2.7778118,8.106929858275802,-10.884741658275802,0,1
212,9,6,gb,9.012336177,9.622333511407517,-0.6099973344075167,1,1
213,9,6,gb,10.456033337686607,-10.799483970981964,21.255517308668573,1,0
218,9,6,gb,-14.66144387,-10.187988134012926,-4.4734557359870735,0,0
231,9,6,gb,9.339126938530914,0.2558520060486585,9.083274932482254,1,1
263,9,6,gb,-7.910733222,2.49329079575247,-10.40402401775247,0,1
264,9,6,gb,14.25575783385418,11.134795510807276,3.1209623230469035,1,1
272,9,6,gb,9.477889153,9.383942238705677,0.09394691429432278,1,1
286,9,6,gb,6.330866619,14.351333944939457,-8.020467325939457,1,1
292,9,6,gb,-5.903215378,-12.365242066469428,6.462026688469428,0,0
301,9,6,gb,12.073863035611195,8.226355909752582,3.8475071258586127,1,1
309,9,6,gb,7.640488600914524,3.553281711209012,4.087206889705512,1,1
313,9,6,gb,14.25575783385418,10.25403302793942,4.00172480591476,1,1
330,9,6,gb,-11.24261252,-4.485329109718686,-6.757283410281314,0,0
336,9,6,gb,12.982147179797291,-4.899962152348671,17.882109332145962,1,0
344,9,6,gb,-10.28987591,9.644681086038302,-19.934556996038303,0,1
358,9,6,gb,-5.443305286,9.517887644775817,-14.961192930775816,0,1
376,9,6,gb,8.024865092428724,4.882814085379659,3.1420510070490657,1,1
381,9,6,gb,-7.217262047,-8.079571950601705,0.8623099036017052,0,0
29,9,7,GNN,-11.59052,-11.900959,0.3104390000000006,0,0
30,9,7,GNN,-6.99292,-6.7746997,-0.2182202999999996,0,0
31,9,7,GNN,-14.255758,-12.076241,-2.1795170000000006,0,0
32,9,7,GNN,8.969895,6.4580307,2.511864299999999,1,1
33,9,7,GNN,-8.319836,-7.4234633,-0.8963727000000006,0,0
52,9,7,GNN,14.255758,8.417217,5.838540999999999,1,1
62,9,7,GNN,14.255758,12.811724,1.4440340000000003,1,1
72,9,7,GNN,-11.073144,-10.542126,-0.5310179999999995,0,0
80,9,7,GNN,-11.59052,-11.175262,-0.4152579999999997,0,0
84,9,7,GNN,-12.901102,-8.772578,-4.1285240000000005,0,0
85,9,7,GNN,-11.963529,-9.832017,-2.131511999999999,0,0
90,9,7,GNN,5.952608,5.329529,0.6230789999999997,1,1
109,9,7,GNN,-4.274357,-8.303373,4.029016,0,0
149,9,7,GNN,9.134736,8.642431,0.492305,1,1
150,9,7,GNN,8.27141,8.345625,-0.07421500000000059,1,1
173,9,7,GNN,12.073863,12.807863,-0.734,1,1
184,9,7,GNN,-6.1231146,-10.188492,4.0653774,0,0
200,9,7,GNN,-12.727605,-11.408108,-1.3194970000000001,0,0
202,9,7,GNN,-5.537861,-5.8765297,0.3386686999999995,0,0
206,9,7,GNN,-2.7778118,-7.842576,5.064764200000001,0,0
212,9,7,GNN,9.012336,12.903576,-3.89124,1,1
213,9,7,GNN,10.456034,10.413553,0.042481000000000435,1,1
218,9,7,GNN,-14.661444,-8.73269,-5.928754,0,0
231,9,7,GNN,9.339127,6.5891337,2.7499933,1,1
263,9,7,GNN,-7.910733,-8.787104,0.8763709999999998,0,0
264,9,7,GNN,14.255758,11.971552,2.2842059999999993,1,1
272,9,7,GNN,9.477889,8.705091,0.7727979999999999,1,1
286,9,7,GNN,6.330867,5.8216,0.5092669999999995,1,1
292,9,7,GNN,-5.9032154,-7.5865297,1.6833143000000002,0,0
301,9,7,GNN,12.073863,10.93945,1.1344129999999986,1,1
309,9,7,GNN,7.6404886,4.601561,3.0389276,1,1
313,9,7,GNN,14.255758,12.359057,1.8967010000000002,1,1
330,9,7,GNN,-11.242613,-7.4313173,-3.8112957000000005,0,0
336,9,7,GNN,12.982147,12.8374,0.14474699999999885,1,1
344,9,7,GNN,-10.289876,-9.46396,-0.8259159999999994,0,0
358,9,7,GNN,-5.4433055,-6.8829117,1.4396062,0,0
376,9,7,GNN,8.024865,8.779738,-0.7548729999999999,1,1
381,9,7,GNN,-7.2172623,-8.485745,1.2684826999999999,0,0
29,9,7,gb,-11.59051945,-10.845444384333533,-0.7450750656664678,0,0
30,9,7,gb,-6.99292005,10.908585507183966,-17.901505557183967,0,1
31,9,7,gb,-14.25575783,9.834183003403254,-24.089940833403254,0,1
32,9,7,gb,8.969895630538362,-2.2380974438882535,11.207993074426616,1,0
33,9,7,gb,-8.319835294,-13.497202230745046,5.177366936745045,0,0
52,9,7,gb,14.25575783385418,-12.956113842446795,27.211871676300973,1,0
62,9,7,gb,14.25575783385418,9.878674261530438,4.377083572323741,1,1
72,9,7,gb,-11.07314401,-10.558143466857285,-0.5150005431427154,0,0
80,9,7,gb,-11.59051945,-5.579789975010554,-6.010729474989446,0,0
84,9,7,gb,-12.90110242,-3.3795401738605815,-9.52156224613942,0,0
85,9,7,gb,-11.96352825,3.689929195630212,-15.653457445630211,0,1
90,9,7,gb,5.9526081138412605,-5.864179492982735,11.816787606823995,1,0
109,9,7,gb,-4.274356885,-8.340226780845963,4.065869895845963,0,0
149,9,7,gb,9.134736505801508,0.7114878024949847,8.423248703306523,1,1
150,9,7,gb,8.271410102019884,9.42546085155532,-1.1540507495354362,1,1
173,9,7,gb,12.073863035611195,4.678101558291655,7.39576147731954,1,1
184,9,7,gb,-6.123114621,-8.743376618916486,2.6202619979164856,0,0
200,9,7,gb,-12.72760478,1.6309420792206055,-14.358546859220606,0,1
202,9,7,gb,-5.537860875,-6.418339344316394,0.8804784693163938,0,0
206,9,7,gb,-2.7778118,1.949819445266507,-4.727631245266506,0,1
212,9,7,gb,9.012336177,-8.66881480754525,17.681150984545248,1,0
213,9,7,gb,10.456033337686607,-10.321659756162465,20.777693093849074,1,0
218,9,7,gb,-14.66144387,-10.781527972058976,-3.8799158979410233,0,0
231,9,7,gb,9.339126938530914,0.4354337948608235,8.90369314367009,1,1
263,9,7,gb,-7.910733222,6.237832363040098,-14.148565585040098,0,1
264,9,7,gb,14.25575783385418,5.710318226393809,8.54543960746037,1,1
272,9,7,gb,9.477889153,13.22232877368954,-3.7444396206895405,1,1
286,9,7,gb,6.330866619,3.210486111787808,3.120380507212192,1,1
292,9,7,gb,-5.903215378,-12.401306449489768,6.498091071489768,0,0
301,9,7,gb,12.073863035611195,10.369346566167964,1.7045164694432309,1,1
309,9,7,gb,7.640488600914524,0.3951936332055063,7.245294967709017,1,1
313,9,7,gb,14.25575783385418,10.74948009165642,3.50627774219776,1,1
330,9,7,gb,-11.24261252,4.910221822289131,-16.152834342289133,0,1
336,9,7,gb,12.982147179797291,-5.932247059185679,18.914394238982972,1,0
344,9,7,gb,-10.28987591,7.507506502431162,-17.797382412431162,0,1
358,9,7,gb,-5.443305286,11.744113075405696,-17.187418361405697,0,1
376,9,7,gb,8.024865092428724,9.521095781049766,-1.4962306886210417,1,1
381,9,7,gb,-7.217262047,-7.570364073249965,0.3531020262499647,0,0
29,9,8,GNN,-11.59052,-10.455714,-1.1348059999999993,0,0
30,9,8,GNN,-6.99292,-11.3167515,4.323831500000001,0,0
31,9,8,GNN,-14.255758,-11.237309,-3.0184490000000004,0,0
32,9,8,GNN,8.969895,10.1703,-1.200405,1,1
33,9,8,GNN,-8.319836,-6.8260407,-1.4937953000000004,0,0
52,9,8,GNN,14.255758,10.216902,4.038856000000001,1,1
62,9,8,GNN,14.255758,13.912589,0.3431689999999996,1,1
72,9,8,GNN,-11.073144,-11.548603,0.47545900000000074,0,0
80,9,8,GNN,-11.59052,-10.987061,-0.6034589999999991,0,0
84,9,8,GNN,-12.901102,-9.068665,-3.8324370000000005,0,0
85,9,8,GNN,-11.963529,-12.405352,0.4418230000000012,0,0
90,9,8,GNN,5.952608,6.3508863,-0.3982783000000003,1,1
109,9,8,GNN,-4.274357,-7.8963914,3.6220343999999995,0,0
149,9,8,GNN,9.134736,10.117042,-0.9823059999999995,1,1
150,9,8,GNN,8.27141,9.6684675,-1.3970575000000007,1,1
173,9,8,GNN,12.073863,14.264775,-2.190912000000001,1,1
184,9,8,GNN,-6.1231146,-11.047156,4.924041399999999,0,0
200,9,8,GNN,-12.727605,-9.703526,-3.0240790000000004,0,0
202,9,8,GNN,-5.537861,-5.8538,0.3159389999999993,0,0
206,9,8,GNN,-2.7778118,-7.065855,4.288043200000001,0,0
212,9,8,GNN,9.012336,10.1835985,-1.171262500000001,1,1
213,9,8,GNN,10.456034,11.351661,-0.8956269999999993,1,1
218,9,8,GNN,-14.661444,-7.556468,-7.104976,0,0
231,9,8,GNN,9.339127,10.964328,-1.6252010000000006,1,1
263,9,8,GNN,-7.910733,-9.418912,1.508179000000001,0,0
264,9,8,GNN,14.255758,13.346059,0.9096989999999998,1,1
272,9,8,GNN,9.477889,10.889056,-1.4111670000000007,1,1
286,9,8,GNN,6.330867,8.832202,-2.501335000000001,1,1
292,9,8,GNN,-5.9032154,-9.735838,3.8326225999999997,0,0
301,9,8,GNN,12.073863,12.42567,-0.35180700000000087,1,1
309,9,8,GNN,7.6404886,8.323107,-0.6826184,1,1
313,9,8,GNN,14.255758,13.323186,0.9325720000000004,1,1
330,9,8,GNN,-11.242613,-9.686345,-1.556268000000001,0,0
336,9,8,GNN,12.982147,11.2053,1.776847,1,1
344,9,8,GNN,-10.289876,-9.73486,-0.5550160000000002,0,0
358,9,8,GNN,-5.4433055,-4.472476,-0.9708294999999998,0,0
376,9,8,GNN,8.024865,10.1122265,-2.0873615,1,1
381,9,8,GNN,-7.2172623,-8.837432,1.6201697,0,0
29,9,8,gb,-11.59051945,-11.395870109715554,-0.19464934028444603,0,0
30,9,8,gb,-6.99292005,9.512128667150243,-16.505048717150245,0,1
31,9,8,gb,-14.25575783,10.127330745873923,-24.383088575873924,0,1
32,9,8,gb,8.969895630538362,-2.143371922480151,11.113267553018513,1,0
33,9,8,gb,-8.319835294,-12.538712482702222,4.218877188702221,0,0
52,9,8,gb,14.25575783385418,-3.03391809010188,17.28967592395606,1,0
62,9,8,gb,14.25575783385418,9.639555600505462,4.616202233348718,1,1
72,9,8,gb,-11.07314401,-9.050526670696115,-2.022617339303885,0,0
80,9,8,gb,-11.59051945,-10.319339041952745,-1.2711804080472557,0,0
84,9,8,gb,-12.90110242,-7.397941323077025,-5.503161096922976,0,0
85,9,8,gb,-11.96352825,1.8849866302076412,-13.848514880207642,0,1
90,9,8,gb,5.9526081138412605,-6.3572851428666475,12.309893256707909,1,0
109,9,8,gb,-4.274356885,-4.698001949587474,0.42364506458747364,0,0
149,9,8,gb,9.134736505801508,-3.5866814524303265,12.721417958231834,1,0
150,9,8,gb,8.271410102019884,9.638645628547774,-1.3672355265278906,1,1
173,9,8,gb,12.073863035611195,10.26701787974357,1.8068451558676255,1,1
184,9,8,gb,-6.123114621,-6.918768885999933,0.795654264999933,0,0
200,9,8,gb,-12.72760478,2.0193678419500456,-14.746972621950047,0,1
202,9,8,gb,-5.537860875,-8.088280148115333,2.550419273115333,0,0
206,9,8,gb,-2.7778118,11.46198255159836,-14.239794351598361,0,1
212,9,8,gb,9.012336177,11.099105165285367,-2.0867689882853675,1,1
213,9,8,gb,10.456033337686607,-1.4828280334692867,11.938861371155895,1,0
218,9,8,gb,-14.66144387,-10.934773367411314,-3.7266705025886857,0,0
231,9,8,gb,9.339126938530914,4.828096228439478,4.511030710091435,1,1
263,9,8,gb,-7.910733222,7.846969217468878,-15.75770243946888,0,1
264,9,8,gb,14.25575783385418,9.581558396519911,4.674199437334268,1,1
272,9,8,gb,9.477889153,10.430827823880236,-0.9529386708802363,1,1
286,9,8,gb,6.330866619,14.745310960916616,-8.414444341916615,1,1
292,9,8,gb,-5.903215378,-8.695496573988803,2.792281195988804,0,0
301,9,8,gb,12.073863035611195,12.363493785118116,-0.28963074950692125,1,1
309,9,8,gb,7.640488600914524,5.768589406228993,1.8718991946855308,1,1
313,9,8,gb,14.25575783385418,10.854543709005377,3.401214124848803,1,1
330,9,8,gb,-11.24261252,1.3574654862573632,-12.600078006257363,0,1
336,9,8,gb,12.982147179797291,-5.751218633574077,18.733365813371368,1,0
344,9,8,gb,-10.28987591,9.275876929844069,-19.565752839844066,0,1
358,9,8,gb,-5.443305286,13.23357191673257,-18.67687720273257,0,1
376,9,8,gb,8.024865092428724,4.5455428113044425,3.479322281124282,1,1
381,9,8,gb,-7.217262047,-11.539725369211563,4.322463322211563,0,0
29,9,10,GNN,-11.59052,-9.026959,-2.563561,0,0
30,9,10,GNN,-6.99292,-6.494507,-0.4984130000000002,0,0
31,9,10,GNN,-14.255758,-13.674578,-0.5811799999999998,0,0
32,9,10,GNN,8.969895,5.2288027,3.741092299999999,1,1
33,9,10,GNN,-8.319836,-7.70957,-0.6102660000000002,0,0
52,9,10,GNN,14.255758,11.047472,3.2082859999999993,1,1
62,9,10,GNN,14.255758,14.25575,7.999999999341867e-06,1,1
72,9,10,GNN,-11.073144,-12.543665,1.4705210000000015,0,0
80,9,10,GNN,-11.59052,-9.187731,-2.4027890000000003,0,0
84,9,10,GNN,-12.901102,-8.480204,-4.420897999999999,0,0
85,9,10,GNN,-11.963529,-12.726179,0.7626500000000007,0,0
90,9,10,GNN,5.952608,5.179959,0.7726489999999995,1,1
109,9,10,GNN,-4.274357,-8.170418,3.8960609999999996,0,0
149,9,10,GNN,9.134736,8.942497,0.19223900000000071,1,1
150,9,10,GNN,8.27141,9.367058,-1.0956480000000006,1,1
173,9,10,GNN,12.073863,13.871922,-1.7980590000000003,1,1
184,9,10,GNN,-6.1231146,-11.003389,4.8802744,0,0
200,9,10,GNN,-12.727605,-11.118349,-1.6092560000000002,0,0
202,9,10,GNN,-5.537861,-6.045934,0.5080729999999996,0,0
206,9,10,GNN,-2.7778118,-7.5919514,4.814139600000001,0,0
212,9,10,GNN,9.012336,14.261019,-5.248683,1,1
213,9,10,GNN,10.456034,11.817799,-1.3617650000000001,1,1
218,9,10,GNN,-14.661444,-7.8064003,-6.8550436999999995,0,0
231,9,10,GNN,9.339127,5.9635844,3.3755425999999993,1,1
263,9,10,GNN,-7.910733,-9.426561,1.515828,0,0
264,9,10,GNN,14.255758,12.422037,1.8337210000000006,1,1
272,9,10,GNN,9.477889,9.209964,0.26792499999999997,1,1
286,9,10,GNN,6.330867,5.20804,1.122827,1,1
292,9,10,GNN,-5.9032154,-8.752593,2.8493775999999995,0,0
301,9,10,GNN,12.073863,12.468964,-0.39510100000000037,1,1
309,9,10,GNN,7.6404886,2.9191103,4.7213783000000005,1,1
313,9,10,GNN,14.255758,12.425859,1.8298989999999993,1,1
330,9,10,GNN,-11.242613,-8.731533,-2.5110799999999998,0,0
336,9,10,GNN,12.982147,13.357565,-0.3754179999999998,1,1
344,9,10,GNN,-10.289876,-11.288094,0.9982179999999996,0,0
358,9,10,GNN,-5.4433055,-6.9697685,1.5264629999999997,0,0
376,9,10,GNN,8.024865,9.004566,-0.9797010000000004,1,1
381,9,10,GNN,-7.2172623,-9.637854,2.420591700000001,0,0
29,9,10,gb,-11.59051945,-6.763571386877353,-4.826948063122647,0,0
30,9,10,gb,-6.99292005,13.582597934307689,-20.575517984307687,0,1
31,9,10,gb,-14.25575783,10.536215941514383,-24.791973771514385,0,1
32,9,10,gb,8.969895630538362,-8.057466835940735,17.027362466479097,1,0
33,9,10,gb,-8.319835294,-14.488142755328658,6.1683074613286575,0,0
52,9,10,gb,14.25575783385418,-12.080249719823712,26.33600755367789,1,0
62,9,10,gb,14.25575783385418,9.88476891176386,4.370988922090319,1,1
72,9,10,gb,-11.07314401,-11.080326607186842,0.007182597186842443,0,0
80,9,10,gb,-11.59051945,-8.494454714648352,-3.096064735351648,0,0
84,9,10,gb,-12.90110242,-9.21250354274316,-3.6885988772568403,0,0
85,9,10,gb,-11.96352825,-2.212214754509914,-9.751313495490086,0,0
90,9,10,gb,5.9526081138412605,-6.9938820744347305,12.946490188275991,1,0
109,9,10,gb,-4.274356885,-6.8874019852780695,2.613045100278069,0,0
149,9,10,gb,9.134736505801508,-7.380328718865406,16.515065224666913,1,0
150,9,10,gb,8.271410102019884,8.979693519569102,-0.7082834175492181,1,1
173,9,10,gb,12.073863035611195,6.353183498275825,5.7206795373353705,1,1
184,9,10,gb,-6.123114621,-7.987492239993747,1.864377618993747,0,0
200,9,10,gb,-12.72760478,-3.443852886577081,-9.283751893422918,0,0
202,9,10,gb,-5.537860875,-5.456340065963117,-0.08152080903688308,0,0
206,9,10,gb,-2.7778118,10.439739114315756,-13.217550914315757,0,1
212,9,10,gb,9.012336177,5.553619482827905,3.458716694172095,1,1
213,9,10,gb,10.456033337686607,-5.824509108177414,16.28054244586402,1,0
218,9,10,gb,-14.66144387,1.558863104831926,-16.220306974831924,0,1
231,9,10,gb,9.339126938530914,0.9725269769769656,8.366599961553948,1,1
263,9,10,gb,-7.910733222,4.3111649074605864,-12.221898129460588,0,1
264,9,10,gb,14.25575783385418,12.354999290314034,1.900758543540146,1,1
272,9,10,gb,9.477889153,12.953661314484323,-3.4757721614843238,1,1
286,9,10,gb,6.330866619,13.23477541388327,-6.90390879488327,1,1
292,9,10,gb,-5.903215378,-10.801641057620683,4.898425679620684,0,0
301,9,10,gb,12.073863035611195,8.054414557637504,4.019448477973691,1,1
309,9,10,gb,7.640488600914524,4.682990642793867,2.9574979581206566,1,1
313,9,10,gb,14.25575783385418,10.21454016141951,4.041217672434669,1,1
330,9,10,gb,-11.24261252,3.534031026009322,-14.776643546009321,0,1
336,9,10,gb,12.982147179797291,-6.4401397475156665,19.422286927312957,1,0
344,9,10,gb,-10.28987591,10.907205647513884,-21.197081557513883,0,1
358,9,10,gb,-5.443305286,3.1364750956625636,-8.579780381662564,0,1
376,9,10,gb,8.024865092428724,3.5512481244567167,4.473616967972008,1,1
381,9,10,gb,-7.217262047,-5.183297619979982,-2.0339644270200186,0,0
24,10,1,GNN,12.982147,9.564116,3.418030999999999,1,1
64,10,1,GNN,-9.379538,-11.623024,2.243485999999999,0,0
78,10,1,GNN,12.982147,15.6673565,-2.685209500000001,1,1
92,10,1,GNN,-11.242613,-7.6981983,-3.544414700000001,0,0
112,10,1,GNN,12.461017,10.207479,2.2535380000000007,1,1
114,10,1,GNN,11.365721,11.762402,-0.3966809999999992,1,1
116,10,1,GNN,7.910733,8.314316,-0.40358300000000025,1,1
117,10,1,GNN,-11.580847,-9.681854,-1.8989930000000008,0,0
122,10,1,GNN,9.477889,13.179323,-3.701434000000001,1,1
125,10,1,GNN,7.568012,8.483257,-0.9152449999999996,1,1
132,10,1,GNN,1.5187593,-3.20674,4.7254993,1,0
139,10,1,GNN,2.8535385,5.3018403,-2.4483018000000003,1,1
164,10,1,GNN,-7.7940993,-10.344649,2.5505497000000004,0,0
181,10,1,GNN,10.784142,5.5716453,5.212496699999999,1,1
197,10,1,GNN,-7.421132,-9.417208,1.9960760000000004,0,0
209,10,1,GNN,-7.577062,-9.665527,2.088465000000001,0,0
217,10,1,GNN,-13.781273,-11.783537,-1.9977359999999997,0,0
219,10,1,GNN,-14.637796,-9.976553,-4.661243000000001,0,0
222,10,1,GNN,-10.198892,-8.946957,-1.2519350000000014,0,0
234,10,1,GNN,-7.1637025,-6.94415,-0.2195525000000007,0,0
241,10,1,GNN,8.822678,11.456968,-2.63429,1,1
244,10,1,GNN,7.577062,3.101397,4.475664999999999,1,1
254,10,1,GNN,9.859496,9.105941,0.7535550000000004,1,1
265,10,1,GNN,-5.495224,-4.9654756,-0.5297483999999999,0,0
267,10,1,GNN,-3.9838798,5.080809,-9.0646888,0,1
274,10,1,GNN,-8.239923,-4.6962013,-3.543721699999999,0,0
284,10,1,GNN,-12.345567,-10.390894,-1.9546730000000014,0,0
287,10,1,GNN,12.073863,14.731446,-2.6575830000000007,1,1
311,10,1,GNN,9.859496,13.141161,-3.2816650000000003,1,1
331,10,1,GNN,7.745709,5.743186,2.002523,1,1
349,10,1,GNN,-4.9735856,-7.0569024,2.0833168000000004,0,0
357,10,1,GNN,13.781273,13.4771385,0.3041345,1,1
359,10,1,GNN,-12.727605,-12.424889,-0.3027160000000002,0,0
360,10,1,GNN,-11.670309,-11.218777,-0.45153200000000027,0,0
367,10,1,GNN,-12.073863,-10.422672,-1.651190999999999,0,0
372,10,1,GNN,-7.6999116,-4.6280923,-3.0718193000000005,0,0
378,10,1,GNN,-10.289876,-10.996525,0.7066490000000005,0,0
380,10,1,GNN,16.421785,12.789457,3.6323279999999993,1,1
24,10,1,gb,12.982147179797291,9.613380310823112,3.3687668689741788,1,1
64,10,1,gb,-9.379537163,-10.594036824584627,1.214499661584627,0,0
78,10,1,gb,12.982147179797291,9.775719194249168,3.206427985548123,1,1
92,10,1,gb,-11.24261252,-12.988927953452214,1.7463154334522137,0,0
112,10,1,gb,12.461017056957832,-9.48204180979951,21.94305886675734,1,0
114,10,1,gb,11.365720446897749,8.36946761216749,2.9962528347302584,1,1
116,10,1,gb,7.910733222162019,-7.898680052477529,15.809413274639548,1,0
117,10,1,gb,-11.58084633,-5.1162315942449625,-6.464614735755037,0,0
122,10,1,gb,9.477889153,10.057686826660142,-0.579797673660142,1,1
125,10,1,gb,7.568012302742962,-11.430939203006751,18.998951505749712,1,0
132,10,1,gb,1.5187592871885904,12.616394029150769,-11.097634741962178,1,1
139,10,1,gb,2.8535385059735283,4.9255699464519935,-2.072031440478465,1,1
164,10,1,gb,-7.794099338,12.29996498162247,-20.09406431962247,0,1
181,10,1,gb,10.784141163895436,3.0962066169508464,7.687934546944589,1,1
197,10,1,gb,-7.421131909,5.41876182860163,-12.83989373760163,0,1
209,10,1,gb,-7.577061974,8.972950695218788,-16.550012669218788,0,1
217,10,1,gb,-13.78127315,0.8980641836428561,-14.679337333642856,0,1
219,10,1,gb,-14.6377961,-12.060329847332852,-2.577466252667147,0,0
222,10,1,gb,-10.19889172,-2.8855716323517626,-7.313320087648238,0,0
234,10,1,gb,-7.163702257,-8.819177431170543,1.655475174170543,0,0
241,10,1,gb,8.822677770172534,12.472128406826648,-3.649450636654114,1,1
244,10,1,gb,7.577061974006026,-8.26901484109828,15.846076815104304,1,0
254,10,1,gb,9.859496001,4.615766696738239,5.243729304261761,1,1
265,10,1,gb,-5.495223783,-8.151227511724445,2.6560037287244445,0,0
267,10,1,gb,-3.983879689,-5.902799231094275,1.918919542094275,0,0
274,10,1,gb,-8.239922444,-11.617988391197484,3.3780659471974843,0,0
284,10,1,gb,-12.34556651,7.851229938032349,-20.196796448032348,0,1
287,10,1,gb,12.073863035611195,7.7266573565395635,4.347205679071632,1,1
311,10,1,gb,9.859496001,3.931251527111331,5.928244473888669,1,1
331,10,1,gb,7.745708837767083,-5.061826426822084,12.807535264589166,1,0
349,10,1,gb,-4.973585821,-11.36833645207139,6.394750631071389,0,0
357,10,1,gb,13.781273146340617,-5.565048692043085,19.3463218383837,1,0
359,10,1,gb,-12.72760478,-2.7069324030654993,-10.0206723769345,0,0
360,10,1,gb,-11.67030896,-6.21225218501403,-5.45805677498597,0,0
367,10,1,gb,-12.07386304,-12.508816607868413,0.434953567868412,0,0
372,10,1,gb,-7.699911823,-4.5125319753123385,-3.1873798476876614,0,0
378,10,1,gb,-10.28987591,-10.024687159906502,-0.26518875009349685,0,0
380,10,1,gb,16.42178532510618,-7.612147977910639,24.033933303016816,1,0
24,10,2,GNN,12.982147,8.044425,4.937721999999999,1,1
64,10,2,GNN,-9.379538,-12.455375,3.075837,0,0
78,10,2,GNN,12.982147,14.043722,-1.0615750000000013,1,1
92,10,2,GNN,-11.242613,-9.52366,-1.7189530000000008,0,0
112,10,2,GNN,12.461017,11.729708,0.7313089999999995,1,1
114,10,2,GNN,11.365721,11.214051,0.15167000000000108,1,1
116,10,2,GNN,7.910733,7.20837,0.7023629999999992,1,1
117,10,2,GNN,-11.580847,-11.704242,0.12339500000000037,0,0
122,10,2,GNN,9.477889,10.628194,-1.1503050000000012,1,1
125,10,2,GNN,7.568012,10.817064,-3.249052,1,1
132,10,2,GNN,1.5187593,-2.881038,4.3997973,1,0
139,10,2,GNN,2.8535385,-0.773445,3.6269835,1,0
164,10,2,GNN,-7.7940993,-13.408531,5.6144317,0,0
181,10,2,GNN,10.784142,5.7176037,5.0665382999999995,1,1
197,10,2,GNN,-7.421132,-7.4703093,0.0491773000000002,0,0
209,10,2,GNN,-7.577062,-7.381333,-0.19572900000000004,0,0
217,10,2,GNN,-13.781273,-9.506869,-4.2744040000000005,0,0
219,10,2,GNN,-14.637796,-11.951052,-2.686743999999999,0,0
222,10,2,GNN,-10.198892,-9.666645,-0.5322469999999999,0,0
234,10,2,GNN,-7.1637025,-7.03629,-0.12741250000000015,0,0
241,10,2,GNN,8.822678,11.134239,-2.311561000000001,1,1
244,10,2,GNN,7.577062,4.3197823,3.2572797,1,1
254,10,2,GNN,9.859496,8.959668,0.8998279999999994,1,1
265,10,2,GNN,-5.495224,-5.4857264,-0.009497600000000439,0,0
267,10,2,GNN,-3.9838798,4.3253756,-8.3092554,0,1
274,10,2,GNN,-8.239923,-7.629655,-0.6102679999999996,0,0
284,10,2,GNN,-12.345567,-9.62708,-2.7184870000000014,0,0
287,10,2,GNN,12.073863,13.720115,-1.6462520000000005,1,1
311,10,2,GNN,9.859496,12.196383,-2.336887000000001,1,1
331,10,2,GNN,7.745709,6.001161,1.744548,1,1
349,10,2,GNN,-4.9735856,-9.644223,4.6706374,0,0
357,10,2,GNN,13.781273,12.872773,0.9085000000000001,1,1
359,10,2,GNN,-12.727605,-12.688476,-0.03912900000000086,0,0
360,10,2,GNN,-11.670309,-10.98139,-0.6889190000000003,0,0
367,10,2,GNN,-12.073863,-13.421105,1.3472420000000014,0,0
372,10,2,GNN,-7.6999116,-6.9068527,-0.7930589000000001,0,0
378,10,2,GNN,-10.289876,-11.70574,1.415864000000001,0,0
380,10,2,GNN,16.421785,12.455556,3.9662290000000002,1,1
24,10,2,gb,12.982147179797291,10.038345760760684,2.943801419036607,1,1
64,10,2,gb,-9.379537163,-11.122841903326314,1.7433047403263142,0,0
78,10,2,gb,12.982147179797291,11.335187750566686,1.6469594292306056,1,1
92,10,2,gb,-11.24261252,-11.742148187699453,0.4995356676994529,0,0
112,10,2,gb,12.461017056957832,-7.659687472774114,20.120704529731945,1,0
114,10,2,gb,11.365720446897749,7.946205065020989,3.41951538187676,1,1
116,10,2,gb,7.910733222162019,-7.957707975603471,15.86844119776549,1,0
117,10,2,gb,-11.58084633,-4.646305930717298,-6.934540399282702,0,0
122,10,2,gb,9.477889153,9.414847509608338,0.06304164339166185,1,1
125,10,2,gb,7.568012302742962,-10.078319461493098,17.64633176423606,1,0
132,10,2,gb,1.5187592871885904,12.552577256896967,-11.033817969708377,1,1
139,10,2,gb,2.8535385059735283,12.424862689473407,-9.571324183499879,1,1
164,10,2,gb,-7.794099338,12.972753554086228,-20.766852892086227,0,1
181,10,2,gb,10.784141163895436,6.306773580682763,4.477367583212673,1,1
197,10,2,gb,-7.421131909,4.899578108635549,-12.320710017635548,0,1
209,10,2,gb,-7.577061974,5.182470772216437,-12.759532746216436,0,1
217,10,2,gb,-13.78127315,-6.773028041005309,-7.008245108994691,0,0
219,10,2,gb,-14.6377961,-10.134265049101083,-4.503531050898916,0,0
222,10,2,gb,-10.19889172,-0.6340145340872011,-9.564877185912799,0,0
234,10,2,gb,-7.163702257,-2.57136897019,-4.59233328681,0,0
241,10,2,gb,8.822677770172534,6.999402459836728,1.8232753103358066,1,1
244,10,2,gb,7.577061974006026,-6.40555212543683,13.982614099442856,1,0
254,10,2,gb,9.859496001,5.097043388372136,4.762452612627864,1,1
265,10,2,gb,-5.495223783,-0.2803567953317338,-5.214866987668266,0,0
267,10,2,gb,-3.983879689,-4.343367628005852,0.3594879390058523,0,0
274,10,2,gb,-8.239922444,-9.119594847359949,0.8796724033599492,0,0
284,10,2,gb,-12.34556651,10.439712761677214,-22.78527927167721,0,1
287,10,2,gb,12.073863035611195,7.999510450038637,4.074352585572558,1,1
311,10,2,gb,9.859496001,11.749756330616693,-1.8902603296166927,1,1
331,10,2,gb,7.745708837767083,-8.889063230025016,16.6347720677921,1,0
349,10,2,gb,-4.973585821,-8.268199437299504,3.294613616299504,0,0
357,10,2,gb,13.781273146340617,-5.471738141040101,19.253011287380716,1,0
359,10,2,gb,-12.72760478,-11.52142297999443,-1.2061818000055702,0,0
360,10,2,gb,-11.67030896,-11.78223069232936,0.11192173232936042,0,0
367,10,2,gb,-12.07386304,-6.942930565315776,-5.130932474684225,0,0
372,10,2,gb,-7.699911823,-0.8681654977591691,-6.831746325240831,0,0
378,10,2,gb,-10.28987591,-5.976861036461461,-4.313014873538538,0,0
380,10,2,gb,16.42178532510618,-6.706890815359392,23.128676140465572,1,0
24,10,3,GNN,12.982147,11.756121,1.2260259999999992,1,1
64,10,3,GNN,-9.379538,-10.220632,0.841094,0,0
78,10,3,GNN,12.982147,12.024001,0.9581459999999993,1,1
92,10,3,GNN,-11.242613,-9.902957,-1.3396559999999997,0,0
112,10,3,GNN,12.461017,10.854417,1.6066000000000003,1,1
114,10,3,GNN,11.365721,10.075899,1.289822000000001,1,1
116,10,3,GNN,7.910733,2.4981718,5.412561199999999,1,1
117,10,3,GNN,-11.580847,-9.034943,-2.545904,0,0
122,10,3,GNN,9.477889,10.773698,-1.2958090000000002,1,1
125,10,3,GNN,7.568012,8.8970175,-1.3290055,1,1
132,10,3,GNN,1.5187593,1.6510528,-0.13229350000000006,1,1
139,10,3,GNN,2.8535385,0.5224432,2.3310953,1,1
164,10,3,GNN,-7.7940993,-9.805011,2.0109117000000003,0,0
181,10,3,GNN,10.784142,4.935538,5.848603999999999,1,1
197,10,3,GNN,-7.421132,-9.155368,1.7342359999999992,0,0
209,10,3,GNN,-7.577062,-10.0973425,2.5202805,0,0
217,10,3,GNN,-13.781273,-10.941361,-2.839912,0,0
219,10,3,GNN,-14.637796,-10.278429,-4.359367000000001,0,0
222,10,3,GNN,-10.198892,-9.3092575,-0.8896345000000014,0,0
234,10,3,GNN,-7.1637025,-7.9703174,0.8066148999999996,0,0
241,10,3,GNN,8.822678,11.549273,-2.7265949999999997,1,1
244,10,3,GNN,7.577062,3.5336761,4.0433859,1,1
254,10,3,GNN,9.859496,11.1897,-1.3302040000000002,1,1
265,10,3,GNN,-5.495224,-9.729354,4.23413,0,0
267,10,3,GNN,-3.9838798,1.0335422,-5.017422,0,1
274,10,3,GNN,-8.239923,-8.764651,0.5247280000000014,0,0
284,10,3,GNN,-12.345567,-10.040352,-2.3052150000000005,0,0
287,10,3,GNN,12.073863,12.054292,0.019570999999999117,1,1
311,10,3,GNN,9.859496,12.039302,-2.1798059999999992,1,1
331,10,3,GNN,7.745709,1.9617251,5.7839839,1,1
349,10,3,GNN,-4.9735856,-9.254782,4.281196400000001,0,0
357,10,3,GNN,13.781273,11.722684,2.0585890000000013,1,1
359,10,3,GNN,-12.727605,-9.998203,-2.7294020000000003,0,0
360,10,3,GNN,-11.670309,-9.845675,-1.8246339999999996,0,0
367,10,3,GNN,-12.073863,-9.893924,-2.179938999999999,0,0
372,10,3,GNN,-7.6999116,-9.231933,1.5320213999999996,0,0
378,10,3,GNN,-10.289876,-7.7664304,-2.5234455999999996,0,0
380,10,3,GNN,16.421785,11.219788,5.201997,1,1
24,10,3,gb,12.982147179797291,9.65557735979834,3.3265698199989515,1,1
64,10,3,gb,-9.379537163,-10.25909398774749,0.879556824747489,0,0
78,10,3,gb,12.982147179797291,9.688522981599164,3.2936241981981276,1,1
92,10,3,gb,-11.24261252,-7.489922535976418,-3.752689984023582,0,0
112,10,3,gb,12.461017056957832,-3.992023103583831,16.45304016054166,1,0
114,10,3,gb,11.365720446897749,8.252892305430493,3.112828141467256,1,1
116,10,3,gb,7.910733222162019,-5.735523841543514,13.646257063705534,1,0
117,10,3,gb,-11.58084633,-4.634643392439252,-6.946202937560748,0,0
122,10,3,gb,9.477889153,13.157066379422387,-3.6791772264223876,1,1
125,10,3,gb,7.568012302742962,-9.710832148181373,17.278844450924336,1,0
132,10,3,gb,1.5187592871885904,12.201275533354805,-10.682516246166214,1,1
139,10,3,gb,2.8535385059735283,12.213070333433114,-9.359531827459586,1,1
164,10,3,gb,-7.794099338,9.18984048730576,-16.98393982530576,0,1
181,10,3,gb,10.784141163895436,9.214084942356983,1.5700562215384526,1,1
197,10,3,gb,-7.421131909,8.170070032443475,-15.591201941443474,0,1
209,10,3,gb,-7.577061974,8.890069085979999,-16.467131059979998,0,1
217,10,3,gb,-13.78127315,-3.933148919043672,-9.848124230956328,0,0
219,10,3,gb,-14.6377961,-9.614524423297524,-5.023271676702475,0,0
222,10,3,gb,-10.19889172,-4.270997626503517,-5.927894093496484,0,0
234,10,3,gb,-7.163702257,-9.217454786732768,2.053752529732768,0,0
241,10,3,gb,8.822677770172534,13.70535866531294,-4.882680895140405,1,1
244,10,3,gb,7.577061974006026,-0.4708634441779355,8.047925418183961,1,0
254,10,3,gb,9.859496001,4.589336760135044,5.270159240864956,1,1
265,10,3,gb,-5.495223783,2.230669889136202,-7.725893672136202,0,1
267,10,3,gb,-3.983879689,-0.5434210807877704,-3.4404586082122295,0,0
274,10,3,gb,-8.239922444,-10.560292057084055,2.320369613084056,0,0
284,10,3,gb,-12.34556651,-0.8355984546737424,-11.509968055326256,0,0
287,10,3,gb,12.073863035611195,10.28215033664912,1.7917126989620744,1,1
311,10,3,gb,9.859496001,5.55065672442115,4.30883927657885,1,1
331,10,3,gb,7.745708837767083,-8.552931292593644,16.298640130360727,1,0
349,10,3,gb,-4.973585821,-8.822591935967157,3.849006114967157,0,0
357,10,3,gb,13.781273146340617,-5.995441517877177,19.776714664217792,1,0
359,10,3,gb,-12.72760478,3.065521484149234,-15.793126264149233,0,1
360,10,3,gb,-11.67030896,-8.224106396445682,-3.4462025635543174,0,0
367,10,3,gb,-12.07386304,-4.6493998662695555,-7.424463173730445,0,0
372,10,3,gb,-7.699911823,-4.211368125751089,-3.488543697248911,0,0
378,10,3,gb,-10.28987591,-11.176917298190656,0.8870413881906565,0,0
380,10,3,gb,16.42178532510618,3.1439885123537064,13.277796812752472,1,1
24,10,4,GNN,12.982147,10.27057,2.711577,1,1
64,10,4,GNN,-9.379538,-13.000237,3.620699,0,0
78,10,4,GNN,12.982147,12.445985,0.5361619999999991,1,1
92,10,4,GNN,-11.242613,-12.112136,0.8695229999999992,0,0
112,10,4,GNN,12.461017,12.226018,0.23499900000000018,1,1
114,10,4,GNN,11.365721,9.061023,2.304698,1,1
116,10,4,GNN,7.910733,4.5034146,3.4073183999999994,1,1
117,10,4,GNN,-11.580847,-12.372158,0.7913110000000003,0,0
122,10,4,GNN,9.477889,9.694655,-0.2167659999999998,1,1
125,10,4,GNN,7.568012,8.614051,-1.0460389999999995,1,1
132,10,4,GNN,1.5187593,-1.0732851,2.5920444,1,0
139,10,4,GNN,2.8535385,-1.9262118,4.7797503,1,0
164,10,4,GNN,-7.7940993,-13.037271,5.2431717,0,0
181,10,4,GNN,10.784142,5.529501,5.2546409999999995,1,1
197,10,4,GNN,-7.421132,-9.515867,2.094735,0,0
209,10,4,GNN,-7.577062,-10.53902,2.961958000000001,0,0
217,10,4,GNN,-13.781273,-10.786747,-2.9945260000000005,0,0
219,10,4,GNN,-14.637796,-13.8560915,-0.7817045,0,0
222,10,4,GNN,-10.198892,-12.228637,2.029745,0,0
234,10,4,GNN,-7.1637025,-9.827664,2.6639615,0,0
241,10,4,GNN,8.822678,10.700372,-1.877694,1,1
244,10,4,GNN,7.577062,4.200543,3.376519,1,1
254,10,4,GNN,9.859496,9.752229,0.10726700000000022,1,1
265,10,4,GNN,-5.495224,-9.18759,3.692366,0,0
267,10,4,GNN,-3.9838798,-0.104758196,-3.879121604,0,0
274,10,4,GNN,-8.239923,-10.065839,1.8259160000000012,0,0
284,10,4,GNN,-12.345567,-12.731325,0.38575799999999916,0,0
287,10,4,GNN,12.073863,13.175363,-1.1015000000000015,1,1
311,10,4,GNN,9.859496,11.534307,-1.674811,1,1
331,10,4,GNN,7.745709,4.6411543,3.1045546999999996,1,1
349,10,4,GNN,-4.9735856,-10.009856,5.036270399999999,0,0
357,10,4,GNN,13.781273,13.097371,0.6839019999999998,1,1
359,10,4,GNN,-12.727605,-13.645548,0.9179429999999993,0,0
360,10,4,GNN,-11.670309,-11.13675,-0.5335590000000003,0,0
367,10,4,GNN,-12.073863,-13.132672,1.0588090000000001,0,0
372,10,4,GNN,-7.6999116,-9.074149,1.3742374000000002,0,0
378,10,4,GNN,-10.289876,-12.110286,1.8204100000000007,0,0
380,10,4,GNN,16.421785,11.086674,5.3351109999999995,1,1
24,10,4,gb,12.982147179797291,11.098726837417884,1.8834203423794076,1,1
64,10,4,gb,-9.379537163,-10.02842723135809,0.6488900683580905,0,0
78,10,4,gb,12.982147179797291,12.389246480110728,0.5929006996865631,1,1
92,10,4,gb,-11.24261252,-11.119482102801731,-0.12313041719826856,0,0
112,10,4,gb,12.461017056957832,-8.225390452018964,20.686407508976796,1,0
114,10,4,gb,11.365720446897749,6.8961727693410655,4.469547677556683,1,1
116,10,4,gb,7.910733222162019,-8.587309279687014,16.498042501849035,1,0
117,10,4,gb,-11.58084633,-1.6605135662292234,-9.920332763770777,0,0
122,10,4,gb,9.477889153,13.164944098111782,-3.6870549451117824,1,1
125,10,4,gb,7.568012302742962,-7.738224881628149,15.30623718437111,1,0
132,10,4,gb,1.5187592871885904,11.453321860228224,-9.934562573039633,1,1
139,10,4,gb,2.8535385059735283,11.00592356759377,-8.152385061620242,1,1
164,10,4,gb,-7.794099338,9.98640928180298,-17.78050861980298,0,1
181,10,4,gb,10.784141163895436,6.945030763154674,3.839110400740762,1,1
197,10,4,gb,-7.421131909,3.932030497943389,-11.353162406943389,0,1
209,10,4,gb,-7.577061974,11.115810228581047,-18.692872202581047,0,1
217,10,4,gb,-13.78127315,-3.476794644428392,-10.304478505571609,0,0
219,10,4,gb,-14.6377961,-9.48084441482177,-5.15695168517823,0,0
222,10,4,gb,-10.19889172,-3.830999995581492,-6.3678917244185085,0,0
234,10,4,gb,-7.163702257,-10.793504750928737,3.6298024939287368,0,0
241,10,4,gb,8.822677770172534,12.265949117079584,-3.44327134690705,1,1
244,10,4,gb,7.577061974006026,-6.501997549490578,14.079059523496603,1,0
254,10,4,gb,9.859496001,3.0734615606121074,6.786034440387892,1,1
265,10,4,gb,-5.495223783,-4.8898020267729905,-0.6054217562270097,0,0
267,10,4,gb,-3.983879689,-7.25380735394873,3.26992766494873,0,0
274,10,4,gb,-8.239922444,-10.191304599994648,1.951382155994649,0,0
284,10,4,gb,-12.34556651,3.742208042640154,-16.087774552640152,0,1
287,10,4,gb,12.073863035611195,8.626419550230466,3.447443485380729,1,1
311,10,4,gb,9.859496001,3.5737369267752035,6.285759074224797,1,1
331,10,4,gb,7.745708837767083,-10.35353126570338,18.099240103470464,1,0
349,10,4,gb,-4.973585821,-10.246878867350524,5.273293046350524,0,0
357,10,4,gb,13.781273146340617,-7.891512637597666,21.67278578393828,1,0
359,10,4,gb,-12.72760478,-3.100760236405315,-9.626844543594686,0,0
360,10,4,gb,-11.67030896,-7.474600056293723,-4.195708903706277,0,0
367,10,4,gb,-12.07386304,-12.897090775964672,0.8232277359646716,0,0
372,10,4,gb,-7.699911823,-2.9385174958830103,-4.76139432711699,0,0
378,10,4,gb,-10.28987591,-1.823030466461632,-8.466845443538368,0,0
380,10,4,gb,16.42178532510618,-2.5165768383558778,18.938362163462056,1,0
24,10,5,GNN,12.982147,7.7698803,5.2122667,1,1
64,10,5,GNN,-9.379538,-12.80186,3.4223219999999994,0,0
78,10,5,GNN,12.982147,13.785998,-0.8038509999999999,1,1
92,10,5,GNN,-11.242613,-8.070607,-3.1720059999999997,0,0
112,10,5,GNN,12.461017,14.703437,-2.242419999999999,1,1
114,10,5,GNN,11.365721,11.080042,0.285679,1,1
116,10,5,GNN,7.910733,7.7666593,0.14407369999999986,1,1
117,10,5,GNN,-11.580847,-11.246665,-0.3341820000000002,0,0
122,10,5,GNN,9.477889,9.928247,-0.45035800000000137,1,1
125,10,5,GNN,7.568012,9.185946,-1.617933999999999,1,1
132,10,5,GNN,1.5187593,-4.6954308,6.2141901,1,0
139,10,5,GNN,2.8535385,-1.7184315,4.57197,1,0
164,10,5,GNN,-7.7940993,-13.491979,5.6978797000000005,0,0
181,10,5,GNN,10.784142,7.364706,3.4194359999999993,1,1
197,10,5,GNN,-7.421132,-11.063149,3.642016999999999,0,0
209,10,5,GNN,-7.577062,-9.239118,1.6620559999999998,0,0
217,10,5,GNN,-13.781273,-15.416358,1.6350850000000001,0,0
219,10,5,GNN,-14.637796,-12.744863,-1.8929329999999993,0,0
222,10,5,GNN,-10.198892,-9.932542,-0.266350000000001,0,0
234,10,5,GNN,-7.1637025,-8.441286,1.2775834999999995,0,0
241,10,5,GNN,8.822678,8.82869,-0.006012000000000128,1,1
244,10,5,GNN,7.577062,5.850063,1.7269990000000002,1,1
254,10,5,GNN,9.859496,8.577562,1.2819339999999997,1,1
265,10,5,GNN,-5.495224,-6.4825144,0.9872904,0,0
267,10,5,GNN,-3.9838798,0.8373333,-4.8212131,0,1
274,10,5,GNN,-8.239923,-4.642558,-3.597364999999999,0,0
284,10,5,GNN,-12.345567,-11.550402,-0.7951650000000008,0,0
287,10,5,GNN,12.073863,12.212283,-0.13842,1,1
311,10,5,GNN,9.859496,11.12176,-1.262264,1,1
331,10,5,GNN,7.745709,4.65176,3.0939489999999994,1,1
349,10,5,GNN,-4.9735856,-9.6531925,4.6796069,0,0
357,10,5,GNN,13.781273,14.608487,-0.8272139999999997,1,1
359,10,5,GNN,-12.727605,-12.537247,-0.1903579999999998,0,0
360,10,5,GNN,-11.670309,-10.767487,-0.9028220000000005,0,0
367,10,5,GNN,-12.073863,-13.616682,1.5428190000000015,0,0
372,10,5,GNN,-7.6999116,-7.8346252,0.13471359999999954,0,0
378,10,5,GNN,-10.289876,-12.890542,2.6006660000000004,0,0
380,10,5,GNN,16.421785,11.872364,4.549421000000001,1,1
24,10,5,gb,12.982147179797291,9.889465905353958,3.0926812744433327,1,1
64,10,5,gb,-9.379537163,-11.644409975790037,2.2648728127900366,0,0
78,10,5,gb,12.982147179797291,13.038027285271374,-0.05588010547408295,1,1
92,10,5,gb,-11.24261252,-10.76487076172678,-0.4777417582732202,0,0
112,10,5,gb,12.461017056957832,-7.734179729221175,20.195196786179007,1,0
114,10,5,gb,11.365720446897749,5.54878070448778,5.816939742409969,1,1
116,10,5,gb,7.910733222162019,-7.690867081713843,15.601600303875863,1,0
117,10,5,gb,-11.58084633,-5.555542106438388,-6.025304223561612,0,0
122,10,5,gb,9.477889153,10.96615833602412,-1.488269183024121,1,1
125,10,5,gb,7.568012302742962,-9.582583156741348,17.15059545948431,1,0
132,10,5,gb,1.5187592871885904,10.359831457293447,-8.841072170104857,1,1
139,10,5,gb,2.8535385059735283,9.397633844273342,-6.5440953382998135,1,1
164,10,5,gb,-7.794099338,10.242897071211468,-18.03699640921147,0,1
181,10,5,gb,10.784141163895436,8.615745564793999,2.168395599101437,1,1
197,10,5,gb,-7.421131909,-0.2366422559627563,-7.184489653037243,0,0
209,10,5,gb,-7.577061974,-4.453480810637537,-3.123581163362463,0,0
217,10,5,gb,-13.78127315,-5.973154950448893,-7.8081181995511075,0,0
219,10,5,gb,-14.6377961,-9.395079586095925,-5.242716513904075,0,0
222,10,5,gb,-10.19889172,-2.603048181212932,-7.595843538787069,0,0
234,10,5,gb,-7.163702257,-9.02285854250189,1.8591562855018902,0,0
241,10,5,gb,8.822677770172534,9.694997118165691,-0.872319347993157,1,1
244,10,5,gb,7.577061974006026,-8.402001529247096,15.979063503253123,1,0
254,10,5,gb,9.859496001,1.9515589684252137,7.907937032574786,1,1
265,10,5,gb,-5.495223783,1.6862652423481703,-7.181489025348171,0,1
267,10,5,gb,-3.983879689,-0.6799822673404033,-3.3038974216595967,0,0
274,10,5,gb,-8.239922444,-10.308185458506852,2.0682630145068526,0,0
284,10,5,gb,-12.34556651,-4.093051281873057,-8.252515228126942,0,0
287,10,5,gb,12.073863035611195,7.520500583151232,4.553362452459963,1,1
311,10,5,gb,9.859496001,10.354859324014871,-0.49536332301487107,1,1
331,10,5,gb,7.745708837767083,1.2654207988351742,6.480288038931908,1,1
349,10,5,gb,-4.973585821,-8.970014511075702,3.9964286900757013,0,0
357,10,5,gb,13.781273146340617,-5.624157665211297,19.405430811551913,1,0
359,10,5,gb,-12.72760478,-3.977911961125242,-8.749692818874758,0,0
360,10,5,gb,-11.67030896,-4.614285027945767,-7.056023932054233,0,0
367,10,5,gb,-12.07386304,-13.538097403427146,1.4642343634271455,0,0
372,10,5,gb,-7.699911823,-2.468551918579859,-5.231359904420141,0,0
378,10,5,gb,-10.28987591,-9.60951719593746,-0.6803587140625389,0,0
380,10,5,gb,16.42178532510618,-2.0236859697547027,18.44547129486088,1,0
24,10,6,GNN,12.982147,8.087049,4.895097999999999,1,1
64,10,6,GNN,-9.379538,-9.6515875,0.2720494999999996,0,0
78,10,6,GNN,12.982147,12.624565,0.35758199999999896,1,1
92,10,6,GNN,-11.242613,-8.79309,-2.449523000000001,0,0
112,10,6,GNN,12.461017,10.473498,1.9875190000000007,1,1
114,10,6,GNN,11.365721,8.806393,2.5593280000000007,1,1
116,10,6,GNN,7.910733,4.7341957,3.1765372999999997,1,1
117,10,6,GNN,-11.580847,-8.682998,-2.897849000000001,0,0
122,10,6,GNN,9.477889,10.157762,-0.6798730000000006,1,1
125,10,6,GNN,7.568012,8.651732,-1.0837200000000005,1,1
132,10,6,GNN,1.5187593,1.2167253,0.3020339999999999,1,1
139,10,6,GNN,2.8535385,3.2976232,-0.4440846999999999,1,1
164,10,6,GNN,-7.7940993,-11.400197,3.6060977000000003,0,0
181,10,6,GNN,10.784142,3.6076932,7.176448799999999,1,1
197,10,6,GNN,-7.421132,-5.265938,-2.155194,0,0
209,10,6,GNN,-7.577062,-5.7560024,-1.8210596,0,0
217,10,6,GNN,-13.781273,-11.561599,-2.2196740000000013,0,0
219,10,6,GNN,-14.637796,-9.818881,-4.8189150000000005,0,0
222,10,6,GNN,-10.198892,-8.903541,-1.2953510000000001,0,0
234,10,6,GNN,-7.1637025,-6.9176693,-0.24603320000000029,0,0
241,10,6,GNN,8.822678,10.427333,-1.604655000000001,1,1
244,10,6,GNN,7.577062,3.326356,4.250705999999999,1,1
254,10,6,GNN,9.859496,7.7227383,2.1367577000000004,1,1
265,10,6,GNN,-5.495224,-4.9350624,-0.5601616000000007,0,0
267,10,6,GNN,-3.9838798,2.607215,-6.5910948000000005,0,1
274,10,6,GNN,-8.239923,-6.0499277,-2.1899952999999996,0,0
284,10,6,GNN,-12.345567,-9.927753,-2.4178140000000017,0,0
287,10,6,GNN,12.073863,12.638131,-0.5642680000000002,1,1
311,10,6,GNN,9.859496,10.707627,-0.8481310000000004,1,1
331,10,6,GNN,7.745709,4.3574266,3.3882823999999996,1,1
349,10,6,GNN,-4.9735856,-6.700014,1.7264284000000005,0,0
357,10,6,GNN,13.781273,11.278079,2.5031940000000006,1,1
359,10,6,GNN,-12.727605,-12.133057,-0.5945479999999996,0,0
360,10,6,GNN,-11.670309,-7.291977,-4.3783319999999994,0,0
367,10,6,GNN,-12.073863,-11.472783,-0.6010799999999996,0,0
372,10,6,GNN,-7.6999116,-4.9454412,-2.7544703999999998,0,0
378,10,6,GNN,-10.289876,-9.966538,-0.3233379999999997,0,0
380,10,6,GNN,16.421785,10.529261,5.892524,1,1
24,10,6,gb,12.982147179797291,9.092043055196486,3.8901041246008052,1,1
64,10,6,gb,-9.379537163,-10.446797216364043,1.067260053364043,0,0
78,10,6,gb,12.982147179797291,12.90493933355731,0.07720784623998078,1,1
92,10,6,gb,-11.24261252,-12.515117661554608,1.2725051415546087,0,0
112,10,6,gb,12.461017056957832,-8.712619014178264,21.173636071136094,1,0
114,10,6,gb,11.365720446897749,7.330203787395353,4.035516659502395,1,1
116,10,6,gb,7.910733222162019,-10.605445581767126,18.516178803929144,1,0
117,10,6,gb,-11.58084633,-6.677891508086746,-4.902954821913254,0,0
122,10,6,gb,9.477889153,9.821712052519022,-0.34382289951902223,1,1
125,10,6,gb,7.568012302742962,-8.72536258792747,16.29337489067043,1,0
132,10,6,gb,1.5187592871885904,11.620303905983652,-10.101544618795062,1,1
139,10,6,gb,2.8535385059735283,2.143595962069498,0.7099425439040301,1,1
164,10,6,gb,-7.794099338,11.557880866797436,-19.351980204797435,0,1
181,10,6,gb,10.784141163895436,10.330089991133464,0.4540511727619716,1,1
197,10,6,gb,-7.421131909,1.7754586739550715,-9.196590582955071,0,1
209,10,6,gb,-7.577061974,8.448517724750355,-16.025579698750356,0,1
217,10,6,gb,-13.78127315,-5.088885099752858,-8.692388050247143,0,0
219,10,6,gb,-14.6377961,-9.656186041934092,-4.9816100580659075,0,0
222,10,6,gb,-10.19889172,-5.952284614372721,-4.246607105627279,0,0
234,10,6,gb,-7.163702257,-7.513915432715742,0.3502131757157425,0,0
241,10,6,gb,8.822677770172534,2.8482632137011747,5.974414556471359,1,1
244,10,6,gb,7.577061974006026,-1.676491280018597,9.253553254024622,1,0
254,10,6,gb,9.859496001,5.668153102366477,4.191342898633523,1,1
265,10,6,gb,-5.495223783,-0.837952289584121,-4.657271493415879,0,0
267,10,6,gb,-3.983879689,-3.4380007283837317,-0.5458789606162684,0,0
274,10,6,gb,-8.239922444,-11.036035023772406,2.796112579772407,0,0
284,10,6,gb,-12.34556651,-1.3596034740781218,-10.985963035921877,0,0
287,10,6,gb,12.073863035611195,7.781676309714538,4.2921867258966575,1,1
311,10,6,gb,9.859496001,5.905590553233482,3.953905447766518,1,1
331,10,6,gb,7.745708837767083,-8.003432748640538,15.749141586407621,1,0
349,10,6,gb,-4.973585821,-8.932575781043697,3.958989960043697,0,0
357,10,6,gb,13.781273146340617,-6.548014798585306,20.329287944925923,1,0
359,10,6,gb,-12.72760478,-12.060939663362923,-0.666665116637077,0,0
360,10,6,gb,-11.67030896,-10.648635034703693,-1.021673925296307,0,0
367,10,6,gb,-12.07386304,-11.598791529202977,-0.47507151079702403,0,0
372,10,6,gb,-7.699911823,3.0061803610255007,-10.7060921840255,0,1
378,10,6,gb,-10.28987591,-5.5724572054365344,-4.717418704563465,0,0
380,10,6,gb,16.42178532510618,-8.463647972998183,24.88543329810436,1,0
24,10,7,GNN,12.982147,7.8612976,5.120849399999999,1,1
64,10,7,GNN,-9.379538,-10.613271,1.233732999999999,0,0
78,10,7,GNN,12.982147,14.247423,-1.265276,1,1
92,10,7,GNN,-11.242613,-8.110218,-3.1323950000000007,0,0
112,10,7,GNN,12.461017,11.831784,0.6292329999999993,1,1
114,10,7,GNN,11.365721,11.120364,0.24535700000000027,1,1
116,10,7,GNN,7.910733,7.140883,0.7698499999999999,1,1
117,10,7,GNN,-11.580847,-8.838559,-2.7422880000000003,0,0
122,10,7,GNN,9.477889,11.324102,-1.8462130000000005,1,1
125,10,7,GNN,7.568012,7.844089,-0.2760769999999999,1,1
132,10,7,GNN,1.5187593,-2.4119837,3.9307429999999997,1,0
139,10,7,GNN,2.8535385,0.05860872,2.79492978,1,1
164,10,7,GNN,-7.7940993,-9.843022,2.0489226999999994,0,0
181,10,7,GNN,10.784142,6.290754,4.4933879999999995,1,1
197,10,7,GNN,-7.421132,-7.0247426,-0.39638940000000034,0,0
209,10,7,GNN,-7.577062,-7.8804917,0.3034297000000006,0,0
217,10,7,GNN,-13.781273,-9.4731245,-4.3081485,0,0
219,10,7,GNN,-14.637796,-11.002015,-3.6357809999999997,0,0
222,10,7,GNN,-10.198892,-8.7154255,-1.4834665000000005,0,0
234,10,7,GNN,-7.1637025,-6.7194886,-0.4442139000000003,0,0
241,10,7,GNN,8.822678,9.67405,-0.8513719999999996,1,1
244,10,7,GNN,7.577062,5.3155856,2.2614763999999994,1,1
254,10,7,GNN,9.859496,9.67402,0.18547599999999953,1,1
265,10,7,GNN,-5.495224,-5.4758554,-0.019368599999999958,0,0
267,10,7,GNN,-3.9838798,4.1664586,-8.1503384,0,1
274,10,7,GNN,-8.239923,-6.8494325,-1.3904904999999994,0,0
284,10,7,GNN,-12.345567,-10.179871,-2.1656960000000005,0,0
287,10,7,GNN,12.073863,13.058488,-0.9846250000000012,1,1
311,10,7,GNN,9.859496,11.459401,-1.5999049999999997,1,1
331,10,7,GNN,7.745709,5.5928035,2.1529055,1,1
349,10,7,GNN,-4.9735856,-9.0136,4.0400144000000004,0,0
357,10,7,GNN,13.781273,13.402609,0.37866400000000056,1,1
359,10,7,GNN,-12.727605,-11.601773,-1.1258320000000008,0,0
360,10,7,GNN,-11.670309,-9.80018,-1.8701290000000004,0,0
367,10,7,GNN,-12.073863,-9.852756,-2.221107,0,0
372,10,7,GNN,-7.6999116,-5.6551895,-2.0447221000000004,0,0
378,10,7,GNN,-10.289876,-9.915707,-0.3741690000000002,0,0
380,10,7,GNN,16.421785,12.437885,3.9839,1,1
24,10,7,gb,12.982147179797291,8.513709596139728,4.468437583657563,1,1
64,10,7,gb,-9.379537163,-10.605763274434455,1.226226111434455,0,0
78,10,7,gb,12.982147179797291,13.28728603822286,-0.3051388584255683,1,1
92,10,7,gb,-11.24261252,-10.888114096268511,-0.35449842373148854,0,0
112,10,7,gb,12.461017056957832,-10.00659728764022,22.467614344598054,1,0
114,10,7,gb,11.365720446897749,3.654133438946394,7.711587007951355,1,1
116,10,7,gb,7.910733222162019,-6.920107365982672,14.830840588144692,1,0
117,10,7,gb,-11.58084633,-6.057894358916722,-5.522951971083278,0,0
122,10,7,gb,9.477889153,11.84609319563757,-2.3682040426375703,1,1
125,10,7,gb,7.568012302742962,-8.067096862486624,15.635109165229586,1,0
132,10,7,gb,1.5187592871885904,14.308187254231694,-12.789427967043103,1,1
139,10,7,gb,2.8535385059735283,9.381602831876837,-6.528064325903308,1,1
164,10,7,gb,-7.794099338,10.133180329616296,-17.927279667616297,0,1
181,10,7,gb,10.784141163895436,6.503370905130414,4.280770258765022,1,1
197,10,7,gb,-7.421131909,0.8711689986839457,-8.292300907683945,0,1
209,10,7,gb,-7.577061974,7.728830388034217,-15.305892362034218,0,1
217,10,7,gb,-13.78127315,-3.541688848344954,-10.239584301655047,0,0
219,10,7,gb,-14.6377961,-9.256789303490804,-5.381006796509196,0,0
222,10,7,gb,-10.19889172,11.24736170294656,-21.446253422946562,0,1
234,10,7,gb,-7.163702257,-12.453978375327422,5.290276118327422,0,0
241,10,7,gb,8.822677770172534,6.276610283583805,2.546067486588729,1,1
244,10,7,gb,7.577061974006026,-2.812047024274795,10.38910899828082,1,0
254,10,7,gb,9.859496001,6.691722084282108,3.167773916717892,1,1
265,10,7,gb,-5.495223783,-3.807780811349154,-1.6874429716508463,0,0
267,10,7,gb,-3.983879689,-6.670121906169418,2.6862422171694176,0,0
274,10,7,gb,-8.239922444,-10.780958050775473,2.5410356067754734,0,0
284,10,7,gb,-12.34556651,2.8607688942041976,-15.206335404204196,0,1
287,10,7,gb,12.073863035611195,8.056712974391829,4.0171500612193665,1,1
311,10,7,gb,9.859496001,12.060124029428763,-2.2006280284287634,1,1
331,10,7,gb,7.745708837767083,-3.9390095431091647,11.684718380876248,1,0
349,10,7,gb,-4.973585821,-9.251354984543775,4.277769163543775,0,0
357,10,7,gb,13.781273146340617,-4.663879134045942,18.44515228038656,1,0
359,10,7,gb,-12.72760478,0.3893674517152821,-13.116972231715282,0,1
360,10,7,gb,-11.67030896,-6.987825970742075,-4.682482989257925,0,0
367,10,7,gb,-12.07386304,-12.572988113255253,0.4991250732552519,0,0
372,10,7,gb,-7.699911823,3.490132903572954,-11.190044726572953,0,1
378,10,7,gb,-10.28987591,-4.212259255038098,-6.0776166549619015,0,0
380,10,7,gb,16.42178532510618,-6.040008033465582,22.46179335857176,1,0
24,10,8,GNN,12.982147,8.535716,4.446430999999999,1,1
64,10,8,GNN,-9.379538,-11.304692,1.9251539999999991,0,0
78,10,8,GNN,12.982147,13.875419,-0.8932720000000014,1,1
92,10,8,GNN,-11.242613,-10.70219,-0.5404230000000005,0,0
112,10,8,GNN,12.461017,13.93484,-1.4738229999999994,1,1
114,10,8,GNN,11.365721,11.372067,-0.0063459999999988526,1,1
116,10,8,GNN,7.910733,7.845632,0.06510099999999941,1,1
117,10,8,GNN,-11.580847,-11.4631815,-0.11766550000000109,0,0
122,10,8,GNN,9.477889,12.959775,-3.481886000000001,1,1
125,10,8,GNN,7.568012,11.526677,-3.958664999999999,1,1
132,10,8,GNN,1.5187593,-6.121103,7.6398623,1,0
139,10,8,GNN,2.8535385,-0.49621528,3.34975378,1,0
164,10,8,GNN,-7.7940993,-12.334189,4.5400897,0,0
181,10,8,GNN,10.784142,6.1605806,4.623561399999999,1,1
197,10,8,GNN,-7.421132,-10.098168,2.6770359999999993,0,0
209,10,8,GNN,-7.577062,-9.47531,1.8982480000000006,0,0
217,10,8,GNN,-13.781273,-8.982458,-4.798815000000001,0,0
219,10,8,GNN,-14.637796,-12.087515,-2.550281,0,0
222,10,8,GNN,-10.198892,-9.86186,-0.33703200000000066,0,0
234,10,8,GNN,-7.1637025,-7.6228423,0.4591398,0,0
241,10,8,GNN,8.822678,10.660342,-1.8376640000000002,1,1
244,10,8,GNN,7.577062,4.8611646,2.7158973999999994,1,1
254,10,8,GNN,9.859496,10.809182,-0.9496859999999998,1,1
265,10,8,GNN,-5.495224,-6.9989266,1.5037025999999996,0,0
267,10,8,GNN,-3.9838798,4.514568,-8.4984478,0,1
274,10,8,GNN,-8.239923,-5.8562455,-2.3836774999999992,0,0
284,10,8,GNN,-12.345567,-12.705714,0.36014699999999955,0,0
287,10,8,GNN,12.073863,14.194316,-2.1204530000000013,1,1
311,10,8,GNN,9.859496,11.834869,-1.9753729999999994,1,1
331,10,8,GNN,7.745709,5.128126,2.6175829999999998,1,1
349,10,8,GNN,-4.9735856,-10.475001,5.501415400000001,0,0
357,10,8,GNN,13.781273,14.759909,-0.9786359999999998,1,1
359,10,8,GNN,-12.727605,-13.999488,1.271882999999999,0,0
360,10,8,GNN,-11.670309,-9.310614,-2.3596950000000003,0,0
367,10,8,GNN,-12.073863,-12.467578,0.39371500000000026,0,0
372,10,8,GNN,-7.6999116,-8.1063595,0.40644789999999986,0,0
378,10,8,GNN,-10.289876,-11.0741,0.784224,0,0
380,10,8,GNN,16.421785,12.001487,4.420298000000001,1,1
24,10,8,gb,12.982147179797291,10.062465433824944,2.9196817459723476,1,1
64,10,8,gb,-9.379537163,-10.568582716210694,1.1890455532106934,0,0
78,10,8,gb,12.982147179797291,12.18191738900526,0.8002297907920308,1,1
92,10,8,gb,-11.24261252,-10.624056892489456,-0.6185556275105437,0,0
112,10,8,gb,12.461017056957832,-5.739689001383832,18.200706058341666,1,0
114,10,8,gb,11.365720446897749,6.474642119913707,4.891078326984042,1,1
116,10,8,gb,7.910733222162019,-8.324453596669873,16.23518681883189,1,0
117,10,8,gb,-11.58084633,-4.253184494273969,-7.327661835726031,0,0
122,10,8,gb,9.477889153,12.508606842823763,-3.0307176898237635,1,1
125,10,8,gb,7.568012302742962,-9.4743772782023,17.04238958094526,1,0
132,10,8,gb,1.5187592871885904,13.42722249818417,-11.90846321099558,1,1
139,10,8,gb,2.8535385059735283,11.44046944608293,-8.586930940109402,1,1
164,10,8,gb,-7.794099338,5.731205574848423,-13.525304912848423,0,1
181,10,8,gb,10.784141163895436,7.3387446620839505,3.4453965018114854,1,1
197,10,8,gb,-7.421131909,-0.2266604782789804,-7.194471430721019,0,0
209,10,8,gb,-7.577061974,5.134007243607401,-12.711069217607402,0,1
217,10,8,gb,-13.78127315,-10.607785988206375,-3.1734871617936253,0,0
219,10,8,gb,-14.6377961,-9.221417373851258,-5.416378726148741,0,0
222,10,8,gb,-10.19889172,0.9791340658973564,-11.178025785897358,0,1
234,10,8,gb,-7.163702257,-5.398785954223109,-1.764916302776891,0,0
241,10,8,gb,8.822677770172534,10.648881176158914,-1.82620340598638,1,1
244,10,8,gb,7.577061974006026,-3.3856045048756496,10.962666478881676,1,0
254,10,8,gb,9.859496001,4.44468283675344,5.41481316424656,1,1
265,10,8,gb,-5.495223783,-0.2161808294142409,-5.279042953585759,0,0
267,10,8,gb,-3.983879689,-7.6770733057516445,3.6931936167516444,0,0
274,10,8,gb,-8.239922444,-10.919581294861464,2.6796588508614647,0,0
284,10,8,gb,-12.34556651,6.0850814353116585,-18.43064794531166,0,1
287,10,8,gb,12.073863035611195,9.126793684262202,2.9470693513489934,1,1
311,10,8,gb,9.859496001,12.130786929673192,-2.271290928673192,1,1
331,10,8,gb,7.745708837767083,-9.02758603886796,16.773294876635042,1,0
349,10,8,gb,-4.973585821,-11.162152251303215,6.188566430303215,0,0
357,10,8,gb,13.781273146340617,-6.257288707287378,20.038561853627996,1,0
359,10,8,gb,-12.72760478,-7.602024283639059,-5.125580496360941,0,0
360,10,8,gb,-11.67030896,-11.001592771011143,-0.6687161889888564,0,0
367,10,8,gb,-12.07386304,-12.213348694443166,0.13948565444316507,0,0
372,10,8,gb,-7.699911823,-1.061980624527853,-6.637931198472147,0,0
378,10,8,gb,-10.28987591,-5.6461783981582725,-4.643697511841727,0,0
380,10,8,gb,16.42178532510618,-6.720080491739673,23.14186581684585,1,0
24,10,9,GNN,12.982147,7.3268695,5.6552774999999995,1,1
64,10,9,GNN,-9.379538,-11.15689,1.7773520000000005,0,0
78,10,9,GNN,12.982147,13.25799,-0.27584300000000006,1,1
92,10,9,GNN,-11.242613,-8.890516,-2.3520970000000005,0,0
112,10,9,GNN,12.461017,13.419714,-0.9586970000000008,1,1
114,10,9,GNN,11.365721,11.247364,0.11835700000000138,1,1
116,10,9,GNN,7.910733,7.055738,0.8549949999999997,1,1
117,10,9,GNN,-11.580847,-11.61371,0.032862999999998976,0,0
122,10,9,GNN,9.477889,11.000006,-1.5221170000000015,1,1
125,10,9,GNN,7.568012,9.217,-1.6489880000000001,1,1
132,10,9,GNN,1.5187593,-1.2420481,2.7608074,1,0
139,10,9,GNN,2.8535385,1.0436718,1.8098667,1,1
164,10,9,GNN,-7.7940993,-13.224348,5.430248700000001,0,0
181,10,9,GNN,10.784142,4.6727777,6.111364299999999,1,1
197,10,9,GNN,-7.421132,-6.3425922,-1.0785397999999997,0,0
209,10,9,GNN,-7.577062,-7.8298388,0.25277680000000036,0,0
217,10,9,GNN,-13.781273,-10.148294,-3.6329790000000006,0,0
219,10,9,GNN,-14.637796,-10.526932,-4.110863999999999,0,0
222,10,9,GNN,-10.198892,-10.988076,0.7891839999999988,0,0
234,10,9,GNN,-7.1637025,-8.728481,1.5647785,0,0
241,10,9,GNN,8.822678,12.156828,-3.334150000000001,1,1
244,10,9,GNN,7.577062,3.9117458,3.6653162,1,1
254,10,9,GNN,9.859496,9.800324,0.059172000000000224,1,1
265,10,9,GNN,-5.495224,-5.2188687,-0.2763553000000005,0,0
267,10,9,GNN,-3.9838798,3.5102262,-7.494106,0,1
274,10,9,GNN,-8.239923,-6.1888814,-2.0510415999999996,0,0
284,10,9,GNN,-12.345567,-8.911558,-3.4340090000000014,0,0
287,10,9,GNN,12.073863,14.266565,-2.1927020000000006,1,1
311,10,9,GNN,9.859496,12.359972,-2.500476000000001,1,1
331,10,9,GNN,7.745709,6.3994336,1.3462753999999997,1,1
349,10,9,GNN,-4.9735856,-7.122395,2.1488094,0,0
357,10,9,GNN,13.781273,15.418083,-1.6368099999999988,1,1
359,10,9,GNN,-12.727605,-12.418009,-0.30959600000000087,0,0
360,10,9,GNN,-11.670309,-7.6766768,-3.9936321999999995,0,0
367,10,9,GNN,-12.073863,-13.202808,1.1289449999999999,0,0
372,10,9,GNN,-7.6999116,-5.377837,-2.3220745999999997,0,0
378,10,9,GNN,-10.289876,-12.405813,2.1159370000000006,0,0
380,10,9,GNN,16.421785,13.118973,3.3028119999999994,1,1
24,10,9,gb,12.982147179797291,9.902193441913337,3.0799537378839545,1,1
64,10,9,gb,-9.379537163,-11.055821455406582,1.6762842924065815,0,0
78,10,9,gb,12.982147179797291,12.495285174732434,0.48686200506485733,1,1
92,10,9,gb,-11.24261252,-10.625402237911276,-0.617210282088724,0,0
112,10,9,gb,12.461017056957832,-0.9582774382237896,13.419294495181623,1,0
114,10,9,gb,11.365720446897749,6.667271755303617,4.698448691594131,1,1
116,10,9,gb,7.910733222162019,-6.853941746532494,14.764674968694514,1,0
117,10,9,gb,-11.58084633,-6.540668812383728,-5.0401775176162715,0,0
122,10,9,gb,9.477889153,10.405253498466791,-0.9273643454667919,1,1
125,10,9,gb,7.568012302742962,-7.754561063843441,15.322573366586402,1,0
132,10,9,gb,1.5187592871885904,8.08069365859974,-6.56193437141115,1,1
139,10,9,gb,2.8535385059735283,9.91497091955996,-7.061432413586431,1,1
164,10,9,gb,-7.794099338,10.22383366262201,-18.01793300062201,0,1
181,10,9,gb,10.784141163895436,8.997288318614261,1.7868528452811745,1,1
197,10,9,gb,-7.421131909,-0.2224607371381178,-7.198671171861882,0,0
209,10,9,gb,-7.577061974,9.511937866235195,-17.088999840235196,0,1
217,10,9,gb,-13.78127315,8.593786254068874,-22.375059404068875,0,1
219,10,9,gb,-14.6377961,-9.60354082586576,-5.034255274134239,0,0
222,10,9,gb,-10.19889172,0.8870622346162442,-11.085953954616246,0,1
234,10,9,gb,-7.163702257,-10.586249774029218,3.4225475170292183,0,0
241,10,9,gb,8.822677770172534,11.915101405469589,-3.092423635297054,1,1
244,10,9,gb,7.577061974006026,-6.539510141007471,14.116572115013497,1,0
254,10,9,gb,9.859496001,7.999613632066937,1.8598823689330635,1,1
265,10,9,gb,-5.495223783,-6.774235346335068,1.279011563335068,0,0
267,10,9,gb,-3.983879689,-6.575370137434758,2.591490448434758,0,0
274,10,9,gb,-8.239922444,-10.771273205477412,2.5313507614774124,0,0
284,10,9,gb,-12.34556651,-4.470247304862602,-7.875319205137397,0,0
287,10,9,gb,12.073863035611195,6.258797122019925,5.81506591359127,1,1
311,10,9,gb,9.859496001,2.1655555986920727,7.693940402307927,1,1
331,10,9,gb,7.745708837767083,2.45200117391418,5.293707663852903,1,1
349,10,9,gb,-4.973585821,-10.01526257295056,5.041676751950559,0,0
357,10,9,gb,13.781273146340617,-1.4443729984934668,15.225646144834084,1,0
359,10,9,gb,-12.72760478,0.8105205416446721,-13.538125321644673,0,1
360,10,9,gb,-11.67030896,-10.4215965494515,-1.2487124105484995,0,0
367,10,9,gb,-12.07386304,-12.384988558493523,0.31112551849352243,0,0
372,10,9,gb,-7.699911823,-0.7377139581162194,-6.96219786488378,0,0
378,10,9,gb,-10.28987591,-10.407190814769203,0.11731490476920392,0,0
380,10,9,gb,16.42178532510618,-4.463574939436368,20.88536026454255,1,0
