index,Test_Fold,Val_Fold,Method,real_ddG,predicted_ddG,Error
1,1,2,GNN,0.6983451,4.7108393,-4.0124942
2,1,2,GNN,2.340101,2.210944,0.1291570000000002
6,1,2,GNN,5.7325144,6.720012,-0.9874975999999993
16,1,2,GNN,3.2827797,3.365578,-0.08279830000000032
24,1,2,GNN,2.218501,2.8670664,-0.6485654000000003
33,1,2,GNN,4.936662,4.400519,0.536143
36,1,2,GNN,3.434834,4.484238,-1.0494040000000004
42,1,2,GNN,0.19832253,-0.008888826,0.20721135599999999
66,1,2,GNN,1.0046246,2.0694802,-1.0648556
70,1,2,GNN,2.8560045,1.9676129,0.8883916000000001
75,1,2,GNN,8.6127615,9.070404,-0.4576425000000004
86,1,2,GNN,-0.19832253,0.6173614,-0.81568393
95,1,2,GNN,5.1802483,6.9913707,-1.8111224000000004
107,1,2,GNN,1.64345,2.4869494,-0.8434993999999998
111,1,2,GNN,2.340101,1.7302357,0.6098653000000003
125,1,2,GNN,-0.29768264,0.5341669,-0.83184954
131,1,2,GNN,0.19832253,0.4617601,-0.26343757
141,1,2,GNN,5.444083,6.335217,-0.8911340000000001
145,1,2,GNN,6.0514255,5.821526,0.22989949999999926
152,1,2,GNN,6.4090633,5.5649133,0.84415
179,1,2,GNN,4.710023,6.525748,-1.8157250000000005
180,1,2,GNN,0.09912158,-0.040462032,0.139583612
181,1,2,GNN,5.444083,6.2023287,-0.7582456999999998
216,1,2,GNN,3.434834,3.1384063,0.29642769999999974
217,1,2,GNN,3.434834,2.76908,0.6657539999999997
248,1,2,GNN,5.7325144,6.3063855,-0.5738710999999999
251,1,2,GNN,2.340101,2.7652974,-0.4251963999999999
257,1,2,GNN,13.11527,7.9537807,5.1614893
258,1,2,GNN,2.4643853,2.4217725,0.04261280000000012
279,1,2,GNN,2.4643853,2.9000833,-0.4356979999999999
308,1,2,GNN,3.674027,5.2140665,-1.5400395000000002
311,1,2,GNN,2.218501,2.4038258,-0.18532480000000007
314,1,2,GNN,2.340101,2.915273,-0.5751719999999998
319,1,2,GNN,0.39728242,0.5075859,-0.11030348000000001
333,1,2,GNN,1.4255849,0.097326815,1.328258085
364,1,2,GNN,0.6983451,1.4065521,-0.708207
379,1,2,GNN,2.8560045,2.2506287,0.6053758
429,1,2,GNN,4.297837,3.4293506,0.8684864000000005
431,1,2,GNN,2.4643853,2.232927,0.2314582999999999
434,1,2,GNN,3.928723,4.95825,-1.0295269999999994
437,1,2,GNN,0.6983451,0.4802363,0.21810880000000005
444,1,2,GNN,2.4643853,3.0970843,-0.6326990000000001
472,1,2,GNN,0.7997385,1.627324,-0.8275855
490,1,2,GNN,6.0514255,5.0579057,0.9935197999999996
492,1,2,GNN,6.0514255,4.637325,1.4141005
494,1,2,GNN,5.7325144,3.9289448,1.8035696000000003
502,1,2,GNN,-1.533799,-0.31509703,-1.21870197
514,1,2,GNN,2.9938436,3.0562508,-0.062407199999999996
516,1,2,GNN,2.5916057,2.3732026,0.21840310000000018
520,1,2,GNN,-1.7546765,-0.35151792,-1.40315858
521,1,2,GNN,0.4972036,0.36072546,0.13647814000000003
524,1,2,GNN,9.642798,7.8963885,1.7464095000000013
541,1,2,GNN,5.444083,5.4788017,-0.03471869999999999
547,1,2,GNN,4.297837,4.6203957,-0.3225587000000001
554,1,2,GNN,1.2129581,1.9738623,-0.7609041999999999
557,1,2,GNN,6.4090633,3.182213,3.2268502999999997
559,1,2,GNN,6.0514255,4.4068007,1.6446247999999999
562,1,2,GNN,4.108607,6.423761,-2.3151539999999997
564,1,2,GNN,5.1802483,5.2063246,-0.026076300000000607
599,1,2,GNN,2.340101,1.276385,1.063716
1,1,3,GNN,0.6983451,4.753713,-4.0553679
2,1,3,GNN,2.340101,3.079713,-0.7396119999999997
6,1,3,GNN,5.7325144,7.002949,-1.2704345999999997
16,1,3,GNN,3.2827797,3.1197045,0.16307519999999975
24,1,3,GNN,2.218501,2.707657,-0.48915600000000037
33,1,3,GNN,4.936662,4.949389,-0.012726999999999933
36,1,3,GNN,3.434834,4.5633807,-1.1285466999999998
42,1,3,GNN,0.19832253,0.25838336,-0.06006083000000001
66,1,3,GNN,1.0046246,2.1728418,-1.1682172
70,1,3,GNN,2.8560045,2.8521593,0.003845200000000215
75,1,3,GNN,8.6127615,8.512196,0.10056550000000009
86,1,3,GNN,-0.19832253,0.6175719,-0.81589443
95,1,3,GNN,5.1802483,6.906177,-1.7259286999999999
107,1,3,GNN,1.64345,2.6127808,-0.9693307999999998
111,1,3,GNN,2.340101,2.4441974,-0.10409639999999998
125,1,3,GNN,-0.29768264,0.56240016,-0.8600828
131,1,3,GNN,0.19832253,0.31260037,-0.11427784000000002
141,1,3,GNN,5.444083,6.119338,-0.6752549999999999
145,1,3,GNN,6.0514255,5.9111457,0.14027980000000007
152,1,3,GNN,6.4090633,5.5264683,0.8825949999999994
179,1,3,GNN,4.710023,6.6873965,-1.9773735000000006
180,1,3,GNN,0.09912158,0.2955916,-0.19647002000000002
181,1,3,GNN,5.444083,5.499947,-0.05586399999999969
216,1,3,GNN,3.434834,3.1663513,0.26848269999999985
217,1,3,GNN,3.434834,2.8523326,0.5825014
248,1,3,GNN,5.7325144,6.2608657,-0.5283512999999997
251,1,3,GNN,2.340101,2.8855407,-0.5454396999999997
257,1,3,GNN,13.11527,8.006204,5.109066
258,1,3,GNN,2.4643853,2.5669143,-0.10252900000000009
279,1,3,GNN,2.4643853,2.9405613,-0.47617600000000015
308,1,3,GNN,3.674027,5.3782444,-1.7042173999999997
311,1,3,GNN,2.218501,2.2732341,-0.05473309999999998
314,1,3,GNN,2.340101,2.932842,-0.5927409999999997
319,1,3,GNN,0.39728242,0.56571186,-0.16842943999999993
333,1,3,GNN,1.4255849,0.79550374,0.63008116
364,1,3,GNN,0.6983451,1.3099912,-0.6116461
379,1,3,GNN,2.8560045,2.2692852,0.5867192999999999
429,1,3,GNN,4.297837,3.4267814,0.8710556000000005
431,1,3,GNN,2.4643853,2.910414,-0.44602869999999983
434,1,3,GNN,3.928723,4.638661,-0.7099379999999997
437,1,3,GNN,0.6983451,0.61598736,0.08235774000000007
444,1,3,GNN,2.4643853,2.786185,-0.32179970000000013
472,1,3,GNN,0.7997385,1.4630243,-0.6632858
490,1,3,GNN,6.0514255,4.473863,1.5775625
492,1,3,GNN,6.0514255,5.418094,0.6333314999999997
494,1,3,GNN,5.7325144,4.486813,1.2457014000000006
502,1,3,GNN,-1.533799,-0.071987614,-1.461811386
514,1,3,GNN,2.9938436,2.814897,0.17894659999999973
516,1,3,GNN,2.5916057,2.1847985,0.40680720000000026
520,1,3,GNN,-1.7546765,0.010804027,-1.765480527
521,1,3,GNN,0.4972036,0.44654036,0.05066324
524,1,3,GNN,9.642798,8.094477,1.5483210000000014
541,1,3,GNN,5.444083,4.7172565,0.7268264999999996
547,1,3,GNN,4.297837,4.726829,-0.42899200000000004
554,1,3,GNN,1.2129581,2.8649914,-1.6520333
557,1,3,GNN,6.4090633,3.2897944,3.1192689
559,1,3,GNN,6.0514255,3.5593038,2.4921216999999998
562,1,3,GNN,4.108607,5.9956007,-1.8869936999999997
564,1,3,GNN,5.1802483,5.6859627,-0.5057144000000005
599,1,3,GNN,2.340101,1.5690353,0.7710657000000003
1,1,4,GNN,0.6983451,4.4645576,-3.7662125
2,1,4,GNN,2.340101,2.3223562,0.017744800000000005
6,1,4,GNN,5.7325144,5.68791,0.044604400000000766
16,1,4,GNN,3.2827797,3.7184122,-0.4356325000000001
24,1,4,GNN,2.218501,2.8892133,-0.6707123000000004
33,1,4,GNN,4.936662,4.866843,0.06981899999999985
36,1,4,GNN,3.434834,4.365271,-0.930437
42,1,4,GNN,0.19832253,0.13190469,0.06641784
66,1,4,GNN,1.0046246,2.3329153,-1.3282906999999997
70,1,4,GNN,2.8560045,3.438738,-0.5827334999999998
75,1,4,GNN,8.6127615,8.467251,0.14551050000000032
86,1,4,GNN,-0.19832253,0.6249206,-0.82324313
95,1,4,GNN,5.1802483,6.6212997,-1.4410514
107,1,4,GNN,1.64345,2.718108,-1.074658
111,1,4,GNN,2.340101,1.4599582,0.8801428000000002
125,1,4,GNN,-0.29768264,0.5122094,-0.80989204
131,1,4,GNN,0.19832253,0.29276615,-0.09444362
141,1,4,GNN,5.444083,5.472288,-0.028204999999999814
145,1,4,GNN,6.0514255,5.6194186,0.4320068999999993
152,1,4,GNN,6.4090633,5.5241423,0.8849209999999994
179,1,4,GNN,4.710023,5.199216,-0.4891930000000002
180,1,4,GNN,0.09912158,0.09978446,-0.0006628800000000046
181,1,4,GNN,5.444083,5.2229776,0.2211053999999999
216,1,4,GNN,3.434834,3.0821583,0.3526756999999998
217,1,4,GNN,3.434834,2.5041587,0.9306752999999999
248,1,4,GNN,5.7325144,6.3953915,-0.6628770999999993
251,1,4,GNN,2.340101,2.4771187,-0.1370176999999999
257,1,4,GNN,13.11527,8.088176,5.027094
258,1,4,GNN,2.4643853,2.803208,-0.33882270000000014
279,1,4,GNN,2.4643853,2.8846843,-0.420299
308,1,4,GNN,3.674027,4.927075,-1.2530480000000002
311,1,4,GNN,2.218501,2.1589508,0.05955019999999989
314,1,4,GNN,2.340101,2.9446943,-0.6045932999999999
319,1,4,GNN,0.39728242,0.6313088,-0.23402637999999998
333,1,4,GNN,1.4255849,1.2084138,0.21717110000000006
364,1,4,GNN,0.6983451,1.1639994,-0.46565429999999997
379,1,4,GNN,2.8560045,2.3175151,0.5384894
429,1,4,GNN,4.297837,4.162382,0.13545500000000033
431,1,4,GNN,2.4643853,3.4338155,-0.9694302000000001
434,1,4,GNN,3.928723,4.6552396,-0.7265165999999996
437,1,4,GNN,0.6983451,0.6737366,0.024608500000000033
444,1,4,GNN,2.4643853,2.769564,-0.3051786999999999
472,1,4,GNN,0.7997385,1.4688097,-0.6690712
490,1,4,GNN,6.0514255,3.715694,2.3357314999999996
492,1,4,GNN,6.0514255,4.312111,1.7393144999999999
494,1,4,GNN,5.7325144,2.4435167,3.2889977000000004
502,1,4,GNN,-1.533799,-0.10010426,-1.43369474
514,1,4,GNN,2.9938436,2.7443473,0.24949630000000012
516,1,4,GNN,2.5916057,1.9077954,0.6838103000000002
520,1,4,GNN,-1.7546765,-0.003794998,-1.750881502
521,1,4,GNN,0.4972036,0.47426736,0.022936239999999997
524,1,4,GNN,9.642798,7.926736,1.7160620000000009
541,1,4,GNN,5.444083,4.2593727,1.1847102999999999
547,1,4,GNN,4.297837,3.9046304,0.3932066000000005
554,1,4,GNN,1.2129581,2.634034,-1.4210759000000002
557,1,4,GNN,6.4090633,4.124229,2.2848343
559,1,4,GNN,6.0514255,3.0162356,3.0351898999999998
562,1,4,GNN,4.108607,5.051105,-0.9424979999999996
564,1,4,GNN,5.1802483,5.3984323,-0.21818399999999993
599,1,4,GNN,2.340101,0.93149924,1.4086017600000003
1,1,5,GNN,0.6983451,4.5725884,-3.8742433
2,1,5,GNN,2.340101,2.394272,-0.05417099999999975
6,1,5,GNN,5.7325144,5.615273,0.11724140000000016
16,1,5,GNN,3.2827797,3.1712718,0.11150789999999988
24,1,5,GNN,2.218501,2.7359028,-0.5174018
33,1,5,GNN,4.936662,5.092846,-0.15618399999999966
36,1,5,GNN,3.434834,4.983971,-1.5491370000000004
42,1,5,GNN,0.19832253,0.12806223,0.0702603
66,1,5,GNN,1.0046246,2.6192164,-1.6145918
70,1,5,GNN,2.8560045,3.1898878,-0.3338833000000001
75,1,5,GNN,8.6127615,8.915795,-0.30303349999999973
86,1,5,GNN,-0.19832253,0.71290183,-0.91122436
95,1,5,GNN,5.1802483,6.4288754,-1.2486271000000002
107,1,5,GNN,1.64345,2.7955492,-1.1520991999999999
111,1,5,GNN,2.340101,2.9563587,-0.6162576999999998
125,1,5,GNN,-0.29768264,0.46562773,-0.76331037
131,1,5,GNN,0.19832253,0.44930995,-0.25098742
141,1,5,GNN,5.444083,6.1873193,-0.7432363000000004
145,1,5,GNN,6.0514255,6.1822643,-0.13083880000000025
152,1,5,GNN,6.4090633,5.3571367,1.0519265999999998
179,1,5,GNN,4.710023,5.111464,-0.40144100000000016
180,1,5,GNN,0.09912158,0.07426208,0.024859500000000007
181,1,5,GNN,5.444083,5.8957343,-0.4516513
216,1,5,GNN,3.434834,3.4532268,-0.018392799999999987
217,1,5,GNN,3.434834,2.9785109,0.4563231000000001
248,1,5,GNN,5.7325144,6.717447,-0.9849325999999996
251,1,5,GNN,2.340101,3.0069988,-0.6668977999999997
257,1,5,GNN,13.11527,8.654928,4.460342000000001
258,1,5,GNN,2.4643853,3.1260424,-0.6616571000000002
279,1,5,GNN,2.4643853,3.184397,-0.7200117000000001
308,1,5,GNN,3.674027,5.5604954,-1.8864683999999996
311,1,5,GNN,2.218501,2.4621384,-0.24363740000000034
314,1,5,GNN,2.340101,3.1685617,-0.8284606999999999
319,1,5,GNN,0.39728242,0.72205365,-0.32477122999999997
333,1,5,GNN,1.4255849,1.3108383,0.11474660000000014
364,1,5,GNN,0.6983451,1.3138964,-0.6155512999999999
379,1,5,GNN,2.8560045,3.6224291,-0.7664246000000001
429,1,5,GNN,4.297837,4.5920196,-0.29418260000000007
431,1,5,GNN,2.4643853,3.1279428,-0.6635575
434,1,5,GNN,3.928723,4.752681,-0.8239579999999997
437,1,5,GNN,0.6983451,0.7430777,-0.0447325999999999
444,1,5,GNN,2.4643853,2.782717,-0.3183316999999999
472,1,5,GNN,0.7997385,1.4643217,-0.6645831999999999
490,1,5,GNN,6.0514255,4.633614,1.4178115
492,1,5,GNN,6.0514255,5.579592,0.4718334999999998
494,1,5,GNN,5.7325144,2.4814363,3.2510781000000004
502,1,5,GNN,-1.533799,-0.3653388,-1.1684602
514,1,5,GNN,2.9938436,2.9165149,0.0773286999999998
516,1,5,GNN,2.5916057,2.3469474,0.24465830000000022
520,1,5,GNN,-1.7546765,0.06561868,-1.82029518
521,1,5,GNN,0.4972036,0.63651514,-0.13931153999999996
524,1,5,GNN,9.642798,8.495539,1.147259
541,1,5,GNN,5.444083,4.9681706,0.47591240000000035
547,1,5,GNN,4.297837,4.560238,-0.26240099999999966
554,1,5,GNN,1.2129581,2.4867043,-1.2737462
557,1,5,GNN,6.4090633,4.640634,1.7684292999999993
559,1,5,GNN,6.0514255,3.467798,2.5836274999999995
562,1,5,GNN,4.108607,5.7099566,-1.6013495999999998
564,1,5,GNN,5.1802483,4.9469643,0.23328399999999938
599,1,5,GNN,2.340101,1.4622124,0.8778886000000001
1,1,6,GNN,0.6983451,4.7271705,-4.0288254
2,1,6,GNN,2.340101,2.5872633,-0.24716229999999983
6,1,6,GNN,5.7325144,5.7037582,0.02875620000000012
16,1,6,GNN,3.2827797,3.0253546,0.25742509999999985
24,1,6,GNN,2.218501,2.8695493,-0.6510483000000002
33,1,6,GNN,4.936662,4.5630207,0.37364130000000007
36,1,6,GNN,3.434834,4.6929617,-1.2581276999999997
42,1,6,GNN,0.19832253,-0.32450318,0.52282571
66,1,6,GNN,1.0046246,2.1310666,-1.126442
70,1,6,GNN,2.8560045,1.9494278,0.9065767
75,1,6,GNN,8.6127615,8.41674,0.19602149999999874
86,1,6,GNN,-0.19832253,0.4564579,-0.65478043
95,1,6,GNN,5.1802483,6.1495543,-0.9693060000000004
107,1,6,GNN,1.64345,2.6866643,-1.0432142999999998
111,1,6,GNN,2.340101,2.014109,0.3259920000000003
125,1,6,GNN,-0.29768264,0.33866262,-0.63634526
131,1,6,GNN,0.19832253,0.21549046,-0.017167929999999998
141,1,6,GNN,5.444083,5.9381676,-0.4940845999999999
145,1,6,GNN,6.0514255,5.5569367,0.49448880000000006
152,1,6,GNN,6.4090633,5.0623255,1.3467377999999997
179,1,6,GNN,4.710023,5.5402575,-0.8302345000000004
180,1,6,GNN,0.09912158,-0.3290279,0.42814947999999997
181,1,6,GNN,5.444083,5.7348356,-0.29075260000000025
216,1,6,GNN,3.434834,3.2470753,0.18775869999999983
217,1,6,GNN,3.434834,2.7674282,0.6674058
248,1,6,GNN,5.7325144,6.409241,-0.6767265999999994
251,1,6,GNN,2.340101,2.7443516,-0.4042505999999997
257,1,6,GNN,13.11527,7.784956,5.330314
258,1,6,GNN,2.4643853,2.5731728,-0.10878750000000004
279,1,6,GNN,2.4643853,2.943709,-0.47932370000000013
308,1,6,GNN,3.674027,5.174384,-1.5003569999999997
311,1,6,GNN,2.218501,1.9056554,0.3128455999999997
314,1,6,GNN,2.340101,2.980874,-0.6407729999999998
319,1,6,GNN,0.39728242,0.5590563,-0.16177387999999993
333,1,6,GNN,1.4255849,0.49233866,0.9332462400000001
364,1,6,GNN,0.6983451,1.2770824,-0.5787373
379,1,6,GNN,2.8560045,3.4497328,-0.5937283
429,1,6,GNN,4.297837,4.3889713,-0.09113429999999934
431,1,6,GNN,2.4643853,1.9403405,0.5240448
434,1,6,GNN,3.928723,5.303815,-1.375092
437,1,6,GNN,0.6983451,0.541957,0.15638810000000003
444,1,6,GNN,2.4643853,2.6654859,-0.20110060000000018
472,1,6,GNN,0.7997385,1.5345247,-0.7347862
490,1,6,GNN,6.0514255,4.52215,1.5292754999999998
492,1,6,GNN,6.0514255,4.7102146,1.3412109
494,1,6,GNN,5.7325144,2.7320602,3.0004542000000005
502,1,6,GNN,-1.533799,-0.40720224,-1.12659676
514,1,6,GNN,2.9938436,2.6189013,0.37494229999999984
516,1,6,GNN,2.5916057,2.0227203,0.5688854000000001
520,1,6,GNN,-1.7546765,-0.0089842975,-1.7456922025
521,1,6,GNN,0.4972036,0.39948827,0.09771533000000004
524,1,6,GNN,9.642798,7.7901917,1.8526063000000006
541,1,6,GNN,5.444083,4.7279234,0.7161596000000001
547,1,6,GNN,4.297837,4.4780736,-0.18023659999999975
554,1,6,GNN,1.2129581,2.1483965,-0.9354384
557,1,6,GNN,6.4090633,4.394458,2.0146052999999995
559,1,6,GNN,6.0514255,3.4965234,2.5549020999999996
562,1,6,GNN,4.108607,5.74819,-1.639583
564,1,6,GNN,5.1802483,5.224228,-0.0439797000000004
599,1,6,GNN,2.340101,1.1728611,1.1672399000000002
1,1,7,GNN,0.6983451,4.8302803,-4.1319352
2,1,7,GNN,2.340101,2.784265,-0.4441639999999998
6,1,7,GNN,5.7325144,5.6179094,0.11460500000000007
16,1,7,GNN,3.2827797,3.145924,0.1368556999999999
24,1,7,GNN,2.218501,2.6292336,-0.4107326000000002
33,1,7,GNN,4.936662,4.5032754,0.4333866000000004
36,1,7,GNN,3.434834,4.982516,-1.5476820000000004
42,1,7,GNN,0.19832253,-0.07987657,0.2781991
66,1,7,GNN,1.0046246,2.4745586,-1.4699339999999999
70,1,7,GNN,2.8560045,2.7019882,0.15401629999999988
75,1,7,GNN,8.6127615,8.869856,-0.2570945000000009
86,1,7,GNN,-0.19832253,0.33174753,-0.53007006
95,1,7,GNN,5.1802483,6.2231555,-1.0429072000000001
107,1,7,GNN,1.64345,2.5257795,-0.8823295
111,1,7,GNN,2.340101,2.772197,-0.4320959999999996
125,1,7,GNN,-0.29768264,0.55972826,-0.8574109
131,1,7,GNN,0.19832253,0.596616,-0.39829347000000004
141,1,7,GNN,5.444083,6.132444,-0.6883609999999996
145,1,7,GNN,6.0514255,5.8055935,0.24583200000000005
152,1,7,GNN,6.4090633,5.3029356,1.1061277
179,1,7,GNN,4.710023,5.2566977,-0.5466747000000005
180,1,7,GNN,0.09912158,-0.10787174,0.20699331999999998
181,1,7,GNN,5.444083,6.506814,-1.0627310000000003
216,1,7,GNN,3.434834,3.2760057,0.15882830000000014
217,1,7,GNN,3.434834,2.7128017,0.7220323
248,1,7,GNN,5.7325144,6.596783,-0.8642685999999999
251,1,7,GNN,2.340101,2.7118099,-0.3717088999999998
257,1,7,GNN,13.11527,8.016505,5.098765
258,1,7,GNN,2.4643853,2.6519663,-0.18758100000000022
279,1,7,GNN,2.4643853,3.2118006,-0.7474153000000001
308,1,7,GNN,3.674027,5.140403,-1.466376
311,1,7,GNN,2.218501,2.2664168,-0.047915800000000175
314,1,7,GNN,2.340101,3.2490363,-0.9089353
319,1,7,GNN,0.39728242,0.30424243,0.09303999000000002
333,1,7,GNN,1.4255849,1.1858555,0.2397294000000001
364,1,7,GNN,0.6983451,1.1251721,-0.42682699999999985
379,1,7,GNN,2.8560045,3.6186142,-0.7626097000000001
429,1,7,GNN,4.297837,4.8671894,-0.5693523999999996
431,1,7,GNN,2.4643853,2.6704042,-0.20601890000000012
434,1,7,GNN,3.928723,5.031781,-1.1030579999999994
437,1,7,GNN,0.6983451,0.5607649,0.13758020000000004
444,1,7,GNN,2.4643853,2.4738777,-0.009492400000000067
472,1,7,GNN,0.7997385,1.4692569,-0.6695184
490,1,7,GNN,6.0514255,4.5111036,1.5403218999999995
492,1,7,GNN,6.0514255,5.4672794,0.5841460999999999
494,1,7,GNN,5.7325144,2.8292935,2.9032209000000004
502,1,7,GNN,-1.533799,-0.41505584,-1.11874316
514,1,7,GNN,2.9938436,2.7278764,0.26596719999999996
516,1,7,GNN,2.5916057,1.9975544,0.5940513000000001
520,1,7,GNN,-1.7546765,-0.5491915,-1.205485
521,1,7,GNN,0.4972036,0.55888486,-0.061681260000000016
524,1,7,GNN,9.642798,8.050028,1.5927700000000016
541,1,7,GNN,5.444083,4.899812,0.5442710000000002
547,1,7,GNN,4.297837,4.4316387,-0.13380169999999936
554,1,7,GNN,1.2129581,2.6697128,-1.4567547
557,1,7,GNN,6.4090633,4.86215,1.5469133
559,1,7,GNN,6.0514255,3.32964,2.7217854999999997
562,1,7,GNN,4.108607,5.5332956,-1.4246885999999996
564,1,7,GNN,5.1802483,5.2095003,-0.0292520000000005
599,1,7,GNN,2.340101,1.5516218,0.7884792000000003
1,1,8,GNN,0.6983451,4.364567,-3.6662219
2,1,8,GNN,2.340101,2.5517802,-0.21167919999999985
6,1,8,GNN,5.7325144,5.525122,0.2073924000000007
16,1,8,GNN,3.2827797,2.868568,0.41421170000000007
24,1,8,GNN,2.218501,2.5586123,-0.3401113000000002
33,1,8,GNN,4.936662,4.128086,0.8085760000000004
36,1,8,GNN,3.434834,4.6155357,-1.1807016999999997
42,1,8,GNN,0.19832253,-0.6055937,0.80391623
66,1,8,GNN,1.0046246,2.3255994,-1.3209748000000001
70,1,8,GNN,2.8560045,3.0095475,-0.15354299999999999
75,1,8,GNN,8.6127615,8.793366,-0.18060450000000117
86,1,8,GNN,-0.19832253,0.27328616,-0.47160869
95,1,8,GNN,5.1802483,6.106974,-0.9267257000000004
107,1,8,GNN,1.64345,2.4143484,-0.7708984000000001
111,1,8,GNN,2.340101,2.1362038,0.2038972000000001
125,1,8,GNN,-0.29768264,0.18013984,-0.47782248
131,1,8,GNN,0.19832253,0.27994686,-0.08162433000000002
141,1,8,GNN,5.444083,5.791597,-0.3475140000000003
145,1,8,GNN,6.0514255,5.631763,0.4196624999999994
152,1,8,GNN,6.4090633,5.230751,1.1783123
179,1,8,GNN,4.710023,4.8458037,-0.13578070000000064
180,1,8,GNN,0.09912158,-0.6541278,0.7532493800000001
181,1,8,GNN,5.444083,5.5745587,-0.13047569999999986
216,1,8,GNN,3.434834,3.4168103,0.018023700000000087
217,1,8,GNN,3.434834,2.8932993,0.5415347000000001
248,1,8,GNN,5.7325144,6.4515915,-0.7190770999999998
251,1,8,GNN,2.340101,2.761412,-0.42131099999999977
257,1,8,GNN,13.11527,7.570541,5.544729
258,1,8,GNN,2.4643853,2.5084424,-0.04405709999999985
279,1,8,GNN,2.4643853,3.3046558,-0.8402704999999999
308,1,8,GNN,3.674027,5.1136575,-1.4396305000000003
311,1,8,GNN,2.218501,2.1400034,0.07849759999999995
314,1,8,GNN,2.340101,3.4663103,-1.1262092999999997
319,1,8,GNN,0.39728242,0.1310561,0.26622632
333,1,8,GNN,1.4255849,1.2622554,0.16332950000000013
364,1,8,GNN,0.6983451,1.0333316,-0.33498649999999985
379,1,8,GNN,2.8560045,3.0045705,-0.14856599999999975
429,1,8,GNN,4.297837,4.2627883,0.03504869999999993
431,1,8,GNN,2.4643853,2.9102561,-0.4458707999999998
434,1,8,GNN,3.928723,4.604306,-0.675583
437,1,8,GNN,0.6983451,0.6612181,0.03712700000000002
444,1,8,GNN,2.4643853,2.3264995,0.13788579999999984
472,1,8,GNN,0.7997385,1.221483,-0.4217445000000001
490,1,8,GNN,6.0514255,4.5662723,1.4851532
492,1,8,GNN,6.0514255,4.841558,1.2098674999999997
494,1,8,GNN,5.7325144,2.375984,3.3565304000000005
502,1,8,GNN,-1.533799,-0.68743724,-0.84636176
514,1,8,GNN,2.9938436,2.3492432,0.6446003999999999
516,1,8,GNN,2.5916057,2.1050358,0.4865699000000001
520,1,8,GNN,-1.7546765,-0.4226339,-1.3320425999999999
521,1,8,GNN,0.4972036,0.7003746,-0.20317099999999993
524,1,8,GNN,9.642798,7.666772,1.976026000000001
541,1,8,GNN,5.444083,4.9141006,0.5299823999999997
547,1,8,GNN,4.297837,4.8073187,-0.5094816999999994
554,1,8,GNN,1.2129581,1.835504,-0.6225459
557,1,8,GNN,6.4090633,4.1815267,2.2275365999999996
559,1,8,GNN,6.0514255,2.6702683,3.3811571999999996
562,1,8,GNN,4.108607,5.4719667,-1.3633597000000002
564,1,8,GNN,5.1802483,5.244876,-0.06462769999999995
599,1,8,GNN,2.340101,2.0421386,0.2979624000000003
1,1,9,GNN,0.6983451,4.7626443,-4.0642992
2,1,9,GNN,2.340101,2.7672493,-0.4271482999999998
6,1,9,GNN,5.7325144,6.283424,-0.5509095999999998
16,1,9,GNN,3.2827797,3.4450958,-0.16231609999999996
24,1,9,GNN,2.218501,3.0317035,-0.8132025
33,1,9,GNN,4.936662,5.1048613,-0.1681992999999995
36,1,9,GNN,3.434834,5.425499,-1.9906650000000004
42,1,9,GNN,0.19832253,0.13454695,0.06377558
66,1,9,GNN,1.0046246,2.561662,-1.5570374
70,1,9,GNN,2.8560045,4.3910584,-1.5350539000000003
75,1,9,GNN,8.6127615,8.878994,-0.266232500000001
86,1,9,GNN,-0.19832253,0.7175964,-0.91591893
95,1,9,GNN,5.1802483,6.3193307,-1.1390824000000004
107,1,9,GNN,1.64345,2.8920767,-1.2486267
111,1,9,GNN,2.340101,2.2695131,0.07058790000000004
125,1,9,GNN,-0.29768264,0.42994505,-0.72762769
131,1,9,GNN,0.19832253,0.42633775,-0.22801522000000002
141,1,9,GNN,5.444083,6.2006984,-0.7566154000000003
145,1,9,GNN,6.0514255,6.565663,-0.5142375000000001
152,1,9,GNN,6.4090633,5.608264,0.8007992999999995
179,1,9,GNN,4.710023,5.081828,-0.37180500000000016
180,1,9,GNN,0.09912158,0.1147473,-0.015625719999999996
181,1,9,GNN,5.444083,6.5911484,-1.1470653999999998
216,1,9,GNN,3.434834,3.4735277,-0.03869370000000005
217,1,9,GNN,3.434834,2.766493,0.6683409999999999
248,1,9,GNN,5.7325144,6.9647894,-1.2322749999999996
251,1,9,GNN,2.340101,2.8533912,-0.5132901999999997
257,1,9,GNN,13.11527,8.711027,4.404243000000001
258,1,9,GNN,2.4643853,3.1211717,-0.6567864000000001
279,1,9,GNN,2.4643853,3.0950952,-0.6307098999999998
308,1,9,GNN,3.674027,5.6788764,-2.0048494
311,1,9,GNN,2.218501,2.6975272,-0.4790262000000003
314,1,9,GNN,2.340101,3.0391033,-0.6990022999999996
319,1,9,GNN,0.39728242,0.7405381,-0.34325567999999995
333,1,9,GNN,1.4255849,1.7756233,-0.35003839999999986
364,1,9,GNN,0.6983451,0.8442478,-0.14590269999999994
379,1,9,GNN,2.8560045,2.9600074,-0.10400289999999979
429,1,9,GNN,4.297837,4.4869943,-0.18915729999999975
431,1,9,GNN,2.4643853,4.197473,-1.7330876999999996
434,1,9,GNN,3.928723,4.7452188,-0.8164957999999998
437,1,9,GNN,0.6983451,0.62925375,0.0690913500000001
444,1,9,GNN,2.4643853,2.9484458,-0.4840605
472,1,9,GNN,0.7997385,1.4661497,-0.6664111999999999
490,1,9,GNN,6.0514255,4.563095,1.4883305
492,1,9,GNN,6.0514255,5.594157,0.45726849999999963
494,1,9,GNN,5.7325144,3.6284008,2.1041136000000003
502,1,9,GNN,-1.533799,0.18116239,-1.71496139
514,1,9,GNN,2.9938436,2.8928254,0.10101819999999995
516,1,9,GNN,2.5916057,2.602948,-0.011342299999999916
520,1,9,GNN,-1.7546765,-0.5405035,-1.214173
521,1,9,GNN,0.4972036,0.48022687,0.01697673000000005
524,1,9,GNN,9.642798,8.733372,0.9094260000000016
541,1,9,GNN,5.444083,5.0803475,0.36373549999999977
547,1,9,GNN,4.297837,4.517578,-0.21974099999999996
554,1,9,GNN,1.2129581,3.4606478,-2.2476896999999996
557,1,9,GNN,6.4090633,4.685764,1.7232992999999999
559,1,9,GNN,6.0514255,3.2741997,2.7772257999999996
562,1,9,GNN,4.108607,5.514732,-1.4061250000000003
564,1,9,GNN,5.1802483,5.7056227,-0.5253744000000005
599,1,9,GNN,2.340101,1.7419684,0.5981326000000002
1,1,10,GNN,0.6983451,4.418537,-3.7201918999999997
2,1,10,GNN,2.340101,2.0796614,0.2604396000000002
6,1,10,GNN,5.7325144,6.261017,-0.5285025999999995
16,1,10,GNN,3.2827797,3.7021928,-0.4194131000000003
24,1,10,GNN,2.218501,3.164528,-0.946027
33,1,10,GNN,4.936662,5.042448,-0.10578600000000016
36,1,10,GNN,3.434834,4.8908186,-1.4559846000000003
42,1,10,GNN,0.19832253,-0.241128,0.43945053
66,1,10,GNN,1.0046246,2.1893299,-1.1847053
70,1,10,GNN,2.8560045,3.2588608,-0.40285629999999983
75,1,10,GNN,8.6127615,8.759763,-0.1470015
86,1,10,GNN,-0.19832253,0.62487423,-0.82319676
95,1,10,GNN,5.1802483,6.6625624,-1.4823141
107,1,10,GNN,1.64345,2.6342318,-0.9907817999999997
111,1,10,GNN,2.340101,2.436024,-0.09592299999999998
125,1,10,GNN,-0.29768264,0.4570067,-0.75468934
131,1,10,GNN,0.19832253,0.21360163,-0.01527909999999999
141,1,10,GNN,5.444083,6.081273,-0.6371900000000004
145,1,10,GNN,6.0514255,6.3071847,-0.25575919999999996
152,1,10,GNN,6.4090633,6.2964215,0.11264179999999957
179,1,10,GNN,4.710023,5.350209,-0.6401860000000008
180,1,10,GNN,0.09912158,-0.22034705,0.31946863
181,1,10,GNN,5.444083,7.1335516,-1.6894685999999997
216,1,10,GNN,3.434834,3.7305956,-0.29576160000000007
217,1,10,GNN,3.434834,3.3132977,0.12153629999999982
248,1,10,GNN,5.7325144,6.3892097,-0.6566953
251,1,10,GNN,2.340101,3.3498135,-1.0097125
257,1,10,GNN,13.11527,8.071952,5.043318000000001
258,1,10,GNN,2.4643853,2.7063158,-0.24193050000000005
279,1,10,GNN,2.4643853,2.929119,-0.4647337
308,1,10,GNN,3.674027,5.4713902,-1.7973632
311,1,10,GNN,2.218501,2.842204,-0.6237030000000003
314,1,10,GNN,2.340101,2.8679488,-0.5278478
319,1,10,GNN,0.39728242,0.44764018,-0.050357759999999974
333,1,10,GNN,1.4255849,1.080628,0.3449569000000001
364,1,10,GNN,0.6983451,1.3339046,-0.6355595
379,1,10,GNN,2.8560045,2.0879874,0.7680171000000002
429,1,10,GNN,4.297837,4.526913,-0.22907600000000006
431,1,10,GNN,2.4643853,3.1817758,-0.7173905
434,1,10,GNN,3.928723,4.934159,-1.005436
437,1,10,GNN,0.6983451,0.792704,-0.09435889999999991
444,1,10,GNN,2.4643853,2.7490847,-0.28469940000000005
472,1,10,GNN,0.7997385,1.7631222,-0.9633837
490,1,10,GNN,6.0514255,3.819649,2.2317764999999996
492,1,10,GNN,6.0514255,5.389638,0.6617875
494,1,10,GNN,5.7325144,4.141881,1.5906334000000006
502,1,10,GNN,-1.533799,-0.044372782,-1.489426218
514,1,10,GNN,2.9938436,2.5130286,0.48081499999999977
516,1,10,GNN,2.5916057,1.9537333,0.6378724000000002
520,1,10,GNN,-1.7546765,-0.17397064,-1.58070586
521,1,10,GNN,0.4972036,0.60555106,-0.10834746
524,1,10,GNN,9.642798,8.072976,1.5698220000000003
541,1,10,GNN,5.444083,4.2674074,1.1766756000000003
547,1,10,GNN,4.297837,4.8266463,-0.5288092999999998
554,1,10,GNN,1.2129581,2.7290213,-1.5160631999999998
557,1,10,GNN,6.4090633,4.484659,1.9244043
559,1,10,GNN,6.0514255,3.7651794,2.2862460999999996
562,1,10,GNN,4.108607,6.028715,-1.920108
564,1,10,GNN,5.1802483,4.9953127,0.1849355999999993
599,1,10,GNN,2.340101,2.191088,0.14901300000000006
38,2,1,GNN,5.1802483,4.2875,0.8927483
45,2,1,GNN,6.0514255,4.630093,1.4213325
67,2,1,GNN,4.710023,4.8776555,-0.16763250000000074
76,2,1,GNN,6.0514255,6.845465,-0.7940395000000002
98,2,1,GNN,5.1802483,5.25715,-0.07690170000000052
106,2,1,GNN,2.340101,2.754012,-0.4139109999999997
126,2,1,GNN,0.0,0.61868584,-0.61868584
127,2,1,GNN,1.4255849,1.566231,-0.14064609999999989
130,2,1,GNN,6.4090633,5.7441373,0.6649259999999995
155,2,1,GNN,4.710023,5.0448613,-0.33483830000000037
156,2,1,GNN,8.218016,7.726935,0.4910810000000003
163,2,1,GNN,3.434834,3.2128296,0.22200439999999988
166,2,1,GNN,4.6022325,5.289207,-0.6869744999999998
169,2,1,GNN,1.0046246,2.2965329,-1.2919082999999998
182,2,1,GNN,4.710023,6.7995033,-2.0894803
183,2,1,GNN,6.2247624,7.9250817,-1.7003192999999994
184,2,1,GNN,3.2827797,2.8203864,0.4623933
190,2,1,GNN,5.444083,4.955164,0.4889190000000001
191,2,1,GNN,2.218501,2.4293714,-0.21087040000000012
193,2,1,GNN,3.434834,3.0531378,0.38169619999999993
200,2,1,GNN,5.444083,5.763786,-0.3197029999999996
232,2,1,GNN,7.295463,7.973139,-0.677676
239,2,1,GNN,4.710023,5.7246056,-1.0145826000000007
242,2,1,GNN,6.0514255,5.032125,1.0193005
261,2,1,GNN,2.340101,2.5233052,-0.1832041999999996
282,2,1,GNN,2.4643853,3.9976227,-1.5332374
300,2,1,GNN,2.218501,2.2738328,-0.055331800000000264
305,2,1,GNN,5.444083,4.988952,0.45513099999999973
322,2,1,GNN,4.936662,4.8168483,0.11981369999999991
329,2,1,GNN,2.8560045,3.5034113,-0.6474067999999997
345,2,1,GNN,-1.1083095,0.044664107,-1.152973607
351,2,1,GNN,2.1586356,2.2473223,-0.08868669999999979
352,2,1,GNN,2.5916057,1.6280706,0.9635351000000001
360,2,1,GNN,9.642798,5.587958,4.05484
380,2,1,GNN,6.4090633,6.434358,-0.025294699999999892
391,2,1,GNN,5.444083,4.975463,0.4686199999999996
416,2,1,GNN,2.218501,2.1574526,0.06104839999999978
417,2,1,GNN,5.309392,2.6785138,2.6308781999999997
424,2,1,GNN,5.1802483,5.335217,-0.1549687000000004
432,2,1,GNN,2.218501,1.9071063,0.3113946999999999
441,2,1,GNN,5.1802483,5.511769,-0.33152070000000045
447,2,1,GNN,0.0,-0.1542819,0.1542819
467,2,1,GNN,2.0993576,2.122742,-0.023384400000000305
471,2,1,GNN,13.11527,10.288849,2.826421
478,2,1,GNN,5.444083,6.875211,-1.4311280000000002
487,2,1,GNN,2.4643853,2.5148687,-0.05048340000000007
493,2,1,GNN,5.444083,6.1869097,-0.7428267000000002
505,2,1,GNN,1.0046246,1.7352889,-0.7306642999999999
506,2,1,GNN,8.6127615,5.783507,2.8292544999999993
509,2,1,GNN,2.340101,2.5409498,-0.20084879999999972
519,2,1,GNN,8.6127615,7.7553287,0.8574327999999998
526,2,1,GNN,8.6127615,10.633816,-2.0210545
549,2,1,GNN,4.297837,3.9320204,0.3658166000000005
555,2,1,GNN,5.7325144,5.4477353,0.2847791000000006
574,2,1,GNN,6.817504,5.736661,1.0808429999999998
575,2,1,GNN,5.1802483,5.454488,-0.27423969999999986
578,2,1,GNN,2.0993576,1.4145732,0.6847843999999998
579,2,1,GNN,3.135953,4.5387187,-1.4027657000000002
591,2,1,GNN,3.434834,2.2628376,1.1719963999999998
592,2,1,GNN,2.8560045,2.0443583,0.8116462000000002
38,2,3,GNN,5.1802483,4.380975,0.7992732999999994
45,2,3,GNN,6.0514255,4.4170413,1.6343841999999995
67,2,3,GNN,4.710023,4.6619325,0.048090499999999814
76,2,3,GNN,6.0514255,6.323804,-0.2723785000000003
98,2,3,GNN,5.1802483,4.9493504,0.23089789999999955
106,2,3,GNN,2.340101,2.764842,-0.4247409999999996
126,2,3,GNN,0.0,0.06396357,-0.06396357
127,2,3,GNN,1.4255849,1.4520572,-0.026472300000000004
130,2,3,GNN,6.4090633,6.547709,-0.13864570000000054
155,2,3,GNN,4.710023,5.3753448,-0.6653218000000001
156,2,3,GNN,8.218016,7.4980316,0.7199844000000004
163,2,3,GNN,3.434834,3.4303808,0.004453199999999935
166,2,3,GNN,4.6022325,4.8950424,-0.29280989999999996
169,2,3,GNN,1.0046246,1.8558388,-0.8512141999999998
182,2,3,GNN,4.710023,5.09639,-0.3863670000000008
183,2,3,GNN,6.2247624,7.7967095,-1.5719471
184,2,3,GNN,3.2827797,3.5825915,-0.2998118000000001
190,2,3,GNN,5.444083,4.8691382,0.5749447999999999
191,2,3,GNN,2.218501,1.870131,0.34836999999999985
193,2,3,GNN,3.434834,3.8484125,-0.41357849999999985
200,2,3,GNN,5.444083,6.45519,-1.011107
232,2,3,GNN,7.295463,9.44641,-2.1509470000000004
239,2,3,GNN,4.710023,5.0807853,-0.3707623
242,2,3,GNN,6.0514255,5.258448,0.7929775000000001
261,2,3,GNN,2.340101,2.929275,-0.5891739999999999
282,2,3,GNN,2.4643853,3.2695305,-0.8051452000000001
300,2,3,GNN,2.218501,1.7374759,0.48102509999999987
305,2,3,GNN,5.444083,4.947886,0.49619700000000044
322,2,3,GNN,4.936662,4.852412,0.08424999999999994
329,2,3,GNN,2.8560045,3.3415837,-0.4855792000000001
345,2,3,GNN,-1.1083095,-0.99638236,-0.11192714000000004
351,2,3,GNN,2.1586356,1.7927623,0.3658733000000003
352,2,3,GNN,2.5916057,1.7148595,0.8767462000000001
360,2,3,GNN,9.642798,5.7353263,3.907471700000001
380,2,3,GNN,6.4090633,5.4323072,0.9767560999999993
391,2,3,GNN,5.444083,5.3723245,0.07175849999999961
416,2,3,GNN,2.218501,2.1380615,0.08043949999999978
417,2,3,GNN,5.309392,3.280853,2.028539
424,2,3,GNN,5.1802483,5.1391797,0.04106860000000001
432,2,3,GNN,2.218501,2.5884416,-0.36994060000000006
441,2,3,GNN,5.1802483,5.199963,-0.01971470000000064
447,2,3,GNN,0.0,0.42968607,-0.42968607
467,2,3,GNN,2.0993576,2.0943866,0.004970999999999837
471,2,3,GNN,13.11527,11.377379,1.7378910000000012
478,2,3,GNN,5.444083,5.708908,-0.2648250000000001
487,2,3,GNN,2.4643853,2.8770328,-0.41264749999999983
493,2,3,GNN,5.444083,5.399136,0.044946999999999626
505,2,3,GNN,1.0046246,1.38684,-0.3822154
506,2,3,GNN,8.6127615,6.221006,2.3917554999999995
509,2,3,GNN,2.340101,2.7520056,-0.41190459999999973
519,2,3,GNN,8.6127615,7.773473,0.8392884999999994
526,2,3,GNN,8.6127615,11.831038,-3.2182765
549,2,3,GNN,4.297837,4.4154744,-0.11763739999999956
555,2,3,GNN,5.7325144,5.081017,0.6514974000000002
574,2,3,GNN,6.817504,5.418198,1.3993059999999993
575,2,3,GNN,5.1802483,4.701767,0.47848129999999944
578,2,3,GNN,2.0993576,1.9524028,0.14695479999999983
579,2,3,GNN,3.135953,4.842171,-1.7062179999999993
591,2,3,GNN,3.434834,1.9269054,1.5079285999999998
592,2,3,GNN,2.8560045,2.3602328,0.49577170000000015
38,2,4,GNN,5.1802483,4.5937266,0.5865216999999996
45,2,4,GNN,6.0514255,4.6910458,1.3603796999999993
67,2,4,GNN,4.710023,4.4461637,0.2638593
76,2,4,GNN,6.0514255,5.582854,0.4685714999999995
98,2,4,GNN,5.1802483,4.7541394,0.4261089
106,2,4,GNN,2.340101,2.9760811,-0.6359800999999998
126,2,4,GNN,0.0,0.33906648,-0.33906648
127,2,4,GNN,1.4255849,1.5695413,-0.14395639999999998
130,2,4,GNN,6.4090633,6.5705104,-0.16144710000000018
155,2,4,GNN,4.710023,5.232244,-0.522221
156,2,4,GNN,8.218016,7.734067,0.48394900000000085
163,2,4,GNN,3.434834,3.0218904,0.41294359999999974
166,2,4,GNN,4.6022325,4.984387,-0.3821544999999995
169,2,4,GNN,1.0046246,1.7860082,-0.7813835999999998
182,2,4,GNN,4.710023,5.091918,-0.3818950000000001
183,2,4,GNN,6.2247624,7.9730334,-1.748271
184,2,4,GNN,3.2827797,4.160796,-0.8780163000000005
190,2,4,GNN,5.444083,4.8184013,0.6256817000000003
191,2,4,GNN,2.218501,1.765426,0.4530749999999999
193,2,4,GNN,3.434834,4.036772,-0.6019380000000001
200,2,4,GNN,5.444083,6.44909,-1.005007
232,2,4,GNN,7.295463,8.2868,-0.9913369999999997
239,2,4,GNN,4.710023,5.2570586,-0.5470356000000001
242,2,4,GNN,6.0514255,5.0005274,1.0508980999999995
261,2,4,GNN,2.340101,2.3237002,0.016400799999999993
282,2,4,GNN,2.4643853,3.3956065,-0.9312212
300,2,4,GNN,2.218501,1.7877141,0.43078689999999975
305,2,4,GNN,5.444083,4.810265,0.6338179999999998
322,2,4,GNN,4.936662,4.6451483,0.2915137000000003
329,2,4,GNN,2.8560045,3.272055,-0.4160504999999999
345,2,4,GNN,-1.1083095,-1.6983927,0.5900832
351,2,4,GNN,2.1586356,1.6795245,0.4791111000000001
352,2,4,GNN,2.5916057,2.351205,0.2404006999999999
360,2,4,GNN,9.642798,6.1647773,3.478020700000001
380,2,4,GNN,6.4090633,5.6083093,0.8007539999999995
391,2,4,GNN,5.444083,5.152328,0.2917550000000002
416,2,4,GNN,2.218501,2.4388118,-0.22031080000000003
417,2,4,GNN,5.309392,3.0122523,2.2971397
424,2,4,GNN,5.1802483,5.207349,-0.02710070000000009
432,2,4,GNN,2.218501,2.161071,0.05742999999999965
441,2,4,GNN,5.1802483,5.2620983,-0.0818500000000002
447,2,4,GNN,0.0,0.33476707,-0.33476707
467,2,4,GNN,2.0993576,2.0728219,0.026535699999999718
471,2,4,GNN,13.11527,11.07034,2.044930000000001
478,2,4,GNN,5.444083,5.5441804,-0.10009740000000011
487,2,4,GNN,2.4643853,2.582439,-0.11805369999999993
493,2,4,GNN,5.444083,5.5257087,-0.08162570000000002
505,2,4,GNN,1.0046246,1.5766339,-0.5720092999999999
506,2,4,GNN,8.6127615,5.765405,2.847356499999999
509,2,4,GNN,2.340101,2.6844704,-0.3443693999999997
519,2,4,GNN,8.6127615,7.724113,0.8886484999999995
526,2,4,GNN,8.6127615,11.424123,-2.8113615000000003
549,2,4,GNN,4.297837,4.283298,0.01453900000000008
555,2,4,GNN,5.7325144,5.052562,0.6799524000000003
574,2,4,GNN,6.817504,5.7596908,1.0578131999999991
575,2,4,GNN,5.1802483,5.209162,-0.028913700000000375
578,2,4,GNN,2.0993576,2.21648,-0.11712239999999996
579,2,4,GNN,3.135953,4.6644745,-1.5285214999999996
591,2,4,GNN,3.434834,2.6998887,0.7349453000000001
592,2,4,GNN,2.8560045,2.1301148,0.7258897000000002
38,2,5,GNN,5.1802483,4.955286,0.22496229999999962
45,2,5,GNN,6.0514255,5.459472,0.5919534999999998
67,2,5,GNN,4.710023,4.9127665,-0.2027435000000004
76,2,5,GNN,6.0514255,5.424638,0.6267874999999998
98,2,5,GNN,5.1802483,5.1189513,0.06129699999999971
106,2,5,GNN,2.340101,2.8565786,-0.5164776
126,2,5,GNN,0.0,0.49966216,-0.49966216
127,2,5,GNN,1.4255849,1.5298263,-0.10424140000000004
130,2,5,GNN,6.4090633,6.2987742,0.11028909999999925
155,2,5,GNN,4.710023,5.596019,-0.8859960000000004
156,2,5,GNN,8.218016,7.970985,0.24703100000000067
163,2,5,GNN,3.434834,3.1433184,0.2915155999999999
166,2,5,GNN,4.6022325,5.0623684,-0.46013590000000004
169,2,5,GNN,1.0046246,1.7064693,-0.7018446999999999
182,2,5,GNN,4.710023,5.115906,-0.4058830000000002
183,2,5,GNN,6.2247624,8.253832,-2.029069599999999
184,2,5,GNN,3.2827797,3.846807,-0.5640273000000002
190,2,5,GNN,5.444083,5.4018974,0.04218559999999982
191,2,5,GNN,2.218501,1.8299848,0.38851619999999976
193,2,5,GNN,3.434834,3.8655128,-0.4306787999999999
200,2,5,GNN,5.444083,6.0803723,-0.6362892999999996
232,2,5,GNN,7.295463,8.902509,-1.6070460000000004
239,2,5,GNN,4.710023,5.74933,-1.039307
242,2,5,GNN,6.0514255,5.8115683,0.23985719999999944
261,2,5,GNN,2.340101,2.4596932,-0.1195921999999996
282,2,5,GNN,2.4643853,3.5857046,-1.1213193000000001
300,2,5,GNN,2.218501,1.5479782,0.6705227999999999
305,2,5,GNN,5.444083,5.4825935,-0.038510500000000114
322,2,5,GNN,4.936662,5.3175406,-0.38087859999999996
329,2,5,GNN,2.8560045,3.4606166,-0.6046120999999998
345,2,5,GNN,-1.1083095,-2.064706,0.9563965000000001
351,2,5,GNN,2.1586356,1.8552594,0.3033762000000002
352,2,5,GNN,2.5916057,2.1089656,0.48264010000000024
360,2,5,GNN,9.642798,6.4898977,3.1529003000000007
380,2,5,GNN,6.4090633,5.5353475,0.8737157999999994
391,2,5,GNN,5.444083,5.5596976,-0.11561459999999979
416,2,5,GNN,2.218501,2.3939917,-0.1754907000000001
417,2,5,GNN,5.309392,2.8434896,2.4659024
424,2,5,GNN,5.1802483,5.6290565,-0.4488082000000002
432,2,5,GNN,2.218501,2.5506632,-0.33216219999999996
441,2,5,GNN,5.1802483,5.311187,-0.13093870000000063
447,2,5,GNN,0.0,-0.020445704,0.020445704
467,2,5,GNN,2.0993576,1.9809632,0.1183943999999999
471,2,5,GNN,13.11527,10.451094,2.664176000000001
478,2,5,GNN,5.444083,5.570355,-0.12627200000000016
487,2,5,GNN,2.4643853,2.586646,-0.1222607
493,2,5,GNN,5.444083,5.775972,-0.3318890000000003
505,2,5,GNN,1.0046246,1.5768522,-0.5722276
506,2,5,GNN,8.6127615,5.987215,2.6255464999999996
509,2,5,GNN,2.340101,2.5332701,-0.19316909999999998
519,2,5,GNN,8.6127615,7.9347568,0.6780046999999998
526,2,5,GNN,8.6127615,10.8498535,-2.2370920000000005
549,2,5,GNN,4.297837,4.12412,0.1737170000000008
555,2,5,GNN,5.7325144,5.8409915,-0.10847709999999999
574,2,5,GNN,6.817504,6.4914513,0.3260527
575,2,5,GNN,5.1802483,5.200059,-0.019810700000000736
578,2,5,GNN,2.0993576,2.2414079,-0.14205030000000018
579,2,5,GNN,3.135953,4.994433,-1.8584799999999997
591,2,5,GNN,3.434834,2.8746758,0.5601582
592,2,5,GNN,2.8560045,2.4770353,0.37896920000000023
38,2,6,GNN,5.1802483,5.08316,0.09708829999999935
45,2,6,GNN,6.0514255,4.8465476,1.2048778999999996
67,2,6,GNN,4.710023,4.380116,0.3299069999999995
76,2,6,GNN,6.0514255,6.0581117,-0.006686200000000753
98,2,6,GNN,5.1802483,5.2580323,-0.0777840000000003
106,2,6,GNN,2.340101,3.4526093,-1.1125083
126,2,6,GNN,0.0,0.04222308,-0.04222308
127,2,6,GNN,1.4255849,1.4989786,-0.0733937
130,2,6,GNN,6.4090633,6.2988806,0.1101826999999993
155,2,6,GNN,4.710023,5.691893,-0.9818700000000007
156,2,6,GNN,8.218016,8.098972,0.1190440000000006
163,2,6,GNN,3.434834,3.7410145,-0.30618049999999997
166,2,6,GNN,4.6022325,5.4781375,-0.8759049999999995
169,2,6,GNN,1.0046246,1.710788,-0.7061633999999999
182,2,6,GNN,4.710023,4.8196607,-0.1096377000000004
183,2,6,GNN,6.2247624,8.207928,-1.9831656000000004
184,2,6,GNN,3.2827797,3.8789532,-0.5961735000000004
190,2,6,GNN,5.444083,5.246597,0.1974859999999996
191,2,6,GNN,2.218501,1.6912665,0.5272344999999998
193,2,6,GNN,3.434834,3.8814163,-0.4465823000000002
200,2,6,GNN,5.444083,6.1488295,-0.7047464999999997
232,2,6,GNN,7.295463,9.339504,-2.044041
239,2,6,GNN,4.710023,5.6103787,-0.9003557000000004
242,2,6,GNN,6.0514255,4.9875364,1.0638891
261,2,6,GNN,2.340101,2.9588878,-0.6187867999999996
282,2,6,GNN,2.4643853,3.5891104,-1.1247251
300,2,6,GNN,2.218501,1.6179364,0.6005645999999998
305,2,6,GNN,5.444083,4.810556,0.633527
322,2,6,GNN,4.936662,4.719621,0.21704100000000004
329,2,6,GNN,2.8560045,3.7068377,-0.8508331999999998
345,2,6,GNN,-1.1083095,-0.9187001,-0.18960940000000004
351,2,6,GNN,2.1586356,1.5438113,0.6148243000000002
352,2,6,GNN,2.5916057,2.3229895,0.2686162000000003
360,2,6,GNN,9.642798,5.516258,4.126540000000001
380,2,6,GNN,6.4090633,5.3227315,1.0863318
391,2,6,GNN,5.444083,5.046991,0.3970919999999998
416,2,6,GNN,2.218501,2.8884811,-0.6699801000000001
417,2,6,GNN,5.309392,3.3608246,1.9485674
424,2,6,GNN,5.1802483,5.3764787,-0.19623040000000014
432,2,6,GNN,2.218501,2.201057,0.017443999999999793
441,2,6,GNN,5.1802483,5.691514,-0.5112657
447,2,6,GNN,0.0,0.35836208,-0.35836208
467,2,6,GNN,2.0993576,2.2948775,-0.1955199000000003
471,2,6,GNN,13.11527,10.664851,2.450419
478,2,6,GNN,5.444083,5.960541,-0.5164580000000001
487,2,6,GNN,2.4643853,3.0966048,-0.6322195000000002
493,2,6,GNN,5.444083,6.247005,-0.8029219999999997
505,2,6,GNN,1.0046246,1.464513,-0.45988839999999986
506,2,6,GNN,8.6127615,5.8082724,2.8044890999999996
509,2,6,GNN,2.340101,3.198318,-0.8582169999999998
519,2,6,GNN,8.6127615,8.076562,0.5361995000000004
526,2,6,GNN,8.6127615,10.993532,-2.3807705000000006
549,2,6,GNN,4.297837,4.5109563,-0.2131192999999998
555,2,6,GNN,5.7325144,5.3499565,0.3825579000000001
574,2,6,GNN,6.817504,5.9784636,0.8390403999999991
575,2,6,GNN,5.1802483,4.9069767,0.2732715999999993
578,2,6,GNN,2.0993576,2.3745785,-0.2752209000000003
579,2,6,GNN,3.135953,5.263029,-2.127076
591,2,6,GNN,3.434834,2.5198226,0.9150114
592,2,6,GNN,2.8560045,2.2229142,0.6330903000000001
38,2,7,GNN,5.1802483,5.1848736,-0.0046253000000007205
45,2,7,GNN,6.0514255,5.305578,0.7458475
67,2,7,GNN,4.710023,4.3844805,0.32554250000000007
76,2,7,GNN,6.0514255,5.8322964,0.21912909999999997
98,2,7,GNN,5.1802483,5.0532613,0.12698699999999974
106,2,7,GNN,2.340101,3.2451975,-0.9050965
126,2,7,GNN,0.0,0.4348592,-0.4348592
127,2,7,GNN,1.4255849,1.6932417,-0.2676567999999999
130,2,7,GNN,6.4090633,6.0746603,0.334403
155,2,7,GNN,4.710023,5.7764807,-1.0664577
156,2,7,GNN,8.218016,8.20798,0.010036000000001266
163,2,7,GNN,3.434834,3.2958233,0.13901070000000004
166,2,7,GNN,4.6022325,5.275777,-0.6735444999999993
169,2,7,GNN,1.0046246,1.796694,-0.7920693999999999
182,2,7,GNN,4.710023,5.009666,-0.29964300000000055
183,2,7,GNN,6.2247624,8.368379,-2.1436165999999988
184,2,7,GNN,3.2827797,4.0554194,-0.7726397
190,2,7,GNN,5.444083,5.056121,0.3879619999999999
191,2,7,GNN,2.218501,1.8101252,0.40837579999999973
193,2,7,GNN,3.434834,4.2618084,-0.8269743999999997
200,2,7,GNN,5.444083,5.9511657,-0.5070826999999998
232,2,7,GNN,7.295463,8.981438,-1.685975000000001
239,2,7,GNN,4.710023,5.8843503,-1.1743273000000007
242,2,7,GNN,6.0514255,5.0876503,0.9637751999999997
261,2,7,GNN,2.340101,2.685426,-0.3453249999999999
282,2,7,GNN,2.4643853,3.3355532,-0.8711679000000001
300,2,7,GNN,2.218501,2.1122522,0.10624879999999992
305,2,7,GNN,5.444083,4.666645,0.7774380000000001
322,2,7,GNN,4.936662,4.5742908,0.3623712000000001
329,2,7,GNN,2.8560045,3.3322783,-0.47627379999999997
345,2,7,GNN,-1.1083095,-0.096812725,-1.0114967750000001
351,2,7,GNN,2.1586356,1.6387,0.5199356000000002
352,2,7,GNN,2.5916057,2.3108032,0.28080250000000007
360,2,7,GNN,9.642798,6.0335255,3.609272500000001
380,2,7,GNN,6.4090633,5.5353346,0.8737287
391,2,7,GNN,5.444083,5.275777,0.1683060000000003
416,2,7,GNN,2.218501,2.4700906,-0.25158959999999997
417,2,7,GNN,5.309392,3.0987256,2.2106664
424,2,7,GNN,5.1802483,5.6149573,-0.4347090000000007
432,2,7,GNN,2.218501,2.0713477,0.14715329999999982
441,2,7,GNN,5.1802483,5.6296597,-0.4494114000000007
447,2,7,GNN,0.0,-0.010097258,0.010097258
467,2,7,GNN,2.0993576,2.1015737,-0.002216100000000054
471,2,7,GNN,13.11527,11.340704,1.774566
478,2,7,GNN,5.444083,5.6993484,-0.25526539999999986
487,2,7,GNN,2.4643853,2.8556435,-0.3912581999999998
493,2,7,GNN,5.444083,6.091979,-0.6478960000000002
505,2,7,GNN,1.0046246,1.5948321,-0.5902075
506,2,7,GNN,8.6127615,5.808413,2.8043484999999997
509,2,7,GNN,2.340101,2.8538413,-0.5137402999999998
519,2,7,GNN,8.6127615,8.259077,0.35368449999999996
526,2,7,GNN,8.6127615,11.633653,-3.020891500000001
549,2,7,GNN,4.297837,4.404379,-0.10654199999999925
555,2,7,GNN,5.7325144,5.4673624,0.2651520000000005
574,2,7,GNN,6.817504,6.254415,0.5630889999999997
575,2,7,GNN,5.1802483,5.239748,-0.05949969999999993
578,2,7,GNN,2.0993576,1.9584917,0.14086589999999988
579,2,7,GNN,3.135953,4.921894,-1.7859409999999998
591,2,7,GNN,3.434834,3.221743,0.21309099999999992
592,2,7,GNN,2.8560045,2.1254683,0.7305362
38,2,8,GNN,5.1802483,5.088239,0.09200929999999996
45,2,8,GNN,6.0514255,5.4225264,0.6288990999999999
67,2,8,GNN,4.710023,4.8379583,-0.12793530000000075
76,2,8,GNN,6.0514255,6.133851,-0.08242550000000026
98,2,8,GNN,5.1802483,5.078879,0.1013693
106,2,8,GNN,2.340101,3.1840281,-0.8439270999999997
126,2,8,GNN,0.0,0.3979603,-0.3979603
127,2,8,GNN,1.4255849,1.7990128,-0.37342790000000003
130,2,8,GNN,6.4090633,6.9638214,-0.5547580999999999
155,2,8,GNN,4.710023,5.6842213,-0.9741983000000003
156,2,8,GNN,8.218016,8.163945,0.054071000000000424
163,2,8,GNN,3.434834,3.5042613,-0.06942730000000008
166,2,8,GNN,4.6022325,5.316124,-0.7138914999999999
169,2,8,GNN,1.0046246,1.8565301,-0.8519055
182,2,8,GNN,4.710023,5.265708,-0.5556850000000004
183,2,8,GNN,6.2247624,8.28763,-2.0628675999999997
184,2,8,GNN,3.2827797,4.1191964,-0.8364167
190,2,8,GNN,5.444083,5.1727695,0.27131349999999976
191,2,8,GNN,2.218501,1.8298386,0.38866239999999985
193,2,8,GNN,3.434834,4.339019,-0.9041850000000005
200,2,8,GNN,5.444083,6.861962,-1.4178790000000001
232,2,8,GNN,7.295463,8.148672,-0.8532089999999997
239,2,8,GNN,4.710023,5.976575,-1.2665520000000008
242,2,8,GNN,6.0514255,5.3483925,0.7030329999999996
261,2,8,GNN,2.340101,2.7510731,-0.41097209999999995
282,2,8,GNN,2.4643853,3.2341359,-0.7697506000000001
300,2,8,GNN,2.218501,2.2178032,0.0006977999999997486
305,2,8,GNN,5.444083,4.9657307,0.47835230000000006
322,2,8,GNN,4.936662,5.0008154,-0.06415339999999947
329,2,8,GNN,2.8560045,2.9214156,-0.06541109999999994
345,2,8,GNN,-1.1083095,-0.18178013,-0.92652937
351,2,8,GNN,2.1586356,1.5999776,0.5586580000000001
352,2,8,GNN,2.5916057,2.4604523,0.1311534000000001
360,2,8,GNN,9.642798,6.1097903,3.5330077000000006
380,2,8,GNN,6.4090633,5.9375787,0.47148459999999925
391,2,8,GNN,5.444083,5.6470237,-0.20294070000000008
416,2,8,GNN,2.218501,2.615165,-0.39666400000000035
417,2,8,GNN,5.309392,3.196715,2.1126769999999997
424,2,8,GNN,5.1802483,5.8235674,-0.6433191000000003
432,2,8,GNN,2.218501,2.8037496,-0.5852486000000003
441,2,8,GNN,5.1802483,5.7736254,-0.5933771000000005
447,2,8,GNN,0.0,-0.0945475,0.0945475
467,2,8,GNN,2.0993576,2.0443263,0.055031300000000005
471,2,8,GNN,13.11527,11.33346,1.7818100000000001
478,2,8,GNN,5.444083,5.9462633,-0.5021803
487,2,8,GNN,2.4643853,2.4687378,-0.004352499999999981
493,2,8,GNN,5.444083,6.049788,-0.6057050000000004
505,2,8,GNN,1.0046246,1.6931043,-0.6884796999999998
506,2,8,GNN,8.6127615,5.928559,2.6842024999999996
509,2,8,GNN,2.340101,2.4091399,-0.06903889999999979
519,2,8,GNN,8.6127615,8.16917,0.44359150000000014
526,2,8,GNN,8.6127615,11.747004,-3.134242500000001
549,2,8,GNN,4.297837,4.608242,-0.3104049999999994
555,2,8,GNN,5.7325144,5.5556393,0.17687510000000017
574,2,8,GNN,6.817504,6.2612076,0.5562963999999999
575,2,8,GNN,5.1802483,5.5426855,-0.36243720000000046
578,2,8,GNN,2.0993576,2.1863656,-0.08700799999999997
579,2,8,GNN,3.135953,5.4437675,-2.3078144999999997
591,2,8,GNN,3.434834,3.030476,0.4043579999999998
592,2,8,GNN,2.8560045,2.7951968,0.06080770000000024
38,2,9,GNN,5.1802483,5.1346025,0.04564579999999996
45,2,9,GNN,6.0514255,5.3564844,0.6949410999999994
67,2,9,GNN,4.710023,4.7048326,0.005190400000000039
76,2,9,GNN,6.0514255,6.2790937,-0.2276682000000001
98,2,9,GNN,5.1802483,5.848549,-0.6683007000000005
106,2,9,GNN,2.340101,3.4381826,-1.0980816
126,2,9,GNN,0.0,0.5762578,-0.5762578
127,2,9,GNN,1.4255849,1.9735991,-0.5480141999999999
130,2,9,GNN,6.4090633,6.84211,-0.43304670000000023
155,2,9,GNN,4.710023,6.3319154,-1.6218924000000001
156,2,9,GNN,8.218016,8.272363,-0.05434699999999992
163,2,9,GNN,3.434834,4.082407,-0.647573
166,2,9,GNN,4.6022325,5.4014845,-0.7992519999999992
169,2,9,GNN,1.0046246,2.0745113,-1.0698867
182,2,9,GNN,4.710023,5.62306,-0.9130370000000001
183,2,9,GNN,6.2247624,8.368487,-2.1437245999999996
184,2,9,GNN,3.2827797,4.0288773,-0.7460976000000006
190,2,9,GNN,5.444083,5.4238772,0.020205800000000274
191,2,9,GNN,2.218501,1.9818478,0.2366531999999999
193,2,9,GNN,3.434834,4.1203117,-0.6854777000000003
200,2,9,GNN,5.444083,6.777403,-1.3333199999999996
232,2,9,GNN,7.295463,9.228633,-1.9331700000000005
239,2,9,GNN,4.710023,6.144042,-1.4340190000000002
242,2,9,GNN,6.0514255,5.6699944,0.38143109999999947
261,2,9,GNN,2.340101,3.48583,-1.1457289999999998
282,2,9,GNN,2.4643853,3.8008683,-1.3364829999999999
300,2,9,GNN,2.218501,2.4249048,-0.20640380000000036
305,2,9,GNN,5.444083,4.837461,0.6066219999999998
322,2,9,GNN,4.936662,4.791541,0.1451210000000005
329,2,9,GNN,2.8560045,3.6527183,-0.7967138
345,2,9,GNN,-1.1083095,-1.2882295,0.17991999999999986
351,2,9,GNN,2.1586356,1.9295948,0.22904080000000016
352,2,9,GNN,2.5916057,2.2194927,0.37211300000000014
360,2,9,GNN,9.642798,6.5777617,3.065036300000001
380,2,9,GNN,6.4090633,6.011466,0.39759729999999927
391,2,9,GNN,5.444083,5.7849226,-0.3408395999999998
416,2,9,GNN,2.218501,2.393953,-0.17545200000000039
417,2,9,GNN,5.309392,3.4191248,1.8902671999999998
424,2,9,GNN,5.1802483,5.7824755,-0.6022272000000006
432,2,9,GNN,2.218501,1.914181,0.3043199999999999
441,2,9,GNN,5.1802483,5.6534257,-0.47317739999999997
447,2,9,GNN,0.0,-0.21029988,0.21029988
467,2,9,GNN,2.0993576,2.2084653,-0.10910770000000003
471,2,9,GNN,13.11527,11.024825,2.0904450000000008
478,2,9,GNN,5.444083,6.003731,-0.5596480000000001
487,2,9,GNN,2.4643853,3.0099475,-0.5455622
493,2,9,GNN,5.444083,6.001507,-0.5574240000000001
505,2,9,GNN,1.0046246,1.7042828,-0.6996582
506,2,9,GNN,8.6127615,6.2717524,2.3410091
509,2,9,GNN,2.340101,3.0110629,-0.6709619
519,2,9,GNN,8.6127615,8.305012,0.3077494999999999
526,2,9,GNN,8.6127615,11.304456,-2.6916945000000005
549,2,9,GNN,4.297837,4.761118,-0.4632809999999994
555,2,9,GNN,5.7325144,5.6972475,0.03526690000000077
574,2,9,GNN,6.817504,6.839755,-0.022251000000000687
575,2,9,GNN,5.1802483,5.699772,-0.5195237000000006
578,2,9,GNN,2.0993576,2.3087862,-0.2094286000000003
579,2,9,GNN,3.135953,5.844845,-2.708892
591,2,9,GNN,3.434834,2.8233073,0.6115266999999998
592,2,9,GNN,2.8560045,2.0749917,0.7810128000000001
38,2,10,GNN,5.1802483,5.225512,-0.04526370000000046
45,2,10,GNN,6.0514255,4.4954686,1.5559569
67,2,10,GNN,4.710023,4.2251086,0.4849143999999992
76,2,10,GNN,6.0514255,6.2466283,-0.19520280000000056
98,2,10,GNN,5.1802483,5.3296514,-0.14940310000000068
106,2,10,GNN,2.340101,3.0331855,-0.6930844999999999
126,2,10,GNN,0.0,0.10884185,-0.10884185
127,2,10,GNN,1.4255849,1.9468442,-0.5212592999999999
130,2,10,GNN,6.4090633,6.952514,-0.5434507000000002
155,2,10,GNN,4.710023,5.6687655,-0.9587425000000005
156,2,10,GNN,8.218016,8.102313,0.11570299999999989
163,2,10,GNN,3.434834,3.2141664,0.22066760000000007
166,2,10,GNN,4.6022325,4.8930974,-0.29086489999999987
169,2,10,GNN,1.0046246,1.6784877,-0.6738630999999999
182,2,10,GNN,4.710023,5.061513,-0.3514900000000001
183,2,10,GNN,6.2247624,8.349746,-2.1249835999999993
184,2,10,GNN,3.2827797,3.8064468,-0.5236670999999999
190,2,10,GNN,5.444083,4.8683996,0.5756834
191,2,10,GNN,2.218501,1.5647191,0.6537818999999998
193,2,10,GNN,3.434834,3.9506543,-0.5158203000000001
200,2,10,GNN,5.444083,6.835032,-1.390949
232,2,10,GNN,7.295463,9.048438,-1.752975000000001
239,2,10,GNN,4.710023,5.473643,-0.7636200000000004
242,2,10,GNN,6.0514255,5.0152125,1.036213
261,2,10,GNN,2.340101,2.545534,-0.20543299999999975
282,2,10,GNN,2.4643853,3.0429523,-0.578567
300,2,10,GNN,2.218501,1.5984756,0.6200253999999998
305,2,10,GNN,5.444083,4.495285,0.948798
322,2,10,GNN,4.936662,4.3505273,0.5861346999999997
329,2,10,GNN,2.8560045,2.877176,-0.0211714999999999
345,2,10,GNN,-1.1083095,-0.8278059,-0.2805036000000001
351,2,10,GNN,2.1586356,1.4883353,0.6703003000000003
352,2,10,GNN,2.5916057,1.9504441,0.6411616000000002
360,2,10,GNN,9.642798,6.0398097,3.6029883000000007
380,2,10,GNN,6.4090633,5.5361843,0.8728789999999993
391,2,10,GNN,5.444083,5.1627316,0.28135140000000014
416,2,10,GNN,2.218501,1.951475,0.26702599999999976
417,2,10,GNN,5.309392,2.798062,2.51133
424,2,10,GNN,5.1802483,5.0904946,0.08975369999999927
432,2,10,GNN,2.218501,1.9402713,0.2782296999999998
441,2,10,GNN,5.1802483,5.1314044,0.04884389999999961
447,2,10,GNN,0.0,-0.26724935,0.26724935
467,2,10,GNN,2.0993576,1.4465688,0.6527887999999997
471,2,10,GNN,13.11527,11.952218,1.1630520000000004
478,2,10,GNN,5.444083,5.8169265,-0.3728435000000001
487,2,10,GNN,2.4643853,2.677488,-0.21310269999999987
493,2,10,GNN,5.444083,5.70056,-0.2564770000000003
505,2,10,GNN,1.0046246,1.016996,-0.012371399999999921
506,2,10,GNN,8.6127615,5.73296,2.8798014999999992
509,2,10,GNN,2.340101,2.722741,-0.38263999999999987
519,2,10,GNN,8.6127615,8.199996,0.412765499999999
526,2,10,GNN,8.6127615,12.091824,-3.4790625000000013
549,2,10,GNN,4.297837,4.1792192,0.1186178
555,2,10,GNN,5.7325144,4.942117,0.7903974000000007
574,2,10,GNN,6.817504,6.2762165,0.5412874999999993
575,2,10,GNN,5.1802483,5.256471,-0.07622270000000064
578,2,10,GNN,2.0993576,1.3709486,0.7284089999999999
579,2,10,GNN,3.135953,5.1284027,-1.9924496999999994
591,2,10,GNN,3.434834,2.433231,1.0016029999999998
592,2,10,GNN,2.8560045,1.9065615,0.949443
7,3,1,GNN,10.3682,7.715908,2.652292
14,3,1,GNN,2.340101,4.420271,-2.0801699999999994
18,3,1,GNN,6.4090633,5.6425457,0.7665175999999994
31,3,1,GNN,5.444083,5.0358934,0.40818960000000004
40,3,1,GNN,6.817504,6.505562,0.3119419999999993
49,3,1,GNN,0.6983451,0.77040863,-0.07206352999999999
52,3,1,GNN,13.11527,11.275239,1.8400310000000015
69,3,1,GNN,11.38537,10.045109,1.340261
105,3,1,GNN,1.8676273,2.4481661,-0.5805387999999998
114,3,1,GNN,1.7546765,1.3723688,0.3823076999999999
120,3,1,GNN,4.710023,5.101821,-0.39179800000000053
153,3,1,GNN,2.4643853,2.7800682,-0.3156829000000001
157,3,1,GNN,1.0046246,0.6893482,0.3152764000000001
168,3,1,GNN,1.64345,0.912321,0.731129
173,3,1,GNN,7.295463,6.1878834,1.1075796000000002
176,3,1,GNN,5.7325144,8.495472,-2.762957599999999
187,3,1,GNN,2.7220416,0.8890488,1.8329928
188,3,1,GNN,-0.3474475,-0.34128785,-0.0061596500000000165
192,3,1,GNN,3.135953,1.4464839,1.6894691000000002
201,3,1,GNN,1.7546765,0.16875994,1.58591656
205,3,1,GNN,7.295463,7.779419,-0.48395600000000005
224,3,1,GNN,2.340101,1.2054609,1.1346401000000002
228,3,1,GNN,4.710023,4.9234743,-0.2134513
229,3,1,GNN,4.936662,4.851718,0.08494400000000013
243,3,1,GNN,4.4977603,4.2363415,0.2614188000000004
260,3,1,GNN,1.533799,0.18488431,1.34891469
271,3,1,GNN,-0.6983451,-0.86931384,0.17096873999999995
273,3,1,GNN,2.9938436,2.879962,0.11388160000000003
275,3,1,GNN,9.642798,7.72952,1.913278000000001
278,3,1,GNN,1.9824628,0.77390546,1.20855734
289,3,1,GNN,6.817504,6.496664,0.32083999999999957
294,3,1,GNN,8.218016,8.235773,-0.01775699999999958
317,3,1,GNN,1.2656772,1.9653718,-0.6996945999999999
324,3,1,GNN,1.2129581,1.348303,-0.1353449
328,3,1,GNN,0.0,-0.13792253,0.13792253
341,3,1,GNN,4.936662,4.9513493,-0.014687300000000292
356,3,1,GNN,1.64345,0.82449955,0.8189504500000001
367,3,1,GNN,5.444083,5.927985,-0.4839019999999996
370,3,1,GNN,1.8676273,1.6582474,0.20937990000000006
374,3,1,GNN,2.0993576,1.8132598,0.28609779999999985
376,3,1,GNN,0.7997385,0.62756497,0.17217353000000002
378,3,1,GNN,0.09912158,-0.38266462,0.4817862
381,3,1,GNN,2.8560045,4.3069677,-1.4509632000000003
389,3,1,GNN,1.8676273,2.048254,-0.18062669999999992
394,3,1,GNN,6.0514255,5.093816,0.9576094999999993
413,3,1,GNN,0.0,0.07137169,-0.07137169
414,3,1,GNN,6.4090633,6.3981705,0.010892799999999703
425,3,1,GNN,2.7220416,2.7094657,0.012575899999999862
448,3,1,GNN,0.09912158,-0.025672227,0.124793807
463,3,1,GNN,6.0514255,5.5682383,0.4831871999999997
469,3,1,GNN,3.434834,2.5288527,0.9059813000000001
485,3,1,GNN,5.444083,5.9008617,-0.4567787000000001
507,3,1,GNN,6.4090633,6.04226,0.36680329999999994
510,3,1,GNN,4.710023,5.5177317,-0.8077087000000001
513,3,1,GNN,7.295463,5.1871395,2.1083235
550,3,1,GNN,4.710023,8.672925,-3.9629019999999997
553,3,1,GNN,4.297837,4.9383574,-0.6405203999999998
556,3,1,GNN,2.218501,3.1644068,-0.9459058000000002
565,3,1,GNN,5.7325144,5.6717577,0.06075670000000066
581,3,1,GNN,5.444083,5.017475,0.4266079999999999
7,3,2,GNN,10.3682,7.409005,2.9591950000000002
14,3,2,GNN,2.340101,4.5838685,-2.2437675
18,3,2,GNN,6.4090633,6.5065775,-0.0975142
31,3,2,GNN,5.444083,5.2536035,0.19047950000000036
40,3,2,GNN,6.817504,6.7217016,0.09580239999999929
49,3,2,GNN,0.6983451,0.6004485,0.0978966
52,3,2,GNN,13.11527,10.856688,2.2585820000000005
69,3,2,GNN,11.38537,10.411615,0.9737550000000006
105,3,2,GNN,1.8676273,3.1943328,-1.3267055
114,3,2,GNN,1.7546765,2.0827322,-0.32805570000000017
120,3,2,GNN,4.710023,4.803558,-0.09353500000000015
153,3,2,GNN,2.4643853,3.345235,-0.8808497000000002
157,3,2,GNN,1.0046246,0.9124273,0.09219730000000004
168,3,2,GNN,1.64345,0.661757,0.981693
173,3,2,GNN,7.295463,6.2598176,1.0356454
176,3,2,GNN,5.7325144,7.7363048,-2.0037903999999997
187,3,2,GNN,2.7220416,1.3495603,1.3724812999999998
188,3,2,GNN,-0.3474475,-0.40420103,0.056753529999999996
192,3,2,GNN,3.135953,2.6267111,0.5092419000000001
201,3,2,GNN,1.7546765,0.3428738,1.4118027
205,3,2,GNN,7.295463,7.524167,-0.22870400000000046
224,3,2,GNN,2.340101,0.37985796,1.9602430400000002
228,3,2,GNN,4.710023,4.4899817,0.22004129999999922
229,3,2,GNN,4.936662,5.0599976,-0.12333559999999988
243,3,2,GNN,4.4977603,4.607766,-0.11000569999999943
260,3,2,GNN,1.533799,-0.16285759,1.69665659
271,3,2,GNN,-0.6983451,-0.055112988,-0.6432321120000001
273,3,2,GNN,2.9938436,2.8958461,0.09799749999999996
275,3,2,GNN,9.642798,7.4442477,2.198550300000001
278,3,2,GNN,1.9824628,1.7093669,0.27309589999999995
289,3,2,GNN,6.817504,6.7748094,0.042694599999999916
294,3,2,GNN,8.218016,7.619595,0.5984210000000001
317,3,2,GNN,1.2656772,2.4492018,-1.1835246
324,3,2,GNN,1.2129581,2.2002947,-0.9873366000000001
328,3,2,GNN,0.0,-0.14431211,0.14431211
341,3,2,GNN,4.936662,5.2445974,-0.30793539999999986
356,3,2,GNN,1.64345,1.0779176,0.5655324000000002
367,3,2,GNN,5.444083,6.0361686,-0.5920855999999999
370,3,2,GNN,1.8676273,2.660899,-0.7932717
374,3,2,GNN,2.0993576,2.366333,-0.2669754000000002
376,3,2,GNN,0.7997385,0.5760047,0.22373379999999998
378,3,2,GNN,0.09912158,0.2660854,-0.16696382000000004
381,3,2,GNN,2.8560045,4.38889,-1.5328855
389,3,2,GNN,1.8676273,2.3311148,-0.46348749999999983
394,3,2,GNN,6.0514255,5.173742,0.8776834999999998
413,3,2,GNN,0.0,-0.16901731,0.16901731
414,3,2,GNN,6.4090633,5.913097,0.4959663000000001
425,3,2,GNN,2.7220416,3.9846406,-1.2625990000000002
448,3,2,GNN,0.09912158,-0.15077597,0.24989755000000002
463,3,2,GNN,6.0514255,5.6235747,0.42785079999999986
469,3,2,GNN,3.434834,1.6172893,1.8175447
485,3,2,GNN,5.444083,5.5128484,-0.0687654000000002
507,3,2,GNN,6.4090633,5.765822,0.6432412999999997
510,3,2,GNN,4.710023,5.019803,-0.30977999999999994
513,3,2,GNN,7.295463,5.346153,1.9493099999999997
550,3,2,GNN,4.710023,8.7880745,-4.078051500000001
553,3,2,GNN,4.297837,4.8188043,-0.5209672999999997
556,3,2,GNN,2.218501,3.5726247,-1.3541237000000002
565,3,2,GNN,5.7325144,5.8133607,-0.08084629999999926
581,3,2,GNN,5.444083,4.6661286,0.7779543999999996
7,3,4,GNN,10.3682,7.333576,3.034624
14,3,4,GNN,2.340101,3.2331183,-0.8930172999999999
18,3,4,GNN,6.4090633,5.8363996,0.5726636999999997
31,3,4,GNN,5.444083,4.8224587,0.6216242999999997
40,3,4,GNN,6.817504,6.543253,0.2742509999999996
49,3,4,GNN,0.6983451,0.8437532,-0.14540809999999993
52,3,4,GNN,13.11527,11.019391,2.095879
69,3,4,GNN,11.38537,9.294799,2.0905710000000006
105,3,4,GNN,1.8676273,2.853708,-0.9860807
114,3,4,GNN,1.7546765,1.0205404,0.7341361
120,3,4,GNN,4.710023,5.5313187,-0.8212957000000003
153,3,4,GNN,2.4643853,2.9442575,-0.47987219999999997
157,3,4,GNN,1.0046246,0.42566445,0.5789601500000001
168,3,4,GNN,1.64345,0.6982256,0.9452244000000001
173,3,4,GNN,7.295463,6.072217,1.2232459999999996
176,3,4,GNN,5.7325144,6.605154,-0.8726395999999994
187,3,4,GNN,2.7220416,1.611267,1.1107745999999998
188,3,4,GNN,-0.3474475,-0.51229644,0.16484893999999994
192,3,4,GNN,3.135953,1.452311,1.6836420000000003
201,3,4,GNN,1.7546765,-0.06330404,1.81798054
205,3,4,GNN,7.295463,6.8081703,0.48729270000000025
224,3,4,GNN,2.340101,1.2780858,1.0620152000000003
228,3,4,GNN,4.710023,4.7015767,0.00844629999999924
229,3,4,GNN,4.936662,4.5768337,0.3598283000000002
243,3,4,GNN,4.4977603,3.311738,1.1860223000000003
260,3,4,GNN,1.533799,-0.22732878,1.7611277799999998
271,3,4,GNN,-0.6983451,-1.0595627,0.3612176
273,3,4,GNN,2.9938436,1.961422,1.0324216
275,3,4,GNN,9.642798,6.7689962,2.8738018000000007
278,3,4,GNN,1.9824628,1.7072951,0.2751676999999999
289,3,4,GNN,6.817504,6.6592703,0.15823369999999937
294,3,4,GNN,8.218016,6.9053664,1.3126496000000003
317,3,4,GNN,1.2656772,1.4434265,-0.1777492999999999
324,3,4,GNN,1.2129581,0.77240145,0.44055665
328,3,4,GNN,0.0,-0.19430271,0.19430271
341,3,4,GNN,4.936662,5.1493096,-0.2126475999999995
356,3,4,GNN,1.64345,0.80200267,0.84144733
367,3,4,GNN,5.444083,6.567319,-1.1232360000000003
370,3,4,GNN,1.8676273,1.4491593,0.41846800000000006
374,3,4,GNN,2.0993576,1.4471918,0.6521657999999999
376,3,4,GNN,0.7997385,0.62679017,0.17294832999999998
378,3,4,GNN,0.09912158,0.39820042,-0.29907884
381,3,4,GNN,2.8560045,4.324583,-1.4685784999999996
389,3,4,GNN,1.8676273,1.683491,0.18413630000000003
394,3,4,GNN,6.0514255,5.274214,0.7772114999999999
413,3,4,GNN,0.0,-1.9424402,1.9424402
414,3,4,GNN,6.4090633,6.1761203,0.23294299999999968
425,3,4,GNN,2.7220416,3.0146346,-0.2925930000000001
448,3,4,GNN,0.09912158,-0.018199354,0.117320934
463,3,4,GNN,6.0514255,5.4436755,0.6077499999999993
469,3,4,GNN,3.434834,1.8769644,1.5578695999999999
485,3,4,GNN,5.444083,5.20761,0.23647300000000016
507,3,4,GNN,6.4090633,5.978586,0.43047729999999973
510,3,4,GNN,4.710023,5.2775593,-0.5675363000000004
513,3,4,GNN,7.295463,4.0514865,3.2439764999999996
550,3,4,GNN,4.710023,7.8973665,-3.1873435000000008
553,3,4,GNN,4.297837,4.651506,-0.353669
556,3,4,GNN,2.218501,2.6758163,-0.4573153000000003
565,3,4,GNN,5.7325144,5.1278286,0.6046858000000004
581,3,4,GNN,5.444083,4.2457576,1.1983253999999999
7,3,5,GNN,10.3682,8.170912,2.1972880000000004
14,3,5,GNN,2.340101,4.197301,-1.8572000000000002
18,3,5,GNN,6.4090633,7.0894237,-0.6803604000000005
31,3,5,GNN,5.444083,6.219547,-0.7754640000000004
40,3,5,GNN,6.817504,7.6893945,-0.8718905000000001
49,3,5,GNN,0.6983451,0.73105586,-0.03271075999999995
52,3,5,GNN,13.11527,12.34379,0.7714800000000004
69,3,5,GNN,11.38537,10.15534,1.2300299999999993
105,3,5,GNN,1.8676273,3.6555746,-1.7879473
114,3,5,GNN,1.7546765,2.237611,-0.4829344999999998
120,3,5,GNN,4.710023,4.977478,-0.267455
153,3,5,GNN,2.4643853,3.8929424,-1.4285571
157,3,5,GNN,1.0046246,1.0371549,-0.0325302999999999
168,3,5,GNN,1.64345,1.203545,0.439905
173,3,5,GNN,7.295463,6.4548545,0.8406085000000001
176,3,5,GNN,5.7325144,8.20591,-2.473395599999999
187,3,5,GNN,2.7220416,1.4493126,1.2727289999999998
188,3,5,GNN,-0.3474475,0.100696534,-0.448144034
192,3,5,GNN,3.135953,2.3425648,0.7933882000000003
201,3,5,GNN,1.7546765,0.032742873,1.721933627
205,3,5,GNN,7.295463,7.3717346,-0.0762716000000001
224,3,5,GNN,2.340101,0.97224367,1.36785733
228,3,5,GNN,4.710023,5.417191,-0.7071680000000002
229,3,5,GNN,4.936662,5.98371,-1.0470480000000002
243,3,5,GNN,4.4977603,4.53332,-0.03555969999999942
260,3,5,GNN,1.533799,0.010609239,1.5231897609999998
271,3,5,GNN,-0.6983451,-0.3485671,-0.34977800000000003
273,3,5,GNN,2.9938436,3.4758916,-0.48204800000000025
275,3,5,GNN,9.642798,8.798474,0.8443240000000003
278,3,5,GNN,1.9824628,1.8380024,0.14446040000000004
289,3,5,GNN,6.817504,6.9755545,-0.15805050000000076
294,3,5,GNN,8.218016,7.482404,0.7356120000000006
317,3,5,GNN,1.2656772,2.4911675,-1.2254903
324,3,5,GNN,1.2129581,2.239321,-1.0263628999999999
328,3,5,GNN,0.0,-0.13202107,0.13202107
341,3,5,GNN,4.936662,6.2415857,-1.3049236999999998
356,3,5,GNN,1.64345,0.6979424,0.9455076000000001
367,3,5,GNN,5.444083,6.499797,-1.055714
370,3,5,GNN,1.8676273,2.5821557,-0.7145283999999998
374,3,5,GNN,2.0993576,2.2691858,-0.16982819999999998
376,3,5,GNN,0.7997385,0.9558028,-0.15606429999999993
378,3,5,GNN,0.09912158,0.90081716,-0.80169558
381,3,5,GNN,2.8560045,5.0470514,-2.1910469
389,3,5,GNN,1.8676273,2.2810802,-0.4134528999999998
394,3,5,GNN,6.0514255,6.2886786,-0.23725310000000022
413,3,5,GNN,0.0,-0.023916304,0.023916304
414,3,5,GNN,6.4090633,6.892603,-0.48353970000000057
425,3,5,GNN,2.7220416,4.4777036,-1.755662
448,3,5,GNN,0.09912158,0.06136228,0.0377593
463,3,5,GNN,6.0514255,6.7600317,-0.7086062000000002
469,3,5,GNN,3.434834,2.5181684,0.9166656
485,3,5,GNN,5.444083,7.1628056,-1.7187226000000004
507,3,5,GNN,6.4090633,6.1314154,0.27764789999999984
510,3,5,GNN,4.710023,5.606989,-0.8969659999999999
513,3,5,GNN,7.295463,5.1221886,2.1732743999999995
550,3,5,GNN,4.710023,7.92554,-3.215517
553,3,5,GNN,4.297837,5.295312,-0.9974749999999997
556,3,5,GNN,2.218501,3.812203,-1.593702
565,3,5,GNN,5.7325144,5.9849186,-0.25240419999999997
581,3,5,GNN,5.444083,5.262249,0.18183400000000027
7,3,6,GNN,10.3682,7.568608,2.7995919999999996
14,3,6,GNN,2.340101,4.2499623,-1.9098612999999998
18,3,6,GNN,6.4090633,6.6569247,-0.24786140000000056
31,3,6,GNN,5.444083,5.4608245,-0.016741500000000187
40,3,6,GNN,6.817504,7.068021,-0.2505170000000003
49,3,6,GNN,0.6983451,0.7713909,-0.07304579999999994
52,3,6,GNN,13.11527,11.783263,1.3320070000000008
69,3,6,GNN,11.38537,10.339999,1.0453709999999994
105,3,6,GNN,1.8676273,2.358341,-0.4907136999999997
114,3,6,GNN,1.7546765,2.2695265,-0.51485
120,3,6,GNN,4.710023,5.354093,-0.6440700000000001
153,3,6,GNN,2.4643853,3.1668792,-0.7024938999999999
157,3,6,GNN,1.0046246,0.25543398,0.74919062
168,3,6,GNN,1.64345,1.6157414,0.027708599999999972
173,3,6,GNN,7.295463,5.676786,1.618677
176,3,6,GNN,5.7325144,8.062216,-2.329701599999999
187,3,6,GNN,2.7220416,1.4103698,1.3116717999999998
188,3,6,GNN,-0.3474475,-0.21499647,-0.13245103000000003
192,3,6,GNN,3.135953,1.6381888,1.4977642000000002
201,3,6,GNN,1.7546765,0.14708488,1.60759162
205,3,6,GNN,7.295463,7.2645493,0.030913700000000155
224,3,6,GNN,2.340101,1.083399,1.2567020000000002
228,3,6,GNN,4.710023,4.853999,-0.14397600000000033
229,3,6,GNN,4.936662,5.0564637,-0.11980170000000001
243,3,6,GNN,4.4977603,4.265446,0.23231430000000053
260,3,6,GNN,1.533799,0.24567747,1.28812153
271,3,6,GNN,-0.6983451,-0.15005259,-0.54829251
273,3,6,GNN,2.9938436,2.8894413,0.10440229999999984
275,3,6,GNN,9.642798,7.9894533,1.6533447000000008
278,3,6,GNN,1.9824628,1.8804183,0.10204449999999987
289,3,6,GNN,6.817504,6.0251884,0.7923155999999993
294,3,6,GNN,8.218016,7.301894,0.9161220000000005
317,3,6,GNN,1.2656772,2.0536993,-0.7880220999999998
324,3,6,GNN,1.2129581,2.2752025,-1.0622443999999998
328,3,6,GNN,0.0,-0.12940665,0.12940665
341,3,6,GNN,4.936662,5.3919015,-0.45523950000000024
356,3,6,GNN,1.64345,0.75414973,0.8893002700000001
367,3,6,GNN,5.444083,5.6964016,-0.2523185999999997
370,3,6,GNN,1.8676273,1.7960567,0.07157060000000004
374,3,6,GNN,2.0993576,2.00287,0.09648759999999967
376,3,6,GNN,0.7997385,0.72978234,0.06995616000000004
378,3,6,GNN,0.09912158,0.029242977,0.069878603
381,3,6,GNN,2.8560045,4.649197,-1.7931925
389,3,6,GNN,1.8676273,1.876738,-0.009110699999999916
394,3,6,GNN,6.0514255,5.4503675,0.6010580000000001
413,3,6,GNN,0.0,0.16171707,-0.16171707
414,3,6,GNN,6.4090633,5.8526607,0.5564025999999993
425,3,6,GNN,2.7220416,2.8611574,-0.13911580000000034
448,3,6,GNN,0.09912158,0.024177313,0.07494426700000001
463,3,6,GNN,6.0514255,5.825003,0.22642249999999997
469,3,6,GNN,3.434834,2.3281898,1.1066441999999999
485,3,6,GNN,5.444083,6.3392673,-0.8951843000000004
507,3,6,GNN,6.4090633,5.8629284,0.5461348999999993
510,3,6,GNN,4.710023,5.4144254,-0.7044024000000002
513,3,6,GNN,7.295463,4.669139,2.6263239999999994
550,3,6,GNN,4.710023,8.055035,-3.3450120000000005
553,3,6,GNN,4.297837,4.7156463,-0.41780930000000005
556,3,6,GNN,2.218501,3.7411246,-1.5226236000000002
565,3,6,GNN,5.7325144,5.760967,-0.028452599999999606
581,3,6,GNN,5.444083,4.690905,0.7531780000000001
7,3,7,GNN,10.3682,7.9632998,2.4049002
14,3,7,GNN,2.340101,4.395295,-2.0551939999999997
18,3,7,GNN,6.4090633,6.003521,0.4055422999999996
31,3,7,GNN,5.444083,4.9584208,0.48566220000000015
40,3,7,GNN,6.817504,7.071703,-0.25419900000000073
49,3,7,GNN,0.6983451,0.61405194,0.08429316000000009
52,3,7,GNN,13.11527,11.165146,1.9501240000000006
69,3,7,GNN,11.38537,10.451647,0.9337230000000005
105,3,7,GNN,1.8676273,2.1365693,-0.268942
114,3,7,GNN,1.7546765,1.4360573,0.3186191999999999
120,3,7,GNN,4.710023,5.762105,-1.0520820000000004
153,3,7,GNN,2.4643853,3.128131,-0.6637457000000002
157,3,7,GNN,1.0046246,0.74050343,0.2641211700000001
168,3,7,GNN,1.64345,1.1539228,0.48952720000000016
173,3,7,GNN,7.295463,6.1768093,1.1186536999999994
176,3,7,GNN,5.7325144,8.055236,-2.3227216000000004
187,3,7,GNN,2.7220416,1.0798115,1.6422301
188,3,7,GNN,-0.3474475,-0.3788588,0.031411299999999975
192,3,7,GNN,3.135953,2.2478378,0.8881152000000001
201,3,7,GNN,1.7546765,0.10073232,1.6539441799999999
205,3,7,GNN,7.295463,7.736518,-0.4410550000000004
224,3,7,GNN,2.340101,0.95959246,1.3805085400000001
228,3,7,GNN,4.710023,4.860605,-0.150582
229,3,7,GNN,4.936662,5.5034046,-0.5667425999999995
243,3,7,GNN,4.4977603,4.360318,0.13744230000000002
260,3,7,GNN,1.533799,0.11497378,1.41882522
271,3,7,GNN,-0.6983451,-0.44604307,-0.25230203000000007
273,3,7,GNN,2.9938436,2.4090445,0.5847991000000001
275,3,7,GNN,9.642798,7.630495,2.012303000000001
278,3,7,GNN,1.9824628,1.2092055,0.7732573
289,3,7,GNN,6.817504,6.371311,0.4461929999999992
294,3,7,GNN,8.218016,7.787922,0.4300940000000004
317,3,7,GNN,1.2656772,2.4324505,-1.1667732999999998
324,3,7,GNN,1.2129581,1.4359192,-0.22296110000000002
328,3,7,GNN,0.0,0.029041708,-0.029041708
341,3,7,GNN,4.936662,5.55649,-0.619828
356,3,7,GNN,1.64345,0.6233621,1.0200879
367,3,7,GNN,5.444083,6.3502665,-0.9061835
370,3,7,GNN,1.8676273,2.2789435,-0.4113161999999999
374,3,7,GNN,2.0993576,2.4443328,-0.34497520000000037
376,3,7,GNN,0.7997385,0.6574704,0.1422681
378,3,7,GNN,0.09912158,-0.32282948,0.42195106
381,3,7,GNN,2.8560045,4.6448407,-1.7888361999999995
389,3,7,GNN,1.8676273,2.4657497,-0.5981223999999998
394,3,7,GNN,6.0514255,5.6263857,0.4250397999999995
413,3,7,GNN,0.0,0.069462106,-0.069462106
414,3,7,GNN,6.4090633,5.75856,0.6505032999999996
425,3,7,GNN,2.7220416,3.0773802,-0.35533860000000006
448,3,7,GNN,0.09912158,0.04636909,0.05275249
463,3,7,GNN,6.0514255,5.344978,0.7064474999999995
469,3,7,GNN,3.434834,2.5005965,0.9342375
485,3,7,GNN,5.444083,5.8638735,-0.4197905000000004
507,3,7,GNN,6.4090633,6.1801357,0.22892759999999956
510,3,7,GNN,4.710023,5.584595,-0.8745720000000006
513,3,7,GNN,7.295463,4.68731,2.6081529999999997
550,3,7,GNN,4.710023,9.057631,-4.347608000000001
553,3,7,GNN,4.297837,5.3489027,-1.0510656999999997
556,3,7,GNN,2.218501,3.4211595,-1.2026585
565,3,7,GNN,5.7325144,5.7857075,-0.05319309999999966
581,3,7,GNN,5.444083,4.643982,0.8001009999999997
7,3,8,GNN,10.3682,7.634191,2.7340089999999995
14,3,8,GNN,2.340101,4.0472965,-1.7071954999999996
18,3,8,GNN,6.4090633,5.9481597,0.46090359999999997
31,3,8,GNN,5.444083,4.917114,0.5269690000000002
40,3,8,GNN,6.817504,6.711313,0.10619099999999992
49,3,8,GNN,0.6983451,1.523056,-0.8247108999999999
52,3,8,GNN,13.11527,11.676707,1.4385630000000003
69,3,8,GNN,11.38537,11.1624975,0.22287249999999936
105,3,8,GNN,1.8676273,2.0039856,-0.13635829999999993
114,3,8,GNN,1.7546765,1.7484573,0.006219199999999869
120,3,8,GNN,4.710023,5.26473,-0.5547070000000005
153,3,8,GNN,2.4643853,2.931271,-0.4668857000000002
157,3,8,GNN,1.0046246,0.593124,0.4115006000000001
168,3,8,GNN,1.64345,0.9452008,0.6982492000000001
173,3,8,GNN,7.295463,5.795923,1.4995399999999997
176,3,8,GNN,5.7325144,8.24817,-2.5156555999999997
187,3,8,GNN,2.7220416,1.1259112,1.5961303999999998
188,3,8,GNN,-0.3474475,-0.28013784,-0.06730966
192,3,8,GNN,3.135953,1.9406714,1.1952816000000002
201,3,8,GNN,1.7546765,0.8553534,0.8993230999999999
205,3,8,GNN,7.295463,7.3226256,-0.02716260000000048
224,3,8,GNN,2.340101,1.1642903,1.1758107000000002
228,3,8,GNN,4.710023,4.6948404,0.015182599999999269
229,3,8,GNN,4.936662,4.942329,-0.005666999999999867
243,3,8,GNN,4.4977603,4.026212,0.47154830000000025
260,3,8,GNN,1.533799,0.26631764,1.26748136
271,3,8,GNN,-0.6983451,-0.5902044,-0.10814070000000009
273,3,8,GNN,2.9938436,2.4942923,0.4995512999999998
275,3,8,GNN,9.642798,8.586133,1.0566650000000006
278,3,8,GNN,1.9824628,1.4414145,0.5410482999999999
289,3,8,GNN,6.817504,6.5008316,0.31667239999999985
294,3,8,GNN,8.218016,7.493434,0.7245820000000007
317,3,8,GNN,1.2656772,2.0271957,-0.7615185
324,3,8,GNN,1.2129581,1.6712222,-0.45826410000000006
328,3,8,GNN,0.0,-0.060813643,0.060813643
341,3,8,GNN,4.936662,5.4343915,-0.49772950000000016
356,3,8,GNN,1.64345,1.6454083,-0.0019582999999998574
367,3,8,GNN,5.444083,6.0645843,-0.6205012999999999
370,3,8,GNN,1.8676273,2.052965,-0.18533769999999983
374,3,8,GNN,2.0993576,1.9229136,0.17644399999999982
376,3,8,GNN,0.7997385,0.7873929,0.012345600000000068
378,3,8,GNN,0.09912158,-0.1411885,0.24031007999999998
381,3,8,GNN,2.8560045,4.417269,-1.5612645
389,3,8,GNN,1.8676273,1.8192697,0.04835760000000011
394,3,8,GNN,6.0514255,5.1555557,0.8958697999999998
413,3,8,GNN,0.0,0.6420604,-0.6420604
414,3,8,GNN,6.4090633,6.1888394,0.2202238999999997
425,3,8,GNN,2.7220416,3.361573,-0.6395314000000001
448,3,8,GNN,0.09912158,-0.11482846,0.21395004
463,3,8,GNN,6.0514255,5.3977866,0.6536388999999998
469,3,8,GNN,3.434834,1.9561615,1.4786724999999998
485,3,8,GNN,5.444083,5.39726,0.04682299999999984
507,3,8,GNN,6.4090633,6.084605,0.32445829999999987
510,3,8,GNN,4.710023,5.187139,-0.47711600000000054
513,3,8,GNN,7.295463,4.5218296,2.7736333999999996
550,3,8,GNN,4.710023,8.365121,-3.6550980000000006
553,3,8,GNN,4.297837,4.8797827,-0.5819456999999995
556,3,8,GNN,2.218501,3.1522665,-0.9337655000000002
565,3,8,GNN,5.7325144,5.7716985,-0.039184099999999944
581,3,8,GNN,5.444083,4.873931,0.5701520000000002
7,3,9,GNN,10.3682,7.3171983,3.0510016999999996
14,3,9,GNN,2.340101,4.3953204,-2.0552194
18,3,9,GNN,6.4090633,6.053001,0.3560622999999996
31,3,9,GNN,5.444083,4.6994166,0.7446663999999998
40,3,9,GNN,6.817504,6.8414245,-0.02392050000000001
49,3,9,GNN,0.6983451,0.7981591,-0.09981399999999996
52,3,9,GNN,13.11527,12.12118,0.9940899999999999
69,3,9,GNN,11.38537,10.603809,0.781561
105,3,9,GNN,1.8676273,2.8951955,-1.0275681999999997
114,3,9,GNN,1.7546765,1.8052605,-0.05058399999999996
120,3,9,GNN,4.710023,5.4554944,-0.7454714000000005
153,3,9,GNN,2.4643853,3.1669884,-0.7026031000000001
157,3,9,GNN,1.0046246,0.28124353,0.7233810700000001
168,3,9,GNN,1.64345,1.3330187,0.3104313000000001
173,3,9,GNN,7.295463,6.4391923,0.8562706999999996
176,3,9,GNN,5.7325144,8.577805,-2.8452905999999993
187,3,9,GNN,2.7220416,1.6105322,1.1115093999999999
188,3,9,GNN,-0.3474475,-0.06790958,-0.27953792
192,3,9,GNN,3.135953,2.2825944,0.8533586000000004
201,3,9,GNN,1.7546765,0.2868735,1.467803
205,3,9,GNN,7.295463,7.281375,0.0140880000000001
224,3,9,GNN,2.340101,0.9699607,1.3701403
228,3,9,GNN,4.710023,4.8453803,-0.1353573000000008
229,3,9,GNN,4.936662,5.20013,-0.2634679999999996
243,3,9,GNN,4.4977603,4.3823543,0.11540600000000012
260,3,9,GNN,1.533799,-0.016663685,1.5504626849999998
271,3,9,GNN,-0.6983451,-0.8960084,0.1976633
273,3,9,GNN,2.9938436,2.732739,0.2611045999999999
275,3,9,GNN,9.642798,8.391938,1.2508600000000012
278,3,9,GNN,1.9824628,1.2152362,0.7672265999999999
289,3,9,GNN,6.817504,6.7145443,0.10295969999999954
294,3,9,GNN,8.218016,7.5313673,0.6866487000000001
317,3,9,GNN,1.2656772,2.6543813,-1.3887040999999998
324,3,9,GNN,1.2129581,1.7817787,-0.5688206
328,3,9,GNN,0.0,-0.0382528,0.0382528
341,3,9,GNN,4.936662,5.304338,-0.36767600000000034
356,3,9,GNN,1.64345,0.77110577,0.87234423
367,3,9,GNN,5.444083,6.5289106,-1.0848275999999997
370,3,9,GNN,1.8676273,2.463404,-0.5957767
374,3,9,GNN,2.0993576,2.5539925,-0.4546349000000003
376,3,9,GNN,0.7997385,0.7086661,0.09107240000000005
378,3,9,GNN,0.09912158,0.41991404,-0.32079246
381,3,9,GNN,2.8560045,4.657928,-1.8019235
389,3,9,GNN,1.8676273,2.5370698,-0.6694424999999997
394,3,9,GNN,6.0514255,5.470878,0.5805474999999998
413,3,9,GNN,0.0,-0.17029825,0.17029825
414,3,9,GNN,6.4090633,6.114032,0.2950312999999998
425,3,9,GNN,2.7220416,3.1619587,-0.43991710000000017
448,3,9,GNN,0.09912158,-0.0077602267,0.1068818067
463,3,9,GNN,6.0514255,5.7987857,0.25263979999999986
469,3,9,GNN,3.434834,2.493338,0.9414959999999999
485,3,9,GNN,5.444083,5.4392505,0.004832500000000017
507,3,9,GNN,6.4090633,5.970513,0.4385502999999993
510,3,9,GNN,4.710023,5.3040557,-0.5940327000000005
513,3,9,GNN,7.295463,5.0892396,2.2062234
550,3,9,GNN,4.710023,8.8341465,-4.1241235
553,3,9,GNN,4.297837,5.3917284,-1.0938913999999995
556,3,9,GNN,2.218501,3.6008463,-1.3823453000000003
565,3,9,GNN,5.7325144,5.9646287,-0.23211429999999922
581,3,9,GNN,5.444083,4.892138,0.5519449999999999
7,3,10,GNN,10.3682,7.659093,2.7091069999999995
14,3,10,GNN,2.340101,3.6956487,-1.3555476999999998
18,3,10,GNN,6.4090633,6.628012,-0.21894870000000033
31,3,10,GNN,5.444083,4.6522465,0.7918364999999996
40,3,10,GNN,6.817504,6.8778534,-0.060349400000000664
49,3,10,GNN,0.6983451,0.722471,-0.024125899999999922
52,3,10,GNN,13.11527,12.606609,0.508661
69,3,10,GNN,11.38537,11.565596,-0.18022599999999933
105,3,10,GNN,1.8676273,2.5776253,-0.7099979999999997
114,3,10,GNN,1.7546765,0.97879755,0.77587895
120,3,10,GNN,4.710023,5.0995674,-0.3895444000000001
153,3,10,GNN,2.4643853,2.5891533,-0.12476799999999999
157,3,10,GNN,1.0046246,-0.03978902,1.04441362
168,3,10,GNN,1.64345,0.63603735,1.00741265
173,3,10,GNN,7.295463,5.8821635,1.4132995
176,3,10,GNN,5.7325144,8.451429,-2.718914599999999
187,3,10,GNN,2.7220416,1.4701134,1.2519281999999998
188,3,10,GNN,-0.3474475,-0.5301597,0.1827122
192,3,10,GNN,3.135953,1.6679444,1.4680086
201,3,10,GNN,1.7546765,0.031684138,1.722992362
205,3,10,GNN,7.295463,7.4620748,-0.1666118000000001
224,3,10,GNN,2.340101,0.8601397,1.4799613000000003
228,3,10,GNN,4.710023,4.675662,0.03436099999999964
229,3,10,GNN,4.936662,5.115292,-0.17863000000000007
243,3,10,GNN,4.4977603,3.6875043,0.8102560000000003
260,3,10,GNN,1.533799,0.01882179,1.5149772099999999
271,3,10,GNN,-0.6983451,-0.7764871,0.07814199999999993
273,3,10,GNN,2.9938436,2.6904397,0.3034038999999997
275,3,10,GNN,9.642798,8.690305,0.9524930000000005
278,3,10,GNN,1.9824628,1.1715848,0.810878
289,3,10,GNN,6.817504,6.8532553,-0.03575130000000026
294,3,10,GNN,8.218016,7.631851,0.5861650000000003
317,3,10,GNN,1.2656772,2.020411,-0.7547338000000001
324,3,10,GNN,1.2129581,0.9486363,0.26432180000000005
328,3,10,GNN,0.0,0.021873638,-0.021873638
341,3,10,GNN,4.936662,5.1767116,-0.24004959999999986
356,3,10,GNN,1.64345,0.67423296,0.9692170400000001
367,3,10,GNN,5.444083,5.8671365,-0.42305349999999997
370,3,10,GNN,1.8676273,1.8056542,0.061973100000000114
374,3,10,GNN,2.0993576,1.9563982,0.14295939999999985
376,3,10,GNN,0.7997385,0.6936058,0.10613269999999997
378,3,10,GNN,0.09912158,-0.4533157,0.55243728
381,3,10,GNN,2.8560045,4.116093,-1.2600885000000002
389,3,10,GNN,1.8676273,2.2994642,-0.43183689999999997
394,3,10,GNN,6.0514255,5.309692,0.7417334999999996
413,3,10,GNN,0.0,-0.021928132,0.021928132
414,3,10,GNN,6.4090633,6.035522,0.3735412999999994
425,3,10,GNN,2.7220416,3.1107736,-0.3887320000000001
448,3,10,GNN,0.09912158,0.07209614,0.027025439999999998
463,3,10,GNN,6.0514255,5.474753,0.5766724999999999
469,3,10,GNN,3.434834,2.0729706,1.3618633999999998
485,3,10,GNN,5.444083,5.348498,0.09558499999999981
507,3,10,GNN,6.4090633,5.8082156,0.6008477000000001
510,3,10,GNN,4.710023,4.992741,-0.282718
513,3,10,GNN,7.295463,4.1715093,3.1239536999999995
550,3,10,GNN,4.710023,8.478513,-3.76849
553,3,10,GNN,4.297837,5.2431564,-0.9453193999999998
556,3,10,GNN,2.218501,3.1740546,-0.9555536
565,3,10,GNN,5.7325144,5.459991,0.27252340000000075
581,3,10,GNN,5.444083,4.6295733,0.8145097000000003
11,4,1,GNN,-1.0046246,0.4942976,-1.4989222
15,4,1,GNN,2.4643853,2.760366,-0.2959806999999999
19,4,1,GNN,5.1802483,5.7356224,-0.5553740999999999
23,4,1,GNN,9.642798,9.596508,0.04629000000000083
37,4,1,GNN,5.444083,5.9396706,-0.49558760000000035
48,4,1,GNN,5.444083,5.5674624,-0.12337940000000014
59,4,1,GNN,5.444083,7.4579587,-2.0138757
65,4,1,GNN,11.38537,9.418122,1.9672479999999997
91,4,1,GNN,0.6983451,1.6421562,-0.9438111
93,4,1,GNN,7.295463,6.0922103,1.2032527000000002
109,4,1,GNN,0.4972036,0.73933196,-0.24212836
116,4,1,GNN,2.218501,3.4692335,-1.2507325000000002
118,4,1,GNN,5.444083,6.1841693,-0.7400862999999998
143,4,1,GNN,2.0993576,2.3144634,-0.21510580000000035
148,4,1,GNN,6.0514255,5.2376943,0.8137311999999994
149,4,1,GNN,-1.1083095,0.44442126,-1.55273076
170,4,1,GNN,5.1802483,6.0248218,-0.8445735000000001
175,4,1,GNN,4.936662,4.9411254,-0.004463399999999673
189,4,1,GNN,5.444083,3.6318111,1.8122718999999998
196,4,1,GNN,5.1802483,5.3397675,-0.15951920000000008
209,4,1,GNN,-0.29768264,1.4438046,-1.74148724
219,4,1,GNN,2.4643853,2.0554786,0.4089067000000002
241,4,1,GNN,5.444083,5.719235,-0.2751520000000003
245,4,1,GNN,5.7325144,4.725016,1.0074984000000002
253,4,1,GNN,13.11527,9.601103,3.5141670000000005
255,4,1,GNN,6.4090633,4.5453496,1.8637137
265,4,1,GNN,2.0993576,2.3320231,-0.23266549999999997
276,4,1,GNN,2.7220416,3.0987988,-0.3767572000000001
284,4,1,GNN,7.295463,4.2609982,3.0344647999999994
285,4,1,GNN,0.4972036,0.679356,-0.18215239999999994
299,4,1,GNN,0.7997385,0.76740277,0.03233573000000001
306,4,1,GNN,-0.09912158,0.08645089,-0.18557247
336,4,1,GNN,1.2129581,2.668609,-1.4556509
342,4,1,GNN,0.6983451,3.3676262,-2.6692811
354,4,1,GNN,6.0514255,6.6498623,-0.5984368
369,4,1,GNN,-0.19832253,0.28958136,-0.48790389
375,4,1,GNN,1.1083095,3.3072267,-2.1989172000000003
392,4,1,GNN,-0.6983451,1.2411743,-1.9395194
400,4,1,GNN,8.6127615,11.668546,-3.0557844999999997
410,4,1,GNN,5.444083,4.6201334,0.8239495999999997
411,4,1,GNN,5.444083,6.101599,-0.6575160000000002
415,4,1,GNN,4.4977603,6.754098,-2.2563376999999996
438,4,1,GNN,5.7325144,5.1218166,0.6106978000000005
451,4,1,GNN,1.8676273,2.1597,-0.29207269999999985
452,4,1,GNN,1.4255849,0.7508551,0.6747298
457,4,1,GNN,4.4977603,4.852939,-0.35517869999999974
465,4,1,GNN,1.0046246,0.77744067,0.22718393000000014
476,4,1,GNN,0.5975294,0.7556015,-0.15807210000000005
477,4,1,GNN,5.444083,5.3103085,0.13377450000000035
497,4,1,GNN,7.874293,7.502334,0.3719589999999995
508,4,1,GNN,7.295463,10.12463,-2.829167
525,4,1,GNN,5.1802483,5.3509483,-0.17070000000000007
534,4,1,GNN,4.936662,5.1635365,-0.2268745000000001
536,4,1,GNN,6.4090633,6.2809186,0.1281447
545,4,1,GNN,3.5927033,3.201665,0.39103829999999995
552,4,1,GNN,3.434834,3.220793,0.21404099999999993
558,4,1,GNN,6.4090633,6.987634,-0.5785707000000002
582,4,1,GNN,1.533799,0.1995745,1.3342245
594,4,1,GNN,3.135953,1.5514642,1.5844888000000001
598,4,1,GNN,4.710023,4.5309253,0.1790976999999998
11,4,2,GNN,-1.0046246,0.5676275,-1.5722521
15,4,2,GNN,2.4643853,2.9591508,-0.4947655000000002
19,4,2,GNN,5.1802483,5.859348,-0.6790997000000001
23,4,2,GNN,9.642798,10.544998,-0.9021999999999988
37,4,2,GNN,5.444083,5.9752283,-0.5311453000000004
48,4,2,GNN,5.444083,5.853157,-0.4090740000000004
59,4,2,GNN,5.444083,7.681894,-2.2378109999999998
65,4,2,GNN,11.38537,10.642303,0.7430669999999999
91,4,2,GNN,0.6983451,1.3458396,-0.6474944999999999
93,4,2,GNN,7.295463,6.4437513,0.8517117000000001
109,4,2,GNN,0.4972036,0.54817235,-0.05096874999999995
116,4,2,GNN,2.218501,3.3796554,-1.1611544
118,4,2,GNN,5.444083,6.3216243,-0.8775412999999999
143,4,2,GNN,2.0993576,2.5812933,-0.4819357000000002
148,4,2,GNN,6.0514255,5.7065897,0.34483579999999936
149,4,2,GNN,-1.1083095,-0.7592692,-0.3490403000000001
170,4,2,GNN,5.1802483,6.017294,-0.8370457
175,4,2,GNN,4.936662,4.8903584,0.04630359999999989
189,4,2,GNN,5.444083,4.947111,0.4969720000000004
196,4,2,GNN,5.1802483,5.6080685,-0.4278202000000002
209,4,2,GNN,-0.29768264,0.64821404,-0.94589668
219,4,2,GNN,2.4643853,2.2561288,0.20825650000000007
241,4,2,GNN,5.444083,5.827349,-0.3832659999999999
245,4,2,GNN,5.7325144,5.344761,0.38775340000000025
253,4,2,GNN,13.11527,10.778618,2.336652000000001
255,4,2,GNN,6.4090633,4.9093833,1.4996799999999997
265,4,2,GNN,2.0993576,1.7228322,0.3765253999999998
276,4,2,GNN,2.7220416,3.1350648,-0.41302320000000003
284,4,2,GNN,7.295463,5.596448,1.6990150000000002
285,4,2,GNN,0.4972036,0.5927807,-0.09557710000000003
299,4,2,GNN,0.7997385,0.6721072,0.1276313
306,4,2,GNN,-0.09912158,0.08024548,-0.17936706
336,4,2,GNN,1.2129581,1.8667009,-0.6537428000000001
342,4,2,GNN,0.6983451,1.9412814,-1.2429363
354,4,2,GNN,6.0514255,5.8559875,0.19543799999999933
369,4,2,GNN,-0.19832253,0.31092384,-0.5092463700000001
375,4,2,GNN,1.1083095,1.691797,-0.5834874999999999
392,4,2,GNN,-0.6983451,-1.037091,0.33874589999999993
400,4,2,GNN,8.6127615,9.800082,-1.1873205000000002
410,4,2,GNN,5.444083,4.96404,0.4800430000000002
411,4,2,GNN,5.444083,5.840662,-0.396579
415,4,2,GNN,4.4977603,5.8508573,-1.353097
438,4,2,GNN,5.7325144,4.7507873,0.9817271000000005
451,4,2,GNN,1.8676273,1.574075,0.2935523000000002
452,4,2,GNN,1.4255849,0.9673163,0.4582686
457,4,2,GNN,4.4977603,5.3313236,-0.8335632999999998
465,4,2,GNN,1.0046246,0.9757386,0.02888600000000008
476,4,2,GNN,0.5975294,0.68056816,-0.08303875999999999
477,4,2,GNN,5.444083,5.496935,-0.05285199999999968
497,4,2,GNN,7.874293,7.9069834,-0.0326903999999999
508,4,2,GNN,7.295463,10.27903,-2.9835670000000007
525,4,2,GNN,5.1802483,5.726515,-0.5462667000000003
534,4,2,GNN,4.936662,5.0749497,-0.13828770000000024
536,4,2,GNN,6.4090633,6.462456,-0.05339270000000074
545,4,2,GNN,3.5927033,3.2928724,0.29983090000000034
552,4,2,GNN,3.434834,3.4364161,-0.0015821000000002527
558,4,2,GNN,6.4090633,5.504014,0.9050493
582,4,2,GNN,1.533799,0.21238504,1.3214139599999999
594,4,2,GNN,3.135953,2.6394563,0.49649670000000024
598,4,2,GNN,4.710023,5.0523205,-0.3422975000000008
11,4,3,GNN,-1.0046246,-0.008383527,-0.9962410730000001
15,4,3,GNN,2.4643853,2.791578,-0.3271926999999999
19,4,3,GNN,5.1802483,6.035988,-0.8557397
23,4,3,GNN,9.642798,11.701384,-2.0585859999999983
37,4,3,GNN,5.444083,6.2660723,-0.8219893000000003
48,4,3,GNN,5.444083,5.3001842,0.14389879999999966
59,4,3,GNN,5.444083,8.653711,-3.2096279999999995
65,4,3,GNN,11.38537,11.204275,0.18109499999999912
91,4,3,GNN,0.6983451,1.4910612,-0.7927161
93,4,3,GNN,7.295463,6.4440556,0.8514073999999994
109,4,3,GNN,0.4972036,0.58774704,-0.09054343999999998
116,4,3,GNN,2.218501,3.5069792,-1.2884782000000001
118,4,3,GNN,5.444083,6.191478,-0.747395
143,4,3,GNN,2.0993576,2.2958531,-0.19649550000000016
148,4,3,GNN,6.0514255,5.703411,0.34801449999999967
149,4,3,GNN,-1.1083095,-0.07932113,-1.02898837
170,4,3,GNN,5.1802483,5.5739317,-0.39368340000000046
175,4,3,GNN,4.936662,4.777549,0.1591130000000005
189,4,3,GNN,5.444083,4.9179354,0.5261475999999998
196,4,3,GNN,5.1802483,5.3035693,-0.12332100000000068
209,4,3,GNN,-0.29768264,2.1201022,-2.41778484
219,4,3,GNN,2.4643853,2.4025424,0.06184289999999981
241,4,3,GNN,5.444083,6.0145063,-0.5704232999999999
245,4,3,GNN,5.7325144,5.187251,0.5452634000000005
253,4,3,GNN,13.11527,10.861631,2.2536390000000015
255,4,3,GNN,6.4090633,4.8563805,1.5526827999999995
265,4,3,GNN,2.0993576,2.1546452,-0.055287600000000214
276,4,3,GNN,2.7220416,3.0309093,-0.30886769999999997
284,4,3,GNN,7.295463,5.511204,1.7842589999999996
285,4,3,GNN,0.4972036,0.502022,-0.004818399999999945
299,4,3,GNN,0.7997385,0.52534646,0.27439204000000006
306,4,3,GNN,-0.09912158,0.16534922,-0.2644708
336,4,3,GNN,1.2129581,3.1530442,-1.9400861
342,4,3,GNN,0.6983451,2.7754693,-2.0771242
354,4,3,GNN,6.0514255,6.4431043,-0.3916788000000002
369,4,3,GNN,-0.19832253,0.39410028,-0.59242281
375,4,3,GNN,1.1083095,3.3580673,-2.2497578000000003
392,4,3,GNN,-0.6983451,0.49531764,-1.1936627400000002
400,4,3,GNN,8.6127615,12.090637,-3.4778754999999997
410,4,3,GNN,5.444083,5.3995447,0.04453830000000014
411,4,3,GNN,5.444083,6.526241,-1.0821579999999997
415,4,3,GNN,4.4977603,6.5581884,-2.0604280999999993
438,4,3,GNN,5.7325144,5.5269957,0.20551870000000072
451,4,3,GNN,1.8676273,2.3877118,-0.5200844999999998
452,4,3,GNN,1.4255849,1.4648304,-0.039245500000000044
457,4,3,GNN,4.4977603,5.2871394,-0.7893790999999997
465,4,3,GNN,1.0046246,0.28439718,0.7202274200000001
476,4,3,GNN,0.5975294,0.5247908,0.07273859999999999
477,4,3,GNN,5.444083,5.285616,0.1584669999999999
497,4,3,GNN,7.874293,7.5031853,0.3711076999999996
508,4,3,GNN,7.295463,10.618099,-3.322636000000001
525,4,3,GNN,5.1802483,5.7027783,-0.5225300000000006
534,4,3,GNN,4.936662,5.402625,-0.46596299999999946
536,4,3,GNN,6.4090633,6.5741816,-0.1651183000000005
545,4,3,GNN,3.5927033,3.182842,0.4098613000000002
552,4,3,GNN,3.434834,3.6263087,-0.1914747000000001
558,4,3,GNN,6.4090633,7.261085,-0.8520216999999999
582,4,3,GNN,1.533799,-0.2943284,1.8281273999999998
594,4,3,GNN,3.135953,2.4873347,0.6486183000000003
598,4,3,GNN,4.710023,5.2994914,-0.5894684000000003
11,4,5,GNN,-1.0046246,0.6182934,-1.622918
15,4,5,GNN,2.4643853,2.850685,-0.3862996999999999
19,4,5,GNN,5.1802483,5.7005944,-0.5203461000000003
23,4,5,GNN,9.642798,10.376515,-0.7337169999999986
37,4,5,GNN,5.444083,5.8117704,-0.36768740000000033
48,4,5,GNN,5.444083,5.5237045,-0.07962150000000001
59,4,5,GNN,5.444083,8.581735,-3.137652
65,4,5,GNN,11.38537,10.369697,1.0156729999999996
91,4,5,GNN,0.6983451,1.1030303,-0.40468519999999986
93,4,5,GNN,7.295463,6.3213296,0.9741333999999995
109,4,5,GNN,0.4972036,0.60315937,-0.10595576999999995
116,4,5,GNN,2.218501,3.066415,-0.8479140000000003
118,4,5,GNN,5.444083,6.521217,-1.077134
143,4,5,GNN,2.0993576,2.5107653,-0.41140770000000026
148,4,5,GNN,6.0514255,5.626205,0.4252205
149,4,5,GNN,-1.1083095,-0.1833854,-0.9249241
170,4,5,GNN,5.1802483,5.8576055,-0.6773572000000003
175,4,5,GNN,4.936662,4.7092214,0.22744060000000044
189,4,5,GNN,5.444083,5.6478944,-0.2038114000000002
196,4,5,GNN,5.1802483,5.477592,-0.2973436999999999
209,4,5,GNN,-0.29768264,0.45359567,-0.75127831
219,4,5,GNN,2.4643853,2.5800521,-0.11566680000000007
241,4,5,GNN,5.444083,6.1398897,-0.6958067000000003
245,4,5,GNN,5.7325144,5.578627,0.15388740000000034
253,4,5,GNN,13.11527,10.441073,2.6741970000000013
255,4,5,GNN,6.4090633,4.6589932,1.7500700999999994
265,4,5,GNN,2.0993576,2.439129,-0.33977140000000006
276,4,5,GNN,2.7220416,2.8865035,-0.16446190000000005
284,4,5,GNN,7.295463,6.4688497,0.8266133
285,4,5,GNN,0.4972036,0.60646474,-0.10926113999999992
299,4,5,GNN,0.7997385,0.6199242,0.17981429999999998
306,4,5,GNN,-0.09912158,0.081685215,-0.18080679500000002
336,4,5,GNN,1.2129581,2.049107,-0.8361488999999998
342,4,5,GNN,0.6983451,2.5450432,-1.8466980999999998
354,4,5,GNN,6.0514255,6.638414,-0.5869885000000004
369,4,5,GNN,-0.19832253,0.28376326,-0.48208579
375,4,5,GNN,1.1083095,2.2628207,-1.1545111999999997
392,4,5,GNN,-0.6983451,0.32866353,-1.02700863
400,4,5,GNN,8.6127615,10.57606,-1.9632985000000005
410,4,5,GNN,5.444083,5.3388395,0.10524350000000027
411,4,5,GNN,5.444083,6.8394055,-1.3953224999999998
415,4,5,GNN,4.4977603,6.6597257,-2.1619653999999997
438,4,5,GNN,5.7325144,5.5404544,0.19206000000000056
451,4,5,GNN,1.8676273,1.8802769,-0.012649599999999817
452,4,5,GNN,1.4255849,2.0090349,-0.58345
457,4,5,GNN,4.4977603,5.690041,-1.1922806999999995
465,4,5,GNN,1.0046246,0.70104,0.3035846000000001
476,4,5,GNN,0.5975294,0.6585187,-0.060989300000000024
477,4,5,GNN,5.444083,5.3728213,0.07126169999999998
497,4,5,GNN,7.874293,7.6624904,0.2118025999999995
508,4,5,GNN,7.295463,10.173705,-2.878242
525,4,5,GNN,5.1802483,5.8566775,-0.6764292000000003
534,4,5,GNN,4.936662,5.6164126,-0.6797506000000002
536,4,5,GNN,6.4090633,6.710592,-0.3015287000000004
545,4,5,GNN,3.5927033,2.8685653,0.724138
552,4,5,GNN,3.434834,3.788612,-0.35377800000000015
558,4,5,GNN,6.4090633,6.3922534,0.016809899999999267
582,4,5,GNN,1.533799,0.29134598,1.24245302
594,4,5,GNN,3.135953,3.12193,0.01402300000000034
598,4,5,GNN,4.710023,5.397444,-0.6874210000000005
11,4,6,GNN,-1.0046246,0.4416702,-1.4462948
15,4,6,GNN,2.4643853,3.0606966,-0.5963113
19,4,6,GNN,5.1802483,5.4444036,-0.26415530000000054
23,4,6,GNN,9.642798,10.881959,-1.2391609999999993
37,4,6,GNN,5.444083,5.571926,-0.12784300000000037
48,4,6,GNN,5.444083,5.711092,-0.26700899999999983
59,4,6,GNN,5.444083,7.2816734,-1.8375903999999998
65,4,6,GNN,11.38537,10.565515,0.8198550000000004
91,4,6,GNN,0.6983451,0.801795,-0.10344989999999998
93,4,6,GNN,7.295463,5.701519,1.5939439999999996
109,4,6,GNN,0.4972036,0.45528442,0.04191918
116,4,6,GNN,2.218501,3.251796,-1.0332950000000003
118,4,6,GNN,5.444083,5.7208204,-0.2767374
143,4,6,GNN,2.0993576,2.7038825,-0.6045249000000004
148,4,6,GNN,6.0514255,5.6541862,0.39723929999999985
149,4,6,GNN,-1.1083095,-1.0857263,-0.022583200000000136
170,4,6,GNN,5.1802483,5.598135,-0.4178867000000004
175,4,6,GNN,4.936662,4.6407757,0.29588630000000027
189,4,6,GNN,5.444083,4.4642563,0.9798267000000003
196,4,6,GNN,5.1802483,5.7758408,-0.5955925000000004
209,4,6,GNN,-0.29768264,1.0051725,-1.3028551400000001
219,4,6,GNN,2.4643853,2.1584625,0.30592279999999983
241,4,6,GNN,5.444083,6.241802,-0.7977189999999998
245,4,6,GNN,5.7325144,5.631687,0.10082740000000001
253,4,6,GNN,13.11527,10.691292,2.423978
255,4,6,GNN,6.4090633,4.8137465,1.5953168
265,4,6,GNN,2.0993576,1.4431701,0.6561874999999999
276,4,6,GNN,2.7220416,2.9665737,-0.24453210000000025
284,4,6,GNN,7.295463,5.436988,1.8584749999999994
285,4,6,GNN,0.4972036,0.41129506,0.08590854000000003
299,4,6,GNN,0.7997385,0.45121545,0.34852305
306,4,6,GNN,-0.09912158,-0.015192419,-0.083929161
336,4,6,GNN,1.2129581,1.5256298,-0.3126716999999999
342,4,6,GNN,0.6983451,1.4076283,-0.7092832
354,4,6,GNN,6.0514255,5.366322,0.6851034999999994
369,4,6,GNN,-0.19832253,0.21886577,-0.41718829999999996
375,4,6,GNN,1.1083095,2.323361,-1.2150514999999997
392,4,6,GNN,-0.6983451,-0.7672031,0.06885799999999997
400,4,6,GNN,8.6127615,11.20122,-2.5884584999999998
410,4,6,GNN,5.444083,5.3118315,0.13225149999999974
411,4,6,GNN,5.444083,5.1411896,0.3028934000000003
415,4,6,GNN,4.4977603,5.313799,-0.8160387
438,4,6,GNN,5.7325144,4.933776,0.7987384000000004
451,4,6,GNN,1.8676273,1.3752091,0.49241820000000014
452,4,6,GNN,1.4255849,1.1542163,0.27136859999999996
457,4,6,GNN,4.4977603,5.029476,-0.5317156999999995
465,4,6,GNN,1.0046246,0.43927294,0.5653516600000001
476,4,6,GNN,0.5975294,0.44476652,0.15276288
477,4,6,GNN,5.444083,5.6449842,-0.20090119999999967
497,4,6,GNN,7.874293,7.679482,0.19481099999999962
508,4,6,GNN,7.295463,10.162198,-2.8667350000000003
525,4,6,GNN,5.1802483,6.0512104,-0.8709621000000007
534,4,6,GNN,4.936662,4.775696,0.16096600000000016
536,4,6,GNN,6.4090633,6.376956,0.03210729999999984
545,4,6,GNN,3.5927033,3.5172322,0.07547110000000012
552,4,6,GNN,3.434834,3.207042,0.227792
558,4,6,GNN,6.4090633,6.2734804,0.13558289999999928
582,4,6,GNN,1.533799,0.14175054,1.3920484599999998
594,4,6,GNN,3.135953,2.267412,0.868541
598,4,6,GNN,4.710023,5.02604,-0.31601700000000044
11,4,7,GNN,-1.0046246,0.28211373,-1.2867383300000002
15,4,7,GNN,2.4643853,2.446931,0.01745429999999981
19,4,7,GNN,5.1802483,5.2707257,-0.09047740000000015
23,4,7,GNN,9.642798,11.86751,-2.2247119999999985
37,4,7,GNN,5.444083,5.613596,-0.16951300000000025
48,4,7,GNN,5.444083,5.057902,0.38618099999999966
59,4,7,GNN,5.444083,7.5297627,-2.0856797
65,4,7,GNN,11.38537,11.06949,0.31587999999999994
91,4,7,GNN,0.6983451,1.3262583,-0.6279131999999998
93,4,7,GNN,7.295463,5.8815274,1.4139355999999994
109,4,7,GNN,0.4972036,0.4892329,0.007970699999999997
116,4,7,GNN,2.218501,3.080347,-0.8618460000000003
118,4,7,GNN,5.444083,5.8950624,-0.4509793999999996
143,4,7,GNN,2.0993576,1.975637,0.12372059999999974
148,4,7,GNN,6.0514255,5.6073766,0.4440488999999994
149,4,7,GNN,-1.1083095,-0.8905591,-0.2177504
170,4,7,GNN,5.1802483,5.692846,-0.5125977000000006
175,4,7,GNN,4.936662,4.6402206,0.29644139999999997
189,4,7,GNN,5.444083,4.5669427,0.8771402999999998
196,4,7,GNN,5.1802483,5.4138694,-0.23362110000000058
209,4,7,GNN,-0.29768264,1.0136001,-1.3112827399999998
219,4,7,GNN,2.4643853,2.5108502,-0.04646490000000014
241,4,7,GNN,5.444083,6.243263,-0.7991799999999998
245,4,7,GNN,5.7325144,5.573543,0.15897140000000043
253,4,7,GNN,13.11527,11.174749,1.9405210000000004
255,4,7,GNN,6.4090633,4.218276,2.1907872999999993
265,4,7,GNN,2.0993576,1.9811128,0.11824479999999982
276,4,7,GNN,2.7220416,2.8234353,-0.10139370000000003
284,4,7,GNN,7.295463,4.8107533,2.4847097
285,4,7,GNN,0.4972036,0.43886566,0.05833794000000003
299,4,7,GNN,0.7997385,0.5792337,0.22050480000000006
306,4,7,GNN,-0.09912158,0.016404822,-0.115526402
336,4,7,GNN,1.2129581,1.7988788,-0.5859207
342,4,7,GNN,0.6983451,1.4867966,-0.7884514999999999
354,4,7,GNN,6.0514255,5.623805,0.42762049999999974
369,4,7,GNN,-0.19832253,0.21520302,-0.41352555
375,4,7,GNN,1.1083095,1.9857664,-0.8774568999999999
392,4,7,GNN,-0.6983451,-0.6877496,-0.010595500000000091
400,4,7,GNN,8.6127615,10.424109,-1.8113475
410,4,7,GNN,5.444083,5.3577666,0.08631640000000029
411,4,7,GNN,5.444083,5.0698104,0.3742726000000003
415,4,7,GNN,4.4977603,5.6533294,-1.1555690999999992
438,4,7,GNN,5.7325144,5.1744223,0.5580921000000005
451,4,7,GNN,1.8676273,1.2245613,0.6430660000000001
452,4,7,GNN,1.4255849,1.257001,0.1685839
457,4,7,GNN,4.4977603,5.232894,-0.7351336999999996
465,4,7,GNN,1.0046246,1.1012858,-0.0966612
476,4,7,GNN,0.5975294,0.59221905,0.005310350000000019
477,4,7,GNN,5.444083,5.681616,-0.237533
497,4,7,GNN,7.874293,7.5577617,0.3165312999999994
508,4,7,GNN,7.295463,10.086369,-2.7909059999999997
525,4,7,GNN,5.1802483,6.612162,-1.4319137
534,4,7,GNN,4.936662,5.5026155,-0.5659535
536,4,7,GNN,6.4090633,6.550731,-0.14166770000000017
545,4,7,GNN,3.5927033,3.6875455,-0.09484219999999999
552,4,7,GNN,3.434834,3.340459,0.09437499999999988
558,4,7,GNN,6.4090633,5.5535154,0.8555478999999995
582,4,7,GNN,1.533799,-0.008988023,1.5427870229999998
594,4,7,GNN,3.135953,1.7846587,1.3512943000000002
598,4,7,GNN,4.710023,5.3732924,-0.6632694000000008
11,4,8,GNN,-1.0046246,0.45717955,-1.46180415
15,4,8,GNN,2.4643853,2.6683824,-0.20399710000000004
19,4,8,GNN,5.1802483,5.5453806,-0.36513229999999997
23,4,8,GNN,9.642798,11.077261,-1.4344629999999992
37,4,8,GNN,5.444083,5.6966906,-0.25260760000000015
48,4,8,GNN,5.444083,5.496058,-0.05197499999999966
59,4,8,GNN,5.444083,7.25871,-1.8146269999999998
65,4,8,GNN,11.38537,10.740788,0.6445819999999998
91,4,8,GNN,0.6983451,1.2513895,-0.5530443999999999
93,4,8,GNN,7.295463,5.972038,1.3234249999999994
109,4,8,GNN,0.4972036,0.64550436,-0.14830075999999998
116,4,8,GNN,2.218501,3.6315868,-1.4130858000000002
118,4,8,GNN,5.444083,6.1671615,-0.7230784999999997
143,4,8,GNN,2.0993576,2.3257182,-0.22636060000000002
148,4,8,GNN,6.0514255,5.827171,0.2242544999999998
149,4,8,GNN,-1.1083095,-0.065438315,-1.042871185
170,4,8,GNN,5.1802483,6.0061355,-0.8258872000000004
175,4,8,GNN,4.936662,4.5721765,0.3644854999999998
189,4,8,GNN,5.444083,5.17701,0.2670729999999999
196,4,8,GNN,5.1802483,5.5256534,-0.3454051000000007
209,4,8,GNN,-0.29768264,-0.09775238,-0.19993026
219,4,8,GNN,2.4643853,2.6113257,-0.14694040000000008
241,4,8,GNN,5.444083,5.7023616,-0.2582785999999997
245,4,8,GNN,5.7325144,5.409597,0.3229174000000006
253,4,8,GNN,13.11527,10.906958,2.208312000000001
255,4,8,GNN,6.4090633,4.662173,1.7468902999999996
265,4,8,GNN,2.0993576,2.0380893,0.06126829999999961
276,4,8,GNN,2.7220416,2.5841105,0.13793109999999986
284,4,8,GNN,7.295463,5.743901,1.5515619999999997
285,4,8,GNN,0.4972036,0.6540412,-0.15683759999999997
299,4,8,GNN,0.7997385,0.55888927,0.24084923000000003
306,4,8,GNN,-0.09912158,0.14141199,-0.24053356999999997
336,4,8,GNN,1.2129581,1.7267656,-0.5138075
342,4,8,GNN,0.6983451,1.8497524,-1.1514073
354,4,8,GNN,6.0514255,5.7302403,0.3211851999999995
369,4,8,GNN,-0.19832253,0.25054228,-0.44886481
375,4,8,GNN,1.1083095,1.7535677,-0.6452582
392,4,8,GNN,-0.6983451,-0.16663168,-0.53171342
400,4,8,GNN,8.6127615,10.929953,-2.3171915
410,4,8,GNN,5.444083,4.8453298,0.5987532
411,4,8,GNN,5.444083,5.6746564,-0.23057339999999993
415,4,8,GNN,4.4977603,5.6861873,-1.188427
438,4,8,GNN,5.7325144,4.9867067,0.7458077000000003
451,4,8,GNN,1.8676273,1.3698099,0.4978174000000002
452,4,8,GNN,1.4255849,1.8280962,-0.4025113
457,4,8,GNN,4.4977603,5.22549,-0.7277296999999994
465,4,8,GNN,1.0046246,1.0845939,-0.07996929999999991
476,4,8,GNN,0.5975294,0.5581831,0.039346299999999945
477,4,8,GNN,5.444083,5.4015737,0.04250929999999986
497,4,8,GNN,7.874293,7.9748397,-0.10054670000000065
508,4,8,GNN,7.295463,10.41571,-3.120247000000001
525,4,8,GNN,5.1802483,5.4854984,-0.3052501000000003
534,4,8,GNN,4.936662,5.080594,-0.1439319999999995
536,4,8,GNN,6.4090633,6.454034,-0.04497070000000036
545,4,8,GNN,3.5927033,3.6709201,-0.07821679999999986
552,4,8,GNN,3.434834,3.5246038,-0.08976980000000001
558,4,8,GNN,6.4090633,6.1284814,0.2805818999999996
582,4,8,GNN,1.533799,0.36625868,1.1675403199999999
594,4,8,GNN,3.135953,2.3902059,0.7457471
598,4,8,GNN,4.710023,4.853114,-0.14309100000000008
11,4,9,GNN,-1.0046246,0.3569879,-1.3616125000000001
15,4,9,GNN,2.4643853,2.553469,-0.08908370000000021
19,4,9,GNN,5.1802483,5.569708,-0.38945970000000063
23,4,9,GNN,9.642798,12.070582,-2.427783999999999
37,4,9,GNN,5.444083,5.773066,-0.328983
48,4,9,GNN,5.444083,5.296373,0.14771
59,4,9,GNN,5.444083,8.651655,-3.207572
65,4,9,GNN,11.38537,11.946132,-0.5607620000000004
91,4,9,GNN,0.6983451,0.8385815,-0.14023639999999993
93,4,9,GNN,7.295463,6.7972264,0.49823660000000025
109,4,9,GNN,0.4972036,0.34161127,0.15559233
116,4,9,GNN,2.218501,3.4166834,-1.1981824000000003
118,4,9,GNN,5.444083,6.337114,-0.8930309999999997
143,4,9,GNN,2.0993576,2.1512916,-0.05193400000000015
148,4,9,GNN,6.0514255,6.683336,-0.6319105
149,4,9,GNN,-1.1083095,-0.62867653,-0.47963297000000005
170,4,9,GNN,5.1802483,5.9773326,-0.7970843000000007
175,4,9,GNN,4.936662,4.6283793,0.30828270000000035
189,4,9,GNN,5.444083,5.3598943,0.08418870000000034
196,4,9,GNN,5.1802483,5.383366,-0.20311769999999996
209,4,9,GNN,-0.29768264,-0.20244414,-0.0952385
219,4,9,GNN,2.4643853,2.6582983,-0.19391299999999978
241,4,9,GNN,5.444083,5.749919,-0.3058360000000002
245,4,9,GNN,5.7325144,5.627602,0.1049123999999999
253,4,9,GNN,13.11527,12.159223,0.9560469999999999
255,4,9,GNN,6.4090633,4.544353,1.8647102999999996
265,4,9,GNN,2.0993576,1.4940233,0.6053342999999998
276,4,9,GNN,2.7220416,2.6936026,0.02843899999999966
284,4,9,GNN,7.295463,6.023103,1.27236
285,4,9,GNN,0.4972036,0.34196064,0.15524296000000004
299,4,9,GNN,0.7997385,0.29922235,0.5005161499999999
306,4,9,GNN,-0.09912158,0.046822697,-0.145944277
336,4,9,GNN,1.2129581,1.6058123,-0.39285419999999993
342,4,9,GNN,0.6983451,1.948811,-1.2504659
354,4,9,GNN,6.0514255,6.624794,-0.5733685
369,4,9,GNN,-0.19832253,0.09210825,-0.29043078
375,4,9,GNN,1.1083095,1.5654979,-0.45718839999999994
392,4,9,GNN,-0.6983451,-0.06021723,-0.63812787
400,4,9,GNN,8.6127615,11.234323,-2.6215615000000003
410,4,9,GNN,5.444083,5.100394,0.34368900000000036
411,4,9,GNN,5.444083,6.5445423,-1.1004592999999998
415,4,9,GNN,4.4977603,6.6602387,-2.1624783999999995
438,4,9,GNN,5.7325144,5.595256,0.13725840000000034
451,4,9,GNN,1.8676273,1.3042586,0.5633687000000001
452,4,9,GNN,1.4255849,1.8438759,-0.41829099999999997
457,4,9,GNN,4.4977603,5.565225,-1.0674646999999995
465,4,9,GNN,1.0046246,0.54934555,0.45527905000000013
476,4,9,GNN,0.5975294,0.3256231,0.2719063
477,4,9,GNN,5.444083,5.2804523,0.16363069999999968
497,4,9,GNN,7.874293,8.194876,-0.32058300000000095
508,4,9,GNN,7.295463,10.243445,-2.9479819999999997
525,4,9,GNN,5.1802483,5.52628,-0.34603170000000016
534,4,9,GNN,4.936662,5.489309,-0.5526470000000003
536,4,9,GNN,6.4090633,6.5118704,-0.1028071000000006
545,4,9,GNN,3.5927033,3.2475262,0.34517710000000035
552,4,9,GNN,3.434834,3.2624764,0.17235759999999978
558,4,9,GNN,6.4090633,6.128597,0.2804662999999996
582,4,9,GNN,1.533799,0.12977973,1.4040192699999998
594,4,9,GNN,3.135953,2.7328053,0.40314770000000033
598,4,9,GNN,4.710023,5.085056,-0.37503300000000017
11,4,10,GNN,-1.0046246,0.2724339,-1.2770585
15,4,10,GNN,2.4643853,2.3738458,0.09053950000000022
19,4,10,GNN,5.1802483,5.3864055,-0.2061572000000007
23,4,10,GNN,9.642798,12.272315,-2.629517
37,4,10,GNN,5.444083,5.755544,-0.31146100000000043
48,4,10,GNN,5.444083,4.989311,0.4547720000000002
59,4,10,GNN,5.444083,7.7589493,-2.3148663000000003
65,4,10,GNN,11.38537,12.362683,-0.9773130000000005
91,4,10,GNN,0.6983451,1.1461452,-0.44780010000000003
93,4,10,GNN,7.295463,6.4315066,0.8639564000000002
109,4,10,GNN,0.4972036,0.5735868,-0.07638319999999993
116,4,10,GNN,2.218501,3.2219946,-1.0034936
118,4,10,GNN,5.444083,6.1770754,-0.7329923999999997
143,4,10,GNN,2.0993576,1.8402761,0.25908149999999974
148,4,10,GNN,6.0514255,5.4574127,0.5940127999999998
149,4,10,GNN,-1.1083095,-0.70796967,-0.40033983000000006
170,4,10,GNN,5.1802483,5.9614534,-0.7812051000000002
175,4,10,GNN,4.936662,4.3134184,0.6232436000000003
189,4,10,GNN,5.444083,4.5655365,0.8785464999999997
196,4,10,GNN,5.1802483,4.9842257,0.19602260000000005
209,4,10,GNN,-0.29768264,1.7406199,-2.03830254
219,4,10,GNN,2.4643853,3.0456064,-0.5812211
241,4,10,GNN,5.444083,5.3630323,0.08105069999999959
245,4,10,GNN,5.7325144,5.4367065,0.2958079000000007
253,4,10,GNN,13.11527,11.768315,1.3469550000000012
255,4,10,GNN,6.4090633,4.3026414,2.1064219
265,4,10,GNN,2.0993576,2.2478626,-0.1485050000000001
276,4,10,GNN,2.7220416,2.5631995,0.15884209999999976
284,4,10,GNN,7.295463,4.9596515,2.3358115
285,4,10,GNN,0.4972036,0.58782256,-0.09061895999999997
299,4,10,GNN,0.7997385,0.57547057,0.22426793
306,4,10,GNN,-0.09912158,0.071806714,-0.17092829399999998
336,4,10,GNN,1.2129581,1.9013573,-0.6883991999999999
342,4,10,GNN,0.6983451,2.116808,-1.4184628999999997
354,4,10,GNN,6.0514255,6.4676895,-0.41626399999999997
369,4,10,GNN,-0.19832253,0.18898335,-0.38730588
375,4,10,GNN,1.1083095,2.1174405,-1.0091309999999998
392,4,10,GNN,-0.6983451,0.3285108,-1.0268559000000002
400,4,10,GNN,8.6127615,11.682368,-3.069606500000001
410,4,10,GNN,5.444083,4.9396086,0.5044744000000003
411,4,10,GNN,5.444083,5.5289497,-0.08486670000000007
415,4,10,GNN,4.4977603,6.604604,-2.1068436999999998
438,4,10,GNN,5.7325144,6.059516,-0.3270016
451,4,10,GNN,1.8676273,1.6835128,0.18411450000000018
452,4,10,GNN,1.4255849,1.6762006,-0.2506157
457,4,10,GNN,4.4977603,5.2963977,-0.7986373999999996
465,4,10,GNN,1.0046246,0.79970527,0.20491933000000007
476,4,10,GNN,0.5975294,0.5892848,0.008244599999999935
477,4,10,GNN,5.444083,4.942724,0.5013589999999999
497,4,10,GNN,7.874293,7.7876925,0.08660049999999941
508,4,10,GNN,7.295463,11.348565,-4.053102000000001
525,4,10,GNN,5.1802483,5.688217,-0.5079687000000002
534,4,10,GNN,4.936662,6.1828756,-1.2462136
536,4,10,GNN,6.4090633,6.512727,-0.10366370000000025
545,4,10,GNN,3.5927033,2.9987645,0.5939388000000001
552,4,10,GNN,3.434834,3.349772,0.08506199999999975
558,4,10,GNN,6.4090633,5.9725423,0.43652099999999994
582,4,10,GNN,1.533799,0.18541113,1.3483878699999998
594,4,10,GNN,3.135953,2.0248911,1.1110619000000002
598,4,10,GNN,4.710023,5.0585327,-0.34850970000000014
28,5,1,GNN,5.7325144,4.600297,1.1322174
44,5,1,GNN,4.710023,5.082198,-0.37217500000000037
50,5,1,GNN,2.7220416,3.2571967,-0.5351551000000003
61,5,1,GNN,7.295463,3.0495214,4.2459416
71,5,1,GNN,5.7325144,4.186184,1.5463304000000004
77,5,1,GNN,2.340101,2.520913,-0.18081199999999997
80,5,1,GNN,3.434834,3.318764,0.11607000000000012
82,5,1,GNN,3.757068,3.4265952,0.3304727999999999
96,5,1,GNN,2.340101,2.3444893,-0.004388300000000012
101,5,1,GNN,4.936662,5.376025,-0.43936300000000017
102,5,1,GNN,5.8877125,5.1566067,0.7311057999999999
104,5,1,GNN,3.434834,2.8178122,0.6170217999999998
108,5,1,GNN,4.821399,5.0902414,-0.2688423999999996
112,5,1,GNN,5.444083,8.358934,-2.9148509999999996
119,5,1,GNN,2.4643853,2.7621357,-0.29775039999999997
122,5,1,GNN,5.7325144,5.2723007,0.4602137000000006
129,5,1,GNN,6.817504,5.4943933,1.3231107
159,5,1,GNN,2.8560045,2.1656463,0.6903581999999999
161,5,1,GNN,1.64345,0.72750485,0.9159451500000001
165,5,1,GNN,1.64345,2.3400354,-0.6965854
167,5,1,GNN,4.936662,2.903334,2.033328
171,5,1,GNN,4.297837,5.3837833,-1.0859462999999998
198,5,1,GNN,5.444083,4.8740835,0.5699994999999998
206,5,1,GNN,2.340101,2.5968764,-0.2567754
210,5,1,GNN,2.8560045,2.7342567,0.12174780000000007
218,5,1,GNN,4.936662,5.524354,-0.5876919999999997
236,5,1,GNN,8.6127615,9.497899,-0.8851375000000008
256,5,1,GNN,4.4977603,4.910532,-0.4127716999999995
266,5,1,GNN,7.874293,8.543083,-0.6687899999999996
269,5,1,GNN,4.4977603,5.359236,-0.8614756999999997
287,5,1,GNN,8.6127615,11.102494,-2.4897325000000006
288,5,1,GNN,0.0,0.6072016,-0.6072016
315,5,1,GNN,4.108607,2.2658498,1.8427572000000003
316,5,1,GNN,5.444083,5.457608,-0.013524999999999565
320,5,1,GNN,13.11527,10.958101,2.1571690000000014
332,5,1,GNN,3.5927033,3.4031317,0.18957160000000028
334,5,1,GNN,6.0514255,8.215019,-2.1635935
340,5,1,GNN,6.0514255,5.1352224,0.9162030999999997
344,5,1,GNN,2.0993576,2.2710216,-0.17166400000000026
353,5,1,GNN,2.4643853,2.4396608,0.024724500000000038
355,5,1,GNN,4.936662,4.2477083,0.6889536999999999
358,5,1,GNN,1.2656772,1.6585653,-0.39288809999999996
362,5,1,GNN,5.444083,4.626148,0.8179350000000003
395,5,1,GNN,-1.0046246,0.1942436,-1.1988682000000002
398,5,1,GNN,3.5927033,2.166521,1.4261823000000002
399,5,1,GNN,5.444083,5.2145824,0.22950059999999972
402,5,1,GNN,-1.1083095,0.3226599,-1.4309694
404,5,1,GNN,6.4090633,3.2304773,3.1785859999999997
420,5,1,GNN,0.09912158,0.052913263,0.046208317
453,5,1,GNN,3.5927033,2.5375907,1.0551126000000002
454,5,1,GNN,1.2129581,1.2426975,-0.02973939999999997
468,5,1,GNN,9.642798,8.513186,1.1296120000000016
480,5,1,GNN,1.8676273,2.390279,-0.5226516999999999
483,5,1,GNN,0.09912158,0.20990361,-0.11078202999999999
517,5,1,GNN,13.11527,10.9345455,2.1807245
529,5,1,GNN,13.11527,11.17796,1.93731
533,5,1,GNN,5.7325144,7.2944136,-1.5618992
583,5,1,GNN,2.0993576,2.6519961,-0.5526385
587,5,1,GNN,4.4977603,5.3301706,-0.8324102999999994
593,5,1,GNN,0.09912158,0.47897658,-0.379855
28,5,2,GNN,5.7325144,5.43116,0.30135440000000013
44,5,2,GNN,4.710023,5.14608,-0.4360570000000008
50,5,2,GNN,2.7220416,2.9651706,-0.24312900000000015
61,5,2,GNN,7.295463,3.1850526,4.110410399999999
71,5,2,GNN,5.7325144,4.937402,0.7951124000000007
77,5,2,GNN,2.340101,2.32248,0.01762100000000011
80,5,2,GNN,3.434834,4.940646,-1.5058120000000002
82,5,2,GNN,3.757068,4.7435956,-0.9865276000000001
96,5,2,GNN,2.340101,2.167001,0.17310000000000025
101,5,2,GNN,4.936662,5.2587786,-0.3221166000000002
102,5,2,GNN,5.8877125,5.35553,0.5321825000000002
104,5,2,GNN,3.434834,3.6418135,-0.2069795000000001
108,5,2,GNN,4.821399,5.5447755,-0.7233764999999996
112,5,2,GNN,5.444083,9.063222,-3.6191389999999997
119,5,2,GNN,2.4643853,2.7487278,-0.28434250000000016
122,5,2,GNN,5.7325144,5.3288317,0.40368270000000006
129,5,2,GNN,6.817504,5.8056984,1.0118055999999997
159,5,2,GNN,2.8560045,2.534722,0.32128250000000014
161,5,2,GNN,1.64345,1.0490444,0.5944056
165,5,2,GNN,1.64345,2.0340095,-0.3905594999999997
167,5,2,GNN,4.936662,2.7769861,2.1596759000000003
171,5,2,GNN,4.297837,5.434456,-1.1366189999999996
198,5,2,GNN,5.444083,5.036878,0.40720500000000026
206,5,2,GNN,2.340101,2.6634777,-0.32337669999999985
210,5,2,GNN,2.8560045,2.7268593,0.12914519999999996
218,5,2,GNN,4.936662,5.741822,-0.8051599999999999
236,5,2,GNN,8.6127615,8.979489,-0.36672749999999965
256,5,2,GNN,4.4977603,5.433627,-0.9358667
266,5,2,GNN,7.874293,9.408998,-1.5347050000000007
269,5,2,GNN,4.4977603,5.5647135,-1.0669531999999995
287,5,2,GNN,8.6127615,11.898654,-3.285892500000001
288,5,2,GNN,0.0,0.20218417,-0.20218417
315,5,2,GNN,4.108607,2.3564994,1.7521076
316,5,2,GNN,5.444083,5.5865555,-0.14247250000000022
320,5,2,GNN,13.11527,10.571218,2.5440520000000006
332,5,2,GNN,3.5927033,3.3706198,0.2220835000000001
334,5,2,GNN,6.0514255,8.934716,-2.8832905
340,5,2,GNN,6.0514255,5.204009,0.8474164999999996
344,5,2,GNN,2.0993576,2.9942336,-0.894876
353,5,2,GNN,2.4643853,2.8546646,-0.3902793
355,5,2,GNN,4.936662,4.2329226,0.7037393999999999
358,5,2,GNN,1.2656772,1.4838872,-0.21821000000000002
362,5,2,GNN,5.444083,5.042351,0.401732
395,5,2,GNN,-1.0046246,-0.889425,-0.11519960000000007
398,5,2,GNN,3.5927033,2.584615,1.0080883000000003
399,5,2,GNN,5.444083,5.277455,0.16662800000000022
402,5,2,GNN,-1.1083095,-0.0037774146,-1.1045320854
404,5,2,GNN,6.4090633,3.4083776,3.0006856999999996
420,5,2,GNN,0.09912158,0.568123,-0.46900142000000006
453,5,2,GNN,3.5927033,2.7366507,0.8560525999999999
454,5,2,GNN,1.2129581,1.5883738,-0.3754157
468,5,2,GNN,9.642798,9.418031,0.22476700000000172
480,5,2,GNN,1.8676273,2.808644,-0.9410167
483,5,2,GNN,0.09912158,0.07163338,0.027488200000000004
517,5,2,GNN,13.11527,11.085793,2.029477
529,5,2,GNN,13.11527,11.044745,2.070525
533,5,2,GNN,5.7325144,7.2233872,-1.4908728
583,5,2,GNN,2.0993576,2.3304431,-0.23108550000000028
587,5,2,GNN,4.4977603,5.4140997,-0.9163394
593,5,2,GNN,0.09912158,0.3813122,-0.28219062
28,5,3,GNN,5.7325144,4.662294,1.0702204000000002
44,5,3,GNN,4.710023,4.5426364,0.1673865999999995
50,5,3,GNN,2.7220416,3.2702272,-0.5481856
61,5,3,GNN,7.295463,3.7629535,3.5325094999999997
71,5,3,GNN,5.7325144,5.036723,0.6957914000000001
77,5,3,GNN,2.340101,2.6136167,-0.2735156999999999
80,5,3,GNN,3.434834,4.0786204,-0.6437864000000002
82,5,3,GNN,3.757068,4.044001,-0.2869329999999999
96,5,3,GNN,2.340101,1.8745431,0.4655579000000003
101,5,3,GNN,4.936662,5.6038747,-0.6672127000000003
102,5,3,GNN,5.8877125,4.7305756,1.1571369000000002
104,5,3,GNN,3.434834,3.34789,0.08694399999999991
108,5,3,GNN,4.821399,4.728484,0.09291500000000052
112,5,3,GNN,5.444083,7.849902,-2.405819
119,5,3,GNN,2.4643853,2.6672199,-0.2028346000000001
122,5,3,GNN,5.7325144,4.849247,0.8832674000000003
129,5,3,GNN,6.817504,6.2229114,0.5945925999999995
159,5,3,GNN,2.8560045,2.3441975,0.5118070000000001
161,5,3,GNN,1.64345,1.17909,0.4643600000000001
165,5,3,GNN,1.64345,1.8322546,-0.18880459999999988
167,5,3,GNN,4.936662,3.582622,1.35404
171,5,3,GNN,4.297837,5.6578674,-1.3600303999999994
198,5,3,GNN,5.444083,4.2796264,1.1644566000000003
206,5,3,GNN,2.340101,2.4245343,-0.08443329999999971
210,5,3,GNN,2.8560045,2.9758618,-0.11985730000000006
218,5,3,GNN,4.936662,5.304573,-0.3679110000000003
236,5,3,GNN,8.6127615,8.573122,0.03963949999999983
256,5,3,GNN,4.4977603,4.882227,-0.38446669999999994
266,5,3,GNN,7.874293,9.003112,-1.128819
269,5,3,GNN,4.4977603,5.825446,-1.3276857
287,5,3,GNN,8.6127615,12.408708,-3.7959465000000012
288,5,3,GNN,0.0,0.38198882,-0.38198882
315,5,3,GNN,4.108607,2.2226453,1.8859617000000002
316,5,3,GNN,5.444083,4.4548187,0.9892643000000003
320,5,3,GNN,13.11527,11.205123,1.9101470000000003
332,5,3,GNN,3.5927033,4.155415,-0.5627116999999995
334,5,3,GNN,6.0514255,7.3126974,-1.2612719000000006
340,5,3,GNN,6.0514255,4.740376,1.3110494999999993
344,5,3,GNN,2.0993576,3.1897874,-1.0904298000000003
353,5,3,GNN,2.4643853,2.8858664,-0.42148109999999983
355,5,3,GNN,4.936662,3.4500644,1.4865976
358,5,3,GNN,1.2656772,1.8308915,-0.5652142999999998
362,5,3,GNN,5.444083,3.880253,1.5638299999999998
395,5,3,GNN,-1.0046246,0.12851042,-1.13313502
398,5,3,GNN,3.5927033,2.4624727,1.1302306
399,5,3,GNN,5.444083,6.4231405,-0.9790574999999997
402,5,3,GNN,-1.1083095,0.048419118,-1.156728618
404,5,3,GNN,6.4090633,4.257086,2.1519772999999995
420,5,3,GNN,0.09912158,-0.07482007,0.17394165
453,5,3,GNN,3.5927033,2.4433453,1.1493580000000003
454,5,3,GNN,1.2129581,2.0663602,-0.8534021
468,5,3,GNN,9.642798,8.68978,0.9530180000000001
480,5,3,GNN,1.8676273,2.7716765,-0.9040491999999998
483,5,3,GNN,0.09912158,0.13856235,-0.03944077
517,5,3,GNN,13.11527,12.052695,1.0625750000000007
529,5,3,GNN,13.11527,12.216701,0.8985690000000002
533,5,3,GNN,5.7325144,6.44338,-0.7108656
583,5,3,GNN,2.0993576,2.8177137,-0.7183561000000003
587,5,3,GNN,4.4977603,4.97093,-0.4731696999999997
593,5,3,GNN,0.09912158,0.43739507,-0.33827349
28,5,4,GNN,5.7325144,4.510485,1.2220294000000003
44,5,4,GNN,4.710023,5.0874586,-0.3774356000000001
50,5,4,GNN,2.7220416,3.3386483,-0.6166067000000002
61,5,4,GNN,7.295463,2.8261425,4.4693205
71,5,4,GNN,5.7325144,4.8652906,0.8672238000000005
77,5,4,GNN,2.340101,2.5353124,-0.1952113999999998
80,5,4,GNN,3.434834,4.351535,-0.9167010000000002
82,5,4,GNN,3.757068,4.2360134,-0.4789454000000002
96,5,4,GNN,2.340101,2.2316468,0.10845420000000017
101,5,4,GNN,4.936662,5.2195992,-0.2829372000000001
102,5,4,GNN,5.8877125,5.2387238,0.6489887000000003
104,5,4,GNN,3.434834,2.9930232,0.44181079999999984
108,5,4,GNN,4.821399,5.085805,-0.26440599999999925
112,5,4,GNN,5.444083,7.9168773,-2.4727943000000003
119,5,4,GNN,2.4643853,2.5959766,-0.1315913000000002
122,5,4,GNN,5.7325144,5.557347,0.1751674000000003
129,5,4,GNN,6.817504,6.041853,0.7756509999999999
159,5,4,GNN,2.8560045,2.367873,0.48813150000000016
161,5,4,GNN,1.64345,0.7918763,0.8515737000000001
165,5,4,GNN,1.64345,2.2402878,-0.5968377999999999
167,5,4,GNN,4.936662,2.5597355,2.3769265
171,5,4,GNN,4.297837,5.1888676,-0.8910305999999997
198,5,4,GNN,5.444083,4.9142466,0.5298363999999998
206,5,4,GNN,2.340101,2.4236443,-0.08354329999999965
210,5,4,GNN,2.8560045,2.480721,0.3752835000000001
218,5,4,GNN,4.936662,5.219386,-0.282724
236,5,4,GNN,8.6127615,9.659208,-1.0464465
256,5,4,GNN,4.4977603,4.78385,-0.2860896999999998
266,5,4,GNN,7.874293,8.088824,-0.21453100000000092
269,5,4,GNN,4.4977603,5.3156724,-0.8179121
287,5,4,GNN,8.6127615,13.148022,-4.5352605
288,5,4,GNN,0.0,0.33349165,-0.33349165
315,5,4,GNN,4.108607,2.278232,1.830375
316,5,4,GNN,5.444083,5.268949,0.1751339999999999
320,5,4,GNN,13.11527,11.725647,1.3896230000000003
332,5,4,GNN,3.5927033,3.3404942,0.25220909999999996
334,5,4,GNN,6.0514255,8.113251,-2.0618255000000003
340,5,4,GNN,6.0514255,5.412506,0.6389195000000001
344,5,4,GNN,2.0993576,2.9273417,-0.8279841000000001
353,5,4,GNN,2.4643853,2.5152693,-0.05088399999999993
355,5,4,GNN,4.936662,3.7879689,1.1486931
358,5,4,GNN,1.2656772,1.4876726,-0.22199539999999995
362,5,4,GNN,5.444083,4.111017,1.3330659999999996
395,5,4,GNN,-1.0046246,-0.1997123,-0.8049123
398,5,4,GNN,3.5927033,2.2995567,1.2931466
399,5,4,GNN,5.444083,5.3802514,0.06383160000000032
402,5,4,GNN,-1.1083095,0.2652641,-1.3735736
404,5,4,GNN,6.4090633,2.9725125,3.4365507999999996
420,5,4,GNN,0.09912158,-0.07834947,0.17747105000000002
453,5,4,GNN,3.5927033,2.4712436,1.1214597
454,5,4,GNN,1.2129581,1.6277833,-0.4148251999999999
468,5,4,GNN,9.642798,8.407587,1.2352110000000014
480,5,4,GNN,1.8676273,2.8346903,-0.967063
483,5,4,GNN,0.09912158,0.13589212,-0.036770540000000004
517,5,4,GNN,13.11527,12.323762,0.7915080000000003
529,5,4,GNN,13.11527,12.439531,0.6757390000000001
533,5,4,GNN,5.7325144,8.670338,-2.937823599999999
583,5,4,GNN,2.0993576,2.5444524,-0.4450948000000001
587,5,4,GNN,4.4977603,5.009764,-0.5120036999999993
593,5,4,GNN,0.09912158,0.2006771,-0.10155552
28,5,6,GNN,5.7325144,4.9036417,0.8288727000000007
44,5,6,GNN,4.710023,5.3088503,-0.5988273
50,5,6,GNN,2.7220416,3.684346,-0.9623044000000003
61,5,6,GNN,7.295463,2.66779,4.627673
71,5,6,GNN,5.7325144,4.785584,0.9469304000000003
77,5,6,GNN,2.340101,2.3371656,0.0029354000000001435
80,5,6,GNN,3.434834,3.6807406,-0.2459066000000001
82,5,6,GNN,3.757068,3.4702253,0.2868426999999998
96,5,6,GNN,2.340101,2.2494445,0.09065650000000014
101,5,6,GNN,4.936662,5.1393714,-0.20270939999999982
102,5,6,GNN,5.8877125,5.3342385,0.5534740000000005
104,5,6,GNN,3.434834,3.1394885,0.2953454999999998
108,5,6,GNN,4.821399,5.188849,-0.36744999999999983
112,5,6,GNN,5.444083,8.991145,-3.5470619999999995
119,5,6,GNN,2.4643853,2.7659838,-0.3015984999999999
122,5,6,GNN,5.7325144,5.707708,0.024806400000000117
129,5,6,GNN,6.817504,5.7061157,1.1113882999999998
159,5,6,GNN,2.8560045,2.4289215,0.4270830000000001
161,5,6,GNN,1.64345,0.64871556,0.9947344400000001
165,5,6,GNN,1.64345,2.1849847,-0.5415346999999997
167,5,6,GNN,4.936662,2.5192344,2.4174276
171,5,6,GNN,4.297837,5.538202,-1.2403649999999997
198,5,6,GNN,5.444083,5.062206,0.38187700000000024
206,5,6,GNN,2.340101,2.4148383,-0.07473729999999978
210,5,6,GNN,2.8560045,2.9451747,-0.08917019999999987
218,5,6,GNN,4.936662,5.4179835,-0.48132149999999996
236,5,6,GNN,8.6127615,9.271972,-0.6592105000000004
256,5,6,GNN,4.4977603,4.705998,-0.20823769999999975
266,5,6,GNN,7.874293,9.170882,-1.2965890000000009
269,5,6,GNN,4.4977603,5.621373,-1.1236126999999998
287,5,6,GNN,8.6127615,12.6517515,-4.03899
288,5,6,GNN,0.0,0.3616727,-0.3616727
315,5,6,GNN,4.108607,2.3151522,1.7934548000000001
316,5,6,GNN,5.444083,5.922362,-0.4782789999999997
320,5,6,GNN,13.11527,10.884892,2.230378
332,5,6,GNN,3.5927033,3.8614368,-0.26873349999999974
334,5,6,GNN,6.0514255,9.138157,-3.0867315
340,5,6,GNN,6.0514255,5.5571876,0.4942378999999999
344,5,6,GNN,2.0993576,3.0363407,-0.9369831
353,5,6,GNN,2.4643853,2.6433547,-0.17896940000000017
355,5,6,GNN,4.936662,4.0803576,0.8563044
358,5,6,GNN,1.2656772,1.9853039,-0.7196266999999998
362,5,6,GNN,5.444083,4.461455,0.9826280000000001
395,5,6,GNN,-1.0046246,0.22928917,-1.23391377
398,5,6,GNN,3.5927033,2.3850617,1.2076416
399,5,6,GNN,5.444083,5.2673416,0.17674140000000005
402,5,6,GNN,-1.1083095,0.3212785,-1.429588
404,5,6,GNN,6.4090633,2.9711242,3.4379390999999995
420,5,6,GNN,0.09912158,0.15593532,-0.05681373999999999
453,5,6,GNN,3.5927033,2.4666615,1.1260418000000003
454,5,6,GNN,1.2129581,1.9408721,-0.727914
468,5,6,GNN,9.642798,9.4119835,0.23081450000000103
480,5,6,GNN,1.8676273,2.7358317,-0.8682043999999998
483,5,6,GNN,0.09912158,0.16667065,-0.06754907
517,5,6,GNN,13.11527,11.256246,1.8590239999999998
529,5,6,GNN,13.11527,11.4118595,1.7034105000000004
533,5,6,GNN,5.7325144,8.185532,-2.4530176
583,5,6,GNN,2.0993576,2.3270445,-0.22768690000000014
587,5,6,GNN,4.4977603,5.249993,-0.7522326999999995
593,5,6,GNN,0.09912158,0.5473656,-0.44824402
28,5,7,GNN,5.7325144,5.092065,0.6404494000000005
44,5,7,GNN,4.710023,5.2116904,-0.5016674000000005
50,5,7,GNN,2.7220416,3.6333385,-0.9112969
61,5,7,GNN,7.295463,3.75946,3.536003
71,5,7,GNN,5.7325144,4.6740437,1.0584707
77,5,7,GNN,2.340101,2.5420575,-0.20195649999999965
80,5,7,GNN,3.434834,4.1164646,-0.6816305999999996
82,5,7,GNN,3.757068,3.9165177,-0.15944970000000014
96,5,7,GNN,2.340101,2.200657,0.13944400000000012
101,5,7,GNN,4.936662,5.205405,-0.26874299999999973
102,5,7,GNN,5.8877125,5.4440293,0.4436831999999997
104,5,7,GNN,3.434834,3.2993035,0.13553049999999978
108,5,7,GNN,4.821399,5.4071703,-0.5857712999999993
112,5,7,GNN,5.444083,8.753506,-3.309423
119,5,7,GNN,2.4643853,2.7429457,-0.27856039999999993
122,5,7,GNN,5.7325144,5.652526,0.0799884000000004
129,5,7,GNN,6.817504,5.8726425,0.9448614999999991
159,5,7,GNN,2.8560045,2.4542515,0.40175300000000025
161,5,7,GNN,1.64345,0.9767093,0.6667407000000001
165,5,7,GNN,1.64345,2.1647196,-0.5212696000000001
167,5,7,GNN,4.936662,3.4442966,1.4923654000000002
171,5,7,GNN,4.297837,6.652611,-2.354774
198,5,7,GNN,5.444083,4.860886,0.5831970000000002
206,5,7,GNN,2.340101,2.4963984,-0.1562973999999997
210,5,7,GNN,2.8560045,2.9605975,-0.10459299999999994
218,5,7,GNN,4.936662,5.6229434,-0.6862813999999995
236,5,7,GNN,8.6127615,10.255296,-1.6425345
256,5,7,GNN,4.4977603,4.589023,-0.0912626999999997
266,5,7,GNN,7.874293,9.498664,-1.624371
269,5,7,GNN,4.4977603,6.6697893,-2.1720289999999993
287,5,7,GNN,8.6127615,12.101476,-3.4887145000000004
288,5,7,GNN,0.0,0.319403,-0.319403
315,5,7,GNN,4.108607,2.583383,1.5252240000000001
316,5,7,GNN,5.444083,5.751411,-0.30732800000000005
320,5,7,GNN,13.11527,11.276151,1.8391190000000002
332,5,7,GNN,3.5927033,3.782608,-0.18990470000000004
334,5,7,GNN,6.0514255,8.657601,-2.6061755
340,5,7,GNN,6.0514255,5.5296865,0.5217389999999993
344,5,7,GNN,2.0993576,2.7012722,-0.6019146000000002
353,5,7,GNN,2.4643853,2.709907,-0.24552169999999984
355,5,7,GNN,4.936662,3.9800148,0.9566471999999999
358,5,7,GNN,1.2656772,2.0240996,-0.7584223999999999
362,5,7,GNN,5.444083,4.5169387,0.9271443000000001
395,5,7,GNN,-1.0046246,-0.9309321,-0.07369250000000005
398,5,7,GNN,3.5927033,2.4340024,1.1587009000000004
399,5,7,GNN,5.444083,6.171594,-0.7275109999999998
402,5,7,GNN,-1.1083095,0.48050815,-1.5888176500000002
404,5,7,GNN,6.4090633,3.699775,2.7092883
420,5,7,GNN,0.09912158,-0.010147989,0.109269569
453,5,7,GNN,3.5927033,2.624788,0.9679153
454,5,7,GNN,1.2129581,1.5873473,-0.3743892
468,5,7,GNN,9.642798,9.537386,0.10541200000000117
480,5,7,GNN,1.8676273,3.1347532,-1.2671259
483,5,7,GNN,0.09912158,0.034301177,0.064820403
517,5,7,GNN,13.11527,11.71234,1.4029300000000013
529,5,7,GNN,13.11527,11.517261,1.5980090000000011
533,5,7,GNN,5.7325144,6.5751767,-0.8426622999999998
583,5,7,GNN,2.0993576,2.5174727,-0.4181151000000001
587,5,7,GNN,4.4977603,5.4403286,-0.9425682999999996
593,5,7,GNN,0.09912158,-0.48767447,0.58679605
28,5,8,GNN,5.7325144,4.5459447,1.1865697000000006
44,5,8,GNN,4.710023,5.1855726,-0.4755496000000008
50,5,8,GNN,2.7220416,3.3348103,-0.6127687000000002
61,5,8,GNN,7.295463,3.1681209,4.1273421
71,5,8,GNN,5.7325144,4.9697647,0.7627497000000005
77,5,8,GNN,2.340101,2.3074794,0.03262160000000014
80,5,8,GNN,3.434834,4.060912,-0.6260780000000001
82,5,8,GNN,3.757068,3.7432187,0.013849299999999953
96,5,8,GNN,2.340101,2.301053,0.039048000000000194
101,5,8,GNN,4.936662,5.2821074,-0.3454454
102,5,8,GNN,5.8877125,5.274391,0.6133215000000005
104,5,8,GNN,3.434834,3.3345985,0.10023550000000014
108,5,8,GNN,4.821399,5.230734,-0.40933499999999956
112,5,8,GNN,5.444083,8.12488,-2.680796999999999
119,5,8,GNN,2.4643853,2.7925715,-0.3281862000000002
122,5,8,GNN,5.7325144,5.403203,0.3293113999999999
129,5,8,GNN,6.817504,5.890834,0.9266699999999997
159,5,8,GNN,2.8560045,2.4771287,0.3788757999999999
161,5,8,GNN,1.64345,1.038466,0.6049840000000002
165,5,8,GNN,1.64345,2.2289524,-0.5855023999999998
167,5,8,GNN,4.936662,2.804254,2.1324080000000003
171,5,8,GNN,4.297837,5.784892,-1.4870549999999998
198,5,8,GNN,5.444083,5.2638545,0.18022850000000012
206,5,8,GNN,2.340101,2.6131122,-0.2730112
210,5,8,GNN,2.8560045,2.8430781,0.012926400000000005
218,5,8,GNN,4.936662,5.3873525,-0.4506905000000003
236,5,8,GNN,8.6127615,9.13512,-0.5223585000000011
256,5,8,GNN,4.4977603,5.1471443,-0.6493839999999995
266,5,8,GNN,7.874293,8.334619,-0.46032600000000023
269,5,8,GNN,4.4977603,5.9364643,-1.4387039999999995
287,5,8,GNN,8.6127615,12.195988,-3.5832265000000003
288,5,8,GNN,0.0,0.6461282,-0.6461282
315,5,8,GNN,4.108607,2.355706,1.752901
316,5,8,GNN,5.444083,5.484271,-0.04018799999999967
320,5,8,GNN,13.11527,11.02903,2.08624
332,5,8,GNN,3.5927033,3.6899595,-0.0972561999999999
334,5,8,GNN,6.0514255,7.7983346,-1.7469090999999999
340,5,8,GNN,6.0514255,5.380225,0.6712004999999994
344,5,8,GNN,2.0993576,2.7228663,-0.6235087000000004
353,5,8,GNN,2.4643853,2.611514,-0.1471287000000001
355,5,8,GNN,4.936662,3.8651423,1.0715197
358,5,8,GNN,1.2656772,1.9852169,-0.7195396999999999
362,5,8,GNN,5.444083,4.289915,1.1541680000000003
395,5,8,GNN,-1.0046246,-0.30428198,-0.70034262
398,5,8,GNN,3.5927033,2.5066924,1.0860109000000002
399,5,8,GNN,5.444083,5.788625,-0.3445419999999997
402,5,8,GNN,-1.1083095,0.49256787,-1.60087737
404,5,8,GNN,6.4090633,3.3319535,3.0771097999999997
420,5,8,GNN,0.09912158,0.021130055,0.077991525
453,5,8,GNN,3.5927033,2.764894,0.8278093000000002
454,5,8,GNN,1.2129581,1.9946961,-0.781738
468,5,8,GNN,9.642798,8.1957855,1.4470125000000014
480,5,8,GNN,1.8676273,2.6999316,-0.8323043000000001
483,5,8,GNN,0.09912158,0.023468643,0.075652937
517,5,8,GNN,13.11527,11.763742,1.351528
529,5,8,GNN,13.11527,12.184435,0.9308350000000001
533,5,8,GNN,5.7325144,7.201232,-1.4687175999999997
583,5,8,GNN,2.0993576,2.0673475,0.03201009999999993
587,5,8,GNN,4.4977603,5.554732,-1.0569716999999992
593,5,8,GNN,0.09912158,0.6112393,-0.51211772
28,5,9,GNN,5.7325144,4.9051538,0.8273606000000004
44,5,9,GNN,4.710023,5.5026164,-0.7925934000000003
50,5,9,GNN,2.7220416,3.906753,-1.1847114000000003
61,5,9,GNN,7.295463,3.3578436,3.9376194
71,5,9,GNN,5.7325144,4.955648,0.7768664000000003
77,5,9,GNN,2.340101,2.8824077,-0.5423066999999997
80,5,9,GNN,3.434834,4.216397,-0.7815629999999998
82,5,9,GNN,3.757068,3.8420331,-0.08496510000000024
96,5,9,GNN,2.340101,2.9189198,-0.5788187999999996
101,5,9,GNN,4.936662,5.654674,-0.7180119999999999
102,5,9,GNN,5.8877125,5.5896945,0.2980179999999999
104,5,9,GNN,3.434834,3.7530272,-0.31819320000000006
108,5,9,GNN,4.821399,5.512821,-0.6914219999999993
112,5,9,GNN,5.444083,8.693428,-3.249345000000001
119,5,9,GNN,2.4643853,3.346894,-0.8825086999999998
122,5,9,GNN,5.7325144,5.8057685,-0.07325409999999977
129,5,9,GNN,6.817504,5.8433776,0.9741263999999994
159,5,9,GNN,2.8560045,2.649206,0.2067985000000001
161,5,9,GNN,1.64345,0.97951865,0.66393135
165,5,9,GNN,1.64345,2.863651,-1.2202009999999999
167,5,9,GNN,4.936662,3.2750256,1.6616364
171,5,9,GNN,4.297837,5.6090183,-1.3111812999999994
198,5,9,GNN,5.444083,5.4950786,-0.05099560000000025
206,5,9,GNN,2.340101,2.9714625,-0.6313614999999997
210,5,9,GNN,2.8560045,2.9839566,-0.1279520999999999
218,5,9,GNN,4.936662,5.9183335,-0.9816715
236,5,9,GNN,8.6127615,9.630371,-1.0176095000000007
256,5,9,GNN,4.4977603,4.5796957,-0.08193539999999988
266,5,9,GNN,7.874293,9.213064,-1.3387709999999995
269,5,9,GNN,4.4977603,5.619779,-1.1220187
287,5,9,GNN,8.6127615,10.969856,-2.3570945000000005
288,5,9,GNN,0.0,0.48744127,-0.48744127
315,5,9,GNN,4.108607,2.6906416,1.4179654
316,5,9,GNN,5.444083,6.091083,-0.6470000000000002
320,5,9,GNN,13.11527,10.373791,2.741479
332,5,9,GNN,3.5927033,4.2234836,-0.6307802999999996
334,5,9,GNN,6.0514255,8.604891,-2.5534655000000006
340,5,9,GNN,6.0514255,5.705823,0.34560250000000003
344,5,9,GNN,2.0993576,3.126953,-1.0275954
353,5,9,GNN,2.4643853,3.225339,-0.7609537
355,5,9,GNN,4.936662,4.9178534,0.018808599999999842
358,5,9,GNN,1.2656772,2.1376896,-0.8720123999999998
362,5,9,GNN,5.444083,5.1757007,0.26838229999999985
395,5,9,GNN,-1.0046246,-0.15942094,-0.8452036600000001
398,5,9,GNN,3.5927033,2.6423018,0.9504015000000003
399,5,9,GNN,5.444083,5.942984,-0.49890100000000004
402,5,9,GNN,-1.1083095,0.37589115,-1.48420065
404,5,9,GNN,6.4090633,3.6464207,2.7626425999999995
420,5,9,GNN,0.09912158,-0.26260868,0.36173025999999997
453,5,9,GNN,3.5927033,2.914591,0.6781123
454,5,9,GNN,1.2129581,1.9243587,-0.7114005999999999
468,5,9,GNN,9.642798,9.165524,0.4772740000000013
480,5,9,GNN,1.8676273,3.333101,-1.4654737
483,5,9,GNN,0.09912158,0.008096337,0.091025243
517,5,9,GNN,13.11527,10.86082,2.2544500000000003
529,5,9,GNN,13.11527,10.988909,2.126361000000001
533,5,9,GNN,5.7325144,7.5760865,-1.8435720999999994
583,5,9,GNN,2.0993576,3.0098827,-0.9105251000000001
587,5,9,GNN,4.4977603,5.98557,-1.4878096999999997
593,5,9,GNN,0.09912158,0.24435909,-0.14523751000000001
28,5,10,GNN,5.7325144,5.4321675,0.3003469000000001
44,5,10,GNN,4.710023,4.873593,-0.16357
50,5,10,GNN,2.7220416,3.1124961,-0.39045450000000015
61,5,10,GNN,7.295463,3.1453185,4.1501445
71,5,10,GNN,5.7325144,5.0358357,0.6966787000000005
77,5,10,GNN,2.340101,2.2565253,0.08357570000000036
80,5,10,GNN,3.434834,3.927073,-0.4922390000000001
82,5,10,GNN,3.757068,3.5282037,0.2288642999999997
96,5,10,GNN,2.340101,1.8233068,0.5167942000000003
101,5,10,GNN,4.936662,5.374579,-0.43791699999999967
102,5,10,GNN,5.8877125,4.8811054,1.0066071
104,5,10,GNN,3.434834,3.316705,0.11812900000000015
108,5,10,GNN,4.821399,4.9381933,-0.11679429999999957
112,5,10,GNN,5.444083,7.8101735,-2.3660905000000003
119,5,10,GNN,2.4643853,2.3972964,0.0670888999999999
122,5,10,GNN,5.7325144,4.727031,1.0054834000000001
129,5,10,GNN,6.817504,5.3140025,1.5035014999999996
159,5,10,GNN,2.8560045,2.14649,0.7095145
161,5,10,GNN,1.64345,0.9266291,0.7168209000000001
165,5,10,GNN,1.64345,1.8189812,-0.1755312
167,5,10,GNN,4.936662,2.539044,2.397618
171,5,10,GNN,4.297837,5.2774158,-0.9795787999999996
198,5,10,GNN,5.444083,4.529237,0.9148459999999998
206,5,10,GNN,2.340101,2.165804,0.17429700000000015
210,5,10,GNN,2.8560045,2.9677105,-0.11170599999999986
218,5,10,GNN,4.936662,5.335851,-0.3991889999999998
236,5,10,GNN,8.6127615,9.47165,-0.8588885000000008
256,5,10,GNN,4.4977603,4.8199296,-0.32216929999999966
266,5,10,GNN,7.874293,8.677338,-0.8030450000000009
269,5,10,GNN,4.4977603,5.41702,-0.9192596999999996
287,5,10,GNN,8.6127615,11.92192,-3.3091585000000006
288,5,10,GNN,0.0,0.30196723,-0.30196723
315,5,10,GNN,4.108607,1.9609272,2.1476798
316,5,10,GNN,5.444083,4.821059,0.623024
320,5,10,GNN,13.11527,10.982785,2.132485000000001
332,5,10,GNN,3.5927033,3.8079069,-0.21520359999999972
334,5,10,GNN,6.0514255,7.529259,-1.4778335
340,5,10,GNN,6.0514255,4.6201777,1.4312477999999995
344,5,10,GNN,2.0993576,3.545309,-1.4459514000000002
353,5,10,GNN,2.4643853,2.1346786,0.3297067
355,5,10,GNN,4.936662,3.1711698,1.7654922000000002
358,5,10,GNN,1.2656772,1.3474424,-0.08176519999999998
362,5,10,GNN,5.444083,4.0470037,1.3970792999999997
395,5,10,GNN,-1.0046246,0.44108176,-1.44570636
398,5,10,GNN,3.5927033,2.2367623,1.355941
399,5,10,GNN,5.444083,5.2001624,0.24392060000000004
402,5,10,GNN,-1.1083095,0.085850306,-1.194159806
404,5,10,GNN,6.4090633,3.1491559,3.2599074
420,5,10,GNN,0.09912158,-0.11381365,0.21293523
453,5,10,GNN,3.5927033,2.212554,1.3801493000000002
454,5,10,GNN,1.2129581,1.73662,-0.5236619
468,5,10,GNN,9.642798,8.607642,1.0351560000000006
480,5,10,GNN,1.8676273,2.3816147,-0.5139874
483,5,10,GNN,0.09912158,-0.056026652,0.155148232
517,5,10,GNN,13.11527,11.521026,1.5942439999999998
529,5,10,GNN,13.11527,11.7138605,1.4014095000000015
533,5,10,GNN,5.7325144,7.043961,-1.3114466
583,5,10,GNN,2.0993576,2.3070319,-0.2076743000000003
587,5,10,GNN,4.4977603,4.737716,-0.23995569999999944
593,5,10,GNN,0.09912158,0.92545813,-0.82633655
4,6,1,GNN,2.7220416,2.5950167,0.12702489999999989
10,6,1,GNN,2.8560045,3.0117304,-0.15572589999999975
12,6,1,GNN,1.0046246,0.6301007,0.37452390000000013
27,6,1,GNN,1.0563531,1.8988684,-0.8425153000000001
41,6,1,GNN,5.1802483,5.4940896,-0.3138413
54,6,1,GNN,4.710023,6.073628,-1.3636050000000006
72,6,1,GNN,7.295463,6.0344024,1.2610605999999995
81,6,1,GNN,2.5916057,2.4403317,0.1512739999999999
83,6,1,GNN,4.108607,4.0755935,0.03301350000000003
84,6,1,GNN,7.046237,7.509195,-0.4629580000000004
89,6,1,GNN,7.874293,8.440329,-0.5660360000000004
99,6,1,GNN,5.444083,6.8394494,-1.3953664000000003
100,6,1,GNN,2.340101,3.1080718,-0.7679707999999996
128,6,1,GNN,4.936662,6.503284,-1.5666219999999997
139,6,1,GNN,2.340101,2.844065,-0.5039639999999999
142,6,1,GNN,2.9938436,3.0210507,-0.02720710000000004
144,6,1,GNN,1.7546765,0.9341606,0.8205159
146,6,1,GNN,2.218501,1.3670378,0.8514631999999998
147,6,1,GNN,1.0046246,0.2824897,0.7221349000000001
164,6,1,GNN,5.444083,5.705821,-0.26173800000000025
178,6,1,GNN,9.642798,9.041835,0.6009630000000001
208,6,1,GNN,4.710023,4.278426,0.431597
211,6,1,GNN,4.710023,5.2549787,-0.5449557
214,6,1,GNN,7.874293,5.9650407,1.9092522999999995
225,6,1,GNN,5.7325144,5.8154726,-0.08295819999999932
233,6,1,GNN,-0.7997385,0.3475793,-1.1473178
235,6,1,GNN,4.4977603,5.370952,-0.8731916999999996
264,6,1,GNN,0.4972036,0.2768164,0.2203872
270,6,1,GNN,0.4972036,1.8055129,-1.3083093000000001
277,6,1,GNN,4.936662,5.0893736,-0.15271159999999995
295,6,1,GNN,1.3186784,1.4342433,-0.11556490000000008
307,6,1,GNN,5.7325144,4.2853527,1.4471617000000006
318,6,1,GNN,0.6983451,1.6000116,-0.9016664999999999
377,6,1,GNN,8.6127615,8.581557,0.031204499999999413
385,6,1,GNN,7.874293,8.424737,-0.5504440000000006
401,6,1,GNN,2.340101,1.1279857,1.2121153000000002
406,6,1,GNN,4.710023,4.061779,0.648244
409,6,1,GNN,6.0514255,4.7818894,1.2695360999999998
428,6,1,GNN,6.4090633,6.099321,0.3097422999999999
430,6,1,GNN,4.936662,3.7199404,1.2167216
443,6,1,GNN,4.4977603,4.6541677,-0.15640739999999997
445,6,1,GNN,4.936662,5.937166,-1.0005040000000003
449,6,1,GNN,8.6127615,5.9413743,2.6713872
473,6,1,GNN,4.710023,4.4004273,0.30959570000000003
495,6,1,GNN,4.297837,5.301121,-1.0032839999999998
498,6,1,GNN,5.1802483,4.749919,0.43032929999999947
499,6,1,GNN,4.936662,5.076615,-0.13995300000000022
500,6,1,GNN,7.874293,7.4949155,0.3793774999999995
511,6,1,GNN,6.0514255,5.4559793,0.5954461999999996
515,6,1,GNN,2.340101,2.387372,-0.04727099999999984
523,6,1,GNN,3.135953,2.9146433,0.2213097000000004
530,6,1,GNN,0.90180033,1.6430993,-0.74129897
532,6,1,GNN,4.4977603,2.6301744,1.8675859000000004
539,6,1,GNN,6.4090633,8.097979,-1.6889157000000008
546,6,1,GNN,1.1083095,1.7267778,-0.6184683
551,6,1,GNN,0.7997385,0.3750743,0.4246642
569,6,1,GNN,3.5130017,3.9438307,-0.43082900000000013
577,6,1,GNN,-0.5975294,0.16313681,-0.76066621
580,6,1,GNN,0.0,0.16387737,-0.16387737
590,6,1,GNN,5.7325144,5.4832277,0.24928670000000075
4,6,2,GNN,2.7220416,2.9636579,-0.2416163
10,6,2,GNN,2.8560045,2.6992416,0.15676289999999993
12,6,2,GNN,1.0046246,0.6943736,0.31025100000000005
27,6,2,GNN,1.0563531,2.1185753,-1.0622222
41,6,2,GNN,5.1802483,5.7410636,-0.5608153000000007
54,6,2,GNN,4.710023,6.027304,-1.3172810000000004
72,6,2,GNN,7.295463,6.211047,1.084416
81,6,2,GNN,2.5916057,2.7906313,-0.1990255999999997
83,6,2,GNN,4.108607,4.587105,-0.4784980000000001
84,6,2,GNN,7.046237,8.222464,-1.1762270000000008
89,6,2,GNN,7.874293,9.126647,-1.2523540000000004
99,6,2,GNN,5.444083,6.6715884,-1.2275054
100,6,2,GNN,2.340101,3.061298,-0.7211969999999996
128,6,2,GNN,4.936662,6.2491665,-1.3125045000000002
139,6,2,GNN,2.340101,2.6094012,-0.2693002
142,6,2,GNN,2.9938436,3.7669725,-0.7731289000000001
144,6,2,GNN,1.7546765,1.3272772,0.42739930000000004
146,6,2,GNN,2.218501,1.3801593,0.8383416999999997
147,6,2,GNN,1.0046246,0.4358075,0.5688171000000001
164,6,2,GNN,5.444083,5.342944,0.10113899999999987
178,6,2,GNN,9.642798,8.657742,0.9850560000000002
208,6,2,GNN,4.710023,4.6881948,0.021828199999999853
211,6,2,GNN,4.710023,5.5158825,-0.8058595000000004
214,6,2,GNN,7.874293,6.0522118,1.8220811999999995
225,6,2,GNN,5.7325144,6.396895,-0.6643805999999994
233,6,2,GNN,-0.7997385,-0.16111231,-0.63862619
235,6,2,GNN,4.4977603,5.7240763,-1.2263159999999997
264,6,2,GNN,0.4972036,0.548636,-0.05143239999999999
270,6,2,GNN,0.4972036,1.8702443,-1.3730407
277,6,2,GNN,4.936662,4.972682,-0.03601999999999972
295,6,2,GNN,1.3186784,1.2191758,0.09950260000000011
307,6,2,GNN,5.7325144,4.5773,1.1552144000000002
318,6,2,GNN,0.6983451,1.5229516,-0.8246065
377,6,2,GNN,8.6127615,9.267716,-0.6549545000000006
385,6,2,GNN,7.874293,9.071668,-1.197375000000001
401,6,2,GNN,2.340101,1.2020379,1.1380631
406,6,2,GNN,4.710023,4.7565126,-0.04648960000000013
409,6,2,GNN,6.0514255,4.9682503,1.0831751999999994
428,6,2,GNN,6.4090633,6.618581,-0.20951770000000014
430,6,2,GNN,4.936662,4.3472314,0.5894306
443,6,2,GNN,4.4977603,5.0254183,-0.5276579999999997
445,6,2,GNN,4.936662,5.741684,-0.8050220000000001
449,6,2,GNN,8.6127615,6.4523196,2.1604418999999995
473,6,2,GNN,4.710023,4.114361,0.5956619999999999
495,6,2,GNN,4.297837,5.629205,-1.3313679999999994
498,6,2,GNN,5.1802483,5.1784763,0.0017719999999998848
499,6,2,GNN,4.936662,5.298541,-0.36187900000000006
500,6,2,GNN,7.874293,7.7428102,0.13148279999999968
511,6,2,GNN,6.0514255,6.025279,0.026146499999999406
515,6,2,GNN,2.340101,2.469663,-0.12956199999999995
523,6,2,GNN,3.135953,3.255296,-0.11934299999999975
530,6,2,GNN,0.90180033,1.7775886,-0.87578827
532,6,2,GNN,4.4977603,2.9624734,1.5352869000000005
539,6,2,GNN,6.4090633,8.225242,-1.8161787
546,6,2,GNN,1.1083095,1.7382836,-0.6299740999999999
551,6,2,GNN,0.7997385,0.6516827,0.14805580000000007
569,6,2,GNN,3.5130017,4.535042,-1.0220403
577,6,2,GNN,-0.5975294,-0.11698151,-0.48054789
580,6,2,GNN,0.0,0.21004921,-0.21004921
590,6,2,GNN,5.7325144,6.174624,-0.4421095999999993
4,6,3,GNN,2.7220416,2.5983973,0.12364430000000004
10,6,3,GNN,2.8560045,2.909671,-0.05366649999999984
12,6,3,GNN,1.0046246,0.9004122,0.1042124000000001
27,6,3,GNN,1.0563531,2.0056255,-0.9492723999999999
41,6,3,GNN,5.1802483,5.492768,-0.3125197000000002
54,6,3,GNN,4.710023,5.5471587,-0.8371357000000001
72,6,3,GNN,7.295463,6.459469,0.8359939999999995
81,6,3,GNN,2.5916057,2.5194302,0.07217550000000017
83,6,3,GNN,4.108607,4.274738,-0.16613100000000003
84,6,3,GNN,7.046237,7.302805,-0.2565680000000006
89,6,3,GNN,7.874293,8.057665,-0.1833720000000003
99,6,3,GNN,5.444083,6.6139836,-1.1699006
100,6,3,GNN,2.340101,3.6651843,-1.3250832999999997
128,6,3,GNN,4.936662,7.1989937,-2.2623317
139,6,3,GNN,2.340101,3.3848944,-1.0447933999999997
142,6,3,GNN,2.9938436,3.2429235,-0.2490798999999999
144,6,3,GNN,1.7546765,1.2769945,0.47768199999999994
146,6,3,GNN,2.218501,1.4392756,0.7792253999999998
147,6,3,GNN,1.0046246,0.46967202,0.5349525800000001
164,6,3,GNN,5.444083,5.1542764,0.28980660000000036
178,6,3,GNN,9.642798,8.1249695,1.5178285000000002
208,6,3,GNN,4.710023,4.39065,0.3193729999999997
211,6,3,GNN,4.710023,5.210708,-0.5006850000000007
214,6,3,GNN,7.874293,5.523979,2.350314
225,6,3,GNN,5.7325144,5.5283914,0.20412300000000005
233,6,3,GNN,-0.7997385,-0.5209519,-0.2787866
235,6,3,GNN,4.4977603,5.2581716,-0.7604112999999995
264,6,3,GNN,0.4972036,0.5337214,-0.03651779999999999
270,6,3,GNN,0.4972036,1.9036405,-1.4064369
277,6,3,GNN,4.936662,5.4168196,-0.4801576000000001
295,6,3,GNN,1.3186784,1.0567213,0.26195710000000005
307,6,3,GNN,5.7325144,4.2985015,1.4340129
318,6,3,GNN,0.6983451,1.669616,-0.9712708999999999
377,6,3,GNN,8.6127615,8.219311,0.39345050000000015
385,6,3,GNN,7.874293,8.043694,-0.16940100000000058
401,6,3,GNN,2.340101,1.212443,1.1276580000000003
406,6,3,GNN,4.710023,4.2982626,0.41176039999999947
409,6,3,GNN,6.0514255,4.7952776,1.2561478999999993
428,6,3,GNN,6.4090633,5.7514925,0.6575707999999993
430,6,3,GNN,4.936662,4.028365,0.9082970000000001
443,6,3,GNN,4.4977603,4.802194,-0.3044336999999997
445,6,3,GNN,4.936662,5.6089206,-0.6722586000000002
449,6,3,GNN,8.6127615,5.6615405,2.9512209999999994
473,6,3,GNN,4.710023,4.193624,0.5163989999999998
495,6,3,GNN,4.297837,5.3709054,-1.0730683999999995
498,6,3,GNN,5.1802483,4.861156,0.31909229999999944
499,6,3,GNN,4.936662,4.9754443,-0.03878230000000027
500,6,3,GNN,7.874293,7.64184,0.23245299999999958
511,6,3,GNN,6.0514255,5.5106044,0.5408210999999996
515,6,3,GNN,2.340101,2.8953722,-0.5552712
523,6,3,GNN,3.135953,2.4397833,0.6961697
530,6,3,GNN,0.90180033,2.048864,-1.14706367
532,6,3,GNN,4.4977603,2.6971858,1.8005745000000002
539,6,3,GNN,6.4090633,7.5873756,-1.1783123
546,6,3,GNN,1.1083095,1.8472415,-0.7389319999999999
551,6,3,GNN,0.7997385,0.62263423,0.17710427000000006
569,6,3,GNN,3.5130017,3.9913688,-0.47836710000000027
577,6,3,GNN,-0.5975294,-0.05823089,-0.53929851
580,6,3,GNN,0.0,0.032761484,-0.032761484
590,6,3,GNN,5.7325144,5.4134097,0.31910470000000046
4,6,4,GNN,2.7220416,2.7089922,0.013049399999999878
10,6,4,GNN,2.8560045,2.2027333,0.6532712000000003
12,6,4,GNN,1.0046246,0.60216355,0.4024610500000001
27,6,4,GNN,1.0563531,2.1903884,-1.1340352999999999
41,6,4,GNN,5.1802483,6.5272303,-1.3469820000000006
54,6,4,GNN,4.710023,6.154352,-1.4443290000000006
72,6,4,GNN,7.295463,6.0182686,1.2771944
81,6,4,GNN,2.5916057,2.7882774,-0.1966717
83,6,4,GNN,4.108607,4.0484195,0.060187500000000504
84,6,4,GNN,7.046237,7.6579633,-0.6117263
89,6,4,GNN,7.874293,8.592269,-0.7179760000000002
99,6,4,GNN,5.444083,6.0150642,-0.5709812000000003
100,6,4,GNN,2.340101,3.004256,-0.6641549999999996
128,6,4,GNN,4.936662,6.193699,-1.2570369999999995
139,6,4,GNN,2.340101,2.6319087,-0.29180769999999967
142,6,4,GNN,2.9938436,3.3478978,-0.3540542000000002
144,6,4,GNN,1.7546765,1.1281704,0.6265061000000001
146,6,4,GNN,2.218501,1.2132748,1.0052261999999998
147,6,4,GNN,1.0046246,0.35053036,0.65409424
164,6,4,GNN,5.444083,4.6411214,0.8029615999999997
178,6,4,GNN,9.642798,8.259986,1.3828120000000013
208,6,4,GNN,4.710023,4.8709784,-0.16095540000000064
211,6,4,GNN,4.710023,5.334839,-0.624816
214,6,4,GNN,7.874293,5.809883,2.0644099999999996
225,6,4,GNN,5.7325144,5.53261,0.19990440000000032
233,6,4,GNN,-0.7997385,-0.8891854,0.0894469
235,6,4,GNN,4.4977603,5.2265177,-0.7287573999999992
264,6,4,GNN,0.4972036,0.38731128,0.10989232000000004
270,6,4,GNN,0.4972036,1.3865266,-0.8893230000000001
277,6,4,GNN,4.936662,4.7235737,0.2130882999999999
295,6,4,GNN,1.3186784,1.0755924,0.24308600000000014
307,6,4,GNN,5.7325144,4.547072,1.1854424000000003
318,6,4,GNN,0.6983451,1.1538264,-0.4554813
377,6,4,GNN,8.6127615,8.613577,-0.000815499999999858
385,6,4,GNN,7.874293,8.36127,-0.48697699999999955
401,6,4,GNN,2.340101,1.2398618,1.1002392000000003
406,6,4,GNN,4.710023,4.23797,0.47205299999999983
409,6,4,GNN,6.0514255,5.612978,0.43844749999999966
428,6,4,GNN,6.4090633,7.088723,-0.6796597000000002
430,6,4,GNN,4.936662,4.002884,0.9337780000000002
443,6,4,GNN,4.4977603,4.868969,-0.3712086999999995
445,6,4,GNN,4.936662,5.2462387,-0.30957670000000004
449,6,4,GNN,8.6127615,6.928079,1.6846824999999992
473,6,4,GNN,4.710023,4.282262,0.4277609999999994
495,6,4,GNN,4.297837,5.3402777,-1.0424406999999993
498,6,4,GNN,5.1802483,5.6982307,-0.5179824000000002
499,6,4,GNN,4.936662,5.0725355,-0.13587349999999976
500,6,4,GNN,7.874293,7.406088,0.4682050000000002
511,6,4,GNN,6.0514255,6.5446024,-0.4931768999999999
515,6,4,GNN,2.340101,2.5217855,-0.1816844999999998
523,6,4,GNN,3.135953,3.436058,-0.30010499999999984
530,6,4,GNN,0.90180033,1.3144311,-0.4126307699999999
532,6,4,GNN,4.4977603,3.5605595,0.9372008000000003
539,6,4,GNN,6.4090633,7.49499,-1.0859267
546,6,4,GNN,1.1083095,1.2592266,-0.15091710000000003
551,6,4,GNN,0.7997385,0.415635,0.38410350000000004
569,6,4,GNN,3.5130017,4.2101645,-0.6971628000000005
577,6,4,GNN,-0.5975294,-0.5898763,-0.007653099999999968
580,6,4,GNN,0.0,0.07162885,-0.07162885
590,6,4,GNN,5.7325144,5.8893557,-0.15684129999999996
4,6,5,GNN,2.7220416,2.460825,0.2612166
10,6,5,GNN,2.8560045,2.6620424,0.19396210000000025
12,6,5,GNN,1.0046246,0.9732441,0.031380500000000144
27,6,5,GNN,1.0563531,2.014329,-0.9579759000000001
41,6,5,GNN,5.1802483,5.7311673,-0.5509190000000004
54,6,5,GNN,4.710023,5.6902003,-0.9801773000000003
72,6,5,GNN,7.295463,5.094242,2.2012209999999994
81,6,5,GNN,2.5916057,2.4466107,0.1449950000000002
83,6,5,GNN,4.108607,4.9232388,-0.8146317999999999
84,6,5,GNN,7.046237,7.055156,-0.008919000000000565
89,6,5,GNN,7.874293,7.3259406,0.5483523999999997
99,6,5,GNN,5.444083,6.567966,-1.1238830000000002
100,6,5,GNN,2.340101,3.17644,-0.8363389999999997
128,6,5,GNN,4.936662,5.2950797,-0.3584176999999995
139,6,5,GNN,2.340101,2.9658067,-0.6257056999999997
142,6,5,GNN,2.9938436,2.93365,0.06019359999999985
144,6,5,GNN,1.7546765,1.0692962,0.6853803
146,6,5,GNN,2.218501,1.955409,0.2630919999999999
147,6,5,GNN,1.0046246,0.48913822,0.51548638
164,6,5,GNN,5.444083,5.3241944,0.11988860000000034
178,6,5,GNN,9.642798,7.8993516,1.7434464000000007
208,6,5,GNN,4.710023,4.7674522,-0.05742920000000051
211,6,5,GNN,4.710023,5.657206,-0.9471830000000008
214,6,5,GNN,7.874293,5.4952145,2.3790784999999994
225,6,5,GNN,5.7325144,5.6193643,0.11315010000000036
233,6,5,GNN,-0.7997385,0.08533031,-0.88506881
235,6,5,GNN,4.4977603,5.265868,-0.7681076999999998
264,6,5,GNN,0.4972036,0.44951883,0.04768477000000004
270,6,5,GNN,0.4972036,2.1587017,-1.6614981
277,6,5,GNN,4.936662,5.4047246,-0.46806259999999966
295,6,5,GNN,1.3186784,1.2538137,0.0648647
307,6,5,GNN,5.7325144,4.1731954,1.5593190000000003
318,6,5,GNN,0.6983451,2.0367646,-1.3384195
377,6,5,GNN,8.6127615,7.374559,1.2382024999999999
385,6,5,GNN,7.874293,7.1748333,0.6994596999999994
401,6,5,GNN,2.340101,1.7023083,0.6377927000000001
406,6,5,GNN,4.710023,5.124126,-0.4141030000000008
409,6,5,GNN,6.0514255,5.10263,0.9487954999999992
428,6,5,GNN,6.4090633,5.8483768,0.5606865000000001
430,6,5,GNN,4.936662,4.6860933,0.25056870000000053
443,6,5,GNN,4.4977603,4.606352,-0.10859169999999985
445,6,5,GNN,4.936662,5.699495,-0.7628329999999997
449,6,5,GNN,8.6127615,5.7895193,2.8232421999999993
473,6,5,GNN,4.710023,3.6468875,1.0631354999999996
495,6,5,GNN,4.297837,5.2366657,-0.9388286999999993
498,6,5,GNN,5.1802483,5.309443,-0.12919470000000022
499,6,5,GNN,4.936662,4.9360843,0.0005777000000000143
500,6,5,GNN,7.874293,7.7510715,0.12322149999999965
511,6,5,GNN,6.0514255,5.6142554,0.43717009999999945
515,6,5,GNN,2.340101,3.1031876,-0.7630865999999998
523,6,5,GNN,3.135953,3.1199229,0.016030100000000047
530,6,5,GNN,0.90180033,2.064511,-1.16271067
532,6,5,GNN,4.4977603,2.5420635,1.9556968000000006
539,6,5,GNN,6.4090633,7.911634,-1.5025707000000006
546,6,5,GNN,1.1083095,2.090952,-0.9826425000000001
551,6,5,GNN,0.7997385,0.6451502,0.1545883
569,6,5,GNN,3.5130017,3.8147416,-0.3017399000000003
577,6,5,GNN,-0.5975294,0.576787,-1.1743164
580,6,5,GNN,0.0,0.1657804,-0.1657804
590,6,5,GNN,5.7325144,5.4811606,0.2513538000000004
4,6,7,GNN,2.7220416,2.8475487,-0.1255071000000001
10,6,7,GNN,2.8560045,2.903713,-0.047708500000000154
12,6,7,GNN,1.0046246,0.63712627,0.3674983300000001
27,6,7,GNN,1.0563531,2.260524,-1.2041709000000003
41,6,7,GNN,5.1802483,6.1261606,-0.9459123000000007
54,6,7,GNN,4.710023,6.123287,-1.4132640000000007
72,6,7,GNN,7.295463,6.6194744,0.6759886000000002
81,6,7,GNN,2.5916057,2.5190136,0.07259210000000005
83,6,7,GNN,4.108607,4.701976,-0.593369
84,6,7,GNN,7.046237,7.8170567,-0.7708197000000006
89,6,7,GNN,7.874293,8.440274,-0.5659810000000007
99,6,7,GNN,5.444083,6.5455737,-1.1014907000000003
100,6,7,GNN,2.340101,2.7802026,-0.44010159999999976
128,6,7,GNN,4.936662,6.5731487,-1.6364866999999998
139,6,7,GNN,2.340101,2.785465,-0.44536399999999965
142,6,7,GNN,2.9938436,3.429155,-0.43531140000000024
144,6,7,GNN,1.7546765,1.5593472,0.19532930000000004
146,6,7,GNN,2.218501,1.8262594,0.39224159999999975
147,6,7,GNN,1.0046246,0.50274324,0.50188136
164,6,7,GNN,5.444083,5.1301575,0.31392549999999986
178,6,7,GNN,9.642798,8.649705,0.993093
208,6,7,GNN,4.710023,5.0329714,-0.32294840000000047
211,6,7,GNN,4.710023,5.7946787,-1.0846557000000008
214,6,7,GNN,7.874293,6.007457,1.8668360000000002
225,6,7,GNN,5.7325144,5.751329,-0.018814599999999793
233,6,7,GNN,-0.7997385,0.12401977,-0.92375827
235,6,7,GNN,4.4977603,5.607793,-1.1100326999999997
264,6,7,GNN,0.4972036,0.43402767,0.06317593000000005
270,6,7,GNN,0.4972036,1.9474304,-1.4502268
277,6,7,GNN,4.936662,6.120685,-1.1840229999999998
295,6,7,GNN,1.3186784,0.99462175,0.32405665000000006
307,6,7,GNN,5.7325144,4.5322857,1.2002287000000003
318,6,7,GNN,0.6983451,1.4763143,-0.7779692
377,6,7,GNN,8.6127615,8.637889,-0.02512749999999997
385,6,7,GNN,7.874293,8.470885,-0.5965920000000011
401,6,7,GNN,2.340101,1.8712993,0.4688017000000002
406,6,7,GNN,4.710023,4.488875,0.22114799999999946
409,6,7,GNN,6.0514255,5.943755,0.10767049999999934
428,6,7,GNN,6.4090633,7.704845,-1.2957817
430,6,7,GNN,4.936662,4.4813976,0.4552643999999999
443,6,7,GNN,4.4977603,4.858327,-0.3605666999999997
445,6,7,GNN,4.936662,5.8027005,-0.8660385000000002
449,6,7,GNN,8.6127615,7.4615,1.1512614999999995
473,6,7,GNN,4.710023,3.8987796,0.8112433999999995
495,6,7,GNN,4.297837,5.6630597,-1.3652226999999995
498,6,7,GNN,5.1802483,5.9237776,-0.7435293000000005
499,6,7,GNN,4.936662,5.477586,-0.5409239999999995
500,6,7,GNN,7.874293,7.141313,0.7329799999999995
511,6,7,GNN,6.0514255,6.0528283,-0.0014028000000001484
515,6,7,GNN,2.340101,2.6880903,-0.3479892999999996
523,6,7,GNN,3.135953,2.9683204,0.16763260000000013
530,6,7,GNN,0.90180033,1.482109,-0.5803086699999999
532,6,7,GNN,4.4977603,3.9004424,0.5973179000000002
539,6,7,GNN,6.4090633,7.988373,-1.5793097000000005
546,6,7,GNN,1.1083095,1.8134421,-0.7051326
551,6,7,GNN,0.7997385,0.48601282,0.31372568
569,6,7,GNN,3.5130017,4.4023185,-0.8893168
577,6,7,GNN,-0.5975294,-0.76636815,0.16883875000000004
580,6,7,GNN,0.0,0.12443265,-0.12443265
590,6,7,GNN,5.7325144,5.221469,0.5110454000000004
4,6,8,GNN,2.7220416,2.5816827,0.14035889999999984
10,6,8,GNN,2.8560045,2.3799164,0.4760881000000001
12,6,8,GNN,1.0046246,1.5825145,-0.5778899
27,6,8,GNN,1.0563531,2.1880631,-1.13171
41,6,8,GNN,5.1802483,5.646599,-0.46635070000000045
54,6,8,GNN,4.710023,5.621209,-0.9111860000000007
72,6,8,GNN,7.295463,5.5561953,1.7392677
81,6,8,GNN,2.5916057,2.3985598,0.1930459
83,6,8,GNN,4.108607,4.7475557,-0.6389487000000003
84,6,8,GNN,7.046237,7.380163,-0.33392599999999995
89,6,8,GNN,7.874293,7.8491793,0.02511369999999946
99,6,8,GNN,5.444083,6.646428,-1.2023450000000002
100,6,8,GNN,2.340101,3.0000484,-0.6599473999999996
128,6,8,GNN,4.936662,6.000949,-1.0642870000000002
139,6,8,GNN,2.340101,2.8241003,-0.4839992999999998
142,6,8,GNN,2.9938436,3.0384872,-0.044643600000000117
144,6,8,GNN,1.7546765,1.2531488,0.5015277
146,6,8,GNN,2.218501,2.104182,0.11431899999999962
147,6,8,GNN,1.0046246,0.75482416,0.24980044000000012
164,6,8,GNN,5.444083,4.9202003,0.5238826999999997
178,6,8,GNN,9.642798,8.540505,1.1022930000000013
208,6,8,GNN,4.710023,4.5559464,0.15407659999999979
211,6,8,GNN,4.710023,5.2209663,-0.5109433000000001
214,6,8,GNN,7.874293,5.3805513,2.4937417
225,6,8,GNN,5.7325144,5.44104,0.29147440000000024
233,6,8,GNN,-0.7997385,0.08141211,-0.8811506100000001
235,6,8,GNN,4.4977603,5.2021337,-0.7043733999999997
264,6,8,GNN,0.4972036,0.8433322,-0.34612859999999995
270,6,8,GNN,0.4972036,1.854548,-1.3573444000000001
277,6,8,GNN,4.936662,5.0843854,-0.14772340000000028
295,6,8,GNN,1.3186784,1.4818535,-0.1631750999999999
307,6,8,GNN,5.7325144,3.853138,1.8793764000000004
318,6,8,GNN,0.6983451,1.8566194,-1.1582743
377,6,8,GNN,8.6127615,7.995784,0.6169775
385,6,8,GNN,7.874293,7.7461734,0.12811959999999978
401,6,8,GNN,2.340101,2.3463619,-0.00626089999999957
406,6,8,GNN,4.710023,4.7382555,-0.02823250000000055
409,6,8,GNN,6.0514255,5.312398,0.7390274999999997
428,6,8,GNN,6.4090633,6.191762,0.21730129999999992
430,6,8,GNN,4.936662,4.93105,0.005612000000000172
443,6,8,GNN,4.4977603,4.5735292,-0.07576889999999992
445,6,8,GNN,4.936662,5.4747133,-0.5380513000000002
449,6,8,GNN,8.6127615,6.0422354,2.5705260999999995
473,6,8,GNN,4.710023,4.08617,0.6238529999999995
495,6,8,GNN,4.297837,5.288254,-0.9904169999999999
498,6,8,GNN,5.1802483,5.2947145,-0.11446620000000074
499,6,8,GNN,4.936662,4.9601326,-0.023470599999999564
500,6,8,GNN,7.874293,7.068505,0.8057879999999997
511,6,8,GNN,6.0514255,5.589298,0.46212749999999936
515,6,8,GNN,2.340101,2.5064008,-0.1662998
523,6,8,GNN,3.135953,2.7434876,0.3924654000000003
530,6,8,GNN,0.90180033,1.924162,-1.02236167
532,6,8,GNN,4.4977603,2.9876397,1.5101206000000005
539,6,8,GNN,6.4090633,7.5880537,-1.1789904
546,6,8,GNN,1.1083095,1.762214,-0.6539044999999999
551,6,8,GNN,0.7997385,0.51030123,0.28943726999999997
569,6,8,GNN,3.5130017,3.8607674,-0.34776570000000007
577,6,8,GNN,-0.5975294,0.07338588,-0.67091528
580,6,8,GNN,0.0,0.05712238,-0.05712238
590,6,8,GNN,5.7325144,5.289242,0.44327240000000057
4,6,9,GNN,2.7220416,2.8729348,-0.15089320000000006
10,6,9,GNN,2.8560045,2.9088426,-0.05283809999999978
12,6,9,GNN,1.0046246,0.93173254,0.07289206000000004
27,6,9,GNN,1.0563531,2.6183949,-1.5620418000000003
41,6,9,GNN,5.1802483,6.026436,-0.8461877000000007
54,6,9,GNN,4.710023,5.9509053,-1.2408823
72,6,9,GNN,7.295463,6.4705825,0.8248804999999999
81,6,9,GNN,2.5916057,2.6480696,-0.05646389999999979
83,6,9,GNN,4.108607,4.731875,-0.6232679999999995
84,6,9,GNN,7.046237,7.876614,-0.8303770000000004
89,6,9,GNN,7.874293,8.83371,-0.9594170000000002
99,6,9,GNN,5.444083,6.7391095,-1.2950264999999996
100,6,9,GNN,2.340101,3.515595,-1.1754939999999996
128,6,9,GNN,4.936662,6.7939773,-1.8573152999999998
139,6,9,GNN,2.340101,3.326511,-0.9864099999999998
142,6,9,GNN,2.9938436,3.4611502,-0.4673066000000001
144,6,9,GNN,1.7546765,0.93949306,0.81518344
146,6,9,GNN,2.218501,1.8078442,0.41065679999999993
147,6,9,GNN,1.0046246,0.42046982,0.5841547800000001
164,6,9,GNN,5.444083,5.2351317,0.20895129999999984
178,6,9,GNN,9.642798,8.8865185,0.7562795000000015
208,6,9,GNN,4.710023,5.0110536,-0.3010306000000007
211,6,9,GNN,4.710023,5.803662,-1.0936390000000005
214,6,9,GNN,7.874293,5.8697586,2.0045344
225,6,9,GNN,5.7325144,6.1683702,-0.4358557999999997
233,6,9,GNN,-0.7997385,0.3712682,-1.1710067
235,6,9,GNN,4.4977603,5.7939706,-1.2962102999999994
264,6,9,GNN,0.4972036,0.4679044,0.029299200000000025
270,6,9,GNN,0.4972036,2.091488,-1.5942844
277,6,9,GNN,4.936662,5.343897,-0.407235
295,6,9,GNN,1.3186784,1.2971755,0.02150289999999999
307,6,9,GNN,5.7325144,4.5020947,1.2304197000000006
318,6,9,GNN,0.6983451,1.9612871,-1.262942
377,6,9,GNN,8.6127615,8.981349,-0.3685875000000003
385,6,9,GNN,7.874293,8.77371,-0.8994169999999997
401,6,9,GNN,2.340101,1.5841575,0.7559435000000001
406,6,9,GNN,4.710023,4.7045994,0.005423599999999418
409,6,9,GNN,6.0514255,5.376901,0.6745244999999995
428,6,9,GNN,6.4090633,6.5328517,-0.12378840000000046
430,6,9,GNN,4.936662,4.476113,0.4605490000000003
443,6,9,GNN,4.4977603,5.1808915,-0.6831312
445,6,9,GNN,4.936662,6.107504,-1.1708419999999995
449,6,9,GNN,8.6127615,6.3638186,2.2489428999999994
473,6,9,GNN,4.710023,4.499272,0.21075099999999924
495,6,9,GNN,4.297837,5.7560577,-1.4582207
498,6,9,GNN,5.1802483,5.394116,-0.21386770000000066
499,6,9,GNN,4.936662,5.5870247,-0.6503626999999996
500,6,9,GNN,7.874293,7.8746276,-0.0003346000000004068
511,6,9,GNN,6.0514255,5.8519535,0.1994720000000001
515,6,9,GNN,2.340101,2.936431,-0.5963299999999996
523,6,9,GNN,3.135953,3.1363425,-0.00038949999999982055
530,6,9,GNN,0.90180033,2.0058415,-1.10404117
532,6,9,GNN,4.4977603,2.9893632,1.5083971000000003
539,6,9,GNN,6.4090633,7.971668,-1.5626047000000005
546,6,9,GNN,1.1083095,1.9740375,-0.8657279999999998
551,6,9,GNN,0.7997385,0.5927869,0.2069516
569,6,9,GNN,3.5130017,4.384019,-0.8710173000000005
577,6,9,GNN,-0.5975294,0.083335236,-0.680864636
580,6,9,GNN,0.0,0.16561885,-0.16561885
590,6,9,GNN,5.7325144,5.90419,-0.17167559999999948
4,6,10,GNN,2.7220416,2.6717439,0.05029769999999978
10,6,10,GNN,2.8560045,2.9148011,-0.05879659999999998
12,6,10,GNN,1.0046246,0.7908579,0.2137667000000001
27,6,10,GNN,1.0563531,2.2589116,-1.2025584999999999
41,6,10,GNN,5.1802483,5.7661433,-0.5858950000000007
54,6,10,GNN,4.710023,5.8794885,-1.1694655000000003
72,6,10,GNN,7.295463,6.5481114,0.7473516
81,6,10,GNN,2.5916057,2.5339456,0.0576601000000001
83,6,10,GNN,4.108607,5.0460973,-0.9374902999999994
84,6,10,GNN,7.046237,8.012853,-0.9666160000000001
89,6,10,GNN,7.874293,8.375178,-0.5008850000000002
99,6,10,GNN,5.444083,6.832481,-1.3883979999999996
100,6,10,GNN,2.340101,3.1785364,-0.8384353999999998
128,6,10,GNN,4.936662,6.239218,-1.302556
139,6,10,GNN,2.340101,2.8982959,-0.5581948999999997
142,6,10,GNN,2.9938436,3.3877811,-0.3939375000000003
144,6,10,GNN,1.7546765,1.3064288,0.4482477
146,6,10,GNN,2.218501,2.025837,0.19266399999999972
147,6,10,GNN,1.0046246,0.44923562,0.55538898
164,6,10,GNN,5.444083,5.2084613,0.23562170000000027
178,6,10,GNN,9.642798,8.489386,1.1534120000000012
208,6,10,GNN,4.710023,4.98332,-0.27329700000000035
211,6,10,GNN,4.710023,5.347075,-0.6370520000000006
214,6,10,GNN,7.874293,5.578531,2.295762
225,6,10,GNN,5.7325144,5.918164,-0.18564959999999964
233,6,10,GNN,-0.7997385,0.051200807,-0.850939307
235,6,10,GNN,4.4977603,5.214846,-0.7170856999999993
264,6,10,GNN,0.4972036,0.45115775,0.04604585
270,6,10,GNN,0.4972036,2.2355032,-1.7382996000000002
277,6,10,GNN,4.936662,5.324366,-0.38770400000000027
295,6,10,GNN,1.3186784,0.8114498,0.5072286
307,6,10,GNN,5.7325144,4.613219,1.1192954000000004
318,6,10,GNN,0.6983451,1.9299688,-1.2316236999999999
377,6,10,GNN,8.6127615,8.567949,0.044812499999999034
385,6,10,GNN,7.874293,8.350668,-0.4763750000000009
401,6,10,GNN,2.340101,2.1652098,0.17489120000000025
406,6,10,GNN,4.710023,5.04847,-0.3384470000000004
409,6,10,GNN,6.0514255,5.3283515,0.7230739999999996
428,6,10,GNN,6.4090633,6.3415103,0.06755299999999931
430,6,10,GNN,4.936662,5.0096536,-0.07299159999999993
443,6,10,GNN,4.4977603,4.7405977,-0.24283739999999998
445,6,10,GNN,4.936662,5.690105,-0.7534429999999999
449,6,10,GNN,8.6127615,6.129464,2.4832975
473,6,10,GNN,4.710023,3.9317322,0.7782907999999997
495,6,10,GNN,4.297837,5.267676,-0.9698389999999995
498,6,10,GNN,5.1802483,5.3819437,-0.2016954000000002
499,6,10,GNN,4.936662,5.064677,-0.12801499999999955
500,6,10,GNN,7.874293,7.86235,0.011942999999999593
511,6,10,GNN,6.0514255,5.6937613,0.35766419999999943
515,6,10,GNN,2.340101,2.9697056,-0.6296046
523,6,10,GNN,3.135953,3.0605483,0.07540469999999999
530,6,10,GNN,0.90180033,1.6560675,-0.75426717
532,6,10,GNN,4.4977603,2.9511914,1.5465689000000005
539,6,10,GNN,6.4090633,7.658179,-1.2491157
546,6,10,GNN,1.1083095,2.137151,-1.0288414999999997
551,6,10,GNN,0.7997385,0.5373987,0.2623398
569,6,10,GNN,3.5130017,4.607514,-1.0945123000000003
577,6,10,GNN,-0.5975294,0.21778679,-0.81531619
580,6,10,GNN,0.0,0.10561576,-0.10561576
590,6,10,GNN,5.7325144,5.5886893,0.14382509999999993
0,7,1,GNN,0.6983451,0.69031405,0.00803105000000004
3,7,1,GNN,6.817504,6.354024,0.46347999999999967
9,7,1,GNN,7.5695224,5.951461,1.6180614000000002
32,7,1,GNN,7.874293,6.2169476,1.6573453999999996
51,7,1,GNN,3.135953,-0.542071,3.678024
55,7,1,GNN,4.936662,4.8857126,0.05094940000000037
60,7,1,GNN,1.2129581,0.82151794,0.39144016000000004
74,7,1,GNN,4.936662,6.275712,-1.3390500000000003
79,7,1,GNN,6.4090633,5.8044724,0.6045908999999998
85,7,1,GNN,6.0514255,5.8243046,0.22712090000000007
94,7,1,GNN,3.135953,4.223914,-1.0879609999999995
103,7,1,GNN,2.5916057,2.0961819,0.4954238000000002
110,7,1,GNN,3.928723,3.0010629,0.9276601000000002
134,7,1,GNN,1.533799,1.450361,0.0834379999999999
135,7,1,GNN,4.4977603,2.8277767,1.6699836000000006
150,7,1,GNN,5.7325144,5.9463463,-0.21383189999999974
158,7,1,GNN,11.38537,8.286026,3.0993440000000003
195,7,1,GNN,0.0,0.019810438,-0.019810438
197,7,1,GNN,2.4643853,1.4649702,0.9994151
203,7,1,GNN,2.218501,2.6842422,-0.4657412000000001
231,7,1,GNN,3.434834,3.7694526,-0.3346186000000002
247,7,1,GNN,2.0993576,2.8034048,-0.7040472000000002
250,7,1,GNN,1.0046246,0.51179606,0.4928285400000001
259,7,1,GNN,-0.39728242,-0.5692084,0.17192597999999992
267,7,1,GNN,3.434834,2.1472082,1.2876257999999998
268,7,1,GNN,1.1083095,1.0897,0.018609500000000168
280,7,1,GNN,2.340101,3.0103607,-0.6702596999999999
293,7,1,GNN,0.7997385,2.8110905,-2.011352
296,7,1,GNN,1.0046246,1.0238422,-0.019217599999999946
301,7,1,GNN,-1.3186784,0.34325436,-1.66193276
302,7,1,GNN,6.0514255,5.7537575,0.2976679999999998
325,7,1,GNN,9.642798,8.232702,1.4100960000000011
327,7,1,GNN,4.936662,4.996324,-0.059662000000000326
339,7,1,GNN,5.1802483,5.3201246,-0.13987630000000006
349,7,1,GNN,6.4090633,7.028861,-0.6197977000000003
363,7,1,GNN,4.108607,4.960309,-0.8517019999999995
396,7,1,GNN,3.434834,2.9121861,0.5226478999999999
397,7,1,GNN,4.297837,5.4437604,-1.1459234
408,7,1,GNN,5.444083,5.8818855,-0.4378025000000001
422,7,1,GNN,1.0046246,1.9129697,-0.9083451
426,7,1,GNN,5.444083,5.8297396,-0.3856565999999999
427,7,1,GNN,5.444083,5.882229,-0.4381459999999997
433,7,1,GNN,9.642798,8.022185,1.6206130000000005
435,7,1,GNN,4.821399,3.3191686,1.5022304000000006
456,7,1,GNN,1.8676273,2.9148965,-1.0472691999999997
459,7,1,GNN,1.0046246,0.7397053,0.2649193000000001
464,7,1,GNN,6.0514255,5.908237,0.14318849999999994
470,7,1,GNN,0.6983451,2.634246,-1.9359009
484,7,1,GNN,4.710023,5.291242,-0.5812189999999999
503,7,1,GNN,1.64345,2.4794383,-0.8359882999999999
504,7,1,GNN,2.5916057,2.411188,0.18041770000000001
527,7,1,GNN,6.817504,8.815331,-1.997827000000001
535,7,1,GNN,6.817504,6.8434286,-0.02592460000000063
542,7,1,GNN,6.4090633,8.208476,-1.7994126999999995
563,7,1,GNN,5.7325144,5.927786,-0.19527159999999988
566,7,1,GNN,5.309392,5.2760973,0.0332946999999999
570,7,1,GNN,1.4255849,3.0053892,-1.5798043000000002
573,7,1,GNN,5.444083,5.912714,-0.46863100000000024
588,7,1,GNN,2.218501,2.162918,0.05558299999999994
595,7,1,GNN,0.0,0.24379432,-0.24379432
0,7,2,GNN,0.6983451,0.72874534,-0.030400239999999967
3,7,2,GNN,6.817504,5.9028215,0.9146824999999996
9,7,2,GNN,7.5695224,5.794901,1.7746214
32,7,2,GNN,7.874293,6.208083,1.6662099999999995
51,7,2,GNN,3.135953,-0.038446628,3.174399628
55,7,2,GNN,4.936662,5.1848736,-0.2482116000000003
60,7,2,GNN,1.2129581,1.0259688,0.18698930000000002
74,7,2,GNN,4.936662,5.575407,-0.6387450000000001
79,7,2,GNN,6.4090633,6.049796,0.35926729999999996
85,7,2,GNN,6.0514255,5.753686,0.2977394999999996
94,7,2,GNN,3.135953,3.9362276,-0.8002745999999998
103,7,2,GNN,2.5916057,2.0065572,0.5850485000000001
110,7,2,GNN,3.928723,3.291523,0.6372
134,7,2,GNN,1.533799,1.4885523,0.04524669999999986
135,7,2,GNN,4.4977603,3.0855277,1.4122326000000003
150,7,2,GNN,5.7325144,6.3742943,-0.6417798999999995
158,7,2,GNN,11.38537,8.248492,3.1368779999999994
195,7,2,GNN,0.0,0.11208098,-0.11208098
197,7,2,GNN,2.4643853,1.2873425,1.1770428
203,7,2,GNN,2.218501,2.26174,-0.04323900000000025
231,7,2,GNN,3.434834,3.0396476,0.39518640000000005
247,7,2,GNN,2.0993576,2.5241196,-0.4247620000000003
250,7,2,GNN,1.0046246,0.52635914,0.47826546000000014
259,7,2,GNN,-0.39728242,-0.16125253,-0.23602989000000002
267,7,2,GNN,3.434834,2.294215,1.140619
268,7,2,GNN,1.1083095,1.1355362,-0.027226699999999937
280,7,2,GNN,2.340101,3.3010843,-0.9609832999999997
293,7,2,GNN,0.7997385,2.2250786,-1.4253400999999997
296,7,2,GNN,1.0046246,0.8799639,0.12466070000000007
301,7,2,GNN,-1.3186784,0.05887687,-1.37755527
302,7,2,GNN,6.0514255,5.596142,0.4552834999999993
325,7,2,GNN,9.642798,8.480532,1.1622660000000007
327,7,2,GNN,4.936662,4.820551,0.11611100000000008
339,7,2,GNN,5.1802483,5.7470217,-0.5667734000000006
349,7,2,GNN,6.4090633,6.530613,-0.1215497000000001
363,7,2,GNN,4.108607,4.392249,-0.2836419999999995
396,7,2,GNN,3.434834,3.3637064,0.07112760000000007
397,7,2,GNN,4.297837,5.454213,-1.1563759999999998
408,7,2,GNN,5.444083,5.8577676,-0.41368459999999985
422,7,2,GNN,1.0046246,2.1808422,-1.1762175999999998
426,7,2,GNN,5.444083,5.3561993,0.0878836999999999
427,7,2,GNN,5.444083,6.095612,-0.651529
433,7,2,GNN,9.642798,7.7601604,1.8826376000000007
435,7,2,GNN,4.821399,3.5084214,1.3129776000000004
456,7,2,GNN,1.8676273,2.941954,-1.0743266999999999
459,7,2,GNN,1.0046246,0.7305112,0.27411340000000006
464,7,2,GNN,6.0514255,6.291253,-0.23982750000000053
470,7,2,GNN,0.6983451,2.0843985,-1.3860533999999998
484,7,2,GNN,4.710023,5.6449037,-0.9348807000000008
503,7,2,GNN,1.64345,2.6681144,-1.0246643999999998
504,7,2,GNN,2.5916057,1.8722974,0.7193083000000002
527,7,2,GNN,6.817504,9.373884,-2.5563800000000008
535,7,2,GNN,6.817504,6.152065,0.6654389999999992
542,7,2,GNN,6.4090633,8.358475,-1.9494117000000006
563,7,2,GNN,5.7325144,6.163411,-0.43089659999999963
566,7,2,GNN,5.309392,5.0456133,0.2637786999999996
570,7,2,GNN,1.4255849,2.5205734,-1.0949885
573,7,2,GNN,5.444083,5.94094,-0.4968570000000003
588,7,2,GNN,2.218501,2.4624498,-0.24394880000000008
595,7,2,GNN,0.0,0.5371798,-0.5371798
0,7,3,GNN,0.6983451,0.65504855,0.0432965500000001
3,7,3,GNN,6.817504,6.4624095,0.35509449999999987
9,7,3,GNN,7.5695224,5.837337,1.7321854000000005
32,7,3,GNN,7.874293,6.5724635,1.3018295000000002
51,7,3,GNN,3.135953,-0.28672743,3.42268043
55,7,3,GNN,4.936662,5.0402083,-0.10354629999999965
60,7,3,GNN,1.2129581,0.7133521,0.499606
74,7,3,GNN,4.936662,6.069362,-1.1326999999999998
79,7,3,GNN,6.4090633,6.109869,0.2991942999999999
85,7,3,GNN,6.0514255,5.88617,0.16525549999999978
94,7,3,GNN,3.135953,3.5710742,-0.43512119999999976
103,7,3,GNN,2.5916057,2.4772012,0.11440450000000002
110,7,3,GNN,3.928723,2.8798156,1.0489074
134,7,3,GNN,1.533799,1.6798137,-0.14601470000000005
135,7,3,GNN,4.4977603,2.8701468,1.6276135000000003
150,7,3,GNN,5.7325144,5.934485,-0.20197059999999922
158,7,3,GNN,11.38537,8.024579,3.3607910000000007
195,7,3,GNN,0.0,0.09760482,-0.09760482
197,7,3,GNN,2.4643853,1.6710933,0.7932920000000001
203,7,3,GNN,2.218501,2.8653228,-0.6468218000000001
231,7,3,GNN,3.434834,3.590561,-0.15572700000000017
247,7,3,GNN,2.0993576,2.8291945,-0.7298369
250,7,3,GNN,1.0046246,0.46519333,0.5394312700000001
259,7,3,GNN,-0.39728242,-0.3756953,-0.021587120000000015
267,7,3,GNN,3.434834,2.3720362,1.0627977999999998
268,7,3,GNN,1.1083095,0.8677144,0.24059510000000006
280,7,3,GNN,2.340101,2.9138725,-0.5737714999999999
293,7,3,GNN,0.7997385,2.5801306,-1.7803920999999998
296,7,3,GNN,1.0046246,0.6227917,0.38183290000000014
301,7,3,GNN,-1.3186784,0.44124055,-1.75991895
302,7,3,GNN,6.0514255,5.637092,0.4143334999999997
325,7,3,GNN,9.642798,8.572324,1.0704740000000008
327,7,3,GNN,4.936662,5.24347,-0.3068080000000002
339,7,3,GNN,5.1802483,5.577803,-0.3975547000000006
349,7,3,GNN,6.4090633,6.850426,-0.4413627
363,7,3,GNN,4.108607,4.463769,-0.355162
396,7,3,GNN,3.434834,3.000191,0.4346429999999999
397,7,3,GNN,4.297837,5.4057055,-1.1078684999999995
408,7,3,GNN,5.444083,5.7726884,-0.3286053999999998
422,7,3,GNN,1.0046246,2.2920463,-1.2874217
426,7,3,GNN,5.444083,5.7898965,-0.3458135000000002
427,7,3,GNN,5.444083,5.866095,-0.4220119999999996
433,7,3,GNN,9.642798,7.3998117,2.242986300000001
435,7,3,GNN,4.821399,3.229949,1.5914500000000005
456,7,3,GNN,1.8676273,2.7809875,-0.9133602000000001
459,7,3,GNN,1.0046246,0.6578938,0.3467308000000001
464,7,3,GNN,6.0514255,5.931437,0.11998849999999983
470,7,3,GNN,0.6983451,2.461006,-1.7626608999999998
484,7,3,GNN,4.710023,5.697041,-0.987018
503,7,3,GNN,1.64345,2.7184799,-1.0750299
504,7,3,GNN,2.5916057,2.4995663,0.0920394
527,7,3,GNN,6.817504,8.910911,-2.093407000000001
535,7,3,GNN,6.817504,6.086391,0.7311129999999997
542,7,3,GNN,6.4090633,8.50784,-2.0987767
563,7,3,GNN,5.7325144,5.8056726,-0.07315819999999995
566,7,3,GNN,5.309392,5.325355,-0.01596300000000017
570,7,3,GNN,1.4255849,2.7569642,-1.3313793
573,7,3,GNN,5.444083,5.926718,-0.48263500000000015
588,7,3,GNN,2.218501,2.313487,-0.09498600000000001
595,7,3,GNN,0.0,0.17440298,-0.17440298
0,7,4,GNN,0.6983451,0.5545529,0.14379220000000004
3,7,4,GNN,6.817504,6.1475344,0.6699695999999999
9,7,4,GNN,7.5695224,6.6558123,0.9137101000000003
32,7,4,GNN,7.874293,6.3186626,1.5556304
51,7,4,GNN,3.135953,-0.5247133,3.6606663000000004
55,7,4,GNN,4.936662,4.429802,0.5068600000000005
60,7,4,GNN,1.2129581,1.2315369,-0.018578800000000006
74,7,4,GNN,4.936662,6.080868,-1.1442059999999996
79,7,4,GNN,6.4090633,5.744481,0.6645822999999993
85,7,4,GNN,6.0514255,5.9861603,0.0652651999999998
94,7,4,GNN,3.135953,4.2918205,-1.1558674999999998
103,7,4,GNN,2.5916057,2.0270004,0.5646053000000002
110,7,4,GNN,3.928723,3.1590629,0.7696601000000003
134,7,4,GNN,1.533799,1.0111575,0.5226415
135,7,4,GNN,4.4977603,2.7424402,1.7553201000000005
150,7,4,GNN,5.7325144,5.623587,0.10892740000000067
158,7,4,GNN,11.38537,8.549321,2.836048999999999
195,7,4,GNN,0.0,0.06903915,-0.06903915
197,7,4,GNN,2.4643853,1.7250078,0.7393775
203,7,4,GNN,2.218501,3.076373,-0.857872
231,7,4,GNN,3.434834,3.2805715,0.15426249999999975
247,7,4,GNN,2.0993576,2.8944907,-0.7951331000000001
250,7,4,GNN,1.0046246,0.3944733,0.6101513000000001
259,7,4,GNN,-0.39728242,-0.43043128,0.03314886
267,7,4,GNN,3.434834,2.357212,1.0776219999999999
268,7,4,GNN,1.1083095,1.3410703,-0.23276079999999988
280,7,4,GNN,2.340101,3.1996002,-0.8594991999999997
293,7,4,GNN,0.7997385,3.0255618,-2.2258233
296,7,4,GNN,1.0046246,1.003962,0.0006626000000000687
301,7,4,GNN,-1.3186784,0.46918684,-1.78786524
302,7,4,GNN,6.0514255,4.462378,1.5890474999999995
325,7,4,GNN,9.642798,8.616384,1.0264140000000008
327,7,4,GNN,4.936662,5.026203,-0.08954099999999965
339,7,4,GNN,5.1802483,5.043722,0.13652629999999988
349,7,4,GNN,6.4090633,6.4520335,-0.04297020000000007
363,7,4,GNN,4.108607,4.502245,-0.39363800000000015
396,7,4,GNN,3.434834,2.9841008,0.4507331999999997
397,7,4,GNN,4.297837,5.2858443,-0.9880072999999996
408,7,4,GNN,5.444083,6.192668,-0.7485850000000003
422,7,4,GNN,1.0046246,2.4526584,-1.4480337999999997
426,7,4,GNN,5.444083,5.3953366,0.048746399999999745
427,7,4,GNN,5.444083,5.558689,-0.11460600000000021
433,7,4,GNN,9.642798,7.292623,2.350175000000001
435,7,4,GNN,4.821399,4.1590557,0.6623433000000007
456,7,4,GNN,1.8676273,2.790768,-0.9231406999999998
459,7,4,GNN,1.0046246,0.5823117,0.4223129000000001
464,7,4,GNN,6.0514255,5.609026,0.4423994999999996
470,7,4,GNN,0.6983451,2.7747865,-2.0764413999999998
484,7,4,GNN,4.710023,4.891982,-0.18195899999999998
503,7,4,GNN,1.64345,2.4957957,-0.8523456999999999
504,7,4,GNN,2.5916057,2.34854,0.24306570000000027
527,7,4,GNN,6.817504,8.428378,-1.6108740000000008
535,7,4,GNN,6.817504,6.3268957,0.4906082999999999
542,7,4,GNN,6.4090633,8.191493,-1.7824296999999998
563,7,4,GNN,5.7325144,5.2566156,0.4758988000000004
566,7,4,GNN,5.309392,5.0780706,0.23132139999999968
570,7,4,GNN,1.4255849,3.6941142,-2.2685293
573,7,4,GNN,5.444083,5.8395157,-0.39543269999999975
588,7,4,GNN,2.218501,2.0927942,0.12570679999999967
595,7,4,GNN,0.0,0.45322058,-0.45322058
0,7,5,GNN,0.6983451,0.7658346,-0.06748949999999998
3,7,5,GNN,6.817504,5.750708,1.0667959999999992
9,7,5,GNN,7.5695224,5.963368,1.6061544000000003
32,7,5,GNN,7.874293,6.2047815,1.6695114999999996
51,7,5,GNN,3.135953,-0.86955696,4.00550996
55,7,5,GNN,4.936662,4.735925,0.20073700000000017
60,7,5,GNN,1.2129581,0.53012925,0.68282885
74,7,5,GNN,4.936662,6.002292,-1.0656299999999996
79,7,5,GNN,6.4090633,5.8930984,0.5159648999999993
85,7,5,GNN,6.0514255,5.2643194,0.7871060999999999
94,7,5,GNN,3.135953,3.3983455,-0.2623924999999998
103,7,5,GNN,2.5916057,2.0739655,0.5176402000000002
110,7,5,GNN,3.928723,3.1025178,0.8262052
134,7,5,GNN,1.533799,1.2621984,0.27160059999999997
135,7,5,GNN,4.4977603,3.0960286,1.4017317000000005
150,7,5,GNN,5.7325144,5.8365955,-0.10408109999999926
158,7,5,GNN,11.38537,8.594527,2.7908430000000006
195,7,5,GNN,0.0,0.13647737,-0.13647737
197,7,5,GNN,2.4643853,0.70708483,1.7573004700000001
203,7,5,GNN,2.218501,2.3685832,-0.1500822000000004
231,7,5,GNN,3.434834,3.1979218,0.2369121999999999
247,7,5,GNN,2.0993576,2.9788685,-0.8795109000000001
250,7,5,GNN,1.0046246,0.567853,0.43677160000000004
259,7,5,GNN,-0.39728242,-0.64527696,0.24799453999999999
267,7,5,GNN,3.434834,2.2545347,1.1802993000000002
268,7,5,GNN,1.1083095,1.0498773,0.058432200000000156
280,7,5,GNN,2.340101,3.0888581,-0.7487570999999997
293,7,5,GNN,0.7997385,1.8792084,-1.0794698999999999
296,7,5,GNN,1.0046246,0.8283642,0.1762604000000001
301,7,5,GNN,-1.3186784,-0.87285846,-0.44581994
302,7,5,GNN,6.0514255,5.715429,0.33599649999999937
325,7,5,GNN,9.642798,8.726278,0.9165200000000002
327,7,5,GNN,4.936662,4.382438,0.5542240000000005
339,7,5,GNN,5.1802483,5.4566216,-0.2763733000000004
349,7,5,GNN,6.4090633,6.36987,0.039193299999999986
363,7,5,GNN,4.108607,4.592261,-0.4836539999999996
396,7,5,GNN,3.434834,2.886436,0.5483980000000002
397,7,5,GNN,4.297837,5.22183,-0.9239929999999994
408,7,5,GNN,5.444083,5.806979,-0.3628960000000001
422,7,5,GNN,1.0046246,1.8929828,-0.8883581999999999
426,7,5,GNN,5.444083,5.4335637,0.010519300000000342
427,7,5,GNN,5.444083,6.1695924,-0.7255094
433,7,5,GNN,9.642798,6.4033933,3.2394047000000006
435,7,5,GNN,4.821399,3.5649652,1.2564338000000004
456,7,5,GNN,1.8676273,2.663787,-0.7961597
459,7,5,GNN,1.0046246,0.7931643,0.21146030000000005
464,7,5,GNN,6.0514255,5.6795707,0.3718547999999995
470,7,5,GNN,0.6983451,1.7526064,-1.0542612999999998
484,7,5,GNN,4.710023,5.6755004,-0.9654774000000002
503,7,5,GNN,1.64345,2.6225915,-0.9791414999999999
504,7,5,GNN,2.5916057,1.4289433,1.1626624
527,7,5,GNN,6.817504,8.713546,-1.8960419999999996
535,7,5,GNN,6.817504,6.383656,0.43384799999999935
542,7,5,GNN,6.4090633,8.339645,-1.9305817000000012
563,7,5,GNN,5.7325144,6.053387,-0.3208725999999995
566,7,5,GNN,5.309392,4.8685555,0.44083649999999963
570,7,5,GNN,1.4255849,2.1735482,-0.7479632999999999
573,7,5,GNN,5.444083,6.0125284,-0.5684453999999999
588,7,5,GNN,2.218501,1.9527073,0.2657936999999999
595,7,5,GNN,0.0,0.4988609,-0.4988609
0,7,6,GNN,0.6983451,0.54810506,0.15024004000000002
3,7,6,GNN,6.817504,6.3081903,0.5093136999999999
9,7,6,GNN,7.5695224,6.75309,0.8164324000000001
32,7,6,GNN,7.874293,7.1283545,0.7459384999999994
51,7,6,GNN,3.135953,-0.76068246,3.89663546
55,7,6,GNN,4.936662,4.907773,0.028889000000000387
60,7,6,GNN,1.2129581,1.1814096,0.03154849999999998
74,7,6,GNN,4.936662,5.4564095,-0.5197475000000003
79,7,6,GNN,6.4090633,5.9199524,0.4891109
85,7,6,GNN,6.0514255,5.5875363,0.46388919999999967
94,7,6,GNN,3.135953,3.6269612,-0.4910082
103,7,6,GNN,2.5916057,1.8642591,0.7273466000000002
110,7,6,GNN,3.928723,3.1430886,0.7856344000000002
134,7,6,GNN,1.533799,1.168107,0.3656919999999999
135,7,6,GNN,4.4977603,2.9019928,1.5957675000000004
150,7,6,GNN,5.7325144,5.910502,-0.1779875999999998
158,7,6,GNN,11.38537,8.174651,3.210718999999999
195,7,6,GNN,0.0,0.13173586,-0.13173586
197,7,6,GNN,2.4643853,1.4002469,1.0641384
203,7,6,GNN,2.218501,2.6961617,-0.4776607000000004
231,7,6,GNN,3.434834,3.433899,0.0009350000000001302
247,7,6,GNN,2.0993576,3.0006528,-0.9012952000000003
250,7,6,GNN,1.0046246,0.47828698,0.5263376200000001
259,7,6,GNN,-0.39728242,-0.29099748,-0.10628494000000005
267,7,6,GNN,3.434834,2.5133746,0.9214593999999998
268,7,6,GNN,1.1083095,1.0914917,0.016817800000000105
280,7,6,GNN,2.340101,3.190255,-0.8501539999999999
293,7,6,GNN,0.7997385,2.1913905,-1.3916519999999997
296,7,6,GNN,1.0046246,1.4887441,-0.4841194999999998
301,7,6,GNN,-1.3186784,-0.4340733,-0.8846051
302,7,6,GNN,6.0514255,5.213805,0.8376204999999999
325,7,6,GNN,9.642798,8.270966,1.3718320000000013
327,7,6,GNN,4.936662,4.798629,0.13803300000000007
339,7,6,GNN,5.1802483,5.4068394,-0.22659110000000027
349,7,6,GNN,6.4090633,6.7980156,-0.3889523000000006
363,7,6,GNN,4.108607,4.5340786,-0.42547159999999984
396,7,6,GNN,3.434834,2.98262,0.4522140000000001
397,7,6,GNN,4.297837,5.3739524,-1.0761154
408,7,6,GNN,5.444083,5.913466,-0.46938299999999966
422,7,6,GNN,1.0046246,2.083534,-1.0789094000000001
426,7,6,GNN,5.444083,4.9719625,0.47212049999999994
427,7,6,GNN,5.444083,5.8041134,-0.3600304000000003
433,7,6,GNN,9.642798,7.280781,2.3620170000000007
435,7,6,GNN,4.821399,4.324827,0.49657200000000046
456,7,6,GNN,1.8676273,2.8605766,-0.9929492999999998
459,7,6,GNN,1.0046246,0.5896502,0.4149744000000001
464,7,6,GNN,6.0514255,5.9148636,0.13656189999999935
470,7,6,GNN,0.6983451,2.0650213,-1.3666762000000001
484,7,6,GNN,4.710023,5.3917694,-0.6817464000000006
503,7,6,GNN,1.64345,2.7517352,-1.1082852
504,7,6,GNN,2.5916057,1.4067237,1.1848820000000002
527,7,6,GNN,6.817504,8.846363,-2.0288590000000006
535,7,6,GNN,6.817504,6.177678,0.6398259999999993
542,7,6,GNN,6.4090633,7.9979005,-1.5888372000000004
563,7,6,GNN,5.7325144,5.555805,0.17670940000000002
566,7,6,GNN,5.309392,5.2436075,0.06578449999999947
570,7,6,GNN,1.4255849,3.2860358,-1.8604509
573,7,6,GNN,5.444083,6.268346,-0.8242630000000002
588,7,6,GNN,2.218501,2.1628063,0.05569469999999965
595,7,6,GNN,0.0,0.06727359,-0.06727359
0,7,8,GNN,0.6983451,0.47480276,0.22354234000000006
3,7,8,GNN,6.817504,6.0452523,0.7722517
9,7,8,GNN,7.5695224,5.9594646,1.6100578000000008
32,7,8,GNN,7.874293,6.1194687,1.7548243000000001
51,7,8,GNN,3.135953,-0.74977887,3.8857318700000003
55,7,8,GNN,4.936662,4.890455,0.04620699999999989
60,7,8,GNN,1.2129581,1.6565083,-0.4435502
74,7,8,GNN,4.936662,5.9527655,-1.0161034999999998
79,7,8,GNN,6.4090633,5.6422186,0.7668447
85,7,8,GNN,6.0514255,6.3448734,-0.2934479000000003
94,7,8,GNN,3.135953,3.941895,-0.8059419999999999
103,7,8,GNN,2.5916057,1.3659126,1.2256931000000002
110,7,8,GNN,3.928723,3.1574302,0.7712928000000003
134,7,8,GNN,1.533799,1.2625291,0.27126989999999984
135,7,8,GNN,4.4977603,3.312902,1.1848583000000006
150,7,8,GNN,5.7325144,5.8940997,-0.1615852999999996
158,7,8,GNN,11.38537,7.945121,3.4402489999999997
195,7,8,GNN,0.0,0.21751311,-0.21751311
197,7,8,GNN,2.4643853,2.0277162,0.43666910000000003
203,7,8,GNN,2.218501,2.1140027,0.10449829999999993
231,7,8,GNN,3.434834,3.3105178,0.12431619999999999
247,7,8,GNN,2.0993576,3.7524047,-1.6530471000000002
250,7,8,GNN,1.0046246,0.4173897,0.5872349000000001
259,7,8,GNN,-0.39728242,-0.720136,0.32285358
267,7,8,GNN,3.434834,1.8334237,1.6014103
268,7,8,GNN,1.1083095,1.0181999,0.09010960000000012
280,7,8,GNN,2.340101,3.210609,-0.8705079999999996
293,7,8,GNN,0.7997385,4.364332,-3.5645935
296,7,8,GNN,1.0046246,1.2188667,-0.21424209999999988
301,7,8,GNN,-1.3186784,1.5234241,-2.8421025
302,7,8,GNN,6.0514255,4.204892,1.8465334999999996
325,7,8,GNN,9.642798,8.0386,1.6041980000000002
327,7,8,GNN,4.936662,4.440949,0.4957130000000003
339,7,8,GNN,5.1802483,5.2412205,-0.06097220000000014
349,7,8,GNN,6.4090633,6.8450637,-0.4360004000000002
363,7,8,GNN,4.108607,4.9072433,-0.7986363000000001
396,7,8,GNN,3.434834,2.8199582,0.6148758000000001
397,7,8,GNN,4.297837,5.601466,-1.303629
408,7,8,GNN,5.444083,5.8373303,-0.39324729999999963
422,7,8,GNN,1.0046246,2.446652,-1.4420273999999997
426,7,8,GNN,5.444083,5.3625407,0.08154229999999973
427,7,8,GNN,5.444083,5.2848744,0.15920860000000037
433,7,8,GNN,9.642798,7.93406,1.7087380000000012
435,7,8,GNN,4.821399,3.5761461,1.2452529000000006
456,7,8,GNN,1.8676273,3.0911617,-1.2235343999999997
459,7,8,GNN,1.0046246,0.43495753,0.5696670700000002
464,7,8,GNN,6.0514255,5.9279666,0.12345889999999926
470,7,8,GNN,0.6983451,4.2718883,-3.5735431999999996
484,7,8,GNN,4.710023,4.885635,-0.1756120000000001
503,7,8,GNN,1.64345,2.4368749,-0.7934248999999998
504,7,8,GNN,2.5916057,3.8467212,-1.2551155
527,7,8,GNN,6.817504,8.281841,-1.4643370000000004
535,7,8,GNN,6.817504,6.6063004,0.21120359999999927
542,7,8,GNN,6.4090633,8.03265,-1.6235867000000006
563,7,8,GNN,5.7325144,5.453527,0.2789874000000001
566,7,8,GNN,5.309392,4.711588,0.597804
570,7,8,GNN,1.4255849,4.669571,-3.2439861000000003
573,7,8,GNN,5.444083,6.228317,-0.7842339999999997
588,7,8,GNN,2.218501,2.0168896,0.2016114
595,7,8,GNN,0.0,0.2829552,-0.2829552
0,7,9,GNN,0.6983451,0.66060996,0.03773514
3,7,9,GNN,6.817504,6.5326686,0.2848353999999995
9,7,9,GNN,7.5695224,6.204944,1.3645784
32,7,9,GNN,7.874293,6.8550096,1.0192834
51,7,9,GNN,3.135953,-0.08248977,3.2184427700000002
55,7,9,GNN,4.936662,5.1993146,-0.2626526
60,7,9,GNN,1.2129581,0.7836137,0.42934440000000007
74,7,9,GNN,4.936662,6.182057,-1.2453950000000003
79,7,9,GNN,6.4090633,6.370791,0.03827230000000004
85,7,9,GNN,6.0514255,6.385403,-0.3339775000000005
94,7,9,GNN,3.135953,4.2416234,-1.1056703999999997
103,7,9,GNN,2.5916057,2.1788807,0.412725
110,7,9,GNN,3.928723,3.1749706,0.7537524000000002
134,7,9,GNN,1.533799,1.358711,0.1750879999999999
135,7,9,GNN,4.4977603,3.1755967,1.3221636000000005
150,7,9,GNN,5.7325144,6.3558173,-0.6233028999999997
158,7,9,GNN,11.38537,8.395012,2.9903580000000005
195,7,9,GNN,0.0,0.04865727,-0.04865727
197,7,9,GNN,2.4643853,1.1029799,1.3614054
203,7,9,GNN,2.218501,2.6428719,-0.4243709
231,7,9,GNN,3.434834,3.5226402,-0.08780620000000017
247,7,9,GNN,2.0993576,2.773665,-0.6743074
250,7,9,GNN,1.0046246,0.36120695,0.6434176500000001
259,7,9,GNN,-0.39728242,-0.13767992,-0.2596025
267,7,9,GNN,3.434834,2.746964,0.6878699999999998
268,7,9,GNN,1.1083095,1.2141395,-0.10582999999999987
280,7,9,GNN,2.340101,3.187263,-0.847162
293,7,9,GNN,0.7997385,2.181804,-1.3820655
296,7,9,GNN,1.0046246,0.87095034,0.13367426000000004
301,7,9,GNN,-1.3186784,-0.22391017,-1.0947682300000001
302,7,9,GNN,6.0514255,5.5205297,0.5308957999999997
325,7,9,GNN,9.642798,8.511255,1.1315430000000006
327,7,9,GNN,4.936662,5.022134,-0.08547200000000021
339,7,9,GNN,5.1802483,5.920544,-0.7402956999999999
349,7,9,GNN,6.4090633,6.954943,-0.5458797000000004
363,7,9,GNN,4.108607,4.9342723,-0.8256652999999998
396,7,9,GNN,3.434834,3.1563342,0.2784998000000001
397,7,9,GNN,4.297837,5.7567134,-1.4588763999999994
408,7,9,GNN,5.444083,6.0887856,-0.6447025999999996
422,7,9,GNN,1.0046246,1.9468297,-0.9422051
426,7,9,GNN,5.444083,5.8441653,-0.4000823000000002
427,7,9,GNN,5.444083,5.946422,-0.5023390000000001
433,7,9,GNN,9.642798,8.222562,1.420236000000001
435,7,9,GNN,4.821399,3.5780158,1.2433832000000002
456,7,9,GNN,1.8676273,2.925081,-1.0574537
459,7,9,GNN,1.0046246,0.6581261,0.34649850000000004
464,7,9,GNN,6.0514255,6.324343,-0.27291750000000015
470,7,9,GNN,0.6983451,2.0349288,-1.3365836999999998
484,7,9,GNN,4.710023,5.8543205,-1.1442975000000004
503,7,9,GNN,1.64345,3.0366216,-1.3931716
504,7,9,GNN,2.5916057,2.077658,0.5139477000000001
527,7,9,GNN,6.817504,8.676039,-1.8585349999999998
535,7,9,GNN,6.817504,6.976192,-0.1586880000000006
542,7,9,GNN,6.4090633,8.443264,-2.0342006999999995
563,7,9,GNN,5.7325144,6.009489,-0.27697459999999996
566,7,9,GNN,5.309392,5.526138,-0.21674600000000055
570,7,9,GNN,1.4255849,2.397934,-0.9723490999999997
573,7,9,GNN,5.444083,6.4251785,-0.9810955000000003
588,7,9,GNN,2.218501,2.3567548,-0.1382538000000002
595,7,9,GNN,0.0,0.84899956,-0.84899956
0,7,10,GNN,0.6983451,0.61041427,0.08793083000000002
3,7,10,GNN,6.817504,6.5222716,0.29523239999999973
9,7,10,GNN,7.5695224,6.048118,1.5214044000000007
32,7,10,GNN,7.874293,6.943664,0.9306289999999997
51,7,10,GNN,3.135953,-0.57479876,3.71075176
55,7,10,GNN,4.936662,5.321348,-0.3846860000000003
60,7,10,GNN,1.2129581,1.3481991,-0.13524099999999994
74,7,10,GNN,4.936662,6.781756,-1.8450939999999996
79,7,10,GNN,6.4090633,6.379909,0.029154300000000077
85,7,10,GNN,6.0514255,6.252437,-0.2010114999999999
94,7,10,GNN,3.135953,3.9792697,-0.8433166999999999
103,7,10,GNN,2.5916057,1.9279993,0.6636064000000002
110,7,10,GNN,3.928723,3.4710662,0.4576568000000001
134,7,10,GNN,1.533799,1.5539179,-0.02011890000000016
135,7,10,GNN,4.4977603,3.2555869,1.2421734000000004
150,7,10,GNN,5.7325144,6.613975,-0.8814605999999996
158,7,10,GNN,11.38537,7.2448688,4.1405012
195,7,10,GNN,0.0,0.023368388,-0.023368388
197,7,10,GNN,2.4643853,2.3632462,0.10113910000000015
203,7,10,GNN,2.218501,2.5019734,-0.28347239999999996
231,7,10,GNN,3.434834,3.2953799,0.13945410000000003
247,7,10,GNN,2.0993576,3.6956193,-1.5962617000000003
250,7,10,GNN,1.0046246,0.4353214,0.5693032
259,7,10,GNN,-0.39728242,-0.22340852,-0.17387390000000003
267,7,10,GNN,3.434834,2.4547665,0.9800675000000001
268,7,10,GNN,1.1083095,1.1149535,-0.006643999999999872
280,7,10,GNN,2.340101,3.5137603,-1.1736592999999997
293,7,10,GNN,0.7997385,4.1182184,-3.3184799
296,7,10,GNN,1.0046246,0.7461472,0.2584774000000001
301,7,10,GNN,-1.3186784,1.9150069,-3.2336853000000003
302,7,10,GNN,6.0514255,4.650291,1.4011344999999995
325,7,10,GNN,9.642798,7.452122,2.1906760000000007
327,7,10,GNN,4.936662,4.6650023,0.27165969999999984
339,7,10,GNN,5.1802483,5.8243394,-0.6440911000000007
349,7,10,GNN,6.4090633,7.508272,-1.0992087000000001
363,7,10,GNN,4.108607,4.5248294,-0.41622239999999966
396,7,10,GNN,3.434834,3.3002002,0.13463380000000003
397,7,10,GNN,4.297837,5.550422,-1.2525849999999998
408,7,10,GNN,5.444083,5.886952,-0.44286899999999996
422,7,10,GNN,1.0046246,3.1174753,-2.1128507
426,7,10,GNN,5.444083,5.676482,-0.23239900000000002
427,7,10,GNN,5.444083,5.9424133,-0.4983303000000001
433,7,10,GNN,9.642798,8.395907,1.2468910000000015
435,7,10,GNN,4.821399,3.923712,0.8976870000000003
456,7,10,GNN,1.8676273,3.0746865,-1.2070591999999998
459,7,10,GNN,1.0046246,0.68922865,0.3153959500000001
464,7,10,GNN,6.0514255,6.626618,-0.5751925
470,7,10,GNN,0.6983451,4.0614176,-3.3630725000000004
484,7,10,GNN,4.710023,5.8062587,-1.0962357000000003
503,7,10,GNN,1.64345,2.839792,-1.196342
504,7,10,GNN,2.5916057,4.4751735,-1.8835678000000002
527,7,10,GNN,6.817504,8.393007,-1.5755030000000012
535,7,10,GNN,6.817504,6.4765873,0.3409166999999993
542,7,10,GNN,6.4090633,7.495725,-1.0866617000000005
563,7,10,GNN,5.7325144,5.8471,-0.11458559999999984
566,7,10,GNN,5.309392,5.572584,-0.2631920000000001
570,7,10,GNN,1.4255849,4.739659,-3.3140740999999996
573,7,10,GNN,5.444083,6.259936,-0.8158529999999997
588,7,10,GNN,2.218501,2.010108,0.20839300000000005
595,7,10,GNN,0.0,0.40153715,-0.40153715
17,8,1,GNN,5.7325144,4.5247097,1.2078047000000005
30,8,1,GNN,1.6988573,2.8748915,-1.1760342
39,8,1,GNN,2.218501,1.9457474,0.27275359999999993
47,8,1,GNN,6.817504,7.1010137,-0.28350970000000064
58,8,1,GNN,0.09912158,-0.32633168,0.42545326
73,8,1,GNN,0.0,0.403472,-0.403472
78,8,1,GNN,1.8676273,3.0059521,-1.1383248
97,8,1,GNN,4.4977603,5.67934,-1.1815796999999995
113,8,1,GNN,2.0993576,2.5707052,-0.4713476000000001
117,8,1,GNN,5.444083,5.882702,-0.4386190000000001
123,8,1,GNN,-0.90180033,-0.36373967,-0.53806066
132,8,1,GNN,1.7546765,2.5758047,-0.8211282
133,8,1,GNN,8.6127615,7.0670147,1.5457467999999999
140,8,1,GNN,2.340101,2.526679,-0.1865779999999999
151,8,1,GNN,4.710023,5.534416,-0.8243930000000006
154,8,1,GNN,5.444083,6.5692015,-1.1251185000000001
160,8,1,GNN,6.0514255,7.034174,-0.9827485000000005
172,8,1,GNN,5.0561504,4.5679684,0.4881820000000001
174,8,1,GNN,1.8676273,4.682686,-2.8150587000000002
194,8,1,GNN,0.5975294,0.33842942,0.25909998
199,8,1,GNN,7.295463,8.878239,-1.5827760000000008
226,8,1,GNN,1.4255849,3.0165782,-1.5909933
244,8,1,GNN,2.7220416,2.0687692,0.6532723999999996
249,8,1,GNN,0.5975294,-0.36528164,0.9628110400000001
272,8,1,GNN,5.7325144,5.7820997,-0.0495852999999995
283,8,1,GNN,-1.0046246,0.08956067,-1.09418527
292,8,1,GNN,1.3186784,1.7968183,-0.47813989999999995
303,8,1,GNN,1.533799,0.91302,0.6207789999999999
304,8,1,GNN,2.0993576,3.2609787,-1.1616211
312,8,1,GNN,2.9938436,3.1390436,-0.1452
313,8,1,GNN,4.936662,6.524548,-1.5878860000000001
321,8,1,GNN,-0.4972036,-0.50139016,0.004186560000000006
335,8,1,GNN,5.444083,4.536784,0.9072990000000001
357,8,1,GNN,4.936662,4.986703,-0.050041000000000224
365,8,1,GNN,4.4977603,5.2703834,-0.7726230999999997
368,8,1,GNN,6.0514255,6.551154,-0.4997285000000007
382,8,1,GNN,0.90180033,0.4698758,0.43192453000000003
383,8,1,GNN,5.444083,5.032963,0.4111200000000004
384,8,1,GNN,5.444083,5.329047,0.11503599999999992
386,8,1,GNN,1.8676273,1.2565265,0.6111008
387,8,1,GNN,2.0993576,2.5758655,-0.4765079000000001
388,8,1,GNN,4.710023,5.4913597,-0.7813367000000007
407,8,1,GNN,9.642798,11.668776,-2.0259779999999985
418,8,1,GNN,7.295463,5.9308734,1.3645895999999995
421,8,1,GNN,1.64345,1.9046057,-0.2611557
423,8,1,GNN,9.642798,8.194381,1.448417000000001
436,8,1,GNN,5.444083,2.2716594,3.1724236
439,8,1,GNN,4.4977603,3.1928525,1.3049078000000005
446,8,1,GNN,4.710023,5.505466,-0.7954430000000006
466,8,1,GNN,-0.19832253,-0.33286577,0.13454324
474,8,1,GNN,3.757068,5.248146,-1.4910780000000003
475,8,1,GNN,-0.09912158,0.20604956,-0.30517114
481,8,1,GNN,2.8560045,1.7819996,1.0740049
486,8,1,GNN,-0.5975294,0.33089274,-0.92842214
488,8,1,GNN,4.936662,5.3354864,-0.39882439999999963
576,8,1,GNN,1.533799,1.3083808,0.2254182
585,8,1,GNN,6.817504,6.2190113,0.5984926999999995
586,8,1,GNN,1.0046246,0.43377155,0.5708530500000001
596,8,1,GNN,0.19832253,0.11798833,0.0803342
597,8,1,GNN,13.11527,8.033791,5.081479
17,8,2,GNN,5.7325144,4.8652544,0.8672599999999999
30,8,2,GNN,1.6988573,2.4093397,-0.7104823999999998
39,8,2,GNN,2.218501,2.6803148,-0.4618138000000003
47,8,2,GNN,6.817504,7.186189,-0.36868500000000015
58,8,2,GNN,0.09912158,0.033574082,0.06554749800000001
73,8,2,GNN,0.0,0.33731434,-0.33731434
78,8,2,GNN,1.8676273,3.1370707,-1.2694434
97,8,2,GNN,4.4977603,5.633806,-1.1360456999999995
113,8,2,GNN,2.0993576,2.4088058,-0.3094482000000003
117,8,2,GNN,5.444083,5.9757795,-0.5316964999999998
123,8,2,GNN,-0.90180033,-0.2936022,-0.6081981300000001
132,8,2,GNN,1.7546765,2.5546749,-0.7999984000000002
133,8,2,GNN,8.6127615,7.3595076,1.2532538999999998
140,8,2,GNN,2.340101,2.407939,-0.06783799999999962
151,8,2,GNN,4.710023,5.329085,-0.6190620000000004
154,8,2,GNN,5.444083,6.7965736,-1.3524906000000003
160,8,2,GNN,6.0514255,7.409527,-1.3581015
172,8,2,GNN,5.0561504,4.471134,0.5850163999999998
174,8,2,GNN,1.8676273,4.4672933,-2.5996659999999996
194,8,2,GNN,0.5975294,0.621452,-0.023922600000000016
199,8,2,GNN,7.295463,8.609617,-1.3141540000000003
226,8,2,GNN,1.4255849,2.923666,-1.4980810999999998
244,8,2,GNN,2.7220416,2.7905009,-0.06845930000000022
249,8,2,GNN,0.5975294,-0.025608383,0.623137783
272,8,2,GNN,5.7325144,5.593202,0.13931240000000056
283,8,2,GNN,-1.0046246,-0.23591626,-0.7687083400000001
292,8,2,GNN,1.3186784,1.7111785,-0.3925000999999999
303,8,2,GNN,1.533799,1.6969875,-0.16318850000000018
304,8,2,GNN,2.0993576,3.1244614,-1.0251038000000001
312,8,2,GNN,2.9938436,2.5986674,0.39517619999999987
313,8,2,GNN,4.936662,6.278703,-1.342041
321,8,2,GNN,-0.4972036,-0.20545036,-0.29175324
335,8,2,GNN,5.444083,4.807934,0.6361489999999996
357,8,2,GNN,4.936662,5.1635156,-0.2268536000000001
365,8,2,GNN,4.4977603,5.668734,-1.1709736999999993
368,8,2,GNN,6.0514255,6.320486,-0.26906050000000015
382,8,2,GNN,0.90180033,0.6411881,0.26061223
383,8,2,GNN,5.444083,5.4120874,0.031995600000000124
384,8,2,GNN,5.444083,5.493399,-0.04931600000000014
386,8,2,GNN,1.8676273,1.7453691,0.1222582000000001
387,8,2,GNN,2.0993576,2.1493719,-0.050014299999999956
388,8,2,GNN,4.710023,5.767466,-1.0574430000000001
407,8,2,GNN,9.642798,11.2883625,-1.645564499999999
418,8,2,GNN,7.295463,5.368893,1.92657
421,8,2,GNN,1.64345,1.9648207,-0.3213706999999999
423,8,2,GNN,9.642798,8.515147,1.1276510000000002
436,8,2,GNN,5.444083,2.6929433,2.7511397
439,8,2,GNN,4.4977603,3.7524397,0.7453206000000003
446,8,2,GNN,4.710023,5.7635517,-1.0535287000000002
466,8,2,GNN,-0.19832253,0.025944456,-0.224266986
474,8,2,GNN,3.757068,5.660544,-1.903476
475,8,2,GNN,-0.09912158,0.38524798,-0.48436956
481,8,2,GNN,2.8560045,2.7131412,0.14286330000000014
486,8,2,GNN,-0.5975294,0.26675418,-0.8642835799999999
488,8,2,GNN,4.936662,5.4777126,-0.5410506000000002
576,8,2,GNN,1.533799,1.2469602,0.28683879999999995
585,8,2,GNN,6.817504,6.0097103,0.8077936999999995
586,8,2,GNN,1.0046246,0.6537935,0.35083110000000006
596,8,2,GNN,0.19832253,0.4269089,-0.22858636999999998
597,8,2,GNN,13.11527,8.273979,4.841291
17,8,3,GNN,5.7325144,4.7292056,1.0033088000000001
30,8,3,GNN,1.6988573,2.285032,-0.5861747000000002
39,8,3,GNN,2.218501,2.2464733,-0.02797230000000006
47,8,3,GNN,6.817504,6.348268,0.46923599999999954
58,8,3,GNN,0.09912158,0.029856361,0.069265219
73,8,3,GNN,0.0,0.7015341,-0.7015341
78,8,3,GNN,1.8676273,2.8177776,-0.9501502999999998
97,8,3,GNN,4.4977603,5.4208846,-0.9231242999999996
113,8,3,GNN,2.0993576,1.7966055,0.30275209999999975
117,8,3,GNN,5.444083,5.84509,-0.4010069999999999
123,8,3,GNN,-0.90180033,-0.5425064,-0.35929393
132,8,3,GNN,1.7546765,2.514077,-0.7594004999999999
133,8,3,GNN,8.6127615,6.573068,2.0396934999999994
140,8,3,GNN,2.340101,1.660537,0.6795640000000003
151,8,3,GNN,4.710023,4.834336,-0.12431300000000078
154,8,3,GNN,5.444083,6.0288253,-0.5847423000000003
160,8,3,GNN,6.0514255,6.735061,-0.6836355000000003
172,8,3,GNN,5.0561504,3.458406,1.5977443999999998
174,8,3,GNN,1.8676273,4.1282663,-2.260639
194,8,3,GNN,0.5975294,0.61608875,-0.018559349999999974
199,8,3,GNN,7.295463,8.66728,-1.371817
226,8,3,GNN,1.4255849,2.7656217,-1.3400368
244,8,3,GNN,2.7220416,2.7644515,-0.0424099
249,8,3,GNN,0.5975294,0.03426964,0.56325976
272,8,3,GNN,5.7325144,5.3205066,0.4120078000000005
283,8,3,GNN,-1.0046246,-0.2706848,-0.7339398000000001
292,8,3,GNN,1.3186784,1.9063224,-0.587644
303,8,3,GNN,1.533799,1.273265,0.2605339999999998
304,8,3,GNN,2.0993576,3.1754587,-1.0761011000000003
312,8,3,GNN,2.9938436,2.7897568,0.2040867999999998
313,8,3,GNN,4.936662,5.6116276,-0.6749656000000002
321,8,3,GNN,-0.4972036,-0.37439385,-0.12280975000000005
335,8,3,GNN,5.444083,4.62765,0.816433
357,8,3,GNN,4.936662,4.943176,-0.006514000000000131
365,8,3,GNN,4.4977603,5.5806336,-1.0828732999999993
368,8,3,GNN,6.0514255,6.047953,0.0034724999999999895
382,8,3,GNN,0.90180033,0.7187033,0.18309703
383,8,3,GNN,5.444083,5.549907,-0.10582400000000014
384,8,3,GNN,5.444083,5.2419124,0.20217059999999965
386,8,3,GNN,1.8676273,1.237421,0.6302063
387,8,3,GNN,2.0993576,1.9852575,0.11410009999999993
388,8,3,GNN,4.710023,5.619472,-0.9094490000000004
407,8,3,GNN,9.642798,11.205171,-1.5623729999999991
418,8,3,GNN,7.295463,5.744658,1.5508049999999995
421,8,3,GNN,1.64345,2.02103,-0.37758
423,8,3,GNN,9.642798,8.525013,1.1177850000000014
436,8,3,GNN,5.444083,1.9810443,3.4630387000000002
439,8,3,GNN,4.4977603,3.544517,0.9532433000000005
446,8,3,GNN,4.710023,5.561825,-0.8518020000000002
466,8,3,GNN,-0.19832253,0.074100085,-0.272422615
474,8,3,GNN,3.757068,5.420691,-1.6636229999999999
475,8,3,GNN,-0.09912158,0.46558437,-0.56470595
481,8,3,GNN,2.8560045,2.4046407,0.4513638000000002
486,8,3,GNN,-0.5975294,0.30032372,-0.89785312
488,8,3,GNN,4.936662,5.865802,-0.9291400000000003
576,8,3,GNN,1.533799,1.1415045,0.3922945
585,8,3,GNN,6.817504,5.670982,1.1465219999999992
586,8,3,GNN,1.0046246,0.7083045,0.2963201000000001
596,8,3,GNN,0.19832253,0.41664156,-0.21831903000000003
597,8,3,GNN,13.11527,8.547462,4.567808000000001
17,8,4,GNN,5.7325144,4.601303,1.1312114000000006
30,8,4,GNN,1.6988573,2.43673,-0.7378726999999998
39,8,4,GNN,2.218501,2.4436827,-0.22518170000000026
47,8,4,GNN,6.817504,6.2043347,0.6131692999999991
58,8,4,GNN,0.09912158,0.26549083,-0.16636925000000002
73,8,4,GNN,0.0,0.37538692,-0.37538692
78,8,4,GNN,1.8676273,2.9024277,-1.0348004
97,8,4,GNN,4.4977603,5.473267,-0.9755066999999995
113,8,4,GNN,2.0993576,2.3633225,-0.2639649000000004
117,8,4,GNN,5.444083,5.840305,-0.39622199999999985
123,8,4,GNN,-0.90180033,-0.2848121,-0.61698823
132,8,4,GNN,1.7546765,2.453084,-0.6984075000000001
133,8,4,GNN,8.6127615,6.7536645,1.8590969999999993
140,8,4,GNN,2.340101,2.2566178,0.08348320000000031
151,8,4,GNN,4.710023,5.030043,-0.3200200000000004
154,8,4,GNN,5.444083,6.1854644,-0.7413813999999999
160,8,4,GNN,6.0514255,6.7882457,-0.7368202000000004
172,8,4,GNN,5.0561504,3.8409543,1.2151961
174,8,4,GNN,1.8676273,4.1725383,-2.304911
194,8,4,GNN,0.5975294,0.5135895,0.08393989999999996
199,8,4,GNN,7.295463,8.401402,-1.1059389999999993
226,8,4,GNN,1.4255849,2.728736,-1.3031511
244,8,4,GNN,2.7220416,2.6748888,0.04715279999999966
249,8,4,GNN,0.5975294,0.2514089,0.3461205
272,8,4,GNN,5.7325144,5.403181,0.32933340000000033
283,8,4,GNN,-1.0046246,-0.6049238,-0.3997008000000001
292,8,4,GNN,1.3186784,1.9641029,-0.6454245000000001
303,8,4,GNN,1.533799,1.3207997,0.2129992999999999
304,8,4,GNN,2.0993576,3.0881052,-0.9887476000000004
312,8,4,GNN,2.9938436,2.6424146,0.351429
313,8,4,GNN,4.936662,6.1219997,-1.1853376999999998
321,8,4,GNN,-0.4972036,0.061280355,-0.558483955
335,8,4,GNN,5.444083,4.5401235,0.9039595
357,8,4,GNN,4.936662,4.822681,0.11398099999999989
365,8,4,GNN,4.4977603,5.5383945,-1.0406341999999995
368,8,4,GNN,6.0514255,5.9888887,0.06253679999999928
382,8,4,GNN,0.90180033,0.5540476,0.34775273000000007
383,8,4,GNN,5.444083,5.2356944,0.20838860000000015
384,8,4,GNN,5.444083,5.256986,0.18709699999999962
386,8,4,GNN,1.8676273,1.2660127,0.6016146
387,8,4,GNN,2.0993576,2.06217,0.037187599999999765
388,8,4,GNN,4.710023,5.5707545,-0.8607315
407,8,4,GNN,9.642798,10.824108,-1.1813099999999999
418,8,4,GNN,7.295463,5.20674,2.088723
421,8,4,GNN,1.64345,2.0629737,-0.41952370000000005
423,8,4,GNN,9.642798,8.055558,1.5872400000000013
436,8,4,GNN,5.444083,2.7547977,2.6892853
439,8,4,GNN,4.4977603,3.326997,1.1707633000000004
446,8,4,GNN,4.710023,5.5770955,-0.8670725000000008
466,8,4,GNN,-0.19832253,0.27628854,-0.47461107
474,8,4,GNN,3.757068,5.4177127,-1.6606447000000002
475,8,4,GNN,-0.09912158,0.6133967,-0.7125182800000001
481,8,4,GNN,2.8560045,2.3484392,0.5075653
486,8,4,GNN,-0.5975294,0.38720584,-0.98473524
488,8,4,GNN,4.936662,5.6948447,-0.7581826999999999
576,8,4,GNN,1.533799,1.3658967,0.16790229999999995
585,8,4,GNN,6.817504,5.9013696,0.9161343999999998
586,8,4,GNN,1.0046246,0.55364907,0.4509755300000001
596,8,4,GNN,0.19832253,0.6190271,-0.42070457000000006
597,8,4,GNN,13.11527,7.8846536,5.230616400000001
17,8,5,GNN,5.7325144,4.772766,0.9597484000000005
30,8,5,GNN,1.6988573,2.8350453,-1.136188
39,8,5,GNN,2.218501,2.8198342,-0.6013332
47,8,5,GNN,6.817504,5.944531,0.872973
58,8,5,GNN,0.09912158,0.26084596,-0.16172438
73,8,5,GNN,0.0,0.6036982,-0.6036982
78,8,5,GNN,1.8676273,2.849226,-0.9815986999999997
97,8,5,GNN,4.4977603,5.4270415,-0.9292811999999993
113,8,5,GNN,2.0993576,2.4724212,-0.37306360000000005
117,8,5,GNN,5.444083,5.652925,-0.20884199999999975
123,8,5,GNN,-0.90180033,-0.47103462,-0.43076571
132,8,5,GNN,1.7546765,2.9100761,-1.1553996
133,8,5,GNN,8.6127615,6.5642953,2.048466199999999
140,8,5,GNN,2.340101,2.4628654,-0.12276439999999988
151,8,5,GNN,4.710023,4.804399,-0.09437600000000046
154,8,5,GNN,5.444083,5.9292164,-0.4851333999999996
160,8,5,GNN,6.0514255,6.329224,-0.2777985000000003
172,8,5,GNN,5.0561504,3.9313002,1.1248502
174,8,5,GNN,1.8676273,4.4000993,-2.532472
194,8,5,GNN,0.5975294,0.4702414,0.127288
199,8,5,GNN,7.295463,8.246713,-0.9512499999999999
226,8,5,GNN,1.4255849,2.7540112,-1.3284262999999998
244,8,5,GNN,2.7220416,3.2108228,-0.4887812
249,8,5,GNN,0.5975294,0.23219687,0.36533253
272,8,5,GNN,5.7325144,5.0754495,0.6570649
283,8,5,GNN,-1.0046246,0.006826058,-1.011450658
292,8,5,GNN,1.3186784,1.6750033,-0.35632489999999994
303,8,5,GNN,1.533799,1.6457828,-0.11198380000000019
304,8,5,GNN,2.0993576,3.2415323,-1.1421747
312,8,5,GNN,2.9938436,2.618093,0.37575059999999993
313,8,5,GNN,4.936662,5.3254523,-0.38879030000000014
321,8,5,GNN,-0.4972036,0.052535817,-0.5497394170000001
335,8,5,GNN,5.444083,4.6766324,0.7674506000000001
357,8,5,GNN,4.936662,4.8107657,0.12589629999999996
365,8,5,GNN,4.4977603,5.47992,-0.9821596999999995
368,8,5,GNN,6.0514255,5.834969,0.2164564999999996
382,8,5,GNN,0.90180033,0.4799019,0.42189843000000005
383,8,5,GNN,5.444083,5.10315,0.3409329999999997
384,8,5,GNN,5.444083,5.269709,0.17437400000000025
386,8,5,GNN,1.8676273,1.5933342,0.2742931000000002
387,8,5,GNN,2.0993576,2.4968944,-0.39753680000000013
388,8,5,GNN,4.710023,5.424682,-0.7146590000000002
407,8,5,GNN,9.642798,10.719574,-1.0767759999999988
418,8,5,GNN,7.295463,5.514381,1.7810819999999996
421,8,5,GNN,1.64345,1.75208,-0.10863
423,8,5,GNN,9.642798,8.400639,1.242159000000001
436,8,5,GNN,5.444083,2.802626,2.641457
439,8,5,GNN,4.4977603,3.8460798,0.6516805000000003
446,8,5,GNN,4.710023,5.431638,-0.7216150000000008
466,8,5,GNN,-0.19832253,0.26448685,-0.46280938
474,8,5,GNN,3.757068,5.317055,-1.559987
475,8,5,GNN,-0.09912158,0.6625773,-0.7616988800000001
481,8,5,GNN,2.8560045,2.5683432,0.2876612999999999
486,8,5,GNN,-0.5975294,0.35859054,-0.95611994
488,8,5,GNN,4.936662,6.179649,-1.2429870000000003
576,8,5,GNN,1.533799,1.3316622,0.2021367999999999
585,8,5,GNN,6.817504,5.5274434,1.2900605999999994
586,8,5,GNN,1.0046246,0.47847828,0.5261463200000001
596,8,5,GNN,0.19832253,0.596416,-0.39809346999999995
597,8,5,GNN,13.11527,8.1801405,4.9351295
17,8,6,GNN,5.7325144,4.1573267,1.5751877000000007
30,8,6,GNN,1.6988573,2.8818033,-1.182946
39,8,6,GNN,2.218501,2.617013,-0.3985120000000002
47,8,6,GNN,6.817504,7.1188326,-0.3013286000000006
58,8,6,GNN,0.09912158,0.08543842,0.01368316
73,8,6,GNN,0.0,0.533813,-0.533813
78,8,6,GNN,1.8676273,2.948571,-1.0809436999999997
97,8,6,GNN,4.4977603,5.6468225,-1.1490621999999995
113,8,6,GNN,2.0993576,2.5263107,-0.4269531
117,8,6,GNN,5.444083,5.7746186,-0.33053560000000015
123,8,6,GNN,-0.90180033,-0.36172432,-0.54007601
132,8,6,GNN,1.7546765,2.9538026,-1.1991261
133,8,6,GNN,8.6127615,6.967945,1.6448164999999992
140,8,6,GNN,2.340101,2.4764717,-0.13637069999999962
151,8,6,GNN,4.710023,5.2150326,-0.5050096000000002
154,8,6,GNN,5.444083,6.916621,-1.4725380000000001
160,8,6,GNN,6.0514255,6.963045,-0.9116195000000005
172,8,6,GNN,5.0561504,4.4319,0.6242504000000002
174,8,6,GNN,1.8676273,4.6737413,-2.8061139999999996
194,8,6,GNN,0.5975294,0.4517479,0.1457815
199,8,6,GNN,7.295463,9.12996,-1.8344970000000007
226,8,6,GNN,1.4255849,2.901227,-1.4756421
244,8,6,GNN,2.7220416,2.7009907,0.02105089999999965
249,8,6,GNN,0.5975294,0.07452278,0.52300662
272,8,6,GNN,5.7325144,5.4420714,0.2904430000000007
283,8,6,GNN,-1.0046246,-0.37065196,-0.6339726400000001
292,8,6,GNN,1.3186784,1.6680671,-0.3493887
303,8,6,GNN,1.533799,1.1704357,0.36336329999999983
304,8,6,GNN,2.0993576,3.1235034,-1.0241458000000003
312,8,6,GNN,2.9938436,2.5158904,0.47795319999999997
313,8,6,GNN,4.936662,5.9224033,-0.9857412999999999
321,8,6,GNN,-0.4972036,-0.18662925,-0.31057435
335,8,6,GNN,5.444083,4.1041408,1.3399422000000003
357,8,6,GNN,4.936662,5.1590195,-0.2223575000000002
365,8,6,GNN,4.4977603,5.5139937,-1.0162334
368,8,6,GNN,6.0514255,6.3511305,-0.29970500000000033
382,8,6,GNN,0.90180033,0.64764947,0.2541508600000001
383,8,6,GNN,5.444083,5.304659,0.139424
384,8,6,GNN,5.444083,5.4585695,-0.01448650000000029
386,8,6,GNN,1.8676273,1.3370395,0.5305878000000002
387,8,6,GNN,2.0993576,2.620067,-0.5207094000000003
388,8,6,GNN,4.710023,5.5507307,-0.8407077000000003
407,8,6,GNN,9.642798,12.044751,-2.401952999999999
418,8,6,GNN,7.295463,5.5484457,1.7470172999999996
421,8,6,GNN,1.64345,1.53668,0.10677000000000003
423,8,6,GNN,9.642798,8.330773,1.3120250000000002
436,8,6,GNN,5.444083,2.761061,2.683022
439,8,6,GNN,4.4977603,3.7882721,0.7094882000000005
446,8,6,GNN,4.710023,5.531399,-0.8213760000000008
466,8,6,GNN,-0.19832253,0.07759218,-0.27591471
474,8,6,GNN,3.757068,5.3877892,-1.6307212000000004
475,8,6,GNN,-0.09912158,0.35245568,-0.45157726
481,8,6,GNN,2.8560045,2.2667015,0.5893030000000001
486,8,6,GNN,-0.5975294,0.22499834,-0.82252774
488,8,6,GNN,4.936662,5.5901756,-0.6535136000000001
576,8,6,GNN,1.533799,1.3163515,0.21744750000000002
585,8,6,GNN,6.817504,5.6638026,1.1537013999999992
586,8,6,GNN,1.0046246,0.63720274,0.3674218600000001
596,8,6,GNN,0.19832253,0.38112345,-0.18280091999999998
597,8,6,GNN,13.11527,8.287618,4.8276520000000005
17,8,7,GNN,5.7325144,4.8214474,0.9110670000000001
30,8,7,GNN,1.6988573,2.7110248,-1.0121675
39,8,7,GNN,2.218501,2.4385161,-0.22001510000000035
47,8,7,GNN,6.817504,6.4175844,0.3999195999999996
58,8,7,GNN,0.09912158,0.13749942,-0.03837784000000001
73,8,7,GNN,0.0,0.9290565,-0.9290565
78,8,7,GNN,1.8676273,3.0301104,-1.1624830999999998
97,8,7,GNN,4.4977603,5.4575357,-0.9597753999999998
113,8,7,GNN,2.0993576,2.2071245,-0.10776690000000011
117,8,7,GNN,5.444083,5.830584,-0.386501
123,8,7,GNN,-0.90180033,-1.3517785,0.44997816999999996
132,8,7,GNN,1.7546765,2.5664067,-0.8117302
133,8,7,GNN,8.6127615,7.105203,1.5075584999999991
140,8,7,GNN,2.340101,2.2004905,0.1396105000000003
151,8,7,GNN,4.710023,5.259254,-0.5492310000000007
154,8,7,GNN,5.444083,6.407329,-0.9632459999999998
160,8,7,GNN,6.0514255,7.5841417,-1.5327162000000003
172,8,7,GNN,5.0561504,4.361454,0.6946963999999998
174,8,7,GNN,1.8676273,4.1905274,-2.3229000999999996
194,8,7,GNN,0.5975294,0.64267933,-0.045149930000000005
199,8,7,GNN,7.295463,10.032746,-2.7372829999999997
226,8,7,GNN,1.4255849,2.9234016,-1.4978167
244,8,7,GNN,2.7220416,2.8685358,-0.14649420000000024
249,8,7,GNN,0.5975294,0.113202006,0.484327394
272,8,7,GNN,5.7325144,5.3846827,0.3478317000000004
283,8,7,GNN,-1.0046246,-0.6699873,-0.33463730000000014
292,8,7,GNN,1.3186784,1.461788,-0.14310960000000006
303,8,7,GNN,1.533799,1.3836555,0.15014349999999999
304,8,7,GNN,2.0993576,3.1525645,-1.0532069000000002
312,8,7,GNN,2.9938436,2.676045,0.31779860000000015
313,8,7,GNN,4.936662,5.8276525,-0.8909905
321,8,7,GNN,-0.4972036,-0.48807594,-0.009127660000000037
335,8,7,GNN,5.444083,4.776352,0.6677309999999999
357,8,7,GNN,4.936662,4.7241087,0.21255329999999972
365,8,7,GNN,4.4977603,5.248316,-0.7505556999999996
368,8,7,GNN,6.0514255,6.0488544,0.0025710999999999373
382,8,7,GNN,0.90180033,0.7300409,0.17175943000000005
383,8,7,GNN,5.444083,4.833245,0.6108380000000002
384,8,7,GNN,5.444083,5.204821,0.23926200000000009
386,8,7,GNN,1.8676273,1.5138881,0.35373920000000014
387,8,7,GNN,2.0993576,2.5718582,-0.47250060000000005
388,8,7,GNN,4.710023,5.4897795,-0.7797565000000004
407,8,7,GNN,9.642798,11.788573,-2.1457749999999987
418,8,7,GNN,7.295463,5.1636147,2.1318482999999997
421,8,7,GNN,1.64345,1.512107,0.131343
423,8,7,GNN,9.642798,8.462759,1.1800390000000007
436,8,7,GNN,5.444083,2.3836355,3.0604475
439,8,7,GNN,4.4977603,3.4867065,1.0110538000000004
446,8,7,GNN,4.710023,5.4905944,-0.7805714000000004
466,8,7,GNN,-0.19832253,0.13077447,-0.329097
474,8,7,GNN,3.757068,5.2984395,-1.5413715
475,8,7,GNN,-0.09912158,0.36695734,-0.46607892
481,8,7,GNN,2.8560045,2.1430633,0.7129411999999999
486,8,7,GNN,-0.5975294,0.92216563,-1.5196950299999998
488,8,7,GNN,4.936662,5.587954,-0.6512919999999998
576,8,7,GNN,1.533799,2.1948001,-0.6610011000000002
585,8,7,GNN,6.817504,5.976524,0.8409799999999992
586,8,7,GNN,1.0046246,0.72359335,0.28103125000000007
596,8,7,GNN,0.19832253,0.45076382,-0.25244129
597,8,7,GNN,13.11527,7.7973523,5.317917700000001
17,8,9,GNN,5.7325144,4.9554563,0.7770581000000005
30,8,9,GNN,1.6988573,3.0620914,-1.3632341
39,8,9,GNN,2.218501,2.5016205,-0.2831195000000002
47,8,9,GNN,6.817504,7.421398,-0.6038940000000004
58,8,9,GNN,0.09912158,0.14677697,-0.047655390000000006
73,8,9,GNN,0.0,0.54657626,-0.54657626
78,8,9,GNN,1.8676273,3.1638694,-1.2962420999999997
97,8,9,GNN,4.4977603,6.18445,-1.6866896999999996
113,8,9,GNN,2.0993576,2.4414659,-0.34210830000000003
117,8,9,GNN,5.444083,6.3076634,-0.8635804
123,8,9,GNN,-0.90180033,-0.65308183,-0.24871850000000006
132,8,9,GNN,1.7546765,2.9489646,-1.1942881
133,8,9,GNN,8.6127615,7.484812,1.1279494999999997
140,8,9,GNN,2.340101,2.6636817,-0.32358069999999994
151,8,9,GNN,4.710023,5.636974,-0.9269510000000007
154,8,9,GNN,5.444083,6.7317166,-1.2876336000000004
160,8,9,GNN,6.0514255,7.1162086,-1.0647831000000005
172,8,9,GNN,5.0561504,4.5594716,0.49667879999999975
174,8,9,GNN,1.8676273,4.1584473,-2.2908199999999996
194,8,9,GNN,0.5975294,0.6494464,-0.05191699999999999
199,8,9,GNN,7.295463,8.570196,-1.2747329999999994
226,8,9,GNN,1.4255849,3.2089863,-1.7834013999999998
244,8,9,GNN,2.7220416,3.442597,-0.7205554000000003
249,8,9,GNN,0.5975294,0.17417642,0.42335298
272,8,9,GNN,5.7325144,5.116525,0.6159894000000001
283,8,9,GNN,-1.0046246,-0.4142344,-0.5903902000000001
292,8,9,GNN,1.3186784,1.6788659,-0.3601874999999999
303,8,9,GNN,1.533799,1.6964573,-0.16265830000000014
304,8,9,GNN,2.0993576,3.7169619,-1.6176043
312,8,9,GNN,2.9938436,3.264215,-0.27037140000000015
313,8,9,GNN,4.936662,5.9717298,-1.0350678000000002
321,8,9,GNN,-0.4972036,-0.05933401,-0.43786959000000003
335,8,9,GNN,5.444083,4.9574895,0.4865934999999997
357,8,9,GNN,4.936662,4.947271,-0.010608999999999646
365,8,9,GNN,4.4977603,6.0250707,-1.5273103999999993
368,8,9,GNN,6.0514255,6.6843305,-0.632905
382,8,9,GNN,0.90180033,0.6556204,0.24617993000000005
383,8,9,GNN,5.444083,5.4252853,0.01879770000000036
384,8,9,GNN,5.444083,5.7916045,-0.34752150000000004
386,8,9,GNN,1.8676273,1.5269358,0.34069150000000015
387,8,9,GNN,2.0993576,2.3174448,-0.21808720000000026
388,8,9,GNN,4.710023,5.9256873,-1.2156643000000003
407,8,9,GNN,9.642798,11.165075,-1.522276999999999
418,8,9,GNN,7.295463,5.9088116,1.3866513999999999
421,8,9,GNN,1.64345,1.7320035,-0.08855349999999995
423,8,9,GNN,9.642798,8.321194,1.3216040000000007
436,8,9,GNN,5.444083,2.946592,2.497491
439,8,9,GNN,4.4977603,3.8684947,0.6292656000000005
446,8,9,GNN,4.710023,5.913974,-1.203951
466,8,9,GNN,-0.19832253,0.15757293,-0.35589546
474,8,9,GNN,3.757068,5.728151,-1.9710830000000006
475,8,9,GNN,-0.09912158,0.39849028,-0.49761185999999996
481,8,9,GNN,2.8560045,3.3063974,-0.45039289999999976
486,8,9,GNN,-0.5975294,0.3442071,-0.9417365
488,8,9,GNN,4.936662,6.1129045,-1.1762424999999999
576,8,9,GNN,1.533799,1.7907051,-0.25690610000000014
585,8,9,GNN,6.817504,6.1903977,0.6271062999999995
586,8,9,GNN,1.0046246,0.68916696,0.3154576400000001
596,8,9,GNN,0.19832253,0.55240726,-0.35408472999999996
597,8,9,GNN,13.11527,8.018707,5.0965630000000015
17,8,10,GNN,5.7325144,4.9526496,0.7798648000000004
30,8,10,GNN,1.6988573,2.750216,-1.0513587
39,8,10,GNN,2.218501,2.7104878,-0.4919868000000003
47,8,10,GNN,6.817504,6.6905065,0.12699749999999987
58,8,10,GNN,0.09912158,0.23294905,-0.13382747
73,8,10,GNN,0.0,0.78806317,-0.78806317
78,8,10,GNN,1.8676273,2.8942823,-1.0266549999999999
97,8,10,GNN,4.4977603,5.483861,-0.9861006999999997
113,8,10,GNN,2.0993576,2.2365077,-0.13715010000000039
117,8,10,GNN,5.444083,5.9225655,-0.47848250000000014
123,8,10,GNN,-0.90180033,-0.7980397,-0.10376063000000002
132,8,10,GNN,1.7546765,2.6715558,-0.9168793000000002
133,8,10,GNN,8.6127615,7.073484,1.5392774999999999
140,8,10,GNN,2.340101,2.1964045,0.14369650000000034
151,8,10,GNN,4.710023,5.204028,-0.49400500000000047
154,8,10,GNN,5.444083,6.710341,-1.2662579999999997
160,8,10,GNN,6.0514255,6.713178,-0.6617525000000004
172,8,10,GNN,5.0561504,3.7154498,1.3407006
174,8,10,GNN,1.8676273,3.9903011,-2.1226738
194,8,10,GNN,0.5975294,0.55122614,0.04630325999999996
199,8,10,GNN,7.295463,8.259142,-0.9636790000000008
226,8,10,GNN,1.4255849,2.64412,-1.2185351
244,8,10,GNN,2.7220416,3.159676,-0.4376344000000003
249,8,10,GNN,0.5975294,0.18602532,0.41150408
272,8,10,GNN,5.7325144,5.43328,0.29923440000000046
283,8,10,GNN,-1.0046246,-0.2128281,-0.7917965000000001
292,8,10,GNN,1.3186784,1.6593438,-0.3406654
303,8,10,GNN,1.533799,1.8248028,-0.29100380000000015
304,8,10,GNN,2.0993576,3.1736665,-1.0743089000000001
312,8,10,GNN,2.9938436,3.0622544,-0.0684108000000001
313,8,10,GNN,4.936662,5.8067727,-0.8701106999999997
321,8,10,GNN,-0.4972036,-0.08832845,-0.40887515
335,8,10,GNN,5.444083,4.902896,0.5411869999999999
357,8,10,GNN,4.936662,4.6174927,0.31916930000000043
365,8,10,GNN,4.4977603,5.756992,-1.2592317
368,8,10,GNN,6.0514255,6.125836,-0.07441049999999994
382,8,10,GNN,0.90180033,0.6196588,0.2821415300000001
383,8,10,GNN,5.444083,5.24236,0.20172300000000032
384,8,10,GNN,5.444083,5.2642055,0.1798774999999999
386,8,10,GNN,1.8676273,1.7158378,0.15178950000000002
387,8,10,GNN,2.0993576,2.0682142,0.031143399999999932
388,8,10,GNN,4.710023,5.667906,-0.9578830000000007
407,8,10,GNN,9.642798,11.676558,-2.033759999999999
418,8,10,GNN,7.295463,5.248863,2.0465999999999998
421,8,10,GNN,1.64345,1.4941015,0.1493485000000001
423,8,10,GNN,9.642798,8.452014,1.1907840000000007
436,8,10,GNN,5.444083,2.7401745,2.7039085
439,8,10,GNN,4.4977603,3.454422,1.0433383000000003
446,8,10,GNN,4.710023,5.702193,-0.9921700000000007
466,8,10,GNN,-0.19832253,0.23443764,-0.43276017
474,8,10,GNN,3.757068,5.5304995,-1.7734315000000005
475,8,10,GNN,-0.09912158,0.41188976,-0.51101134
481,8,10,GNN,2.8560045,2.3942766,0.4617279000000001
486,8,10,GNN,-0.5975294,-0.002274543,-0.595254857
488,8,10,GNN,4.936662,6.4372344,-1.5005724000000003
576,8,10,GNN,1.533799,1.8565333,-0.32273430000000003
585,8,10,GNN,6.817504,5.9999433,0.8175606999999996
586,8,10,GNN,1.0046246,0.8073393,0.1972853000000001
596,8,10,GNN,0.19832253,0.40677577,-0.20845323999999998
597,8,10,GNN,13.11527,8.130217,4.985053000000001
13,9,1,GNN,5.1802483,5.576873,-0.3966247000000003
22,9,1,GNN,3.434834,4.064614,-0.6297799999999998
25,9,1,GNN,4.297837,3.6113198,0.6865172000000004
26,9,1,GNN,2.340101,3.1047995,-0.7646984999999997
29,9,1,GNN,5.7325144,5.9865227,-0.25400829999999974
35,9,1,GNN,4.6022325,5.5106215,-0.9083889999999997
56,9,1,GNN,4.108607,3.572394,0.536213
57,9,1,GNN,5.444083,5.295712,0.14837100000000003
90,9,1,GNN,1.533799,0.9853582,0.5484408
92,9,1,GNN,5.7325144,5.7555046,-0.02299019999999974
121,9,1,GNN,7.295463,6.0999327,1.1955302999999997
124,9,1,GNN,9.642798,7.9679937,1.6748043000000008
136,9,1,GNN,0.90180033,0.94373596,-0.04193563
138,9,1,GNN,4.936662,3.5768807,1.3597813000000003
186,9,1,GNN,2.218501,3.1062133,-0.8877123
202,9,1,GNN,5.444083,5.97515,-0.5310670000000002
204,9,1,GNN,2.7220416,2.2529285,0.46911309999999995
212,9,1,GNN,3.434834,3.7155805,-0.28074650000000023
213,9,1,GNN,6.0514255,6.5066586,-0.45523310000000006
215,9,1,GNN,6.4090633,6.9336033,-0.52454
227,9,1,GNN,13.11527,10.92362,2.191650000000001
230,9,1,GNN,1.533799,2.0585887,-0.5247897000000001
246,9,1,GNN,1.533799,1.961266,-0.42746700000000004
252,9,1,GNN,2.4643853,2.463149,0.001236299999999968
254,9,1,GNN,1.7546765,2.5199916,-0.7653151
262,9,1,GNN,4.297837,3.4992647,0.7985723000000005
274,9,1,GNN,2.4643853,2.7828133,-0.31842799999999993
281,9,1,GNN,3.434834,3.5034263,-0.06859230000000016
297,9,1,GNN,7.295463,6.9509726,0.34449039999999975
310,9,1,GNN,5.1802483,6.349345,-1.1690966999999999
326,9,1,GNN,6.0514255,5.634821,0.41660450000000004
331,9,1,GNN,5.1802483,6.0886497,-0.9084014000000007
337,9,1,GNN,0.5975294,0.33989874,0.25763066
343,9,1,GNN,1.9824628,2.3024647,-0.32000189999999984
346,9,1,GNN,2.218501,2.6179845,-0.3994835000000001
348,9,1,GNN,-0.4972036,-0.15905817,-0.33814543
350,9,1,GNN,1.533799,1.0890138,0.4447851999999999
359,9,1,GNN,1.4255849,2.164003,-0.7384181000000001
361,9,1,GNN,2.7220416,2.549652,0.1723895999999998
372,9,1,GNN,6.4090633,7.2058144,-0.7967511000000007
390,9,1,GNN,2.5916057,3.179617,-0.5880112999999998
412,9,1,GNN,0.09912158,0.2616244,-0.16250282
419,9,1,GNN,11.38537,9.103727,2.2816430000000008
440,9,1,GNN,-0.19832253,-0.05021815,-0.14810437999999998
450,9,1,GNN,7.295463,6.936407,0.3590559999999998
460,9,1,GNN,6.4090633,5.898781,0.5102823000000001
461,9,1,GNN,0.09912158,0.20360707,-0.10448549
462,9,1,GNN,-0.4972036,-0.44256848,-0.05463512000000004
479,9,1,GNN,2.5916057,3.11607,-0.5244643
489,9,1,GNN,2.218501,2.98361,-0.7651090000000003
496,9,1,GNN,0.90180033,0.9580171,-0.056216769999999916
512,9,1,GNN,4.710023,5.1549625,-0.44493950000000027
522,9,1,GNN,5.444083,6.18255,-0.738467
528,9,1,GNN,4.936662,5.116621,-0.1799590000000002
531,9,1,GNN,1.9824628,2.3863003,-0.40383749999999985
544,9,1,GNN,1.6988573,2.9694316,-1.2705743
548,9,1,GNN,6.817504,6.0315447,0.7859592999999991
560,9,1,GNN,-0.19832253,0.7749615,-0.97328403
567,9,1,GNN,3.5927033,4.0228734,-0.4301700999999998
584,9,1,GNN,5.1802483,4.5984173,0.5818309999999993
13,9,2,GNN,5.1802483,5.2755594,-0.09531109999999998
22,9,2,GNN,3.434834,3.4990869,-0.06425290000000006
25,9,2,GNN,4.297837,3.7043076,0.5935294000000004
26,9,2,GNN,2.340101,2.9816217,-0.6415206999999996
29,9,2,GNN,5.7325144,5.427294,0.3052204000000005
35,9,2,GNN,4.6022325,5.3057947,-0.7035621999999995
56,9,2,GNN,4.108607,4.094591,0.014015999999999806
57,9,2,GNN,5.444083,5.049281,0.3948020000000003
90,9,2,GNN,1.533799,0.014919788,1.5188792119999999
92,9,2,GNN,5.7325144,5.6383643,0.09415010000000024
121,9,2,GNN,7.295463,6.26573,1.0297330000000002
124,9,2,GNN,9.642798,7.934885,1.7079130000000005
136,9,2,GNN,0.90180033,0.78333884,0.11846149000000006
138,9,2,GNN,4.936662,3.3075411,1.6291209000000002
186,9,2,GNN,2.218501,3.0806968,-0.8621958000000003
202,9,2,GNN,5.444083,5.2204638,0.2236191999999999
204,9,2,GNN,2.7220416,1.9649441,0.7570974999999998
212,9,2,GNN,3.434834,3.893107,-0.45827300000000015
213,9,2,GNN,6.0514255,5.400425,0.6510004999999994
215,9,2,GNN,6.4090633,6.196842,0.2122212999999995
227,9,2,GNN,13.11527,11.219586,1.895684000000001
230,9,2,GNN,1.533799,1.9912663,-0.4574673
246,9,2,GNN,1.533799,1.9513767,-0.41757770000000005
252,9,2,GNN,2.4643853,1.669285,0.7951003000000001
254,9,2,GNN,1.7546765,2.181912,-0.4272355000000001
262,9,2,GNN,4.297837,3.590904,0.7069330000000003
274,9,2,GNN,2.4643853,2.1580563,0.30632899999999985
281,9,2,GNN,3.434834,3.1920493,0.24278470000000008
297,9,2,GNN,7.295463,5.856638,1.4388249999999996
310,9,2,GNN,5.1802483,5.450094,-0.2698457000000003
326,9,2,GNN,6.0514255,5.448085,0.6033404999999998
331,9,2,GNN,5.1802483,5.438141,-0.2578927000000002
337,9,2,GNN,0.5975294,0.6076622,-0.010132800000000053
343,9,2,GNN,1.9824628,1.9385788,0.043884000000000034
346,9,2,GNN,2.218501,2.4218953,-0.20339430000000025
348,9,2,GNN,-0.4972036,-0.6860547,0.1888511
350,9,2,GNN,1.533799,1.2997153,0.2340837
359,9,2,GNN,1.4255849,1.5531154,-0.1275305
361,9,2,GNN,2.7220416,2.3742833,0.34775829999999974
372,9,2,GNN,6.4090633,8.786232,-2.3771687000000004
390,9,2,GNN,2.5916057,2.5886543,0.0029514000000001595
412,9,2,GNN,0.09912158,0.09193026,0.007191320000000001
419,9,2,GNN,11.38537,8.097352,3.288017999999999
440,9,2,GNN,-0.19832253,-0.5291867,0.33086417
450,9,2,GNN,7.295463,7.2724857,0.02297729999999998
460,9,2,GNN,6.4090633,6.052306,0.35675729999999994
461,9,2,GNN,0.09912158,0.051616102,0.047505478000000004
462,9,2,GNN,-0.4972036,-0.6995984,0.20239479999999993
479,9,2,GNN,2.5916057,2.9965842,-0.4049784999999999
489,9,2,GNN,2.218501,2.8523653,-0.6338643000000004
496,9,2,GNN,0.90180033,1.0211406,-0.11934027000000003
512,9,2,GNN,4.710023,5.2464166,-0.5363936000000002
522,9,2,GNN,5.444083,5.568557,-0.1244740000000002
528,9,2,GNN,4.936662,4.7099533,0.22670870000000054
531,9,2,GNN,1.9824628,1.8255346,0.15692820000000007
544,9,2,GNN,1.6988573,2.8186784,-1.1198211
548,9,2,GNN,6.817504,6.2494206,0.5680833999999999
560,9,2,GNN,-0.19832253,0.42111748,-0.6194400099999999
567,9,2,GNN,3.5927033,3.4665384,0.12616490000000002
584,9,2,GNN,5.1802483,4.6851983,0.49505
13,9,3,GNN,5.1802483,5.5798798,-0.3996314999999999
22,9,3,GNN,3.434834,3.1048613,0.3299726999999999
25,9,3,GNN,4.297837,3.7905672,0.5072698000000004
26,9,3,GNN,2.340101,2.938382,-0.5982809999999996
29,9,3,GNN,5.7325144,5.219417,0.5130974000000004
35,9,3,GNN,4.6022325,4.725202,-0.12296949999999995
56,9,3,GNN,4.108607,3.225242,0.883365
57,9,3,GNN,5.444083,5.2710824,0.17300059999999995
90,9,3,GNN,1.533799,0.6933951,0.8404038999999999
92,9,3,GNN,5.7325144,5.5101895,0.22232490000000027
121,9,3,GNN,7.295463,6.3581705,0.9372924999999999
124,9,3,GNN,9.642798,7.7181497,1.9246483000000012
136,9,3,GNN,0.90180033,0.7184824,0.18331793000000007
138,9,3,GNN,4.936662,3.7175126,1.2191494
186,9,3,GNN,2.218501,3.1256526,-0.9071516000000002
202,9,3,GNN,5.444083,5.2361956,0.20788739999999972
204,9,3,GNN,2.7220416,2.3313353,0.39070629999999973
212,9,3,GNN,3.434834,3.0422633,0.39257069999999983
213,9,3,GNN,6.0514255,5.7175603,0.3338652
215,9,3,GNN,6.4090633,6.208174,0.20088930000000005
227,9,3,GNN,13.11527,10.422152,2.693118
230,9,3,GNN,1.533799,2.4596548,-0.9258558000000001
246,9,3,GNN,1.533799,2.0269315,-0.4931325
252,9,3,GNN,2.4643853,1.2550982,1.2092871
254,9,3,GNN,1.7546765,1.9076631,-0.15298659999999997
262,9,3,GNN,4.297837,3.440415,0.8574220000000006
274,9,3,GNN,2.4643853,2.4025743,0.06181100000000006
281,9,3,GNN,3.434834,2.853043,0.581791
297,9,3,GNN,7.295463,6.1742682,1.1211947999999996
310,9,3,GNN,5.1802483,5.7912927,-0.6110443999999999
326,9,3,GNN,6.0514255,5.3314004,0.7200251
331,9,3,GNN,5.1802483,5.5859394,-0.4056911000000003
337,9,3,GNN,0.5975294,0.4339167,0.1636127
343,9,3,GNN,1.9824628,2.4562042,-0.4737414000000002
346,9,3,GNN,2.218501,2.3592904,-0.14078940000000006
348,9,3,GNN,-0.4972036,-0.29276416,-0.20443944000000003
350,9,3,GNN,1.533799,0.9436046,0.5901943999999999
359,9,3,GNN,1.4255849,1.7584822,-0.33289729999999995
361,9,3,GNN,2.7220416,2.2854116,0.43662999999999963
372,9,3,GNN,6.4090633,6.0293503,0.37971299999999975
390,9,3,GNN,2.5916057,3.0766125,-0.48500679999999985
412,9,3,GNN,0.09912158,0.18539193,-0.08627035000000001
419,9,3,GNN,11.38537,7.6572285,3.7281414999999996
440,9,3,GNN,-0.19832253,0.008647241,-0.206969771
450,9,3,GNN,7.295463,6.93864,0.35682299999999945
460,9,3,GNN,6.4090633,5.7615,0.6475632999999998
461,9,3,GNN,0.09912158,0.18934676,-0.09022518
462,9,3,GNN,-0.4972036,0.099756986,-0.596960586
479,9,3,GNN,2.5916057,3.1669314,-0.5753257
489,9,3,GNN,2.218501,2.6117427,-0.39324170000000036
496,9,3,GNN,0.90180033,0.78395057,0.11784976000000003
512,9,3,GNN,4.710023,5.0424647,-0.3324417000000004
522,9,3,GNN,5.444083,5.501021,-0.05693799999999971
528,9,3,GNN,4.936662,4.1464143,0.7902477000000001
531,9,3,GNN,1.9824628,2.419933,-0.4374701999999999
544,9,3,GNN,1.6988573,2.772994,-1.0741367000000002
548,9,3,GNN,6.817504,6.2305236,0.5869803999999998
560,9,3,GNN,-0.19832253,0.58865887,-0.7869813999999999
567,9,3,GNN,3.5927033,3.121764,0.47093929999999995
584,9,3,GNN,5.1802483,4.715038,0.46521029999999985
13,9,4,GNN,5.1802483,5.5523896,-0.3721413
22,9,4,GNN,3.434834,3.5245762,-0.08974219999999988
25,9,4,GNN,4.297837,3.7970665,0.5007705000000002
26,9,4,GNN,2.340101,3.0747812,-0.7346801999999997
29,9,4,GNN,5.7325144,5.690543,0.041971400000000436
35,9,4,GNN,4.6022325,4.412315,0.18991749999999996
56,9,4,GNN,4.108607,3.4177818,0.6908251999999999
57,9,4,GNN,5.444083,5.2346997,0.20938329999999983
90,9,4,GNN,1.533799,0.596238,0.9375609999999999
92,9,4,GNN,5.7325144,5.518885,0.2136294000000003
121,9,4,GNN,7.295463,6.1541195,1.1413434999999996
124,9,4,GNN,9.642798,7.8705025,1.7722955000000011
136,9,4,GNN,0.90180033,0.8061774,0.09562293
138,9,4,GNN,4.936662,3.8304293,1.1062327
186,9,4,GNN,2.218501,3.2797682,-1.0612672
202,9,4,GNN,5.444083,5.416265,0.0278179999999999
204,9,4,GNN,2.7220416,2.032524,0.6895175999999998
212,9,4,GNN,3.434834,3.0982988,0.33653520000000015
213,9,4,GNN,6.0514255,5.6443706,0.40705489999999944
215,9,4,GNN,6.4090633,6.5920043,-0.18294100000000046
227,9,4,GNN,13.11527,10.283253,2.8320170000000005
230,9,4,GNN,1.533799,2.0433328,-0.5095338
246,9,4,GNN,1.533799,1.8871546,-0.3533556
252,9,4,GNN,2.4643853,1.738095,0.7262903
254,9,4,GNN,1.7546765,2.261916,-0.5072394999999998
262,9,4,GNN,4.297837,3.6744316,0.6234054000000002
274,9,4,GNN,2.4643853,2.35866,0.10572530000000002
281,9,4,GNN,3.434834,3.2454386,0.1893954
297,9,4,GNN,7.295463,6.1277566,1.1677064000000001
310,9,4,GNN,5.1802483,5.616712,-0.4364637
326,9,4,GNN,6.0514255,5.744247,0.3071785
331,9,4,GNN,5.1802483,5.364905,-0.18465670000000056
337,9,4,GNN,0.5975294,0.35591954,0.24160986
343,9,4,GNN,1.9824628,1.870548,0.11191479999999987
346,9,4,GNN,2.218501,2.396287,-0.17778600000000022
348,9,4,GNN,-0.4972036,-0.7385025,0.24129889999999993
350,9,4,GNN,1.533799,0.98800886,0.5457901399999999
359,9,4,GNN,1.4255849,1.2595804,0.1660045000000001
361,9,4,GNN,2.7220416,2.0070913,0.7149502999999999
372,9,4,GNN,6.4090633,6.25238,0.15668330000000008
390,9,4,GNN,2.5916057,2.820107,-0.22850130000000002
412,9,4,GNN,0.09912158,0.06688775,0.032233830000000005
419,9,4,GNN,11.38537,8.436279,2.9490909999999992
440,9,4,GNN,-0.19832253,0.015493125,-0.213815655
450,9,4,GNN,7.295463,7.348168,-0.052705000000000446
460,9,4,GNN,6.4090633,5.949713,0.45935029999999966
461,9,4,GNN,0.09912158,0.03726244,0.06185914
462,9,4,GNN,-0.4972036,-0.5925075,0.09530389999999994
479,9,4,GNN,2.5916057,3.2510965,-0.6594907999999999
489,9,4,GNN,2.218501,2.8086953,-0.5901943000000003
496,9,4,GNN,0.90180033,0.6580125,0.24378783000000004
512,9,4,GNN,4.710023,5.3019896,-0.5919666000000001
522,9,4,GNN,5.444083,5.7230563,-0.27897329999999965
528,9,4,GNN,4.936662,4.8553224,0.08133959999999973
531,9,4,GNN,1.9824628,2.3251445,-0.3426817
544,9,4,GNN,1.6988573,2.9079459,-1.2090886
548,9,4,GNN,6.817504,6.146974,0.6705299999999994
560,9,4,GNN,-0.19832253,0.42770788,-0.62603041
567,9,4,GNN,3.5927033,3.4464242,0.1462791000000001
584,9,4,GNN,5.1802483,4.5865335,0.5937147999999999
13,9,5,GNN,5.1802483,6.1971107,-1.0168624
22,9,5,GNN,3.434834,3.6836214,-0.24878739999999988
25,9,5,GNN,4.297837,3.4875846,0.8102524000000004
26,9,5,GNN,2.340101,2.6854749,-0.3453738999999998
29,9,5,GNN,5.7325144,5.6332083,0.09930610000000062
35,9,5,GNN,4.6022325,4.396038,0.2061945000000005
56,9,5,GNN,4.108607,3.243596,0.865011
57,9,5,GNN,5.444083,5.111552,0.33253100000000035
90,9,5,GNN,1.533799,0.41688165,1.11691735
92,9,5,GNN,5.7325144,5.7732034,-0.04068899999999953
121,9,5,GNN,7.295463,6.4635386,0.8319244000000001
124,9,5,GNN,9.642798,8.349666,1.2931320000000017
136,9,5,GNN,0.90180033,0.8095579,0.09224242999999999
138,9,5,GNN,4.936662,3.3554268,1.5812352
186,9,5,GNN,2.218501,3.6537447,-1.4352437
202,9,5,GNN,5.444083,5.7386103,-0.2945273000000004
204,9,5,GNN,2.7220416,2.4102674,0.3117741999999999
212,9,5,GNN,3.434834,3.0782099,0.3566240999999999
213,9,5,GNN,6.0514255,5.6984243,0.35300119999999957
215,9,5,GNN,6.4090633,7.210374,-0.8013107000000002
227,9,5,GNN,13.11527,10.289965,2.825305
230,9,5,GNN,1.533799,2.2257695,-0.6919705000000003
246,9,5,GNN,1.533799,1.4539355,0.07986349999999987
252,9,5,GNN,2.4643853,1.9701145,0.4942708
254,9,5,GNN,1.7546765,1.9956988,-0.24102230000000002
262,9,5,GNN,4.297837,3.809033,0.48880400000000046
274,9,5,GNN,2.4643853,2.494481,-0.030095699999999947
281,9,5,GNN,3.434834,3.3419085,0.09292549999999977
297,9,5,GNN,7.295463,6.32112,0.9743430000000002
310,9,5,GNN,5.1802483,6.0478935,-0.8676452000000001
326,9,5,GNN,6.0514255,5.719939,0.3314864999999996
331,9,5,GNN,5.1802483,6.0845566,-0.9043083000000003
337,9,5,GNN,0.5975294,0.49981838,0.09771101999999998
343,9,5,GNN,1.9824628,1.8990924,0.08337039999999996
346,9,5,GNN,2.218501,1.9094437,0.30905729999999987
348,9,5,GNN,-0.4972036,-0.08298701,-0.41421659
350,9,5,GNN,1.533799,1.0575945,0.4762044999999999
359,9,5,GNN,1.4255849,1.5481323,-0.12254739999999997
361,9,5,GNN,2.7220416,2.0631838,0.6588577999999998
372,9,5,GNN,6.4090633,6.3669915,0.04207179999999955
390,9,5,GNN,2.5916057,3.3089547,-0.717349
412,9,5,GNN,0.09912158,0.19447547,-0.09535389000000001
419,9,5,GNN,11.38537,8.069327,3.3160430000000005
440,9,5,GNN,-0.19832253,-0.16450065,-0.03382188
450,9,5,GNN,7.295463,7.0403385,0.2551245
460,9,5,GNN,6.4090633,6.167436,0.24162729999999932
461,9,5,GNN,0.09912158,-0.05916412,0.1582857
462,9,5,GNN,-0.4972036,-0.30247372,-0.19472988000000002
479,9,5,GNN,2.5916057,3.6627564,-1.0711507
489,9,5,GNN,2.218501,2.3845248,-0.16602380000000005
496,9,5,GNN,0.90180033,0.42586,0.47594033
512,9,5,GNN,4.710023,5.025055,-0.3150320000000004
522,9,5,GNN,5.444083,5.876973,-0.43288999999999955
528,9,5,GNN,4.936662,4.605859,0.3308030000000004
531,9,5,GNN,1.9824628,1.9412185,0.04124430000000001
544,9,5,GNN,1.6988573,2.4962754,-0.7974181
548,9,5,GNN,6.817504,6.3802853,0.43721869999999985
560,9,5,GNN,-0.19832253,0.5304376,-0.72876013
567,9,5,GNN,3.5927033,3.6179457,-0.025242399999999776
584,9,5,GNN,5.1802483,4.3416796,0.8385686999999997
13,9,6,GNN,5.1802483,5.8740788,-0.6938305000000007
22,9,6,GNN,3.434834,3.2601106,0.17472339999999997
25,9,6,GNN,4.297837,3.6681435,0.6296935000000006
26,9,6,GNN,2.340101,3.1504831,-0.8103821
29,9,6,GNN,5.7325144,5.3796554,0.3528590000000005
35,9,6,GNN,4.6022325,5.6013455,-0.9991129999999995
56,9,6,GNN,4.108607,3.3257887,0.7828183000000002
57,9,6,GNN,5.444083,5.644298,-0.20021500000000003
90,9,6,GNN,1.533799,0.8475931,0.6862058999999999
92,9,6,GNN,5.7325144,5.394016,0.33849840000000064
121,9,6,GNN,7.295463,6.071073,1.2243899999999996
124,9,6,GNN,9.642798,8.5597925,1.0830055000000005
136,9,6,GNN,0.90180033,0.87488645,0.026913880000000057
138,9,6,GNN,4.936662,4.3554616,0.5812004000000002
186,9,6,GNN,2.218501,3.5065331,-1.2880321000000001
202,9,6,GNN,5.444083,5.5355964,-0.09151340000000019
204,9,6,GNN,2.7220416,2.3028057,0.4192358999999999
212,9,6,GNN,3.434834,3.0406368,0.3941971999999998
213,9,6,GNN,6.0514255,5.6063914,0.4450341
215,9,6,GNN,6.4090633,6.7794766,-0.37041330000000006
227,9,6,GNN,13.11527,10.967039,2.148231000000001
230,9,6,GNN,1.533799,2.2304103,-0.6966113
246,9,6,GNN,1.533799,1.9857945,-0.4519955
252,9,6,GNN,2.4643853,1.7492912,0.7150941
254,9,6,GNN,1.7546765,2.2596955,-0.5050189999999999
262,9,6,GNN,4.297837,3.6910007,0.6068363000000003
274,9,6,GNN,2.4643853,2.4853725,-0.020987199999999984
281,9,6,GNN,3.434834,3.0676036,0.36723039999999996
297,9,6,GNN,7.295463,6.0692725,1.2261904999999995
310,9,6,GNN,5.1802483,5.793689,-0.6134407
326,9,6,GNN,6.0514255,5.9568944,0.09453109999999931
331,9,6,GNN,5.1802483,5.5527716,-0.3725233000000001
337,9,6,GNN,0.5975294,0.39767438,0.19985502
343,9,6,GNN,1.9824628,2.7204385,-0.7379757000000002
346,9,6,GNN,2.218501,2.3156264,-0.09712540000000036
348,9,6,GNN,-0.4972036,-1.0751667,0.5779631000000001
350,9,6,GNN,1.533799,0.89551955,0.6382794499999999
359,9,6,GNN,1.4255849,1.1083884,0.3171965000000001
361,9,6,GNN,2.7220416,2.580276,0.14176559999999983
372,9,6,GNN,6.4090633,8.378376,-1.9693126999999997
390,9,6,GNN,2.5916057,3.2247603,-0.6331545999999997
412,9,6,GNN,0.09912158,0.041769147,0.057352433
419,9,6,GNN,11.38537,8.353243,3.032126999999999
440,9,6,GNN,-0.19832253,-0.4855147,0.28719217
450,9,6,GNN,7.295463,7.659578,-0.36411499999999997
460,9,6,GNN,6.4090633,5.9767118,0.43235149999999933
461,9,6,GNN,0.09912158,0.13538678,-0.03626520000000001
462,9,6,GNN,-0.4972036,-0.4011433,-0.09606030000000004
479,9,6,GNN,2.5916057,3.5156639,-0.9240581999999997
489,9,6,GNN,2.218501,2.735813,-0.517312
496,9,6,GNN,0.90180033,0.8427676,0.05903273000000009
512,9,6,GNN,4.710023,5.412725,-0.7027020000000004
522,9,6,GNN,5.444083,5.7156024,-0.27151939999999986
528,9,6,GNN,4.936662,5.014937,-0.07827499999999965
531,9,6,GNN,1.9824628,2.2301002,-0.2476373999999999
544,9,6,GNN,1.6988573,2.8150527,-1.1161953999999998
548,9,6,GNN,6.817504,6.10995,0.7075539999999991
560,9,6,GNN,-0.19832253,0.3518595,-0.55018203
567,9,6,GNN,3.5927033,3.2181244,0.37457889999999994
584,9,6,GNN,5.1802483,5.0437565,0.13649179999999994
13,9,7,GNN,5.1802483,5.788579,-0.6083307000000007
22,9,7,GNN,3.434834,3.796995,-0.36216099999999996
25,9,7,GNN,4.297837,4.225043,0.07279400000000003
26,9,7,GNN,2.340101,3.2323997,-0.8922987
29,9,7,GNN,5.7325144,5.704131,0.02838340000000006
35,9,7,GNN,4.6022325,5.4648795,-0.8626469999999999
56,9,7,GNN,4.108607,3.4466324,0.6619746000000002
57,9,7,GNN,5.444083,5.563975,-0.11989200000000011
90,9,7,GNN,1.533799,0.7056803,0.8281186999999999
92,9,7,GNN,5.7325144,5.6585217,0.07399270000000069
121,9,7,GNN,7.295463,6.6706414,0.6248215999999998
124,9,7,GNN,9.642798,9.0014515,0.6413465000000009
136,9,7,GNN,0.90180033,0.6702873,0.23151303
138,9,7,GNN,4.936662,4.6326184,0.30404359999999997
186,9,7,GNN,2.218501,3.3539505,-1.1354495
202,9,7,GNN,5.444083,5.9237013,-0.4796183000000003
204,9,7,GNN,2.7220416,2.4759622,0.24607939999999973
212,9,7,GNN,3.434834,3.207479,0.22735499999999975
213,9,7,GNN,6.0514255,6.153547,-0.10212149999999998
215,9,7,GNN,6.4090633,7.112856,-0.7037927000000002
227,9,7,GNN,13.11527,11.623743,1.4915270000000014
230,9,7,GNN,1.533799,2.3560202,-0.8222212000000002
246,9,7,GNN,1.533799,1.8688579,-0.33505890000000016
252,9,7,GNN,2.4643853,2.1678786,0.2965067000000001
254,9,7,GNN,1.7546765,2.3346422,-0.5799656999999998
262,9,7,GNN,4.297837,3.8719115,0.4259255000000004
274,9,7,GNN,2.4643853,2.5682578,-0.10387250000000003
281,9,7,GNN,3.434834,3.4245577,0.010276300000000127
297,9,7,GNN,7.295463,6.4799886,0.8154743999999994
310,9,7,GNN,5.1802483,5.993374,-0.8131257000000005
326,9,7,GNN,6.0514255,6.2189126,-0.16748710000000067
331,9,7,GNN,5.1802483,5.7579255,-0.5776772000000001
337,9,7,GNN,0.5975294,0.32633537,0.27119403
343,9,7,GNN,1.9824628,2.2716522,-0.28918940000000015
346,9,7,GNN,2.218501,2.573628,-0.35512699999999997
348,9,7,GNN,-0.4972036,-0.55541134,0.05820774000000001
350,9,7,GNN,1.533799,1.1465569,0.3872420999999999
359,9,7,GNN,1.4255849,1.2777039,0.14788100000000015
361,9,7,GNN,2.7220416,2.467228,0.25481359999999986
372,9,7,GNN,6.4090633,7.45466,-1.0455967
390,9,7,GNN,2.5916057,3.2525768,-0.6609710999999998
412,9,7,GNN,0.09912158,0.12942535,-0.030303769999999994
419,9,7,GNN,11.38537,8.895683,2.489687
440,9,7,GNN,-0.19832253,-0.5279636,0.32964107
450,9,7,GNN,7.295463,7.9850492,-0.6895861999999999
460,9,7,GNN,6.4090633,6.4362445,-0.02718120000000024
461,9,7,GNN,0.09912158,0.18607129,-0.08694971
462,9,7,GNN,-0.4972036,-0.15183415,-0.34536945
479,9,7,GNN,2.5916057,3.32228,-0.7306743
489,9,7,GNN,2.218501,2.9469483,-0.7284473
496,9,7,GNN,0.90180033,0.74241513,0.1593852
512,9,7,GNN,4.710023,5.3549147,-0.6448917000000005
522,9,7,GNN,5.444083,6.037091,-0.5930080000000002
528,9,7,GNN,4.936662,5.003717,-0.06705499999999986
531,9,7,GNN,1.9824628,2.2522907,-0.2698279000000001
544,9,7,GNN,1.6988573,3.0590959,-1.3602386
548,9,7,GNN,6.817504,6.687603,0.12990099999999938
560,9,7,GNN,-0.19832253,0.46860343,-0.6669259599999999
567,9,7,GNN,3.5927033,3.7043028,-0.11159949999999963
584,9,7,GNN,5.1802483,4.845671,0.3345772999999994
13,9,8,GNN,5.1802483,5.5144567,-0.3342084000000005
22,9,8,GNN,3.434834,3.736872,-0.30203800000000003
25,9,8,GNN,4.297837,3.7248783,0.5729587000000005
26,9,8,GNN,2.340101,3.0798626,-0.7397615999999996
29,9,8,GNN,5.7325144,5.4580407,0.2744737000000006
35,9,8,GNN,4.6022325,4.9496007,-0.3473682
56,9,8,GNN,4.108607,3.716202,0.3924050000000001
57,9,8,GNN,5.444083,5.2685122,0.17557080000000003
90,9,8,GNN,1.533799,1.1775157,0.35628329999999986
92,9,8,GNN,5.7325144,5.526994,0.20552040000000016
121,9,8,GNN,7.295463,6.4657283,0.8297346999999995
124,9,8,GNN,9.642798,7.3250074,2.3177906000000013
136,9,8,GNN,0.90180033,0.66182786,0.23997247
138,9,8,GNN,4.936662,3.6782784,1.2583836000000002
186,9,8,GNN,2.218501,3.3917634,-1.1732624
202,9,8,GNN,5.444083,5.762706,-0.31862299999999966
204,9,8,GNN,2.7220416,2.3000867,0.4219548999999998
212,9,8,GNN,3.434834,3.784533,-0.3496990000000002
213,9,8,GNN,6.0514255,5.716085,0.33534050000000004
215,9,8,GNN,6.4090633,6.642775,-0.23371170000000063
227,9,8,GNN,13.11527,11.146451,1.9688189999999999
230,9,8,GNN,1.533799,2.049751,-0.5159520000000002
246,9,8,GNN,1.533799,1.497147,0.03665199999999991
252,9,8,GNN,2.4643853,2.3848507,0.07953460000000012
254,9,8,GNN,1.7546765,2.484958,-0.7302814999999998
262,9,8,GNN,4.297837,3.5010946,0.7967424000000003
274,9,8,GNN,2.4643853,2.210264,0.2541213
281,9,8,GNN,3.434834,3.4764783,-0.04164430000000019
297,9,8,GNN,7.295463,6.3278794,0.9675836000000002
310,9,8,GNN,5.1802483,5.708946,-0.5286977000000004
326,9,8,GNN,6.0514255,5.8851013,0.16632420000000003
331,9,8,GNN,5.1802483,5.815139,-0.6348907000000006
337,9,8,GNN,0.5975294,0.51400733,0.08352207
343,9,8,GNN,1.9824628,1.8425277,0.13993509999999998
346,9,8,GNN,2.218501,2.26296,-0.04445900000000025
348,9,8,GNN,-0.4972036,-0.21446659,-0.28273701
350,9,8,GNN,1.533799,0.902075,0.631724
359,9,8,GNN,1.4255849,1.526926,-0.10134109999999996
361,9,8,GNN,2.7220416,2.066117,0.6559245999999996
372,9,8,GNN,6.4090633,8.03697,-1.6279067000000005
390,9,8,GNN,2.5916057,3.2280633,-0.6364576
412,9,8,GNN,0.09912158,-0.329414,0.42853557999999997
419,9,8,GNN,11.38537,8.150529,3.2348409999999994
440,9,8,GNN,-0.19832253,-0.41702074,0.21869821
450,9,8,GNN,7.295463,7.033014,0.26244900000000015
460,9,8,GNN,6.4090633,6.2080626,0.2010006999999998
461,9,8,GNN,0.09912158,0.1059098,-0.006788219999999998
462,9,8,GNN,-0.4972036,-0.27439082,-0.22281278000000004
479,9,8,GNN,2.5916057,3.3166606,-0.7250549
489,9,8,GNN,2.218501,2.6458595,-0.4273585
496,9,8,GNN,0.90180033,0.8281311,0.07366923000000003
512,9,8,GNN,4.710023,4.889058,-0.17903500000000072
522,9,8,GNN,5.444083,5.6401687,-0.19608570000000025
528,9,8,GNN,4.936662,4.5617595,0.37490250000000014
531,9,8,GNN,1.9824628,2.170893,-0.1884302
544,9,8,GNN,1.6988573,2.7627466,-1.0638892999999998
548,9,8,GNN,6.817504,6.448316,0.3691879999999994
560,9,8,GNN,-0.19832253,0.37844652,-0.57676905
567,9,8,GNN,3.5927033,3.6545417,-0.06183839999999963
584,9,8,GNN,5.1802483,4.2585526,0.9216956999999999
13,9,10,GNN,5.1802483,5.226592,-0.04634370000000043
22,9,10,GNN,3.434834,3.472855,-0.03802100000000008
25,9,10,GNN,4.297837,3.4611964,0.8366406000000004
26,9,10,GNN,2.340101,3.0218728,-0.6817717999999999
29,9,10,GNN,5.7325144,5.3812194,0.35129500000000036
35,9,10,GNN,4.6022325,5.0414257,-0.4391931999999992
56,9,10,GNN,4.108607,3.1855686,0.9230384000000003
57,9,10,GNN,5.444083,5.4185534,0.025529599999999597
90,9,10,GNN,1.533799,0.99268746,0.54111154
92,9,10,GNN,5.7325144,5.4453106,0.28720380000000034
121,9,10,GNN,7.295463,5.8756356,1.4198274
124,9,10,GNN,9.642798,7.725879,1.916919000000001
136,9,10,GNN,0.90180033,0.74048537,0.16131496
138,9,10,GNN,4.936662,3.6134865,1.3231755
186,9,10,GNN,2.218501,3.0213003,-0.8027993000000002
202,9,10,GNN,5.444083,5.429413,0.014669999999999739
204,9,10,GNN,2.7220416,2.1404328,0.5816087999999997
212,9,10,GNN,3.434834,2.905742,0.5290919999999999
213,9,10,GNN,6.0514255,5.4653597,0.5860658000000001
215,9,10,GNN,6.4090633,6.748323,-0.3392597000000004
227,9,10,GNN,13.11527,11.428714,1.6865560000000013
230,9,10,GNN,1.533799,2.0102165,-0.47641749999999994
246,9,10,GNN,1.533799,1.9063039,-0.3725049
252,9,10,GNN,2.4643853,2.4100163,0.05436899999999989
254,9,10,GNN,1.7546765,2.1287847,-0.3741082000000002
262,9,10,GNN,4.297837,3.6510034,0.6468336000000003
274,9,10,GNN,2.4643853,2.2897444,0.1746409
281,9,10,GNN,3.434834,3.2045763,0.23025770000000012
297,9,10,GNN,7.295463,5.8565307,1.4389322999999994
310,9,10,GNN,5.1802483,5.4775324,-0.2972841000000006
326,9,10,GNN,6.0514255,5.7534804,0.29794509999999974
331,9,10,GNN,5.1802483,5.6958375,-0.5155892
337,9,10,GNN,0.5975294,0.5342956,0.0632338
343,9,10,GNN,1.9824628,1.8698751,0.11258769999999996
346,9,10,GNN,2.218501,2.0799978,0.13850319999999972
348,9,10,GNN,-0.4972036,-0.72664595,0.22944234999999996
350,9,10,GNN,1.533799,1.2202296,0.3135694
359,9,10,GNN,1.4255849,1.5702738,-0.1446889
361,9,10,GNN,2.7220416,1.8820537,0.8399878999999999
372,9,10,GNN,6.4090633,7.7360244,-1.3269611000000001
390,9,10,GNN,2.5916057,3.041633,-0.4500272999999999
412,9,10,GNN,0.09912158,-0.045966342,0.145087922
419,9,10,GNN,11.38537,7.5835104,3.8018596000000002
440,9,10,GNN,-0.19832253,-0.517398,0.31907547
450,9,10,GNN,7.295463,7.581213,-0.28575000000000017
460,9,10,GNN,6.4090633,5.5996313,0.8094319999999993
461,9,10,GNN,0.09912158,0.15864748,-0.05952590000000001
462,9,10,GNN,-0.4972036,-0.600034,0.10283039999999993
479,9,10,GNN,2.5916057,3.0081017,-0.416496
489,9,10,GNN,2.218501,2.6448543,-0.42635330000000016
496,9,10,GNN,0.90180033,0.5882979,0.31350243
512,9,10,GNN,4.710023,5.008587,-0.2985640000000007
522,9,10,GNN,5.444083,5.7674303,-0.3233473
528,9,10,GNN,4.936662,4.7100167,0.22664530000000038
531,9,10,GNN,1.9824628,2.1142259,-0.13176310000000013
544,9,10,GNN,1.6988573,2.6988165,-0.9999591999999999
548,9,10,GNN,6.817504,5.8911934,0.9263105999999999
560,9,10,GNN,-0.19832253,0.3789311,-0.57725363
567,9,10,GNN,3.5927033,3.3675838,0.22511950000000036
584,9,10,GNN,5.1802483,4.5087996,0.6714487
5,10,1,GNN,8.6127615,8.610661,0.0021004999999991725
8,10,1,GNN,7.874293,7.792028,0.08226499999999959
20,10,1,GNN,2.9938436,2.6288042,0.3650394000000001
21,10,1,GNN,7.295463,8.640465,-1.345002000000001
34,10,1,GNN,1.1083095,1.053453,0.054856500000000086
43,10,1,GNN,4.936662,2.608882,2.32778
46,10,1,GNN,2.1586356,1.8917936,0.26684200000000025
53,10,1,GNN,4.297837,2.8333502,1.4644868000000004
62,10,1,GNN,1.8676273,2.3637094,-0.49608209999999975
63,10,1,GNN,2.0993576,3.3433304,-1.2439728000000003
64,10,1,GNN,1.0046246,1.5459186,-0.5412939999999999
68,10,1,GNN,6.4090633,7.38345,-0.9743867000000002
87,10,1,GNN,4.936662,3.8430882,1.0935738000000002
88,10,1,GNN,5.444083,4.693579,0.7505040000000003
115,10,1,GNN,1.2129581,1.2087151,0.004242999999999997
137,10,1,GNN,0.19832253,-0.008006632,0.206329162
162,10,1,GNN,1.9824628,3.088439,-1.1059762000000002
177,10,1,GNN,2.5916057,2.5800238,0.011581899999999923
185,10,1,GNN,1.9824628,2.624392,-0.6419291999999999
207,10,1,GNN,5.1802483,3.946148,1.2341002999999997
220,10,1,GNN,13.11527,12.955506,0.1597640000000009
221,10,1,GNN,5.7325144,5.465551,0.26696340000000074
222,10,1,GNN,0.90180033,0.90319365,-0.0013933199999999202
223,10,1,GNN,2.8560045,2.9823337,-0.1263291999999998
234,10,1,GNN,2.9938436,3.3585887,-0.36474509999999993
237,10,1,GNN,0.19832253,-0.10678074,0.30510327
238,10,1,GNN,3.2827797,3.0353007,0.24747899999999978
240,10,1,GNN,5.1802483,7.9764395,-2.7961912
263,10,1,GNN,4.4977603,4.193379,0.3043813000000002
286,10,1,GNN,5.7325144,4.7883606,0.9441538000000005
290,10,1,GNN,0.4972036,0.70514685,-0.20794324999999997
291,10,1,GNN,0.7997385,0.6481488,0.15158970000000005
298,10,1,GNN,4.108607,4.5032916,-0.3946845999999997
309,10,1,GNN,8.218016,7.546265,0.6717510000000004
323,10,1,GNN,4.297837,5.0019774,-0.7041404
330,10,1,GNN,11.38537,8.665017,2.7203529999999994
338,10,1,GNN,3.5927033,5.378152,-1.7854486999999999
347,10,1,GNN,1.533799,1.1133432,0.4204557999999998
366,10,1,GNN,4.710023,4.364635,0.3453879999999998
371,10,1,GNN,0.5975294,1.1866041,-0.5890747000000001
373,10,1,GNN,3.135953,3.14012,-0.00416699999999981
393,10,1,GNN,5.444083,6.1897316,-0.7456486
403,10,1,GNN,0.7997385,0.57218826,0.22755024000000001
405,10,1,GNN,5.444083,5.7577596,-0.31367659999999997
442,10,1,GNN,2.5916057,2.466897,0.12470870000000023
455,10,1,GNN,11.38537,10.158156,1.227214
458,10,1,GNN,4.4977603,4.9183702,-0.42060989999999965
482,10,1,GNN,6.0514255,6.7005277,-0.6491022000000006
491,10,1,GNN,13.11527,11.7079315,1.4073384999999998
501,10,1,GNN,2.5916057,3.1269755,-0.5353697999999998
518,10,1,GNN,2.340101,2.5105772,-0.17047619999999997
537,10,1,GNN,2.340101,3.2387037,-0.8986026999999996
538,10,1,GNN,0.4972036,-0.17226693,0.66947053
540,10,1,GNN,2.4643853,2.3359284,0.1284569000000002
543,10,1,GNN,3.5927033,4.8177495,-1.2250461999999995
561,10,1,GNN,5.1802483,3.251069,1.9291792999999995
568,10,1,GNN,1.64345,-0.15906456,1.80251456
571,10,1,GNN,5.1802483,5.0402293,0.14001899999999967
572,10,1,GNN,5.1802483,4.609957,0.5702913000000001
589,10,1,GNN,11.38537,8.436217,2.949153000000001
5,10,2,GNN,8.6127615,8.680935,-0.06817350000000033
8,10,2,GNN,7.874293,7.835315,0.03897800000000018
20,10,2,GNN,2.9938436,2.657455,0.3363885999999998
21,10,2,GNN,7.295463,8.0931835,-0.7977205000000005
34,10,2,GNN,1.1083095,1.9152603,-0.8069507999999999
43,10,2,GNN,4.936662,3.880651,1.0560110000000003
46,10,2,GNN,2.1586356,2.5919228,-0.43328719999999965
53,10,2,GNN,4.297837,3.166718,1.1311190000000004
62,10,2,GNN,1.8676273,2.23769,-0.3700627000000001
63,10,2,GNN,2.0993576,3.0330834,-0.9337258000000004
64,10,2,GNN,1.0046246,1.5219098,-0.5172851999999999
68,10,2,GNN,6.4090633,6.1983685,0.21069479999999974
87,10,2,GNN,4.936662,4.612736,0.32392600000000016
88,10,2,GNN,5.444083,5.026774,0.4173090000000004
115,10,2,GNN,1.2129581,0.943261,0.2696971
137,10,2,GNN,0.19832253,0.10361388,0.09470864999999999
162,10,2,GNN,1.9824628,2.5023975,-0.5199346999999999
177,10,2,GNN,2.5916057,2.4573112,0.1342945000000002
185,10,2,GNN,1.9824628,2.7105846,-0.7281217999999998
207,10,2,GNN,5.1802483,4.7525086,0.42773970000000006
220,10,2,GNN,13.11527,10.554424,2.5608460000000015
221,10,2,GNN,5.7325144,5.31375,0.4187644000000006
222,10,2,GNN,0.90180033,1.1497905,-0.2479901699999999
223,10,2,GNN,2.8560045,3.2561493,-0.4001448000000001
234,10,2,GNN,2.9938436,2.0738227,0.9200208999999999
237,10,2,GNN,0.19832253,0.09091307,0.10740946
238,10,2,GNN,3.2827797,2.988614,0.29416569999999975
240,10,2,GNN,5.1802483,4.9166684,0.26357989999999987
263,10,2,GNN,4.4977603,3.950645,0.5471153000000002
286,10,2,GNN,5.7325144,5.0037584,0.7287560000000006
290,10,2,GNN,0.4972036,0.34514397,0.15205963
291,10,2,GNN,0.7997385,0.58662146,0.21311703999999998
298,10,2,GNN,4.108607,4.9451003,-0.8364932999999999
309,10,2,GNN,8.218016,5.952937,2.265079
323,10,2,GNN,4.297837,4.9309077,-0.6330706999999993
330,10,2,GNN,11.38537,9.167124,2.2182460000000006
338,10,2,GNN,3.5927033,5.3057237,-1.7130203999999996
347,10,2,GNN,1.533799,2.081839,-0.5480400000000001
366,10,2,GNN,4.710023,4.7765727,-0.06654970000000038
371,10,2,GNN,0.5975294,0.76724315,-0.16971375
373,10,2,GNN,3.135953,3.058694,0.07725900000000019
393,10,2,GNN,5.444083,6.2347307,-0.7906477000000001
403,10,2,GNN,0.7997385,0.35953188,0.44020662
405,10,2,GNN,5.444083,4.976277,0.4678060000000004
442,10,2,GNN,2.5916057,1.8827777,0.708828
455,10,2,GNN,11.38537,9.704545,1.6808250000000005
458,10,2,GNN,4.4977603,4.601395,-0.10363469999999975
482,10,2,GNN,6.0514255,6.7617717,-0.7103462
491,10,2,GNN,13.11527,9.979569,3.135701000000001
501,10,2,GNN,2.5916057,2.9407802,-0.3491744999999997
518,10,2,GNN,2.340101,2.178432,0.16166900000000028
537,10,2,GNN,2.340101,3.0623293,-0.7222282999999998
538,10,2,GNN,0.4972036,0.10208945,0.39511415000000005
540,10,2,GNN,2.4643853,2.7346025,-0.2702171999999998
543,10,2,GNN,3.5927033,3.374516,0.2181873000000003
561,10,2,GNN,5.1802483,3.3251224,1.8551258999999996
568,10,2,GNN,1.64345,0.15534146,1.48810854
571,10,2,GNN,5.1802483,5.034469,0.14577930000000006
572,10,2,GNN,5.1802483,5.479383,-0.29913470000000064
589,10,2,GNN,11.38537,8.051908,3.333462000000001
5,10,3,GNN,8.6127615,8.187637,0.425124499999999
8,10,3,GNN,7.874293,8.13109,-0.2567970000000006
20,10,3,GNN,2.9938436,2.7551684,0.23867519999999987
21,10,3,GNN,7.295463,8.35002,-1.0545570000000009
34,10,3,GNN,1.1083095,1.6876252,-0.5793157
43,10,3,GNN,4.936662,3.9022667,1.0343953
46,10,3,GNN,2.1586356,2.3067183,-0.1480826999999998
53,10,3,GNN,4.297837,2.9745116,1.3233254000000003
62,10,3,GNN,1.8676273,2.2109032,-0.3432759000000001
63,10,3,GNN,2.0993576,2.9837174,-0.8843598000000004
64,10,3,GNN,1.0046246,1.7479959,-0.7433713
68,10,3,GNN,6.4090633,7.4753656,-1.0663023000000003
87,10,3,GNN,4.936662,4.5306253,0.40603670000000047
88,10,3,GNN,5.444083,4.811082,0.6330010000000001
115,10,3,GNN,1.2129581,0.90071213,0.31224597
137,10,3,GNN,0.19832253,0.20245314,-0.004130610000000007
162,10,3,GNN,1.9824628,2.8055701,-0.8231073000000002
177,10,3,GNN,2.5916057,2.8961406,-0.3045348999999997
185,10,3,GNN,1.9824628,2.2597654,-0.27730260000000007
207,10,3,GNN,5.1802483,4.615328,0.5649202999999998
220,10,3,GNN,13.11527,12.00405,1.1112200000000012
221,10,3,GNN,5.7325144,4.6931334,1.0393810000000006
222,10,3,GNN,0.90180033,1.0486614,-0.14686107000000004
223,10,3,GNN,2.8560045,3.4799252,-0.6239206999999998
234,10,3,GNN,2.9938436,2.204597,0.7892465999999998
237,10,3,GNN,0.19832253,0.16385196,0.034470570000000006
238,10,3,GNN,3.2827797,2.6386368,0.6441428999999999
240,10,3,GNN,5.1802483,5.7562385,-0.5759902000000006
263,10,3,GNN,4.4977603,4.1113477,0.38641260000000077
286,10,3,GNN,5.7325144,4.892442,0.8400724000000004
290,10,3,GNN,0.4972036,0.4504129,0.04679070000000002
291,10,3,GNN,0.7997385,0.70014536,0.09959313999999997
298,10,3,GNN,4.108607,4.54444,-0.4358329999999997
309,10,3,GNN,8.218016,7.395959,0.822057
323,10,3,GNN,4.297837,4.7787027,-0.48086569999999984
330,10,3,GNN,11.38537,8.055526,3.3298439999999996
338,10,3,GNN,3.5927033,4.7117653,-1.1190619999999996
347,10,3,GNN,1.533799,1.6808553,-0.14705630000000003
366,10,3,GNN,4.710023,4.619376,0.0906469999999997
371,10,3,GNN,0.5975294,0.35639998,0.24112941999999998
373,10,3,GNN,3.135953,2.7700324,0.3659206000000004
393,10,3,GNN,5.444083,5.5481844,-0.10410140000000023
403,10,3,GNN,0.7997385,0.46629634,0.33344216000000004
405,10,3,GNN,5.444083,4.9251776,0.5189054000000004
442,10,3,GNN,2.5916057,2.217948,0.3736577000000003
455,10,3,GNN,11.38537,11.152998,0.2323719999999998
458,10,3,GNN,4.4977603,4.58136,-0.08359969999999972
482,10,3,GNN,6.0514255,6.006056,0.04536949999999962
491,10,3,GNN,13.11527,11.940297,1.1749730000000014
501,10,3,GNN,2.5916057,2.8916938,-0.30008809999999997
518,10,3,GNN,2.340101,2.0725133,0.26758770000000043
537,10,3,GNN,2.340101,3.2550666,-0.9149655999999999
538,10,3,GNN,0.4972036,0.012015477,0.485188123
540,10,3,GNN,2.4643853,3.0033498,-0.5389645000000001
543,10,3,GNN,3.5927033,3.4208944,0.17180890000000026
561,10,3,GNN,5.1802483,3.463457,1.7167912999999997
568,10,3,GNN,1.64345,0.089751795,1.553698205
571,10,3,GNN,5.1802483,5.000952,0.17929629999999985
572,10,3,GNN,5.1802483,5.375781,-0.19553270000000023
589,10,3,GNN,11.38537,7.3951483,3.9902217
5,10,4,GNN,8.6127615,9.555786,-0.9430244999999999
8,10,4,GNN,7.874293,6.769849,1.104444
20,10,4,GNN,2.9938436,2.5481539,0.44568969999999997
21,10,4,GNN,7.295463,7.0025473,0.2929157
34,10,4,GNN,1.1083095,1.8577497,-0.7494402
43,10,4,GNN,4.936662,4.0515003,0.8851617000000003
46,10,4,GNN,2.1586356,2.0741742,0.08446140000000035
53,10,4,GNN,4.297837,3.4884698,0.8093672000000005
62,10,4,GNN,1.8676273,1.729382,0.13824530000000013
63,10,4,GNN,2.0993576,2.765539,-0.6661814000000001
64,10,4,GNN,1.0046246,1.799531,-0.7949063999999999
68,10,4,GNN,6.4090633,6.3878193,0.021243999999999374
87,10,4,GNN,4.936662,4.76296,0.17370200000000047
88,10,4,GNN,5.444083,5.065176,0.3789069999999999
115,10,4,GNN,1.2129581,0.80312586,0.40983224000000007
137,10,4,GNN,0.19832253,0.16614284,0.03217968999999998
162,10,4,GNN,1.9824628,2.216701,-0.23423820000000006
177,10,4,GNN,2.5916057,2.981058,-0.38945229999999986
185,10,4,GNN,1.9824628,2.4660125,-0.4835497000000002
207,10,4,GNN,5.1802483,5.044113,0.1361352999999994
220,10,4,GNN,13.11527,12.586706,0.5285640000000011
221,10,4,GNN,5.7325144,5.3273926,0.40512180000000075
222,10,4,GNN,0.90180033,1.3612047,-0.45940437
223,10,4,GNN,2.8560045,3.9646132,-1.1086087
234,10,4,GNN,2.9938436,2.1945996,0.7992439999999998
237,10,4,GNN,0.19832253,0.13003725,0.06828528
238,10,4,GNN,3.2827797,2.8013268,0.48145289999999985
240,10,4,GNN,5.1802483,5.541435,-0.3611867000000002
263,10,4,GNN,4.4977603,4.045779,0.4519813000000008
286,10,4,GNN,5.7325144,5.065831,0.6666834000000001
290,10,4,GNN,0.4972036,0.50607455,-0.008870949999999989
291,10,4,GNN,0.7997385,0.8345299,-0.03479140000000003
298,10,4,GNN,4.108607,4.189283,-0.08067599999999953
309,10,4,GNN,8.218016,5.81429,2.4037260000000007
323,10,4,GNN,4.297837,3.9553502,0.34248680000000054
330,10,4,GNN,11.38537,9.472179,1.9131909999999994
338,10,4,GNN,3.5927033,4.554838,-0.9621347
347,10,4,GNN,1.533799,2.154588,-0.620789
366,10,4,GNN,4.710023,4.0378847,0.6721382999999994
371,10,4,GNN,0.5975294,2.0771809,-1.4796515000000001
373,10,4,GNN,3.135953,2.8695097,0.26644330000000016
393,10,4,GNN,5.444083,6.00187,-0.5577870000000003
403,10,4,GNN,0.7997385,0.53335667,0.26638183000000004
405,10,4,GNN,5.444083,4.7003736,0.7437094000000002
442,10,4,GNN,2.5916057,2.631875,-0.04026929999999984
455,10,4,GNN,11.38537,9.890693,1.4946769999999994
458,10,4,GNN,4.4977603,4.8786936,-0.3809332999999997
482,10,4,GNN,6.0514255,5.99297,0.058455499999999994
491,10,4,GNN,13.11527,9.864142,3.2511280000000014
501,10,4,GNN,2.5916057,2.5615206,0.030085099999999976
518,10,4,GNN,2.340101,1.9143819,0.42571910000000024
537,10,4,GNN,2.340101,2.6118858,-0.2717847999999998
538,10,4,GNN,0.4972036,0.44525737,0.05194623000000004
540,10,4,GNN,2.4643853,3.508,-1.0436147
543,10,4,GNN,3.5927033,3.267737,0.32496630000000026
561,10,4,GNN,5.1802483,3.461329,1.7189192999999996
568,10,4,GNN,1.64345,0.4310617,1.2123883000000002
571,10,4,GNN,5.1802483,5.1102953,0.06995299999999993
572,10,4,GNN,5.1802483,5.847166,-0.6669177
589,10,4,GNN,11.38537,7.1501865,4.2351835
5,10,5,GNN,8.6127615,9.761764,-1.1490025
8,10,5,GNN,7.874293,7.497015,0.37727799999999956
20,10,5,GNN,2.9938436,3.1857004,-0.19185680000000005
21,10,5,GNN,7.295463,8.239966,-0.944503000000001
34,10,5,GNN,1.1083095,1.6892418,-0.5809323
43,10,5,GNN,4.936662,4.262862,0.6738
46,10,5,GNN,2.1586356,2.2907066,-0.13207099999999983
53,10,5,GNN,4.297837,3.0569673,1.2408697000000002
62,10,5,GNN,1.8676273,2.142532,-0.2749047
63,10,5,GNN,2.0993576,2.6257277,-0.5263701000000003
64,10,5,GNN,1.0046246,1.5177629,-0.5131382999999998
68,10,5,GNN,6.4090633,6.0808945,0.32816879999999937
87,10,5,GNN,4.936662,4.331238,0.6054240000000002
88,10,5,GNN,5.444083,5.1518917,0.2921912999999998
115,10,5,GNN,1.2129581,0.6736769,0.5392812
137,10,5,GNN,0.19832253,-0.009128585,0.207451115
162,10,5,GNN,1.9824628,2.942114,-0.9596512000000001
177,10,5,GNN,2.5916057,2.9950972,-0.4034914999999999
185,10,5,GNN,1.9824628,2.4047909,-0.4223281000000001
207,10,5,GNN,5.1802483,4.5474415,0.6328068
220,10,5,GNN,13.11527,11.468482,1.6467880000000008
221,10,5,GNN,5.7325144,5.3916855,0.3408289
222,10,5,GNN,0.90180033,0.90473366,-0.0029333299999999563
223,10,5,GNN,2.8560045,3.6429796,-0.7869750999999998
234,10,5,GNN,2.9938436,2.0215468,0.9722968000000001
237,10,5,GNN,0.19832253,-0.06446011,0.26278264
238,10,5,GNN,3.2827797,2.4456906,0.8370891
240,10,5,GNN,5.1802483,5.5615463,-0.38129800000000014
263,10,5,GNN,4.4977603,4.4520903,0.04567000000000032
286,10,5,GNN,5.7325144,5.098999,0.6335154000000003
290,10,5,GNN,0.4972036,0.33829448,0.15890912000000001
291,10,5,GNN,0.7997385,0.6097549,0.18998360000000003
298,10,5,GNN,4.108607,4.5821166,-0.47350959999999986
309,10,5,GNN,8.218016,6.0129147,2.205101300000001
323,10,5,GNN,4.297837,4.7892838,-0.4914467999999994
330,10,5,GNN,11.38537,10.215051,1.1703189999999992
338,10,5,GNN,3.5927033,4.9459505,-1.3532472000000002
347,10,5,GNN,1.533799,1.3396468,0.1941522
366,10,5,GNN,4.710023,4.8478904,-0.1378674000000002
371,10,5,GNN,0.5975294,1.8017445,-1.2042151
373,10,5,GNN,3.135953,2.2717962,0.8641568000000004
393,10,5,GNN,5.444083,5.789038,-0.3449549999999997
403,10,5,GNN,0.7997385,0.3802928,0.41944570000000003
405,10,5,GNN,5.444083,4.840751,0.603332
442,10,5,GNN,2.5916057,2.2657392,0.32586650000000006
455,10,5,GNN,11.38537,11.541709,-0.1563390000000009
458,10,5,GNN,4.4977603,4.8338437,-0.3360833999999997
482,10,5,GNN,6.0514255,6.5350695,-0.48364399999999996
491,10,5,GNN,13.11527,11.367783,1.7474870000000013
501,10,5,GNN,2.5916057,2.5349665,0.05663920000000022
518,10,5,GNN,2.340101,2.069026,0.2710750000000002
537,10,5,GNN,2.340101,3.3519888,-1.0118877999999998
538,10,5,GNN,0.4972036,0.14195782,0.35524578
540,10,5,GNN,2.4643853,2.5158346,-0.05144929999999981
543,10,5,GNN,3.5927033,3.122394,0.47030930000000026
561,10,5,GNN,5.1802483,3.2923717,1.8878765999999998
568,10,5,GNN,1.64345,0.3023473,1.3411027
571,10,5,GNN,5.1802483,5.1618395,0.01840879999999956
572,10,5,GNN,5.1802483,6.969043,-1.7887947000000004
589,10,5,GNN,11.38537,7.7651553,3.6202147
5,10,6,GNN,8.6127615,8.6123495,0.00041199999999896875
8,10,6,GNN,7.874293,7.8401628,0.03413019999999989
20,10,6,GNN,2.9938436,2.8853977,0.10844589999999998
21,10,6,GNN,7.295463,7.873625,-0.5781619999999998
34,10,6,GNN,1.1083095,1.7941196,-0.6858100999999999
43,10,6,GNN,4.936662,3.9623623,0.9742997
46,10,6,GNN,2.1586356,2.2893307,-0.13069509999999962
53,10,6,GNN,4.297837,3.284729,1.0131080000000003
62,10,6,GNN,1.8676273,2.2354798,-0.3678524999999997
63,10,6,GNN,2.0993576,3.1220396,-1.022682
64,10,6,GNN,1.0046246,1.7191973,-0.7145727
68,10,6,GNN,6.4090633,6.1640105,0.24505279999999985
87,10,6,GNN,4.936662,4.624496,0.3121660000000004
88,10,6,GNN,5.444083,5.031137,0.4129459999999998
115,10,6,GNN,1.2129581,0.87399256,0.33896554
137,10,6,GNN,0.19832253,0.16850081,0.029821719999999996
162,10,6,GNN,1.9824628,2.6979287,-0.7154658999999999
177,10,6,GNN,2.5916057,2.6484644,-0.05685869999999982
185,10,6,GNN,1.9824628,2.8889108,-0.9064480000000001
207,10,6,GNN,5.1802483,4.781665,0.3985832999999994
220,10,6,GNN,13.11527,10.331687,2.783583
221,10,6,GNN,5.7325144,5.2748513,0.45766310000000043
222,10,6,GNN,0.90180033,0.9320456,-0.03024526999999999
223,10,6,GNN,2.8560045,3.5741236,-0.7181191
234,10,6,GNN,2.9938436,2.2819355,0.7119081
237,10,6,GNN,0.19832253,0.15989304,0.03842949000000001
238,10,6,GNN,3.2827797,3.1622317,0.12054799999999988
240,10,6,GNN,5.1802483,5.4132085,-0.23296019999999995
263,10,6,GNN,4.4977603,4.1298413,0.36791900000000055
286,10,6,GNN,5.7325144,5.0124393,0.7200751000000007
290,10,6,GNN,0.4972036,0.4669064,0.030297200000000024
291,10,6,GNN,0.7997385,0.5250975,0.274641
298,10,6,GNN,4.108607,4.747511,-0.6389040000000001
309,10,6,GNN,8.218016,5.8445477,2.3734683000000008
323,10,6,GNN,4.297837,4.857628,-0.5597909999999997
330,10,6,GNN,11.38537,8.789262,2.596107999999999
338,10,6,GNN,3.5927033,5.2487984,-1.6560951
347,10,6,GNN,1.533799,1.8000462,-0.2662472
366,10,6,GNN,4.710023,4.8409886,-0.13096560000000057
371,10,6,GNN,0.5975294,0.62889135,-0.03136194999999997
373,10,6,GNN,3.135953,3.1336288,0.0023242000000003316
393,10,6,GNN,5.444083,5.946936,-0.502853
403,10,6,GNN,0.7997385,0.4650752,0.3346633
405,10,6,GNN,5.444083,4.960006,0.4840770000000001
442,10,6,GNN,2.5916057,2.20328,0.3883257000000002
455,10,6,GNN,11.38537,9.629336,1.7560339999999997
458,10,6,GNN,4.4977603,4.5934844,-0.09572409999999998
482,10,6,GNN,6.0514255,6.426497,-0.37507150000000067
491,10,6,GNN,13.11527,9.672677,3.4425930000000005
501,10,6,GNN,2.5916057,3.0091853,-0.41757959999999983
518,10,6,GNN,2.340101,2.5119655,-0.17186449999999986
537,10,6,GNN,2.340101,3.0928686,-0.7527675999999999
538,10,6,GNN,0.4972036,0.22040968,0.27679392
540,10,6,GNN,2.4643853,2.9073503,-0.44296500000000005
543,10,6,GNN,3.5927033,3.2619443,0.330759
561,10,6,GNN,5.1802483,3.4003284,1.7799198999999999
568,10,6,GNN,1.64345,0.24997059,1.39347941
571,10,6,GNN,5.1802483,5.045793,0.13445529999999994
572,10,6,GNN,5.1802483,5.696541,-0.5162927000000002
589,10,6,GNN,11.38537,7.814311,3.571059
5,10,7,GNN,8.6127615,7.5403028,1.0724586999999994
8,10,7,GNN,7.874293,7.6030364,0.27125660000000007
20,10,7,GNN,2.9938436,3.1791153,-0.18527169999999993
21,10,7,GNN,7.295463,7.7305913,-0.4351283000000006
34,10,7,GNN,1.1083095,1.7690318,-0.6607223
43,10,7,GNN,4.936662,4.3568435,0.5798185
46,10,7,GNN,2.1586356,2.3741114,-0.21547579999999966
53,10,7,GNN,4.297837,2.8273098,1.4705272000000003
62,10,7,GNN,1.8676273,2.5587308,-0.6911035000000001
63,10,7,GNN,2.0993576,3.2690628,-1.1697052000000001
64,10,7,GNN,1.0046246,1.349096,-0.3444714
68,10,7,GNN,6.4090633,6.50538,-0.09631670000000003
87,10,7,GNN,4.936662,4.543328,0.3933340000000003
88,10,7,GNN,5.444083,5.2859645,0.1581184999999996
115,10,7,GNN,1.2129581,0.34108835,0.8718697500000001
137,10,7,GNN,0.19832253,0.24249707,-0.04417454000000001
162,10,7,GNN,1.9824628,2.7820776,-0.7996148000000001
177,10,7,GNN,2.5916057,2.4748619,0.11674380000000006
185,10,7,GNN,1.9824628,2.573229,-0.5907662
207,10,7,GNN,5.1802483,4.7644515,0.41579679999999986
220,10,7,GNN,13.11527,13.76705,-0.6517799999999987
221,10,7,GNN,5.7325144,5.240563,0.4919514000000005
222,10,7,GNN,0.90180033,1.2422159,-0.3404155699999999
223,10,7,GNN,2.8560045,4.040535,-1.1845305000000002
234,10,7,GNN,2.9938436,2.0867715,0.9070721000000002
237,10,7,GNN,0.19832253,0.034354657,0.163967873
238,10,7,GNN,3.2827797,3.004257,0.2785226999999999
240,10,7,GNN,5.1802483,6.470275,-1.2900267000000003
263,10,7,GNN,4.4977603,5.7516174,-1.2538570999999994
286,10,7,GNN,5.7325144,5.310739,0.42177540000000047
290,10,7,GNN,0.4972036,0.35581902,0.14138458000000004
291,10,7,GNN,0.7997385,0.55998147,0.23975703000000004
298,10,7,GNN,4.108607,4.849769,-0.7411620000000001
309,10,7,GNN,8.218016,5.958357,2.259659
323,10,7,GNN,4.297837,5.0247073,-0.7268702999999999
330,10,7,GNN,11.38537,7.3941274,3.9912425999999996
338,10,7,GNN,3.5927033,5.3423095,-1.7496061999999997
347,10,7,GNN,1.533799,1.223597,0.31020199999999987
366,10,7,GNN,4.710023,5.2089458,-0.4989228000000008
371,10,7,GNN,0.5975294,1.1117256,-0.5141962
373,10,7,GNN,3.135953,2.505002,0.630951
393,10,7,GNN,5.444083,6.5273547,-1.0832717
403,10,7,GNN,0.7997385,0.321163,0.47857550000000004
405,10,7,GNN,5.444083,4.744525,0.6995579999999997
442,10,7,GNN,2.5916057,2.1279113,0.46369440000000006
455,10,7,GNN,11.38537,12.103104,-0.7177340000000001
458,10,7,GNN,4.4977603,4.729504,-0.2317437
482,10,7,GNN,6.0514255,6.862554,-0.8111285000000006
491,10,7,GNN,13.11527,11.2917,1.8235700000000001
501,10,7,GNN,2.5916057,3.120162,-0.5285563
518,10,7,GNN,2.340101,2.2728417,0.06725930000000035
537,10,7,GNN,2.340101,3.1794388,-0.8393377999999996
538,10,7,GNN,0.4972036,0.29768613,0.19951747000000003
540,10,7,GNN,2.4643853,3.2769854,-0.8126001
543,10,7,GNN,3.5927033,3.6713085,-0.07860519999999971
561,10,7,GNN,5.1802483,4.207458,0.9727902999999998
568,10,7,GNN,1.64345,0.307917,1.335533
571,10,7,GNN,5.1802483,5.338994,-0.15874569999999988
572,10,7,GNN,5.1802483,4.802507,0.3777412999999994
589,10,7,GNN,11.38537,8.794039,2.5913310000000003
5,10,8,GNN,8.6127615,10.203872,-1.591110500000001
8,10,8,GNN,7.874293,7.7696395,0.10465349999999951
20,10,8,GNN,2.9938436,2.9591162,0.034727399999999964
21,10,8,GNN,7.295463,8.129288,-0.8338250000000009
34,10,8,GNN,1.1083095,1.6105719,-0.5022624
43,10,8,GNN,4.936662,3.2788243,1.6578377
46,10,8,GNN,2.1586356,2.65099,-0.49235439999999997
53,10,8,GNN,4.297837,3.5376568,0.7601802000000002
62,10,8,GNN,1.8676273,2.1084628,-0.24083549999999976
63,10,8,GNN,2.0993576,3.1159928,-1.0166352
64,10,8,GNN,1.0046246,1.5197816,-0.5151569999999999
68,10,8,GNN,6.4090633,6.417719,-0.008655700000000266
87,10,8,GNN,4.936662,3.8451118,1.0915502
88,10,8,GNN,5.444083,5.1669197,0.2771632999999998
115,10,8,GNN,1.2129581,0.15892176,1.0540363400000001
137,10,8,GNN,0.19832253,0.2965592,-0.09823667000000003
162,10,8,GNN,1.9824628,2.7141418,-0.7316790000000002
177,10,8,GNN,2.5916057,2.751463,-0.1598573000000001
185,10,8,GNN,1.9824628,3.0442195,-1.0617567
207,10,8,GNN,5.1802483,4.1043797,1.0758685999999997
220,10,8,GNN,13.11527,10.58656,2.5287100000000002
221,10,8,GNN,5.7325144,4.1948543,1.5376601
222,10,8,GNN,0.90180033,1.3437088,-0.4419084699999999
223,10,8,GNN,2.8560045,3.5898476,-0.7338431000000001
234,10,8,GNN,2.9938436,2.7132957,0.28054789999999974
237,10,8,GNN,0.19832253,-0.07953192,0.27785445
238,10,8,GNN,3.2827797,3.2244391,0.05834059999999974
240,10,8,GNN,5.1802483,6.709788,-1.5295397
263,10,8,GNN,4.4977603,3.9827487,0.5150116000000002
286,10,8,GNN,5.7325144,4.9137306,0.8187838000000003
290,10,8,GNN,0.4972036,1.0192184,-0.5220148
291,10,8,GNN,0.7997385,1.0260278,-0.22628930000000003
298,10,8,GNN,4.108607,4.8970494,-0.7884424000000001
309,10,8,GNN,8.218016,6.41116,1.8068560000000007
323,10,8,GNN,4.297837,5.201107,-0.90327
330,10,8,GNN,11.38537,9.888508,1.4968620000000001
338,10,8,GNN,3.5927033,5.6939974,-2.1012940999999996
347,10,8,GNN,1.533799,1.9660852,-0.43228620000000006
366,10,8,GNN,4.710023,5.287911,-0.5778880000000006
371,10,8,GNN,0.5975294,1.3634747,-0.7659453
373,10,8,GNN,3.135953,2.9578342,0.17811880000000002
393,10,8,GNN,5.444083,6.3843064,-0.9402233999999998
403,10,8,GNN,0.7997385,0.97603244,-0.17629393999999998
405,10,8,GNN,5.444083,5.611766,-0.16768300000000025
442,10,8,GNN,2.5916057,2.2064505,0.38515520000000025
455,10,8,GNN,11.38537,10.06404,1.3213299999999997
458,10,8,GNN,4.4977603,4.536214,-0.03845369999999981
482,10,8,GNN,6.0514255,6.058544,-0.007118500000000694
491,10,8,GNN,13.11527,10.259247,2.8560230000000004
501,10,8,GNN,2.5916057,2.857304,-0.26569829999999994
518,10,8,GNN,2.340101,1.9827065,0.3573945000000003
537,10,8,GNN,2.340101,3.5365071,-1.1964061
538,10,8,GNN,0.4972036,0.6422034,-0.14499979999999996
540,10,8,GNN,2.4643853,2.2750099,0.18937539999999986
543,10,8,GNN,3.5927033,3.321643,0.27106030000000025
561,10,8,GNN,5.1802483,3.208445,1.9718032999999995
568,10,8,GNN,1.64345,0.6369273,1.0065227
571,10,8,GNN,5.1802483,4.9795995,0.20064879999999974
572,10,8,GNN,5.1802483,6.1145115,-0.9342632000000002
589,10,8,GNN,11.38537,8.088625,3.2967449999999996
5,10,9,GNN,8.6127615,8.972575,-0.35981350000000134
8,10,9,GNN,7.874293,7.8877406,-0.013447600000000115
20,10,9,GNN,2.9938436,2.9510677,0.04277590000000009
21,10,9,GNN,7.295463,8.446661,-1.1511980000000008
34,10,9,GNN,1.1083095,1.949726,-0.8414165
43,10,9,GNN,4.936662,4.0857906,0.8508713999999999
46,10,9,GNN,2.1586356,2.5655923,-0.40695669999999984
53,10,9,GNN,4.297837,3.1094527,1.1883843000000005
62,10,9,GNN,1.8676273,2.290569,-0.4229417
63,10,9,GNN,2.0993576,3.2305434,-1.1311858000000004
64,10,9,GNN,1.0046246,1.5766022,-0.5719775999999999
68,10,9,GNN,6.4090633,6.8507605,-0.4416972000000001
87,10,9,GNN,4.936662,5.0437937,-0.10713170000000005
88,10,9,GNN,5.444083,5.2501535,0.1939295000000003
115,10,9,GNN,1.2129581,0.6238558,0.5891023000000001
137,10,9,GNN,0.19832253,0.07427682,0.12404571
162,10,9,GNN,1.9824628,3.0422008,-1.0597379999999998
177,10,9,GNN,2.5916057,2.7423995,-0.15079379999999976
185,10,9,GNN,1.9824628,2.8180606,-0.8355978
207,10,9,GNN,5.1802483,5.2196207,-0.03937240000000042
220,10,9,GNN,13.11527,13.019582,0.09568800000000088
221,10,9,GNN,5.7325144,5.2542415,0.47827290000000033
222,10,9,GNN,0.90180033,1.0051894,-0.10338906999999986
223,10,9,GNN,2.8560045,3.36336,-0.5073555000000001
234,10,9,GNN,2.9938436,2.4492466,0.544597
237,10,9,GNN,0.19832253,0.037901163,0.16042136699999998
238,10,9,GNN,3.2827797,3.174802,0.10797769999999973
240,10,9,GNN,5.1802483,6.097373,-0.9171247000000005
263,10,9,GNN,4.4977603,4.346595,0.1511653000000006
286,10,9,GNN,5.7325144,5.256511,0.47600340000000063
290,10,9,GNN,0.4972036,0.44198608,0.05521752000000002
291,10,9,GNN,0.7997385,0.5888208,0.21091769999999999
298,10,9,GNN,4.108607,5.095022,-0.986415
309,10,9,GNN,8.218016,6.4201574,1.7978586000000005
323,10,9,GNN,4.297837,5.1711187,-0.8732816999999997
330,10,9,GNN,11.38537,9.047468,2.3379019999999997
338,10,9,GNN,3.5927033,5.3484683,-1.7557650000000002
347,10,9,GNN,1.533799,1.386106,0.14769299999999985
366,10,9,GNN,4.710023,4.994226,-0.28420300000000065
371,10,9,GNN,0.5975294,-0.18608376,0.78361316
373,10,9,GNN,3.135953,2.6996639,0.4362891000000002
393,10,9,GNN,5.444083,6.2225866,-0.7785035999999996
403,10,9,GNN,0.7997385,0.4652383,0.3345002
405,10,9,GNN,5.444083,5.247279,0.1968040000000002
442,10,9,GNN,2.5916057,2.0065122,0.5850935000000002
455,10,9,GNN,11.38537,11.642758,-0.2573880000000006
458,10,9,GNN,4.4977603,4.7662807,-0.2685203999999999
482,10,9,GNN,6.0514255,7.3197665,-1.2683410000000004
491,10,9,GNN,13.11527,12.24716,0.8681100000000015
501,10,9,GNN,2.5916057,3.0637121,-0.4721063999999999
518,10,9,GNN,2.340101,2.2343519,0.10574910000000015
537,10,9,GNN,2.340101,3.5157995,-1.1756984999999998
538,10,9,GNN,0.4972036,-0.30487916,0.80208276
540,10,9,GNN,2.4643853,2.9271133,-0.4627279999999998
543,10,9,GNN,3.5927033,3.4878929,0.1048104000000003
561,10,9,GNN,5.1802483,3.3269508,1.8532974999999996
568,10,9,GNN,1.64345,0.101821065,1.541628935
571,10,9,GNN,5.1802483,5.2882447,-0.10799640000000021
572,10,9,GNN,5.1802483,5.7872114,-0.6069631000000006
589,10,9,GNN,11.38537,7.995522,3.3898479999999998
