index,Test_Fold,Val_Fold,Method,real_ddG,predicted_ddG,Error
16,1,2,GNN,2.3168473,2.6009178,-0.2840704999999999
19,1,2,GNN,0.27286044,1.3860096,-1.1131491599999999
24,1,2,GNN,7.316547,7.1280417,0.1885053000000001
65,1,2,GNN,7.5327578,6.6669927,0.8657651
67,1,2,GNN,6.4303145,2.425411,4.004903499999999
106,1,2,GNN,4.5250196,6.3458047,-1.8207851000000002
123,1,2,GNN,0.0,-0.037977815,0.037977815
130,1,2,GNN,5.5468283,3.6430693,1.9037589999999995
156,1,2,GNN,1.8934816,1.4364074,0.4570742000000001
168,1,2,GNN,7.6055675,7.474163,0.13140450000000037
172,1,2,GNN,7.8945875,5.771225,2.1233625
176,1,2,GNN,3.4437854,3.4483752,-0.004589800000000199
179,1,2,GNN,8.320335,6.099522,2.2208129999999997
181,1,2,GNN,1.8171555,5.267804,-3.4506485
182,1,2,GNN,1.7555683,1.3947694,0.36079890000000003
193,1,2,GNN,0.0,-0.09306821,0.09306821
204,1,2,GNN,0.0,-0.042063072,0.042063072
219,1,2,GNN,6.197501,2.0780756,4.1194254
228,1,2,GNN,10.053942,5.2790813,4.7748607
230,1,2,GNN,3.8173852,4.7947316,-0.9773464000000005
239,1,2,GNN,8.807794,7.9660263,0.8417676999999992
243,1,2,GNN,4.748294,4.38007,0.36822399999999966
249,1,2,GNN,3.5215707,2.3750753,1.1464954
252,1,2,GNN,0.0,1.5120939,-1.5120939
261,1,2,GNN,2.9394786,2.981646,-0.042167399999999855
269,1,2,GNN,3.3625686,2.7256868,0.6368817999999998
272,1,2,GNN,5.611774,7.0940223,-1.4822483000000002
278,1,2,GNN,1.3149234,1.4814752,-0.16655179999999992
299,1,2,GNN,0.98585135,2.1700983,-1.18424695
311,1,2,GNN,4.748294,7.5913873,-2.8430933000000005
319,1,2,GNN,8.191565,8.14774,0.043825
329,1,2,GNN,8.807794,8.632165,0.17562899999999892
340,1,2,GNN,5.1406903,5.6710434,-0.5303531000000001
355,1,2,GNN,2.129688,2.5613198,-0.43163180000000034
375,1,2,GNN,2.088948,2.2108314,-0.1218834000000002
383,1,2,GNN,5.4468765,4.776524,0.6703524999999999
395,1,2,GNN,5.6595745,6.3659134,-0.7063389000000004
400,1,2,GNN,3.7589772,7.9406295,-4.1816523
416,1,2,GNN,2.4493926,1.7106446,0.738748
418,1,2,GNN,1.4215256,1.585563,-0.1640374
435,1,2,GNN,5.2545094,4.0218534,1.2326559999999995
447,1,2,GNN,3.9394622,3.5341344,0.4053277999999998
471,1,2,GNN,0.49745625,0.68922174,-0.19176549000000004
475,1,2,GNN,4.1773067,4.546461,-0.36915429999999994
486,1,2,GNN,7.711122,7.978041,-0.2669190000000006
487,1,2,GNN,0.45574436,4.2622232,-3.80647884
510,1,2,GNN,12.021655,10.095012,1.9266430000000003
513,1,2,GNN,6.2490273,6.380188,-0.13116070000000057
534,1,2,GNN,1.1416248,0.9829787,0.1586461
539,1,2,GNN,1.1416248,1.5034745,-0.36184970000000005
550,1,2,GNN,4.5250196,3.892085,0.6329346000000005
553,1,2,GNN,6.4303145,8.024842,-1.5945274999999999
573,1,2,GNN,3.7660112,3.7157972,0.05021399999999998
574,1,2,GNN,4.083686,2.9824262,1.1012598000000002
580,1,2,GNN,3.3676689,4.702954,-1.3352851000000001
581,1,2,GNN,5.611774,5.545476,0.06629799999999975
597,1,2,GNN,4.1106944,3.9533892,0.1573051999999997
599,1,2,GNN,4.1773067,4.838124,-0.6608172999999997
605,1,2,GNN,5.7057114,2.8742964,2.8314150000000002
621,1,2,GNN,2.8446674,2.7381678,0.10649960000000025
624,1,2,GNN,1.9243029,2.1477504,-0.22344750000000002
625,1,2,GNN,0.0,1.5323433,-1.5323433
635,1,2,GNN,2.0416784,1.5320212,0.5096571999999999
637,1,2,GNN,4.9317904,4.9056306,0.0261597999999994
648,1,2,GNN,0.0,0.92217135,-0.92217135
657,1,2,GNN,3.4437854,3.5743153,-0.13052989999999998
659,1,2,GNN,0.59384805,1.7886952,-1.1948471500000002
16,1,3,GNN,2.3168473,3.2904003,-0.9735529999999999
19,1,3,GNN,0.27286044,1.7412031,-1.4683426599999998
24,1,3,GNN,7.316547,5.626233,1.6903139999999999
65,1,3,GNN,7.5327578,6.89815,0.6346077999999995
67,1,3,GNN,6.4303145,2.0073028,4.4230117
106,1,3,GNN,4.5250196,5.5899577,-1.0649381
123,1,3,GNN,0.0,1.0563121,-1.0563121
130,1,3,GNN,5.5468283,5.143349,0.4034792999999999
156,1,3,GNN,1.8934816,1.6254869,0.26799470000000003
168,1,3,GNN,7.6055675,5.885754,1.7198134999999999
172,1,3,GNN,7.8945875,5.6454587,2.2491288000000003
176,1,3,GNN,3.4437854,4.5439353,-1.1001499000000003
179,1,3,GNN,8.320335,5.510776,2.809559
181,1,3,GNN,1.8171555,5.412994,-3.5958385
182,1,3,GNN,1.7555683,1.7809956,-0.02542730000000004
193,1,3,GNN,0.0,0.8690463,-0.8690463
204,1,3,GNN,0.0,0.8251912,-0.8251912
219,1,3,GNN,6.197501,1.9106047,4.2868963
228,1,3,GNN,10.053942,3.987874,6.066068
230,1,3,GNN,3.8173852,4.4826465,-0.6652613000000005
239,1,3,GNN,8.807794,7.2981176,1.5096763999999991
243,1,3,GNN,4.748294,4.5105376,0.23775639999999942
249,1,3,GNN,3.5215707,3.126025,0.3955457
252,1,3,GNN,0.0,1.8265431,-1.8265431
261,1,3,GNN,2.9394786,3.2503717,-0.3108930999999999
269,1,3,GNN,3.3625686,3.4099753,-0.047406700000000246
272,1,3,GNN,5.611774,6.1502213,-0.5384473000000005
278,1,3,GNN,1.3149234,1.583008,-0.2680845999999999
299,1,3,GNN,0.98585135,3.4360244,-2.45017305
311,1,3,GNN,4.748294,9.722631,-4.974337
319,1,3,GNN,8.191565,7.4138427,0.7777223000000006
329,1,3,GNN,8.807794,7.053306,1.7544879999999994
340,1,3,GNN,5.1406903,3.7397397,1.4009506000000003
355,1,3,GNN,2.129688,3.051574,-0.9218860000000002
375,1,3,GNN,2.088948,1.9907117,0.09823629999999972
383,1,3,GNN,5.4468765,4.5407743,0.9061022000000003
395,1,3,GNN,5.6595745,6.3333087,-0.6737342000000002
400,1,3,GNN,3.7589772,5.332477,-1.5734998
416,1,3,GNN,2.4493926,1.6487708,0.8006217999999998
418,1,3,GNN,1.4215256,1.5738976,-0.15237199999999995
435,1,3,GNN,5.2545094,4.307063,0.9474463999999996
447,1,3,GNN,3.9394622,4.6429586,-0.7034964000000001
471,1,3,GNN,0.49745625,0.7041051,-0.20664885000000005
475,1,3,GNN,4.1773067,3.8656251,0.3116816
486,1,3,GNN,7.711122,7.127172,0.5839499999999997
487,1,3,GNN,0.45574436,2.7570112,-2.30126684
510,1,3,GNN,12.021655,10.455197,1.5664580000000008
513,1,3,GNN,6.2490273,6.081095,0.16793229999999948
534,1,3,GNN,1.1416248,1.4161279,-0.2745031
539,1,3,GNN,1.1416248,1.4917984,-0.3501736
550,1,3,GNN,4.5250196,4.695102,-0.17008240000000008
553,1,3,GNN,6.4303145,7.1009583,-0.6706438000000006
573,1,3,GNN,3.7660112,4.3678756,-0.6018643999999997
574,1,3,GNN,4.083686,2.8609858,1.2227002000000002
580,1,3,GNN,3.3676689,4.6427865,-1.2751175999999997
581,1,3,GNN,5.611774,3.172077,2.439697
597,1,3,GNN,4.1106944,3.5534723,0.5572220999999997
599,1,3,GNN,4.1773067,4.5400014,-0.3626947000000005
605,1,3,GNN,5.7057114,2.6796262,3.0260852000000003
621,1,3,GNN,2.8446674,2.8060153,0.03865210000000019
624,1,3,GNN,1.9243029,1.7703567,0.15394620000000003
625,1,3,GNN,0.0,1.4049067,-1.4049067
635,1,3,GNN,2.0416784,1.6839871,0.35769129999999993
637,1,3,GNN,4.9317904,2.717128,2.2146623999999995
648,1,3,GNN,0.0,0.9692786,-0.9692786
657,1,3,GNN,3.4437854,3.3323102,0.11147520000000011
659,1,3,GNN,0.59384805,3.983298,-3.38944995
16,1,4,GNN,2.3168473,2.230448,0.08639930000000007
19,1,4,GNN,0.27286044,1.6959002,-1.42303976
24,1,4,GNN,7.316547,7.88535,-0.568803
65,1,4,GNN,7.5327578,6.842147,0.6906108
67,1,4,GNN,6.4303145,2.0082471,4.4220673999999995
106,1,4,GNN,4.5250196,7.1041136,-2.5790939999999996
123,1,4,GNN,0.0,0.43726522,-0.43726522
130,1,4,GNN,5.5468283,5.3910503,0.15577799999999975
156,1,4,GNN,1.8934816,1.9212391,-0.02775749999999988
168,1,4,GNN,7.6055675,6.0586348,1.5469327000000002
172,1,4,GNN,7.8945875,7.099656,0.7949314999999997
176,1,4,GNN,3.4437854,3.3144786,0.12930679999999972
179,1,4,GNN,8.320335,7.0443344,1.2760005999999997
181,1,4,GNN,1.8171555,4.545147,-2.7279915
182,1,4,GNN,1.7555683,1.0462307,0.7093376
193,1,4,GNN,0.0,0.43960017,-0.43960017
204,1,4,GNN,0.0,0.436646,-0.436646
219,1,4,GNN,6.197501,1.0774426,5.1200584
228,1,4,GNN,10.053942,5.107252,4.946689999999999
230,1,4,GNN,3.8173852,5.217802,-1.4004168
239,1,4,GNN,8.807794,7.726882,1.0809119999999997
243,1,4,GNN,4.748294,4.087413,0.6608809999999998
249,1,4,GNN,3.5215707,2.4556363,1.0659343999999997
252,1,4,GNN,0.0,1.2551272,-1.2551272
261,1,4,GNN,2.9394786,2.3941467,0.5453319000000003
269,1,4,GNN,3.3625686,2.5706205,0.7919480999999999
272,1,4,GNN,5.611774,6.602745,-0.990971
278,1,4,GNN,1.3149234,1.8179075,-0.5029840999999999
299,1,4,GNN,0.98585135,3.292332,-2.30648065
311,1,4,GNN,4.748294,11.141796,-6.393502
319,1,4,GNN,8.191565,7.8581724,0.3333926000000007
329,1,4,GNN,8.807794,8.470085,0.33770900000000026
340,1,4,GNN,5.1406903,4.787917,0.35277329999999996
355,1,4,GNN,2.129688,2.3419614,-0.2122734000000004
375,1,4,GNN,2.088948,1.4479095,0.6410384999999998
383,1,4,GNN,5.4468765,5.132642,0.3142345000000004
395,1,4,GNN,5.6595745,5.906493,-0.24691850000000048
400,1,4,GNN,3.7589772,8.763897,-5.0049198
416,1,4,GNN,2.4493926,1.8041515,0.6452411
418,1,4,GNN,1.4215256,1.7925596,-0.37103399999999986
435,1,4,GNN,5.2545094,5.1788692,0.0756401999999996
447,1,4,GNN,3.9394622,3.187442,0.7520202
471,1,4,GNN,0.49745625,0.6803814,-0.18292515000000004
475,1,4,GNN,4.1773067,5.265211,-1.0879043
486,1,4,GNN,7.711122,7.231125,0.479997
487,1,4,GNN,0.45574436,1.8913698,-1.4356254400000001
510,1,4,GNN,12.021655,11.764058,0.2575970000000005
513,1,4,GNN,6.2490273,6.4541054,-0.2050781000000006
534,1,4,GNN,1.1416248,1.689022,-0.5473972
539,1,4,GNN,1.1416248,1.6907119,-0.5490870999999999
550,1,4,GNN,4.5250196,4.073839,0.4511805999999998
553,1,4,GNN,6.4303145,7.524068,-1.0937535
573,1,4,GNN,3.7660112,5.203805,-1.4377938000000001
574,1,4,GNN,4.083686,3.360189,0.7234970000000001
580,1,4,GNN,3.3676689,4.5834637,-1.2157948000000003
581,1,4,GNN,5.611774,4.6270027,0.9847712999999993
597,1,4,GNN,4.1106944,4.6549406,-0.5442461999999999
599,1,4,GNN,4.1773067,5.341258,-1.1639513
605,1,4,GNN,5.7057114,0.76937836,4.93633304
621,1,4,GNN,2.8446674,3.4266574,-0.5819899999999998
624,1,4,GNN,1.9243029,1.8156077,0.1086952000000001
625,1,4,GNN,0.0,1.1633377,-1.1633377
635,1,4,GNN,2.0416784,1.4292381,0.6124402999999998
637,1,4,GNN,4.9317904,3.2668843,1.6649060999999996
648,1,4,GNN,0.0,0.7427449,-0.7427449
657,1,4,GNN,3.4437854,3.442711,0.0010743999999998088
659,1,4,GNN,0.59384805,2.9626954,-2.36884735
16,1,5,GNN,2.3168473,2.3581278,-0.04128050000000005
19,1,5,GNN,0.27286044,1.1549084,-0.8820479600000001
24,1,5,GNN,7.316547,4.3928704,2.9236766000000003
65,1,5,GNN,7.5327578,5.164062,2.3686957999999994
67,1,5,GNN,6.4303145,1.4148504,5.0154641
106,1,5,GNN,4.5250196,5.2207446,-0.6957249999999995
123,1,5,GNN,0.0,0.6561381,-0.6561381
130,1,5,GNN,5.5468283,5.639729,-0.09290070000000039
156,1,5,GNN,1.8934816,1.4947828,0.3986988
168,1,5,GNN,7.6055675,5.2027974,2.4027701000000006
172,1,5,GNN,7.8945875,5.230803,2.6637845
176,1,5,GNN,3.4437854,3.4563446,-0.012559200000000104
179,1,5,GNN,8.320335,5.2246594,3.0956756
181,1,5,GNN,1.8171555,3.576989,-1.7598335000000003
182,1,5,GNN,1.7555683,1.4604273,0.2951409999999999
193,1,5,GNN,0.0,1.025622,-1.025622
204,1,5,GNN,0.0,0.6515123,-0.6515123
219,1,5,GNN,6.197501,1.2709441,4.9265569
228,1,5,GNN,10.053942,4.2092257,5.844716299999999
230,1,5,GNN,3.8173852,3.6596968,0.15768840000000006
239,1,5,GNN,8.807794,7.1574006,1.6503933999999996
243,1,5,GNN,4.748294,4.1520085,0.5962854999999996
249,1,5,GNN,3.5215707,2.7605388,0.7610318999999999
252,1,5,GNN,0.0,1.615676,-1.615676
261,1,5,GNN,2.9394786,3.4347665,-0.49528789999999967
269,1,5,GNN,3.3625686,3.017328,0.3452405999999999
272,1,5,GNN,5.611774,5.8248715,-0.21309750000000083
278,1,5,GNN,1.3149234,1.7518493,-0.43692589999999987
299,1,5,GNN,0.98585135,4.014942,-3.0290906499999997
311,1,5,GNN,4.748294,7.009881,-2.2615870000000005
319,1,5,GNN,8.191565,7.1319585,1.059606500000001
329,1,5,GNN,8.807794,5.7749443,3.0328497
340,1,5,GNN,5.1406903,3.0560257,2.0846646
355,1,5,GNN,2.129688,2.5171442,-0.38745620000000036
375,1,5,GNN,2.088948,2.8038955,-0.7149475000000001
383,1,5,GNN,5.4468765,3.6508715,1.796005
395,1,5,GNN,5.6595745,4.165336,1.4942384999999998
400,1,5,GNN,3.7589772,4.9381576,-1.1791804000000004
416,1,5,GNN,2.4493926,1.7004178,0.7489747999999998
418,1,5,GNN,1.4215256,1.7396123,-0.31808669999999983
435,1,5,GNN,5.2545094,3.2740748,1.9804345999999997
447,1,5,GNN,3.9394622,5.3434744,-1.4040122
471,1,5,GNN,0.49745625,0.93018425,-0.43272800000000006
475,1,5,GNN,4.1773067,3.0235329,1.1537737999999997
486,1,5,GNN,7.711122,7.396049,0.31507299999999994
487,1,5,GNN,0.45574436,3.4351265,-2.97938214
510,1,5,GNN,12.021655,8.1589365,3.8627185000000015
513,1,5,GNN,6.2490273,5.2726145,0.9764127999999994
534,1,5,GNN,1.1416248,1.7422521,-0.6006273
539,1,5,GNN,1.1416248,1.6380192,-0.4963944
550,1,5,GNN,4.5250196,4.868771,-0.3437513999999995
553,1,5,GNN,6.4303145,7.1744337,-0.7441192000000001
573,1,5,GNN,3.7660112,3.2797205,0.4862907000000001
574,1,5,GNN,4.083686,2.1544397,1.9292463
580,1,5,GNN,3.3676689,4.204187,-0.8365181000000002
581,1,5,GNN,5.611774,3.0703256,2.5414483999999997
597,1,5,GNN,4.1106944,2.4062486,1.7044457999999998
599,1,5,GNN,4.1773067,3.6228168,0.5544899000000001
605,1,5,GNN,5.7057114,3.2376106,2.4681008
621,1,5,GNN,2.8446674,1.921704,0.9229634
624,1,5,GNN,1.9243029,1.9279654,-0.003662499999999902
625,1,5,GNN,0.0,1.6703919,-1.6703919
635,1,5,GNN,2.0416784,1.6985902,0.34308819999999995
637,1,5,GNN,4.9317904,3.9612205,0.9705698999999997
648,1,5,GNN,0.0,0.755972,-0.755972
657,1,5,GNN,3.4437854,3.4620163,-0.018230900000000272
659,1,5,GNN,0.59384805,4.686518,-4.09266995
16,1,6,GNN,2.3168473,2.2211802,0.0956671
19,1,6,GNN,0.27286044,1.3290638,-1.05620336
24,1,6,GNN,7.316547,7.01668,0.2998669999999999
65,1,6,GNN,7.5327578,6.385985,1.1467728
67,1,6,GNN,6.4303145,1.8516678,4.5786467
106,1,6,GNN,4.5250196,6.687931,-2.1629113999999996
123,1,6,GNN,0.0,1.1738023,-1.1738023
130,1,6,GNN,5.5468283,4.227159,1.3196692999999993
156,1,6,GNN,1.8934816,2.5571904,-0.6637088
168,1,6,GNN,7.6055675,6.9393907,0.6661768000000006
172,1,6,GNN,7.8945875,6.7474976,1.1470899
176,1,6,GNN,3.4437854,4.2470145,-0.8032290999999998
179,1,6,GNN,8.320335,6.595141,1.7251940000000001
181,1,6,GNN,1.8171555,6.3872333,-4.5700778
182,1,6,GNN,1.7555683,1.6063644,0.14920390000000006
193,1,6,GNN,0.0,-0.15672542,0.15672542
204,1,6,GNN,0.0,1.1628001,-1.1628001
219,1,6,GNN,6.197501,1.439057,4.758444
228,1,6,GNN,10.053942,5.3556085,4.6983334999999995
230,1,6,GNN,3.8173852,4.711242,-0.8938568000000005
239,1,6,GNN,8.807794,8.226207,0.581586999999999
243,1,6,GNN,4.748294,4.140578,0.6077159999999999
249,1,6,GNN,3.5215707,2.614501,0.9070696999999996
252,1,6,GNN,0.0,1.2538128,-1.2538128
261,1,6,GNN,2.9394786,3.166161,-0.22668239999999962
269,1,6,GNN,3.3625686,2.7778552,0.5847134
272,1,6,GNN,5.611774,6.470946,-0.859172
278,1,6,GNN,1.3149234,1.6058885,-0.2909651
299,1,6,GNN,0.98585135,3.3653414,-2.3794900500000002
311,1,6,GNN,4.748294,8.689064,-3.9407700000000006
319,1,6,GNN,8.191565,8.387694,-0.1961289999999991
329,1,6,GNN,8.807794,8.875159,-0.06736500000000056
340,1,6,GNN,5.1406903,4.9701915,0.17049879999999984
355,1,6,GNN,2.129688,2.8176053,-0.6879173000000001
375,1,6,GNN,2.088948,1.5508621,0.5380858999999998
383,1,6,GNN,5.4468765,4.8478723,0.5990042000000004
395,1,6,GNN,5.6595745,6.1905503,-0.5309758000000002
400,1,6,GNN,3.7589772,7.5319214,-3.7729442
416,1,6,GNN,2.4493926,1.6689525,0.7804400999999999
418,1,6,GNN,1.4215256,1.6173608,-0.19583519999999988
435,1,6,GNN,5.2545094,4.4316998,0.8228096000000003
447,1,6,GNN,3.9394622,3.5624614,0.3770007999999998
471,1,6,GNN,0.49745625,0.8366432,-0.33918695000000004
475,1,6,GNN,4.1773067,4.055889,0.1214177000000003
486,1,6,GNN,7.711122,9.000331,-1.2892089999999996
487,1,6,GNN,0.45574436,3.2947588,-2.8390144399999997
510,1,6,GNN,12.021655,11.298875,0.7227800000000002
513,1,6,GNN,6.2490273,6.740488,-0.4914607000000002
534,1,6,GNN,1.1416248,1.5631797,-0.42155490000000007
539,1,6,GNN,1.1416248,1.7323121,-0.5906872999999999
550,1,6,GNN,4.5250196,5.0393987,-0.5143790999999993
553,1,6,GNN,6.4303145,8.024018,-1.5937035000000002
573,1,6,GNN,3.7660112,4.4621215,-0.6961103000000004
574,1,6,GNN,4.083686,3.1123638,0.9713222000000004
580,1,6,GNN,3.3676689,4.234834,-0.8671651000000002
581,1,6,GNN,5.611774,4.737068,0.8747059999999998
597,1,6,GNN,4.1106944,3.558272,0.5524223999999998
599,1,6,GNN,4.1773067,4.9460373,-0.7687306000000005
605,1,6,GNN,5.7057114,2.3936977,3.3120137
621,1,6,GNN,2.8446674,2.985393,-0.14072560000000012
624,1,6,GNN,1.9243029,2.3651726,-0.44086970000000014
625,1,6,GNN,0.0,1.1474357,-1.1474357
635,1,6,GNN,2.0416784,1.9475206,0.09415779999999985
637,1,6,GNN,4.9317904,4.2532196,0.6785707999999993
648,1,6,GNN,0.0,0.8138065,-0.8138065
657,1,6,GNN,3.4437854,4.7655497,-1.3217643000000003
659,1,6,GNN,0.59384805,3.9222918,-3.32844375
16,1,7,GNN,2.3168473,1.8478717,0.46897560000000005
19,1,7,GNN,0.27286044,1.3929594,-1.12009896
24,1,7,GNN,7.316547,6.8081846,0.5083624000000002
65,1,7,GNN,7.5327578,5.832913,1.6998448000000002
67,1,7,GNN,6.4303145,1.7639935,4.666321
106,1,7,GNN,4.5250196,6.4843307,-1.9593110999999999
123,1,7,GNN,0.0,1.1285851,-1.1285851
130,1,7,GNN,5.5468283,4.58135,0.9654783
156,1,7,GNN,1.8934816,1.7998341,0.0936475000000001
168,1,7,GNN,7.6055675,6.552643,1.0529245000000005
172,1,7,GNN,7.8945875,6.267753,1.6268345000000002
176,1,7,GNN,3.4437854,4.484973,-1.0411876000000002
179,1,7,GNN,8.320335,6.334345,1.9859900000000001
181,1,7,GNN,1.8171555,2.4628005,-0.6456450000000002
182,1,7,GNN,1.7555683,1.4432281,0.31234019999999996
193,1,7,GNN,0.0,0.5663427,-0.5663427
204,1,7,GNN,0.0,0.46107525,-0.46107525
219,1,7,GNN,6.197501,2.2229047,3.9745963
228,1,7,GNN,10.053942,5.5734954,4.4804466
230,1,7,GNN,3.8173852,4.6211824,-0.8037972000000004
239,1,7,GNN,8.807794,7.697131,1.1106629999999997
243,1,7,GNN,4.748294,4.4181695,0.33012449999999927
249,1,7,GNN,3.5215707,2.258738,1.2628326999999997
252,1,7,GNN,0.0,1.528259,-1.528259
261,1,7,GNN,2.9394786,2.5817714,0.3577072000000001
269,1,7,GNN,3.3625686,2.2566383,1.1059302999999998
272,1,7,GNN,5.611774,6.693277,-1.0815030000000005
278,1,7,GNN,1.3149234,1.9393439,-0.6244204999999998
299,1,7,GNN,0.98585135,2.5860767,-1.60022535
311,1,7,GNN,4.748294,7.7474933,-2.999199300000001
319,1,7,GNN,8.191565,7.6995187,0.49204630000000105
329,1,7,GNN,8.807794,8.51025,0.29754400000000025
340,1,7,GNN,5.1406903,5.1040435,0.03664679999999976
355,1,7,GNN,2.129688,2.3284357,-0.1987477000000002
375,1,7,GNN,2.088948,1.3418263,0.7471216999999999
383,1,7,GNN,5.4468765,4.767414,0.6794625000000005
395,1,7,GNN,5.6595745,6.788849,-1.1292745000000002
400,1,7,GNN,3.7589772,5.537992,-1.7790148000000001
416,1,7,GNN,2.4493926,1.9560312,0.49336139999999995
418,1,7,GNN,1.4215256,1.9377682,-0.5162426
435,1,7,GNN,5.2545094,4.1615834,1.0929260000000003
447,1,7,GNN,3.9394622,3.0122943,0.9271678999999997
471,1,7,GNN,0.49745625,0.90495074,-0.40749449
475,1,7,GNN,4.1773067,3.8244677,0.3528389999999999
486,1,7,GNN,7.711122,7.815641,-0.1045190000000007
487,1,7,GNN,0.45574436,3.7194047,-3.26366034
510,1,7,GNN,12.021655,10.471854,1.5498010000000004
513,1,7,GNN,6.2490273,5.992529,0.2564982999999996
534,1,7,GNN,1.1416248,1.5939664,-0.4523416
539,1,7,GNN,1.1416248,1.6221961,-0.48057130000000003
550,1,7,GNN,4.5250196,4.7968154,-0.2717957999999996
553,1,7,GNN,6.4303145,7.257154,-0.8268395000000002
573,1,7,GNN,3.7660112,4.2312946,-0.4652834000000001
574,1,7,GNN,4.083686,3.364009,0.7196770000000003
580,1,7,GNN,3.3676689,4.4661126,-1.0984436999999998
581,1,7,GNN,5.611774,5.168021,0.4437529999999992
597,1,7,GNN,4.1106944,3.6247468,0.4859475999999998
599,1,7,GNN,4.1773067,4.931192,-0.7538853000000003
605,1,7,GNN,5.7057114,3.1679637,2.5377477
621,1,7,GNN,2.8446674,3.02052,-0.1758525999999998
624,1,7,GNN,1.9243029,1.8088001,0.11550280000000002
625,1,7,GNN,0.0,1.5031744,-1.5031744
635,1,7,GNN,2.0416784,1.8823673,0.15931109999999982
637,1,7,GNN,4.9317904,3.932462,0.9993283999999996
648,1,7,GNN,0.0,0.8619991,-0.8619991
657,1,7,GNN,3.4437854,4.6308255,-1.1870401000000004
659,1,7,GNN,0.59384805,2.315814,-1.72196595
16,1,8,GNN,2.3168473,3.313792,-0.9969446999999998
19,1,8,GNN,0.27286044,1.517701,-1.24484056
24,1,8,GNN,7.316547,6.15944,1.1571069999999999
65,1,8,GNN,7.5327578,6.833376,0.6993817999999994
67,1,8,GNN,6.4303145,1.7016577,4.7286567999999995
106,1,8,GNN,4.5250196,7.0955935,-2.5705738999999994
123,1,8,GNN,0.0,0.9149748,-0.9149748
130,1,8,GNN,5.5468283,5.5872536,-0.040425300000000775
156,1,8,GNN,1.8934816,1.7270454,0.16643620000000015
168,1,8,GNN,7.6055675,7.189722,0.41584550000000053
172,1,8,GNN,7.8945875,6.972442,0.9221455000000001
176,1,8,GNN,3.4437854,4.131217,-0.6874316000000005
179,1,8,GNN,8.320335,7.0897264,1.2306086
181,1,8,GNN,1.8171555,5.3001137,-3.4829581999999997
182,1,8,GNN,1.7555683,1.7933459,-0.03777760000000008
193,1,8,GNN,0.0,0.8099625,-0.8099625
204,1,8,GNN,0.0,0.8226484,-0.8226484
219,1,8,GNN,6.197501,1.8957752,4.3017258
228,1,8,GNN,10.053942,5.655876,4.398065999999999
230,1,8,GNN,3.8173852,5.3278875,-1.5105023000000002
239,1,8,GNN,8.807794,8.212003,0.5957910000000002
243,1,8,GNN,4.748294,3.437688,1.3106059999999995
249,1,8,GNN,3.5215707,3.5950425,-0.07347180000000009
252,1,8,GNN,0.0,1.8766464,-1.8766464
261,1,8,GNN,2.9394786,3.80332,-0.8638413999999996
269,1,8,GNN,3.3625686,3.6060812,-0.2435126000000003
272,1,8,GNN,5.611774,6.955701,-1.3439270000000008
278,1,8,GNN,1.3149234,1.6554273,-0.34050389999999986
299,1,8,GNN,0.98585135,5.704827,-4.71897565
311,1,8,GNN,4.748294,7.6101413,-2.861847300000001
319,1,8,GNN,8.191565,8.189951,0.0016140000000000043
329,1,8,GNN,8.807794,6.792659,2.015135
340,1,8,GNN,5.1406903,3.8266156,1.3140747000000004
355,1,8,GNN,2.129688,3.2501452,-1.1204572000000002
375,1,8,GNN,2.088948,3.2006347,-1.1116867000000004
383,1,8,GNN,5.4468765,5.312276,0.13460050000000034
395,1,8,GNN,5.6595745,4.7784004,0.8811741
400,1,8,GNN,3.7589772,7.043446,-3.2844688000000004
416,1,8,GNN,2.4493926,1.6426564,0.8067362
418,1,8,GNN,1.4215256,1.6413201,-0.2197944999999999
435,1,8,GNN,5.2545094,4.4000797,0.8544296999999998
447,1,8,GNN,3.9394622,5.510886,-1.5714238000000003
471,1,8,GNN,0.49745625,0.80572987,-0.30827361999999997
475,1,8,GNN,4.1773067,4.1580825,0.019224200000000025
486,1,8,GNN,7.711122,8.194745,-0.4836229999999997
487,1,8,GNN,0.45574436,4.1282787,-3.67253434
510,1,8,GNN,12.021655,9.075648,2.9460070000000016
513,1,8,GNN,6.2490273,6.444258,-0.19523069999999976
534,1,8,GNN,1.1416248,1.8291614,-0.6875366
539,1,8,GNN,1.1416248,1.7791935,-0.6375687000000001
550,1,8,GNN,4.5250196,5.723174,-1.1981544
553,1,8,GNN,6.4303145,8.224069,-1.7937545000000004
573,1,8,GNN,3.7660112,4.374218,-0.6082068
574,1,8,GNN,4.083686,2.6728423,1.4108437
580,1,8,GNN,3.3676689,3.7245474,-0.3568785000000001
581,1,8,GNN,5.611774,3.7563145,1.8554594999999998
597,1,8,GNN,4.1106944,3.7023728,0.40832159999999984
599,1,8,GNN,4.1773067,5.266432,-1.0891253
605,1,8,GNN,5.7057114,2.9743474,2.731364
621,1,8,GNN,2.8446674,2.6682773,0.17639009999999988
624,1,8,GNN,1.9243029,2.5064526,-0.5821496999999998
625,1,8,GNN,0.0,1.898961,-1.898961
635,1,8,GNN,2.0416784,2.089738,-0.0480596000000002
637,1,8,GNN,4.9317904,3.3848832,1.5469071999999997
648,1,8,GNN,0.0,0.8111288,-0.8111288
657,1,8,GNN,3.4437854,3.7269602,-0.2831748000000003
659,1,8,GNN,0.59384805,5.9701376,-5.37628955
16,1,9,GNN,2.3168473,2.8093307,-0.4924833999999998
19,1,9,GNN,0.27286044,1.401573,-1.1287125599999999
24,1,9,GNN,7.316547,6.170854,1.1456929999999996
65,1,9,GNN,7.5327578,6.9691896,0.5635681999999997
67,1,9,GNN,6.4303145,1.4668686,4.9634459
106,1,9,GNN,4.5250196,6.943647,-2.4186274
123,1,9,GNN,0.0,1.1703634,-1.1703634
130,1,9,GNN,5.5468283,6.038056,-0.4912277000000005
156,1,9,GNN,1.8934816,2.2336042,-0.3401225999999997
168,1,9,GNN,7.6055675,7.1017165,0.503851
172,1,9,GNN,7.8945875,6.931585,0.9630025
176,1,9,GNN,3.4437854,4.063373,-0.6195876000000005
179,1,9,GNN,8.320335,6.953356,1.3669789999999997
181,1,9,GNN,1.8171555,5.367271,-3.5501154999999995
182,1,9,GNN,1.7555683,2.4353328,-0.6797644999999999
193,1,9,GNN,0.0,1.0613669,-1.0613669
204,1,9,GNN,0.0,1.1566315,-1.1566315
219,1,9,GNN,6.197501,1.5023718,4.6951292
228,1,9,GNN,10.053942,5.4269853,4.626956699999999
230,1,9,GNN,3.8173852,5.818522,-2.0011368
239,1,9,GNN,8.807794,8.26932,0.538473999999999
243,1,9,GNN,4.748294,4.2881975,0.4600964999999997
249,1,9,GNN,3.5215707,3.1334708,0.38809989999999983
252,1,9,GNN,0.0,2.6607535,-2.6607535
261,1,9,GNN,2.9394786,3.6217136,-0.6822349999999999
269,1,9,GNN,3.3625686,3.4036152,-0.041046600000000044
272,1,9,GNN,5.611774,8.047514,-2.43574
278,1,9,GNN,1.3149234,1.8767854,-0.5618619999999999
299,1,9,GNN,0.98585135,4.911449,-3.9255976500000003
311,1,9,GNN,4.748294,8.475781,-3.727487
319,1,9,GNN,8.191565,8.286251,-0.09468599999999938
329,1,9,GNN,8.807794,7.542593,1.2652009999999994
340,1,9,GNN,5.1406903,4.381907,0.7587833000000002
355,1,9,GNN,2.129688,3.028953,-0.8992650000000002
375,1,9,GNN,2.088948,2.73277,-0.6438220000000001
383,1,9,GNN,5.4468765,5.765415,-0.31853849999999984
395,1,9,GNN,5.6595745,5.191715,0.46785949999999943
400,1,9,GNN,3.7589772,8.491485,-4.7325078000000005
416,1,9,GNN,2.4493926,1.8185067,0.6308859
418,1,9,GNN,1.4215256,1.8407831,-0.41925749999999984
435,1,9,GNN,5.2545094,4.570374,0.6841353999999997
447,1,9,GNN,3.9394622,4.633533,-0.6940708
471,1,9,GNN,0.49745625,1.0755635,-0.57810725
475,1,9,GNN,4.1773067,4.8570113,-0.6797046
486,1,9,GNN,7.711122,8.599728,-0.8886060000000011
487,1,9,GNN,0.45574436,4.1774135,-3.72166914
510,1,9,GNN,12.021655,9.086271,2.935384000000001
513,1,9,GNN,6.2490273,6.319221,-0.07019369999999991
534,1,9,GNN,1.1416248,2.0062551,-0.8646303000000002
539,1,9,GNN,1.1416248,1.9637313,-0.8221065000000001
550,1,9,GNN,4.5250196,4.782426,-0.2574063999999998
553,1,9,GNN,6.4303145,8.301877,-1.8715624999999996
573,1,9,GNN,3.7660112,4.580836,-0.8148247999999998
574,1,9,GNN,4.083686,2.990926,1.0927600000000002
580,1,9,GNN,3.3676689,4.6436214,-1.2759524999999998
581,1,9,GNN,5.611774,4.4014897,1.2102842999999996
597,1,9,GNN,4.1106944,4.132097,-0.02140260000000005
599,1,9,GNN,4.1773067,5.772783,-1.5954763000000005
605,1,9,GNN,5.7057114,3.7710242,1.9346872000000004
621,1,9,GNN,2.8446674,2.9826198,-0.13795240000000009
624,1,9,GNN,1.9243029,2.3178885,-0.3935856
625,1,9,GNN,0.0,2.6705616,-2.6705616
635,1,9,GNN,2.0416784,2.047778,-0.006099600000000205
637,1,9,GNN,4.9317904,4.3153768,0.6164135999999996
648,1,9,GNN,0.0,0.9218286,-0.9218286
657,1,9,GNN,3.4437854,3.8364782,-0.3926928000000003
659,1,9,GNN,0.59384805,5.1948395,-4.6009914499999995
16,1,10,GNN,2.3168473,3.4609833,-1.144136
19,1,10,GNN,0.27286044,1.8492999,-1.57643946
24,1,10,GNN,7.316547,5.8388195,1.4777275000000003
65,1,10,GNN,7.5327578,7.089137,0.4436207999999997
67,1,10,GNN,6.4303145,1.9495995,4.480715
106,1,10,GNN,4.5250196,6.992639,-2.4676193999999994
123,1,10,GNN,0.0,1.4336951,-1.4336951
130,1,10,GNN,5.5468283,5.1654344,0.38139389999999995
156,1,10,GNN,1.8934816,1.774126,0.1193556
168,1,10,GNN,7.6055675,6.36847,1.2370975
172,1,10,GNN,7.8945875,6.722073,1.1725145000000001
176,1,10,GNN,3.4437854,3.2212174,0.22256799999999988
179,1,10,GNN,8.320335,7.0006585,1.3196765
181,1,10,GNN,1.8171555,4.6188436,-2.8016881
182,1,10,GNN,1.7555683,2.2169201,-0.46135179999999987
193,1,10,GNN,0.0,1.3596592,-1.3596592
204,1,10,GNN,0.0,1.4078243,-1.4078243
219,1,10,GNN,6.197501,1.8133366,4.3841643999999995
228,1,10,GNN,10.053942,4.8256497,5.2282923
230,1,10,GNN,3.8173852,5.906267,-2.0888818
239,1,10,GNN,8.807794,7.896998,0.9107959999999995
243,1,10,GNN,4.748294,5.5070963,-0.7588023000000002
249,1,10,GNN,3.5215707,3.8280342,-0.3064635
252,1,10,GNN,0.0,2.535218,-2.535218
261,1,10,GNN,2.9394786,4.0508423,-1.1113637
269,1,10,GNN,3.3625686,3.6041656,-0.24159700000000006
272,1,10,GNN,5.611774,6.941261,-1.3294870000000003
278,1,10,GNN,1.3149234,1.871454,-0.5565305999999999
299,1,10,GNN,0.98585135,5.3435235,-4.35767215
311,1,10,GNN,4.748294,5.6039834,-0.8556894000000002
319,1,10,GNN,8.191565,7.8635516,0.32801340000000057
329,1,10,GNN,8.807794,6.2157836,2.5920103999999995
340,1,10,GNN,5.1406903,3.9766276,1.1640627000000001
355,1,10,GNN,2.129688,3.0557685,-0.9260805000000003
375,1,10,GNN,2.088948,2.806209,-0.7172610000000001
383,1,10,GNN,5.4468765,5.910724,-0.46384749999999997
395,1,10,GNN,5.6595745,6.0809846,-0.4214101000000001
400,1,10,GNN,3.7589772,8.230149,-4.4711718000000005
416,1,10,GNN,2.4493926,1.9659605,0.4834320999999999
418,1,10,GNN,1.4215256,1.8523619,-0.43083629999999995
435,1,10,GNN,5.2545094,4.6524143,0.6020950999999997
447,1,10,GNN,3.9394622,5.1152086,-1.1757464
471,1,10,GNN,0.49745625,1.3317165,-0.83426025
475,1,10,GNN,4.1773067,4.913941,-0.7366343000000004
486,1,10,GNN,7.711122,7.885155,-0.17403300000000055
487,1,10,GNN,0.45574436,3.7581346,-3.30239024
510,1,10,GNN,12.021655,10.362789,1.6588660000000015
513,1,10,GNN,6.2490273,7.035115,-0.7860877000000004
534,1,10,GNN,1.1416248,2.054813,-0.9131881999999998
539,1,10,GNN,1.1416248,1.9691527,-0.8275279
550,1,10,GNN,4.5250196,4.66272,-0.13770039999999995
553,1,10,GNN,6.4303145,7.926851,-1.4965365000000004
573,1,10,GNN,3.7660112,4.6616273,-0.8956161000000002
574,1,10,GNN,4.083686,3.6631439,0.42054210000000003
580,1,10,GNN,3.3676689,5.875347,-2.5076780999999997
581,1,10,GNN,5.611774,3.9141066,1.6976673999999994
597,1,10,GNN,4.1106944,3.9695566,0.14113779999999965
599,1,10,GNN,4.1773067,5.8925967,-1.7152900000000004
605,1,10,GNN,5.7057114,2.1597764,3.545935
621,1,10,GNN,2.8446674,3.276567,-0.43189959999999994
624,1,10,GNN,1.9243029,2.8362706,-0.9119677000000002
625,1,10,GNN,0.0,2.5188782,-2.5188782
635,1,10,GNN,2.0416784,2.6639538,-0.6222753999999999
637,1,10,GNN,4.9317904,2.12354,2.8082503999999995
648,1,10,GNN,0.0,1.0705402,-1.0705402
657,1,10,GNN,3.4437854,3.2833297,0.16045569999999998
659,1,10,GNN,0.59384805,5.467253,-4.87340495
1,2,1,GNN,7.711122,7.312356,0.3987659999999993
2,2,1,GNN,4.1821356,3.614494,0.5676415999999995
6,2,1,GNN,1.5294315,2.235254,-0.7058224999999998
15,2,1,GNN,4.748294,4.5206494,0.22764459999999964
33,2,1,GNN,7.316547,6.7000847,0.6164623000000002
36,2,1,GNN,3.490959,4.848711,-1.3577519999999996
42,2,1,GNN,3.9394622,2.8957222,1.0437400000000001
48,2,1,GNN,0.59384805,3.2940114,-2.70016335
66,2,1,GNN,6.197501,6.0207715,0.17672949999999954
86,2,1,GNN,1.4431806,3.1971352,-1.7539546
95,2,1,GNN,8.191565,6.6751976,1.516367400000001
97,2,1,GNN,4.6247525,6.829669,-2.2049165000000004
98,2,1,GNN,0.09917195,1.3025831,-1.2034111500000002
107,2,1,GNN,5.7354274,6.7643986,-1.0289712
127,2,1,GNN,7.5327578,8.441719,-0.9089612000000011
131,2,1,GNN,0.13131705,2.1430895,-2.01177245
141,2,1,GNN,6.4123206,6.7643986,-0.35207799999999967
151,2,1,GNN,4.6247525,3.6177073,1.0070451999999994
152,2,1,GNN,8.807794,7.9151764,0.8926175999999995
173,2,1,GNN,1.7555683,0.89579964,0.85976866
180,2,1,GNN,5.0016165,4.54128,0.4603364999999995
183,2,1,GNN,0.7367781,1.04447,-0.3076919
188,2,1,GNN,4.6345444,5.8670373,-1.2324928999999996
189,2,1,GNN,3.052004,5.2641697,-2.2121657
190,2,1,GNN,2.6031573,3.987991,-1.3848337000000002
205,2,1,GNN,4.2952037,3.8427987,0.45240500000000017
215,2,1,GNN,4.475333,4.4739385,0.0013944999999999652
231,2,1,GNN,4.419368,3.4174294,1.0019386000000003
246,2,1,GNN,5.9857836,6.1474056,-0.1616219999999995
255,2,1,GNN,2.0934973,1.8494171,0.2440802000000002
284,2,1,GNN,11.391156,8.9354105,2.455745500000001
289,2,1,GNN,1.8337626,1.5579761,0.27578649999999993
306,2,1,GNN,3.7660112,2.9446917,0.8213195
308,2,1,GNN,5.28794,1.7112335,3.5767065
324,2,1,GNN,5.3967667,2.975971,2.4207956999999998
328,2,1,GNN,4.8042145,4.6635633,0.14065119999999975
339,2,1,GNN,13.121934,8.9354105,4.1865235
342,2,1,GNN,6.953457,5.054941,1.8985159999999999
352,2,1,GNN,3.0781026,2.1454785,0.9326241
356,2,1,GNN,1.349378,1.3838369,-0.03445889999999996
357,2,1,GNN,2.723425,2.5120108,0.2114142000000001
358,2,1,GNN,2.723425,0.8363397,1.8870853000000003
367,2,1,GNN,1.8497746,1.3846426,0.4651319999999999
380,2,1,GNN,6.0551295,4.7895203,1.2656091999999992
390,2,1,GNN,3.7660112,3.2417107,0.5243004999999998
398,2,1,GNN,3.148421,3.770241,-0.62182
425,2,1,GNN,8.191565,8.81493,-0.6233649999999997
432,2,1,GNN,6.4303145,5.5224442,0.9078702999999999
438,2,1,GNN,7.5327578,6.04459,1.4881677999999994
444,2,1,GNN,9.671881,8.829767,0.8421140000000005
473,2,1,GNN,2.0652,0.8251493,1.2400506999999998
479,2,1,GNN,1.9243029,1.8176919,0.10661100000000001
515,2,1,GNN,6.687132,6.603282,0.08384999999999998
520,2,1,GNN,1.8934816,1.2076908,0.6857908000000001
526,2,1,GNN,2.617857,4.2698627,-1.6520057000000001
533,2,1,GNN,1.9786383,1.6443022,0.3343361
557,2,1,GNN,0.6373295,2.759976,-2.1226465
562,2,1,GNN,2.201611,2.2492435,-0.047632499999999744
582,2,1,GNN,1.9243029,4.2698627,-2.3455598
606,2,1,GNN,2.6639943,7.604423,-4.9404287
607,2,1,GNN,3.1907916,1.4273173,1.7634743
616,2,1,GNN,0.25288162,1.5152886,-1.2624069800000002
617,2,1,GNN,1.455985,6.9496775,-5.4936925
620,2,1,GNN,4.5103326,4.792987,-0.2826544000000002
633,2,1,GNN,5.611774,5.97357,-0.361796
653,2,1,GNN,9.647698,5.9519434,3.6957546
661,2,1,GNN,6.0551295,5.440621,0.6145084999999995
1,2,3,GNN,7.711122,6.259518,1.4516039999999997
2,2,3,GNN,4.1821356,3.5098798,0.6722557999999994
6,2,3,GNN,1.5294315,1.623138,-0.09370649999999991
15,2,3,GNN,4.748294,5.2329473,-0.4846533000000006
33,2,3,GNN,7.316547,5.9207835,1.3957635000000002
36,2,3,GNN,3.490959,4.225484,-0.7345249999999997
42,2,3,GNN,3.9394622,3.4902248,0.4492373999999999
48,2,3,GNN,0.59384805,1.6072674,-1.01341935
66,2,3,GNN,6.197501,6.6520066,-0.45450560000000007
86,2,3,GNN,1.4431806,2.5034575,-1.0602769
95,2,3,GNN,8.191565,7.148299,1.043266000000001
97,2,3,GNN,4.6247525,7.3663483,-2.7415958000000007
98,2,3,GNN,0.09917195,1.1948842,-1.09571225
107,2,3,GNN,5.7354274,6.902982,-1.1675545999999999
127,2,3,GNN,7.5327578,8.466073,-0.9333152
131,2,3,GNN,0.13131705,3.4932232,-3.3619061500000003
141,2,3,GNN,6.4123206,6.902982,-0.4906613999999996
151,2,3,GNN,4.6247525,4.767052,-0.14229950000000002
152,2,3,GNN,8.807794,8.097685,0.7101089999999992
173,2,3,GNN,1.7555683,0.9169118,0.8386564999999999
180,2,3,GNN,5.0016165,5.092409,-0.09079250000000005
183,2,3,GNN,0.7367781,1.4584223,-0.7216442000000001
188,2,3,GNN,4.6345444,4.5962358,0.03830860000000058
189,2,3,GNN,3.052004,5.983018,-2.9310140000000002
190,2,3,GNN,2.6031573,4.4564686,-1.8533113
205,2,3,GNN,4.2952037,4.835911,-0.5407073000000002
215,2,3,GNN,4.475333,3.0583963,1.4169367
231,2,3,GNN,4.419368,2.87738,1.5419880000000004
246,2,3,GNN,5.9857836,6.6021185,-0.6163348999999991
255,2,3,GNN,2.0934973,1.3818067,0.7116906000000001
284,2,3,GNN,11.391156,9.645068,1.7460880000000003
289,2,3,GNN,1.8337626,1.4527601,0.3810024999999999
306,2,3,GNN,3.7660112,3.240252,0.5257592
308,2,3,GNN,5.28794,3.3548281,1.9331118999999997
324,2,3,GNN,5.3967667,3.738024,1.6587427
328,2,3,GNN,4.8042145,4.0574765,0.7467379999999997
339,2,3,GNN,13.121934,9.645068,3.4768659999999993
342,2,3,GNN,6.953457,5.7101,1.2433570000000005
352,2,3,GNN,3.0781026,2.1970012,0.8811013999999999
356,2,3,GNN,1.349378,1.2966045,0.05277350000000003
357,2,3,GNN,2.723425,2.6044576,0.11896740000000028
358,2,3,GNN,2.723425,0.94905037,1.77437463
367,2,3,GNN,1.8497746,0.91360855,0.93616605
380,2,3,GNN,6.0551295,5.7899313,0.2651981999999995
390,2,3,GNN,3.7660112,3.2536688,0.5123424000000001
398,2,3,GNN,3.148421,2.918405,0.230016
425,2,3,GNN,8.191565,7.9940853,0.1974797000000006
432,2,3,GNN,6.4303145,5.585793,0.8445214999999999
438,2,3,GNN,7.5327578,5.103854,2.4289037999999996
444,2,3,GNN,9.671881,8.061219,1.6106620000000014
473,2,3,GNN,2.0652,1.3666567,0.6985432999999999
479,2,3,GNN,1.9243029,1.4783918,0.4459111
515,2,3,GNN,6.687132,6.3510017,0.33613029999999977
520,2,3,GNN,1.8934816,1.8083717,0.08510990000000018
526,2,3,GNN,2.617857,3.1661184,-0.5482614000000003
533,2,3,GNN,1.9786383,2.2458258,-0.2671874999999999
557,2,3,GNN,0.6373295,1.9979141,-1.3605846000000001
562,2,3,GNN,2.201611,1.7226075,0.47900350000000014
582,2,3,GNN,1.9243029,3.1661184,-1.2418155000000002
606,2,3,GNN,2.6639943,6.9074802,-4.2434859
607,2,3,GNN,3.1907916,1.4927746,1.6980169999999999
616,2,3,GNN,0.25288162,1.2603858,-1.00750418
617,2,3,GNN,1.455985,5.1168284,-3.6608434
620,2,3,GNN,4.5103326,3.7826114,0.7277212
633,2,3,GNN,5.611774,6.377639,-0.7658650000000007
653,2,3,GNN,9.647698,6.6550097,2.9926883
661,2,3,GNN,6.0551295,6.165695,-0.11056550000000076
1,2,4,GNN,7.711122,4.772363,2.9387589999999992
2,2,4,GNN,4.1821356,3.0996823,1.0824532999999996
6,2,4,GNN,1.5294315,1.4093416,0.12008989999999997
15,2,4,GNN,4.748294,4.502345,0.24594899999999953
33,2,4,GNN,7.316547,4.4220634,2.8944836
36,2,4,GNN,3.490959,4.2797065,-0.7887474999999995
42,2,4,GNN,3.9394622,3.9413378,-0.0018755999999999773
48,2,4,GNN,0.59384805,3.5076714,-2.91382335
66,2,4,GNN,6.197501,6.0103292,0.18717179999999978
86,2,4,GNN,1.4431806,2.7714264,-1.3282458000000001
95,2,4,GNN,8.191565,6.129845,2.06172
97,2,4,GNN,4.6247525,6.1615376,-1.5367851000000003
98,2,4,GNN,0.09917195,1.4905362,-1.39136425
107,2,4,GNN,5.7354274,5.8079424,-0.07251500000000011
127,2,4,GNN,7.5327578,7.877129,-0.3443712000000003
131,2,4,GNN,0.13131705,2.0242965,-1.8929794500000001
141,2,4,GNN,6.4123206,5.8079424,0.6043782000000002
151,2,4,GNN,4.6247525,4.3648677,0.2598848
152,2,4,GNN,8.807794,7.880337,0.9274569999999995
173,2,4,GNN,1.7555683,1.1466204,0.6089479
180,2,4,GNN,5.0016165,4.6892486,0.3123678999999999
183,2,4,GNN,0.7367781,1.4868058,-0.7500277
188,2,4,GNN,4.6345444,3.3416128,1.2929316000000002
189,2,4,GNN,3.052004,4.876579,-1.8245750000000003
190,2,4,GNN,2.6031573,4.8371677,-2.2340104000000003
205,2,4,GNN,4.2952037,4.364874,-0.0696703000000003
215,2,4,GNN,4.475333,3.526193,0.9491399999999999
231,2,4,GNN,4.419368,3.8741732,0.5451948000000004
246,2,4,GNN,5.9857836,6.0639305,-0.07814689999999924
255,2,4,GNN,2.0934973,1.5075767,0.5859206000000001
284,2,4,GNN,11.391156,9.796889,1.5942670000000003
289,2,4,GNN,1.8337626,1.7220923,0.11167030000000011
306,2,4,GNN,3.7660112,3.2917767,0.47423449999999967
308,2,4,GNN,5.28794,2.913305,2.374635
324,2,4,GNN,5.3967667,3.4138277,1.9829389999999996
328,2,4,GNN,4.8042145,3.871409,0.9328054999999997
339,2,4,GNN,13.121934,9.796889,3.3250449999999994
342,2,4,GNN,6.953457,4.2552443,2.6982127
352,2,4,GNN,3.0781026,2.685335,0.3927676
356,2,4,GNN,1.349378,0.9073241,0.4420539
357,2,4,GNN,2.723425,2.1852894,0.5381356000000004
358,2,4,GNN,2.723425,1.1562313,1.5671937000000002
367,2,4,GNN,1.8497746,1.2641907,0.5855839
380,2,4,GNN,6.0551295,5.429498,0.6256314999999999
390,2,4,GNN,3.7660112,3.9679916,-0.20198040000000006
398,2,4,GNN,3.148421,3.8398407,-0.6914197
425,2,4,GNN,8.191565,7.4105353,0.7810297000000004
432,2,4,GNN,6.4303145,4.0375953,2.3927191999999993
438,2,4,GNN,7.5327578,5.3281174,2.2046403999999997
444,2,4,GNN,9.671881,7.4094925,2.262388500000001
473,2,4,GNN,2.0652,1.5104983,0.5547016999999999
479,2,4,GNN,1.9243029,1.9322782,-0.007975300000000018
515,2,4,GNN,6.687132,6.4566298,0.2305022000000001
520,2,4,GNN,1.8934816,1.5586619,0.33481970000000016
526,2,4,GNN,2.617857,5.160289,-2.542432
533,2,4,GNN,1.9786383,2.7681727,-0.7895344
557,2,4,GNN,0.6373295,2.7651732,-2.1278437
562,2,4,GNN,2.201611,1.419572,0.7820390000000002
582,2,4,GNN,1.9243029,5.160289,-3.2359861
606,2,4,GNN,2.6639943,5.953407,-3.2894127
607,2,4,GNN,3.1907916,2.1047883,1.0860032999999998
616,2,4,GNN,0.25288162,1.3914149,-1.13853328
617,2,4,GNN,1.455985,3.9087036,-2.4527186
620,2,4,GNN,4.5103326,3.8112936,0.699039
633,2,4,GNN,5.611774,6.2124114,-0.6006374000000001
653,2,4,GNN,9.647698,8.225831,1.4218670000000007
661,2,4,GNN,6.0551295,4.83417,1.2209594999999993
1,2,5,GNN,7.711122,4.959545,2.7515769999999993
2,2,5,GNN,4.1821356,4.4677386,-0.28560300000000005
6,2,5,GNN,1.5294315,1.4062796,0.12315190000000009
15,2,5,GNN,4.748294,4.8780794,-0.12978540000000027
33,2,5,GNN,7.316547,5.0704265,2.2461205
36,2,5,GNN,3.490959,4.549832,-1.0588730000000002
42,2,5,GNN,3.9394622,2.92461,1.0148522
48,2,5,GNN,0.59384805,2.0878234,-1.49397535
66,2,5,GNN,6.197501,5.3096066,0.8878943999999995
86,2,5,GNN,1.4431806,3.2227864,-1.7796058
95,2,5,GNN,8.191565,6.7645307,1.4270343000000008
97,2,5,GNN,4.6247525,6.6973653,-2.072612800000001
98,2,5,GNN,0.09917195,1.3249782,-1.2258062500000002
107,2,5,GNN,5.7354274,6.204572,-0.4691445999999999
127,2,5,GNN,7.5327578,7.1259212,0.4068366000000001
131,2,5,GNN,0.13131705,2.6957462,-2.56442915
141,2,5,GNN,6.4123206,6.204572,0.2077486000000004
151,2,5,GNN,4.6247525,3.3397415,1.2850109999999995
152,2,5,GNN,8.807794,7.178447,1.6293469999999992
173,2,5,GNN,1.7555683,1.6881534,0.06741489999999994
180,2,5,GNN,5.0016165,4.2510395,0.7505769999999998
183,2,5,GNN,0.7367781,1.5586559,-0.8218778
188,2,5,GNN,4.6345444,3.51073,1.1238144
189,2,5,GNN,3.052004,5.4169693,-2.3649652999999997
190,2,5,GNN,2.6031573,4.45779,-1.8546327000000002
205,2,5,GNN,4.2952037,3.267402,1.0278017
215,2,5,GNN,4.475333,3.8351295,0.6402035000000001
231,2,5,GNN,4.419368,2.754976,1.6643920000000003
246,2,5,GNN,5.9857836,5.403135,0.5826486000000006
255,2,5,GNN,2.0934973,1.5641748,0.5293225000000001
284,2,5,GNN,11.391156,8.21115,3.1800060000000006
289,2,5,GNN,1.8337626,1.9033548,-0.06959219999999999
306,2,5,GNN,3.7660112,2.488846,1.2771651999999998
308,2,5,GNN,5.28794,2.6472712,2.6406688
324,2,5,GNN,5.3967667,2.4663672,2.9303994999999996
328,2,5,GNN,4.8042145,4.000024,0.8041904999999998
339,2,5,GNN,13.121934,8.21115,4.910784
342,2,5,GNN,6.953457,4.8235354,2.1299216000000003
352,2,5,GNN,3.0781026,1.9115329,1.1665696999999997
356,2,5,GNN,1.349378,1.4927799,-0.14340189999999997
357,2,5,GNN,2.723425,2.8475595,-0.12413449999999981
358,2,5,GNN,2.723425,1.6668841,1.0565409000000001
367,2,5,GNN,1.8497746,1.7583781,0.09139649999999988
380,2,5,GNN,6.0551295,5.6152973,0.4398321999999997
390,2,5,GNN,3.7660112,4.6083293,-0.8423181000000004
398,2,5,GNN,3.148421,3.0129488,0.1354721999999997
425,2,5,GNN,8.191565,6.8611174,1.3304476000000003
432,2,5,GNN,6.4303145,3.161467,3.2688474999999997
438,2,5,GNN,7.5327578,5.085625,2.4471327999999994
444,2,5,GNN,9.671881,6.8029838,2.868897200000001
473,2,5,GNN,2.0652,1.6530565,0.4121435
479,2,5,GNN,1.9243029,2.1988995,-0.27459659999999997
515,2,5,GNN,6.687132,5.0864615,1.6006704999999997
520,2,5,GNN,1.8934816,1.7107166,0.18276500000000007
526,2,5,GNN,2.617857,3.007426,-0.3895690000000003
533,2,5,GNN,1.9786383,2.5009186,-0.5222802999999998
557,2,5,GNN,0.6373295,2.207999,-1.5706695000000002
562,2,5,GNN,2.201611,1.4275516,0.7740594000000003
582,2,5,GNN,1.9243029,3.007426,-1.0831231000000001
606,2,5,GNN,2.6639943,6.1169276,-3.4529333
607,2,5,GNN,3.1907916,2.4256923,0.7650992999999997
616,2,5,GNN,0.25288162,1.376037,-1.12315538
617,2,5,GNN,1.455985,5.2334394,-3.7774544
620,2,5,GNN,4.5103326,2.8309567,1.6793758999999997
633,2,5,GNN,5.611774,6.0159564,-0.4041824000000007
653,2,5,GNN,9.647698,5.936451,3.711247
661,2,5,GNN,6.0551295,5.3254538,0.7296756999999996
1,2,6,GNN,7.711122,6.4586825,1.2524394999999995
2,2,6,GNN,4.1821356,4.9378552,-0.7557196000000008
6,2,6,GNN,1.5294315,1.4669,0.06253149999999996
15,2,6,GNN,4.748294,4.4362803,0.3120136999999996
33,2,6,GNN,7.316547,5.2804446,2.0361024
36,2,6,GNN,3.490959,5.1649504,-1.6739914000000002
42,2,6,GNN,3.9394622,3.7537167,0.1857454999999999
48,2,6,GNN,0.59384805,1.5444411,-0.95059305
66,2,6,GNN,6.197501,7.7192783,-1.5217773
86,2,6,GNN,1.4431806,2.764988,-1.3218073999999997
95,2,6,GNN,8.191565,7.1843457,1.007219300000001
97,2,6,GNN,4.6247525,7.437635,-2.8128825000000006
98,2,6,GNN,0.09917195,1.8212981,-1.72212615
107,2,6,GNN,5.7354274,7.581654,-1.8462266000000005
127,2,6,GNN,7.5327578,9.25299,-1.7202322000000008
131,2,6,GNN,0.13131705,2.392147,-2.26082995
141,2,6,GNN,6.4123206,7.581654,-1.1693334000000002
151,2,6,GNN,4.6247525,5.3228126,-0.6980601000000002
152,2,6,GNN,8.807794,8.675056,0.1327379999999998
173,2,6,GNN,1.7555683,1.8040962,-0.04852790000000007
180,2,6,GNN,5.0016165,5.820024,-0.8184075000000002
183,2,6,GNN,0.7367781,1.6676457,-0.9308676
188,2,6,GNN,4.6345444,4.428672,0.2058724000000005
189,2,6,GNN,3.052004,5.6665363,-2.6145322999999996
190,2,6,GNN,2.6031573,5.4334445,-2.8302872000000003
205,2,6,GNN,4.2952037,5.912954,-1.6177503
215,2,6,GNN,4.475333,4.6555223,-0.18018930000000033
231,2,6,GNN,4.419368,4.459357,-0.039988999999999386
246,2,6,GNN,5.9857836,7.585147,-1.5993633999999997
255,2,6,GNN,2.0934973,1.9468594,0.1466379000000002
284,2,6,GNN,11.391156,11.540446,-0.1492899999999988
289,2,6,GNN,1.8337626,1.7961882,0.03757440000000001
306,2,6,GNN,3.7660112,3.3714926,0.39451860000000005
308,2,6,GNN,5.28794,3.1308115,2.1571285
324,2,6,GNN,5.3967667,4.106358,1.2904086999999995
328,2,6,GNN,4.8042145,4.6415806,0.16263389999999944
339,2,6,GNN,13.121934,11.540446,1.5814880000000002
342,2,6,GNN,6.953457,5.5341973,1.4192597000000005
352,2,6,GNN,3.0781026,2.5194912,0.5586113999999998
356,2,6,GNN,1.349378,1.0396664,0.3097116
357,2,6,GNN,2.723425,2.9743607,-0.2509356999999999
358,2,6,GNN,2.723425,1.8171195,0.9063055000000002
367,2,6,GNN,1.8497746,1.807133,0.042641599999999835
380,2,6,GNN,6.0551295,6.179396,-0.12426650000000006
390,2,6,GNN,3.7660112,3.0065582,0.7594529999999997
398,2,6,GNN,3.148421,4.0172825,-0.8688615000000004
425,2,6,GNN,8.191565,8.447589,-0.25602400000000003
432,2,6,GNN,6.4303145,5.6739764,0.7563380999999998
438,2,6,GNN,7.5327578,5.945312,1.5874457999999994
444,2,6,GNN,9.671881,8.528617,1.1432640000000003
473,2,6,GNN,2.0652,1.6305349,0.4346650999999999
479,2,6,GNN,1.9243029,2.1839411,-0.25963820000000015
515,2,6,GNN,6.687132,7.2956204,-0.6084883999999997
520,2,6,GNN,1.8934816,2.1087146,-0.21523299999999979
526,2,6,GNN,2.617857,4.157928,-1.5400710000000002
533,2,6,GNN,1.9786383,1.830534,0.14810429999999997
557,2,6,GNN,0.6373295,2.3692377,-1.7319082
562,2,6,GNN,2.201611,1.5236124,0.6779986000000002
582,2,6,GNN,1.9243029,4.157928,-2.2336251000000003
606,2,6,GNN,2.6639943,7.0499754,-4.3859811
607,2,6,GNN,3.1907916,2.9818623,0.20892929999999987
616,2,6,GNN,0.25288162,1.7962677,-1.54338608
617,2,6,GNN,1.455985,4.2213902,-2.7654052
620,2,6,GNN,4.5103326,4.614865,-0.10453240000000008
633,2,6,GNN,5.611774,5.412314,0.1994599999999993
653,2,6,GNN,9.647698,9.400977,0.24672100000000086
661,2,6,GNN,6.0551295,5.681997,0.37313249999999965
1,2,7,GNN,7.711122,6.2546906,1.4564313999999996
2,2,7,GNN,4.1821356,3.829403,0.3527325999999995
6,2,7,GNN,1.5294315,1.90907,-0.3796385
15,2,7,GNN,4.748294,5.578403,-0.8301090000000002
33,2,7,GNN,7.316547,5.753034,1.5635129999999995
36,2,7,GNN,3.490959,4.645124,-1.1541649999999999
42,2,7,GNN,3.9394622,2.9371145,1.0023477
48,2,7,GNN,0.59384805,1.9246818,-1.33083375
66,2,7,GNN,6.197501,6.1037035,0.09379749999999998
86,2,7,GNN,1.4431806,2.834282,-1.3911014
95,2,7,GNN,8.191565,7.149021,1.0425440000000004
97,2,7,GNN,4.6247525,7.2436547,-2.6189022
98,2,7,GNN,0.09917195,2.417225,-2.31805305
107,2,7,GNN,5.7354274,6.936943,-1.2015156000000005
127,2,7,GNN,7.5327578,7.853438,-0.32068019999999997
131,2,7,GNN,0.13131705,4.0246754,-3.8933583499999997
141,2,7,GNN,6.4123206,6.936943,-0.5246224000000002
151,2,7,GNN,4.6247525,4.6650834,-0.040330900000000725
152,2,7,GNN,8.807794,7.8214345,0.9863594999999998
173,2,7,GNN,1.7555683,1.4148338,0.34073449999999994
180,2,7,GNN,5.0016165,5.483168,-0.48155150000000013
183,2,7,GNN,0.7367781,1.6682491,-0.9314709999999999
188,2,7,GNN,4.6345444,4.3999314,0.2346130000000004
189,2,7,GNN,3.052004,5.929353,-2.8773489999999997
190,2,7,GNN,2.6031573,4.946733,-2.3435757
205,2,7,GNN,4.2952037,5.1224923,-0.8272886000000002
215,2,7,GNN,4.475333,3.1660898,1.3092432
231,2,7,GNN,4.419368,3.5328176,0.8865504000000004
246,2,7,GNN,5.9857836,6.1458783,-0.16009469999999926
255,2,7,GNN,2.0934973,1.930437,0.16306030000000016
284,2,7,GNN,11.391156,9.702832,1.6883239999999997
289,2,7,GNN,1.8337626,1.9540225,-0.12025989999999998
306,2,7,GNN,3.7660112,3.3842728,0.3817383999999997
308,2,7,GNN,5.28794,2.5136752,2.7742647999999996
324,2,7,GNN,5.3967667,3.9340725,1.4626941999999996
328,2,7,GNN,4.8042145,4.358872,0.44534249999999975
339,2,7,GNN,13.121934,9.702832,3.4191019999999988
342,2,7,GNN,6.953457,5.473122,1.4803350000000002
352,2,7,GNN,3.0781026,2.3085513,0.7695512999999998
356,2,7,GNN,1.349378,1.4347544,-0.08537640000000013
357,2,7,GNN,2.723425,3.0190618,-0.2956367999999996
358,2,7,GNN,2.723425,1.4133782,1.3100468000000003
367,2,7,GNN,1.8497746,1.5230988,0.32667579999999985
380,2,7,GNN,6.0551295,6.296375,-0.24124550000000067
390,2,7,GNN,3.7660112,4.476891,-0.7108798000000003
398,2,7,GNN,3.148421,3.6155157,-0.4670947000000001
425,2,7,GNN,8.191565,7.8986,0.2929650000000006
432,2,7,GNN,6.4303145,4.5498466,1.8804678999999993
438,2,7,GNN,7.5327578,5.256595,2.2761628
444,2,7,GNN,9.671881,7.8989396,1.7729414000000006
473,2,7,GNN,2.0652,1.5929658,0.47223419999999994
479,2,7,GNN,1.9243029,2.2710097,-0.3467068
515,2,7,GNN,6.687132,6.1088257,0.5783063000000004
520,2,7,GNN,1.8934816,2.1488616,-0.25537999999999994
526,2,7,GNN,2.617857,3.9285994,-1.3107424
533,2,7,GNN,1.9786383,2.3544345,-0.3757961999999999
557,2,7,GNN,0.6373295,2.6064599,-1.9691304
562,2,7,GNN,2.201611,1.8943534,0.30725760000000024
582,2,7,GNN,1.9243029,3.9285994,-2.0042964999999997
606,2,7,GNN,2.6639943,7.582702,-4.918707700000001
607,2,7,GNN,3.1907916,1.5276189,1.6631726999999998
616,2,7,GNN,0.25288162,1.7881875,-1.5353058800000001
617,2,7,GNN,1.455985,5.7421794,-4.2861944
620,2,7,GNN,4.5103326,3.6976564,0.8126761999999998
633,2,7,GNN,5.611774,6.2083917,-0.5966177000000004
653,2,7,GNN,9.647698,7.2708144,2.3768836
661,2,7,GNN,6.0551295,5.9480567,0.10707279999999919
1,2,8,GNN,7.711122,7.124812,0.5863099999999992
2,2,8,GNN,4.1821356,3.2690392,0.9130963999999997
6,2,8,GNN,1.5294315,1.7154231,-0.18599159999999992
15,2,8,GNN,4.748294,7.2849984,-2.5367044000000005
33,2,8,GNN,7.316547,6.329252,0.9872949999999996
36,2,8,GNN,3.490959,5.0337024,-1.5427434
42,2,8,GNN,3.9394622,4.6302686,-0.6908064
48,2,8,GNN,0.59384805,3.2340436,-2.64019555
66,2,8,GNN,6.197501,5.6446147,0.5528862999999999
86,2,8,GNN,1.4431806,4.239409,-2.7962284000000004
95,2,8,GNN,8.191565,7.202624,0.9889410000000005
97,2,8,GNN,4.6247525,7.205837,-2.5810845000000002
98,2,8,GNN,0.09917195,2.0989652,-1.99979325
107,2,8,GNN,5.7354274,6.663882,-0.9284546000000002
127,2,8,GNN,7.5327578,7.27387,0.2588878000000001
131,2,8,GNN,0.13131705,2.6359112,-2.50459415
141,2,8,GNN,6.4123206,6.663882,-0.25156139999999994
151,2,8,GNN,4.6247525,4.2309313,0.39382119999999965
152,2,8,GNN,8.807794,7.2913957,1.5163982999999996
173,2,8,GNN,1.7555683,1.3696641,0.3859041999999999
180,2,8,GNN,5.0016165,5.256432,-0.2548155000000003
183,2,8,GNN,0.7367781,1.5427458,-0.8059677000000001
188,2,8,GNN,4.6345444,3.9643722,0.6701722000000001
189,2,8,GNN,3.052004,6.694895,-3.6428909999999997
190,2,8,GNN,2.6031573,6.3952947,-3.7921374
205,2,8,GNN,4.2952037,3.792878,0.5023257000000001
215,2,8,GNN,4.475333,4.620981,-0.14564799999999956
231,2,8,GNN,4.419368,4.128495,0.2908730000000004
246,2,8,GNN,5.9857836,5.7383065,0.24747710000000023
255,2,8,GNN,2.0934973,1.6549735,0.4385238
284,2,8,GNN,11.391156,9.535873,1.855283
289,2,8,GNN,1.8337626,1.5955625,0.23820010000000003
306,2,8,GNN,3.7660112,3.2109983,0.5550128999999999
308,2,8,GNN,5.28794,2.3556912,2.9322488
324,2,8,GNN,5.3967667,2.8721528,2.5246139
328,2,8,GNN,4.8042145,4.688629,0.1155854999999999
339,2,8,GNN,13.121934,9.535873,3.586060999999999
342,2,8,GNN,6.953457,5.4027567,1.5507003
352,2,8,GNN,3.0781026,2.300503,0.7775995999999998
356,2,8,GNN,1.349378,1.0895295,0.2598484999999999
357,2,8,GNN,2.723425,2.8910685,-0.1676434999999996
358,2,8,GNN,2.723425,1.3743739,1.3490511000000003
367,2,8,GNN,1.8497746,1.5024924,0.3472822
380,2,8,GNN,6.0551295,5.664946,0.3901835
390,2,8,GNN,3.7660112,6.3182592,-2.552248
398,2,8,GNN,3.148421,4.31087,-1.1624490000000005
425,2,8,GNN,8.191565,8.399041,-0.20747599999999977
432,2,8,GNN,6.4303145,4.170188,2.2601265
438,2,8,GNN,7.5327578,6.391269,1.1414887999999994
444,2,8,GNN,9.671881,8.392206,1.279675000000001
473,2,8,GNN,2.0652,1.4381546,0.6270453999999999
479,2,8,GNN,1.9243029,1.8156862,0.10861670000000001
515,2,8,GNN,6.687132,5.9819746,0.7051574
520,2,8,GNN,1.8934816,1.7375257,0.15595590000000015
526,2,8,GNN,2.617857,3.508784,-0.890927
533,2,8,GNN,1.9786383,3.289737,-1.3110987
557,2,8,GNN,0.6373295,2.5758154,-1.9384859000000003
562,2,8,GNN,2.201611,1.8194227,0.38218830000000015
582,2,8,GNN,1.9243029,3.508784,-1.5844810999999999
606,2,8,GNN,2.6639943,7.271979,-4.607984699999999
607,2,8,GNN,3.1907916,2.1752584,1.0155331999999997
616,2,8,GNN,0.25288162,1.4625001,-1.20961848
617,2,8,GNN,1.455985,7.860059,-6.404074
620,2,8,GNN,4.5103326,3.4021435,1.1081890999999997
633,2,8,GNN,5.611774,6.7480745,-1.1363005000000008
653,2,8,GNN,9.647698,7.799961,1.8477370000000004
661,2,8,GNN,6.0551295,6.6563945,-0.6012650000000006
1,2,9,GNN,7.711122,5.6003213,2.1108006999999995
2,2,9,GNN,4.1821356,3.933121,0.24901459999999975
6,2,9,GNN,1.5294315,1.9553806,-0.42594909999999997
15,2,9,GNN,4.748294,7.1262927,-2.3779987
33,2,9,GNN,7.316547,5.5739484,1.7425986
36,2,9,GNN,3.490959,5.0455227,-1.5545637
42,2,9,GNN,3.9394622,4.232407,-0.29294480000000034
48,2,9,GNN,0.59384805,3.8710065,-3.27715845
66,2,9,GNN,6.197501,6.594749,-0.39724800000000027
86,2,9,GNN,1.4431806,5.053848,-3.6106674000000005
95,2,9,GNN,8.191565,6.451479,1.7400860000000007
97,2,9,GNN,4.6247525,6.4658284,-1.8410759000000008
98,2,9,GNN,0.09917195,2.2226071,-2.1234351499999997
107,2,9,GNN,5.7354274,6.17391,-0.4384826000000004
127,2,9,GNN,7.5327578,6.477883,1.0548747999999994
131,2,9,GNN,0.13131705,3.737609,-3.60629195
141,2,9,GNN,6.4123206,6.17391,0.23841059999999992
151,2,9,GNN,4.6247525,5.1310086,-0.5062561000000008
152,2,9,GNN,8.807794,6.5360293,2.2717646999999994
173,2,9,GNN,1.7555683,1.778905,-0.023336699999999988
180,2,9,GNN,5.0016165,4.768492,0.23312449999999973
183,2,9,GNN,0.7367781,2.2331836,-1.4964054999999998
188,2,9,GNN,4.6345444,3.4110503,1.2234941000000004
189,2,9,GNN,3.052004,7.179541,-4.127537
190,2,9,GNN,2.6031573,7.103319,-4.5001617
205,2,9,GNN,4.2952037,4.705927,-0.4107232999999999
215,2,9,GNN,4.475333,5.011064,-0.5357310000000002
231,2,9,GNN,4.419368,3.5580268,0.8613412000000005
246,2,9,GNN,5.9857836,6.643341,-0.6575574
255,2,9,GNN,2.0934973,2.3817472,-0.28824989999999984
284,2,9,GNN,11.391156,8.46661,2.924546000000001
289,2,9,GNN,1.8337626,1.8918885,-0.058125900000000064
306,2,9,GNN,3.7660112,3.8381355,-0.07212430000000003
308,2,9,GNN,5.28794,4.735558,0.5523819999999997
324,2,9,GNN,5.3967667,3.7393405,1.6574261999999997
328,2,9,GNN,4.8042145,3.9472513,0.8569631999999996
339,2,9,GNN,13.121934,8.46661,4.655324
342,2,9,GNN,6.953457,5.4605913,1.4928657000000003
352,2,9,GNN,3.0781026,3.1138248,-0.03572220000000037
356,2,9,GNN,1.349378,2.2784245,-0.9290464999999999
357,2,9,GNN,2.723425,2.4479463,0.2754787000000003
358,2,9,GNN,2.723425,1.785966,0.9374590000000003
367,2,9,GNN,1.8497746,1.853145,-0.0033704000000001066
380,2,9,GNN,6.0551295,6.3965344,-0.34140490000000057
390,2,9,GNN,3.7660112,6.7432075,-2.9771962999999997
398,2,9,GNN,3.148421,5.3631463,-2.2147253000000005
425,2,9,GNN,8.191565,8.197248,-0.0056829999999994385
432,2,9,GNN,6.4303145,4.8303432,1.5999713
438,2,9,GNN,7.5327578,5.464354,2.0684037999999996
444,2,9,GNN,9.671881,8.177362,1.4945190000000004
473,2,9,GNN,2.0652,2.1625056,-0.09730559999999988
479,2,9,GNN,1.9243029,1.9515469,-0.027244000000000046
515,2,9,GNN,6.687132,5.2931266,1.3940054000000002
520,2,9,GNN,1.8934816,2.343185,-0.4497034
526,2,9,GNN,2.617857,4.6705065,-2.0526495000000002
533,2,9,GNN,1.9786383,4.4908347,-2.5121963999999997
557,2,9,GNN,0.6373295,3.0841022,-2.4467727
562,2,9,GNN,2.201611,2.1081102,0.09350080000000016
582,2,9,GNN,1.9243029,4.6705065,-2.7462036000000003
606,2,9,GNN,2.6639943,7.2045546,-4.540560299999999
607,2,9,GNN,3.1907916,2.4129956,0.7777959999999999
616,2,9,GNN,0.25288162,2.285046,-2.0321643799999998
617,2,9,GNN,1.455985,7.1437917,-5.6878067
620,2,9,GNN,4.5103326,4.0366592,0.4736734
633,2,9,GNN,5.611774,6.059367,-0.44759300000000035
653,2,9,GNN,9.647698,7.2952166,2.3524814000000003
661,2,9,GNN,6.0551295,7.1370096,-1.0818801000000002
1,2,10,GNN,7.711122,6.6417675,1.0693544999999993
2,2,10,GNN,4.1821356,3.6837108,0.49842479999999956
6,2,10,GNN,1.5294315,2.0698736,-0.5404421000000001
15,2,10,GNN,4.748294,6.0016117,-1.2533177000000002
33,2,10,GNN,7.316547,5.645174,1.671373
36,2,10,GNN,3.490959,5.2292128,-1.7382537999999998
42,2,10,GNN,3.9394622,3.5052238,0.4342383999999999
48,2,10,GNN,0.59384805,3.5631545,-2.96930645
66,2,10,GNN,6.197501,6.253907,-0.056405999999999956
86,2,10,GNN,1.4431806,4.492695,-3.0495144000000005
95,2,10,GNN,8.191565,7.508675,0.6828900000000004
97,2,10,GNN,4.6247525,7.69575,-3.0709975000000007
98,2,10,GNN,0.09917195,2.705515,-2.60634305
107,2,10,GNN,5.7354274,7.179507,-1.4440796000000002
127,2,10,GNN,7.5327578,7.924556,-0.3917982000000002
131,2,10,GNN,0.13131705,4.47192,-4.34060295
141,2,10,GNN,6.4123206,7.179507,-0.7671863999999999
151,2,10,GNN,4.6247525,5.6855173,-1.0607648000000003
152,2,10,GNN,8.807794,7.9654093,0.8423846999999993
173,2,10,GNN,1.7555683,1.6652714,0.09029690000000001
180,2,10,GNN,5.0016165,4.8043323,0.19728420000000035
183,2,10,GNN,0.7367781,2.117883,-1.3811049
188,2,10,GNN,4.6345444,5.0081844,-0.37363999999999997
189,2,10,GNN,3.052004,7.405197,-4.353193
190,2,10,GNN,2.6031573,6.764472,-4.1613147
205,2,10,GNN,4.2952037,3.4689496,0.8262540999999999
215,2,10,GNN,4.475333,5.0677614,-0.5924284000000002
231,2,10,GNN,4.419368,3.0627673,1.3566007000000004
246,2,10,GNN,5.9857836,6.2873054,-0.30152179999999973
255,2,10,GNN,2.0934973,1.8929946,0.20050270000000014
284,2,10,GNN,11.391156,9.527066,1.864090000000001
289,2,10,GNN,1.8337626,2.2084444,-0.37468179999999984
306,2,10,GNN,3.7660112,3.6202996,0.14571159999999983
308,2,10,GNN,5.28794,2.7194912,2.5684487999999996
324,2,10,GNN,5.3967667,3.8605175,1.5362491999999999
328,2,10,GNN,4.8042145,4.5474143,0.2568001999999998
339,2,10,GNN,13.121934,9.527066,3.594868
342,2,10,GNN,6.953457,6.125573,0.8278840000000001
352,2,10,GNN,3.0781026,2.9257705,0.15233209999999975
356,2,10,GNN,1.349378,1.2475152,0.10186279999999992
357,2,10,GNN,2.723425,3.2433963,-0.5199712999999999
358,2,10,GNN,2.723425,1.6568985,1.0665265000000002
367,2,10,GNN,1.8497746,1.7044787,0.14529590000000003
380,2,10,GNN,6.0551295,5.264513,0.7906164999999996
390,2,10,GNN,3.7660112,5.9958744,-2.2298632
398,2,10,GNN,3.148421,5.048035,-1.8996139999999997
425,2,10,GNN,8.191565,8.385479,-0.19391399999999948
432,2,10,GNN,6.4303145,4.2256975,2.204617
438,2,10,GNN,7.5327578,7.594264,-0.06150620000000018
444,2,10,GNN,9.671881,8.388337,1.283544000000001
473,2,10,GNN,2.0652,2.1379921,-0.07279210000000003
479,2,10,GNN,1.9243029,2.1359198,-0.21161689999999989
515,2,10,GNN,6.687132,6.6289625,0.058169499999999985
520,2,10,GNN,1.8934816,2.340351,-0.44686939999999997
526,2,10,GNN,2.617857,4.669808,-2.051951
533,2,10,GNN,1.9786383,3.5283713,-1.5497329999999998
557,2,10,GNN,0.6373295,2.8378835,-2.200554
562,2,10,GNN,2.201611,2.0618415,0.13976950000000032
582,2,10,GNN,1.9243029,4.669808,-2.7455051
606,2,10,GNN,2.6639943,6.806885,-4.142890700000001
607,2,10,GNN,3.1907916,3.1458569,0.04493469999999977
616,2,10,GNN,0.25288162,1.8215463,-1.5686646800000001
617,2,10,GNN,1.455985,5.4001455,-3.9441604999999997
620,2,10,GNN,4.5103326,3.692816,0.8175165999999998
633,2,10,GNN,5.611774,6.230465,-0.6186910000000001
653,2,10,GNN,9.647698,6.9633284,2.6843696
661,2,10,GNN,6.0551295,7.2973166,-1.2421871000000007
38,3,1,GNN,5.3967667,5.474233,-0.07746630000000021
39,3,1,GNN,2.7442024,3.5736735,-0.8294711000000001
45,3,1,GNN,1.1088728,1.3864789,-0.27760609999999986
47,3,1,GNN,4.4006248,4.212954,0.18767080000000025
52,3,1,GNN,1.9786383,4.3060317,-2.3273934
69,3,1,GNN,0.7330525,3.690448,-2.9573955
70,3,1,GNN,2.4031131,1.6671147,0.7359984000000002
75,3,1,GNN,3.4129298,1.9649799,1.4479499000000002
76,3,1,GNN,1.7118955,4.6632333,-2.9513378
91,3,1,GNN,6.197501,6.567373,-0.369872
101,3,1,GNN,5.229434,3.4220407,1.8073933000000002
105,3,1,GNN,4.6247525,4.940206,-0.3154535000000003
111,3,1,GNN,2.217544,1.5623584,0.6551856000000003
121,3,1,GNN,0.0,3.090428,-3.090428
125,3,1,GNN,4.5250196,4.2151237,0.3098958999999999
126,3,1,GNN,1.7335263,2.4809115,-0.7473851999999999
143,3,1,GNN,5.7057114,5.389772,0.3159394000000004
145,3,1,GNN,9.671881,8.039375,1.6325060000000011
148,3,1,GNN,0.4649408,2.0323029,-1.5673621
155,3,1,GNN,7.2991705,6.611511,0.6876594999999996
163,3,1,GNN,6.0551295,6.329203,-0.2740735000000001
169,3,1,GNN,1.3029634,1.2460248,0.05693860000000006
184,3,1,GNN,6.458688,5.389439,1.0692490000000001
192,3,1,GNN,1.8171555,1.7284682,0.08868729999999991
200,3,1,GNN,0.09085634,3.8660872,-3.7752308599999997
206,3,1,GNN,2.9178941,2.9593422,-0.04144810000000021
216,3,1,GNN,6.9383388,6.5860715,0.3522673000000003
229,3,1,GNN,0.76608,1.2073,-0.44122000000000006
242,3,1,GNN,4.748294,3.085778,1.6625159999999997
244,3,1,GNN,3.5215707,4.8074327,-1.2858619999999998
245,3,1,GNN,1.4431806,2.1736093,-0.7304286999999998
248,3,1,GNN,5.749897,4.445614,1.3042829999999999
251,3,1,GNN,1.6650481,1.3232656,0.3417824999999999
256,3,1,GNN,0.3641551,3.6437078,-3.2795527
257,3,1,GNN,7.049818,7.6651387,-0.6153206999999998
276,3,1,GNN,6.4303145,5.6567273,0.7735871999999997
279,3,1,GNN,4.419368,4.3203673,0.09900070000000039
312,3,1,GNN,7.711122,7.985866,-0.2747440000000001
316,3,1,GNN,4.990129,4.9106317,0.07949729999999988
318,3,1,GNN,12.021655,9.642481,2.379174000000001
360,3,1,GNN,4.001168,5.229881,-1.228713
370,3,1,GNN,2.0335119,1.9085789,0.12493300000000018
374,3,1,GNN,2.7887237,2.5811617,0.2075619999999998
377,3,1,GNN,9.671881,7.854543,1.8173380000000012
394,3,1,GNN,1.2568539,1.9745433,-0.7176893999999998
404,3,1,GNN,3.650495,2.0419636,1.6085314
408,3,1,GNN,3.2931263,4.110621,-0.8174947000000001
415,3,1,GNN,1.2135745,1.5244689,-0.3108944
422,3,1,GNN,0.5016732,1.2664585,-0.7647852999999999
433,3,1,GNN,5.5468283,5.834931,-0.2881027000000005
434,3,1,GNN,3.0781026,4.746551,-1.6684484000000004
443,3,1,GNN,6.953457,5.677327,1.2761300000000002
459,3,1,GNN,5.9857836,6.165988,-0.18020439999999915
466,3,1,GNN,5.119204,3.5133665,1.6058374999999998
480,3,1,GNN,3.6825666,2.1273134,1.5552532000000001
495,3,1,GNN,6.4249783,3.4699378,2.9550405000000004
503,3,1,GNN,0.6362455,7.0268064,-6.3905609
507,3,1,GNN,6.9383388,5.813163,1.1251758
532,3,1,GNN,0.6793785,4.563688,-3.8843095
547,3,1,GNN,2.9953651,3.2248366,-0.22947150000000027
564,3,1,GNN,11.391156,10.0110855,1.3800705000000004
601,3,1,GNN,3.9095998,6.962049,-3.0524492000000003
615,3,1,GNN,0.6401138,3.5892384,-2.9491246
634,3,1,GNN,3.3676689,5.406174,-2.0385051
639,3,1,GNN,2.7786994,3.3416662,-0.5629668000000003
643,3,1,GNN,1.6083632,1.595649,0.012714200000000009
38,3,2,GNN,5.3967667,6.7378054,-1.3410387000000004
39,3,2,GNN,2.7442024,3.2919154,-0.5477130000000003
45,3,2,GNN,1.1088728,1.3315793,-0.22270649999999992
47,3,2,GNN,4.4006248,4.678281,-0.2776562
52,3,2,GNN,1.9786383,3.8573642,-1.8787259
69,3,2,GNN,0.7330525,1.6585113,-0.9254588
70,3,2,GNN,2.4031131,1.5918431,0.8112700000000002
75,3,2,GNN,3.4129298,1.4505221,1.9624077000000002
76,3,2,GNN,1.7118955,3.23663,-1.5247344999999999
91,3,2,GNN,6.197501,6.3392553,-0.14175429999999967
101,3,2,GNN,5.229434,4.6228604,0.6065735999999999
105,3,2,GNN,4.6247525,4.8669853,-0.24223280000000003
111,3,2,GNN,2.217544,1.7003722,0.5171718000000003
121,3,2,GNN,0.0,2.699194,-2.699194
125,3,2,GNN,4.5250196,4.6755314,-0.15051179999999942
126,3,2,GNN,1.7335263,1.9305414,-0.1970151
143,3,2,GNN,5.7057114,6.4243517,-0.7186402999999997
145,3,2,GNN,9.671881,8.597846,1.0740350000000003
148,3,2,GNN,0.4649408,1.1638298,-0.6988890000000001
155,3,2,GNN,7.2991705,6.8543787,0.44479179999999996
163,3,2,GNN,6.0551295,6.8445063,-0.7893768000000003
169,3,2,GNN,1.3029634,0.8197155,0.48324790000000006
184,3,2,GNN,6.458688,5.1732254,1.2854626000000007
192,3,2,GNN,1.8171555,2.078468,-0.26131250000000006
200,3,2,GNN,0.09085634,4.0902896,-3.99943326
206,3,2,GNN,2.9178941,4.1997705,-1.2818763999999998
216,3,2,GNN,6.9383388,6.9824553,-0.04411649999999945
229,3,2,GNN,0.76608,0.56409943,0.20198057000000003
242,3,2,GNN,4.748294,2.9552608,1.7930331999999995
244,3,2,GNN,3.5215707,4.236891,-0.7153203000000001
245,3,2,GNN,1.4431806,2.3996658,-0.9564852000000001
248,3,2,GNN,5.749897,4.5299635,1.2199334999999998
251,3,2,GNN,1.6650481,1.6538757,0.011172399999999971
256,3,2,GNN,0.3641551,2.9356012,-2.5714460999999997
257,3,2,GNN,7.049818,7.098308,-0.048490000000000144
276,3,2,GNN,6.4303145,7.804044,-1.3737295000000005
279,3,2,GNN,4.419368,1.9009097,2.5184583000000007
312,3,2,GNN,7.711122,7.8035936,-0.09247160000000054
316,3,2,GNN,4.990129,4.8506756,0.13945339999999984
318,3,2,GNN,12.021655,10.22937,1.7922850000000015
360,3,2,GNN,4.001168,6.0047035,-2.0035355
370,3,2,GNN,2.0335119,3.106979,-1.0734670999999998
374,3,2,GNN,2.7887237,4.641898,-1.8531743000000005
377,3,2,GNN,9.671881,8.877592,0.7942890000000009
394,3,2,GNN,1.2568539,1.1760659,0.08078800000000008
404,3,2,GNN,3.650495,2.4466925,1.2038024999999997
408,3,2,GNN,3.2931263,4.578453,-1.2853266999999997
415,3,2,GNN,1.2135745,1.7321464,-0.5185719
422,3,2,GNN,0.5016732,1.0464501,-0.5447768999999999
433,3,2,GNN,5.5468283,4.856831,0.6899972999999999
434,3,2,GNN,3.0781026,4.2812023,-1.2030997000000005
443,3,2,GNN,6.953457,5.6209083,1.3325487000000003
459,3,2,GNN,5.9857836,5.9227715,0.06301210000000079
466,3,2,GNN,5.119204,4.188946,0.9302580000000003
480,3,2,GNN,3.6825666,2.5660124,1.1165542
495,3,2,GNN,6.4249783,4.3887672,2.0362111
503,3,2,GNN,0.6362455,6.362618,-5.7263725
507,3,2,GNN,6.9383388,5.2960176,1.6423212000000005
532,3,2,GNN,0.6793785,2.9885125,-2.3091340000000002
547,3,2,GNN,2.9953651,3.4907289,-0.49536380000000024
564,3,2,GNN,11.391156,10.562459,0.828697
601,3,2,GNN,3.9095998,7.535939,-3.6263392
615,3,2,GNN,0.6401138,2.950111,-2.3099972
634,3,2,GNN,3.3676689,4.1257105,-0.7580416000000003
639,3,2,GNN,2.7786994,3.2832174,-0.504518
643,3,2,GNN,1.6083632,1.6329048,-0.02454159999999983
38,3,4,GNN,5.3967667,5.248716,0.14805069999999976
39,3,4,GNN,2.7442024,3.069711,-0.32550860000000004
45,3,4,GNN,1.1088728,1.1896844,-0.08081159999999987
47,3,4,GNN,4.4006248,4.236324,0.16430080000000036
52,3,4,GNN,1.9786383,5.094896,-3.1162577000000002
69,3,4,GNN,0.7330525,3.550666,-2.8176135
70,3,4,GNN,2.4031131,1.5515,0.8516131
75,3,4,GNN,3.4129298,1.6421899,1.7707399000000001
76,3,4,GNN,1.7118955,2.3786383,-0.6667428
91,3,4,GNN,6.197501,6.5516744,-0.35417339999999964
101,3,4,GNN,5.229434,3.75336,1.4760740000000006
105,3,4,GNN,4.6247525,4.3502564,0.27449609999999947
111,3,4,GNN,2.217544,1.5168406,0.7007034000000001
121,3,4,GNN,0.0,2.5828795,-2.5828795
125,3,4,GNN,4.5250196,3.9975584,0.5274612000000003
126,3,4,GNN,1.7335263,2.0061586,-0.27263229999999994
143,3,4,GNN,5.7057114,4.851213,0.8544983999999998
145,3,4,GNN,9.671881,8.362583,1.309298
148,3,4,GNN,0.4649408,1.7018386,-1.2368978000000002
155,3,4,GNN,7.2991705,6.825257,0.4739135000000001
163,3,4,GNN,6.0551295,5.778876,0.27625349999999926
169,3,4,GNN,1.3029634,1.1974022,0.10556120000000013
184,3,4,GNN,6.458688,4.774348,1.6843400000000006
192,3,4,GNN,1.8171555,1.8781797,-0.061024200000000084
200,3,4,GNN,0.09085634,3.8799057,-3.78904936
206,3,4,GNN,2.9178941,4.34193,-1.4240358999999998
216,3,4,GNN,6.9383388,6.5380864,0.4002524000000003
229,3,4,GNN,0.76608,1.2320485,-0.4659685000000001
242,3,4,GNN,4.748294,3.017531,1.7307629999999996
244,3,4,GNN,3.5215707,3.3526106,0.1689600999999996
245,3,4,GNN,1.4431806,2.549948,-1.1067674
248,3,4,GNN,5.749897,5.3635497,0.3863472999999997
251,3,4,GNN,1.6650481,1.2474626,0.41758549999999994
256,3,4,GNN,0.3641551,2.832367,-2.4682119
257,3,4,GNN,7.049818,7.536453,-0.4866349999999997
276,3,4,GNN,6.4303145,5.8424344,0.5878800999999996
279,3,4,GNN,4.419368,3.260683,1.1586850000000002
312,3,4,GNN,7.711122,8.240743,-0.5296210000000006
316,3,4,GNN,4.990129,4.644548,0.34558099999999925
318,3,4,GNN,12.021655,10.401931,1.6197240000000015
360,3,4,GNN,4.001168,6.2989364,-2.2977684
370,3,4,GNN,2.0335119,3.5257382,-1.4922263
374,3,4,GNN,2.7887237,3.1898723,-0.4011486000000004
377,3,4,GNN,9.671881,8.177552,1.4943290000000005
394,3,4,GNN,1.2568539,1.5611898,-0.3043358999999999
404,3,4,GNN,3.650495,1.9289539,1.7215410999999998
408,3,4,GNN,3.2931263,4.213676,-0.9205497000000005
415,3,4,GNN,1.2135745,1.5457572,-0.33218269999999994
422,3,4,GNN,0.5016732,1.3109288,-0.8092555999999999
433,3,4,GNN,5.5468283,4.8349156,0.7119126999999992
434,3,4,GNN,3.0781026,2.847503,0.23059959999999968
443,3,4,GNN,6.953457,5.49837,1.4550869999999998
459,3,4,GNN,5.9857836,6.219848,-0.2340643999999994
466,3,4,GNN,5.119204,4.2186136,0.9005903999999996
480,3,4,GNN,3.6825666,2.6074076,1.0751589999999998
495,3,4,GNN,6.4249783,3.8820732,2.5429051000000005
503,3,4,GNN,0.6362455,6.927957,-6.2917115
507,3,4,GNN,6.9383388,5.411409,1.5269298000000004
532,3,4,GNN,0.6793785,2.6002724,-1.9208939000000003
547,3,4,GNN,2.9953651,2.1699212,0.8254438999999998
564,3,4,GNN,11.391156,10.686307,0.7048490000000012
601,3,4,GNN,3.9095998,7.080429,-3.1708291999999996
615,3,4,GNN,0.6401138,2.5007422,-1.8606284
634,3,4,GNN,3.3676689,3.5160003,-0.1483314
639,3,4,GNN,2.7786994,3.0493712,-0.27067180000000013
643,3,4,GNN,1.6083632,1.1417626,0.46660060000000003
38,3,5,GNN,5.3967667,4.6492333,0.7475334
39,3,5,GNN,2.7442024,3.1003666,-0.35616420000000026
45,3,5,GNN,1.1088728,1.3470212,-0.23814839999999982
47,3,5,GNN,4.4006248,4.6339355,-0.23331069999999965
52,3,5,GNN,1.9786383,4.2237983,-2.2451600000000003
69,3,5,GNN,0.7330525,2.8308465,-2.097794
70,3,5,GNN,2.4031131,1.3440262,1.0590869
75,3,5,GNN,3.4129298,2.0851622,1.3277676
76,3,5,GNN,1.7118955,2.9258883,-1.2139928
91,3,5,GNN,6.197501,5.677143,0.5203579999999999
101,3,5,GNN,5.229434,4.2209053,1.0085287000000003
105,3,5,GNN,4.6247525,4.5799108,0.04484169999999921
111,3,5,GNN,2.217544,1.4025484,0.8149956000000003
121,3,5,GNN,0.0,2.8842943,-2.8842943
125,3,5,GNN,4.5250196,3.6641006,0.8609190000000004
126,3,5,GNN,1.7335263,1.7977953,-0.06426899999999991
143,3,5,GNN,5.7057114,4.1806335,1.5250779000000003
145,3,5,GNN,9.671881,7.888251,1.7836300000000005
148,3,5,GNN,0.4649408,2.4732969,-2.0083561
155,3,5,GNN,7.2991705,5.428622,1.8705485
163,3,5,GNN,6.0551295,5.113937,0.9411924999999997
169,3,5,GNN,1.3029634,1.398878,-0.09591459999999996
184,3,5,GNN,6.458688,3.416939,3.0417490000000003
192,3,5,GNN,1.8171555,1.4397005,0.3774549999999999
200,3,5,GNN,0.09085634,5.0176153,-4.92675896
206,3,5,GNN,2.9178941,4.154139,-1.2362449
216,3,5,GNN,6.9383388,5.6518373,1.2865015
229,3,5,GNN,0.76608,0.9279418,-0.16186180000000006
242,3,5,GNN,4.748294,2.229937,2.5183569999999995
244,3,5,GNN,3.5215707,3.6821513,-0.1605806000000003
245,3,5,GNN,1.4431806,1.8757652,-0.4325846
248,3,5,GNN,5.749897,4.7358813,1.0140156999999999
251,3,5,GNN,1.6650481,1.7232547,-0.05820660000000011
256,3,5,GNN,0.3641551,3.035096,-2.6709408999999997
257,3,5,GNN,7.049818,6.2543225,0.7954955000000004
276,3,5,GNN,6.4303145,6.262232,0.1680824999999997
279,3,5,GNN,4.419368,2.2569816,2.1623864000000004
312,3,5,GNN,7.711122,7.364907,0.34621499999999994
316,3,5,GNN,4.990129,4.566572,0.42355699999999974
318,3,5,GNN,12.021655,7.6227765,4.398878500000001
360,3,5,GNN,4.001168,5.5552907,-1.5541226999999997
370,3,5,GNN,2.0335119,3.5997446,-1.5662327
374,3,5,GNN,2.7887237,1.8205599,0.9681637999999999
377,3,5,GNN,9.671881,6.4440713,3.227809700000001
394,3,5,GNN,1.2568539,2.133316,-0.8764621000000001
404,3,5,GNN,3.650495,1.6393658,2.0111292
408,3,5,GNN,3.2931263,4.552979,-1.2598526999999997
415,3,5,GNN,1.2135745,1.6770886,-0.46351410000000004
422,3,5,GNN,0.5016732,1.3240906,-0.8224173999999999
433,3,5,GNN,5.5468283,5.262605,0.28422329999999985
434,3,5,GNN,3.0781026,3.1881096,-0.11000700000000041
443,3,5,GNN,6.953457,4.0635147,2.8899423000000004
459,3,5,GNN,5.9857836,5.774279,0.2115046000000005
466,3,5,GNN,5.119204,4.685921,0.4332830000000003
480,3,5,GNN,3.6825666,2.902931,0.7796355999999998
495,3,5,GNN,6.4249783,4.156154,2.2688243000000003
503,3,5,GNN,0.6362455,6.329671,-5.6934255
507,3,5,GNN,6.9383388,3.2015498,3.7367890000000004
532,3,5,GNN,0.6793785,3.6242225,-2.9448440000000002
547,3,5,GNN,2.9953651,2.3029585,0.6924066
564,3,5,GNN,11.391156,7.7699165,3.6212395000000006
601,3,5,GNN,3.9095998,5.816632,-1.9070322000000002
615,3,5,GNN,0.6401138,3.351222,-2.7111082
634,3,5,GNN,3.3676689,4.1079326,-0.7402636999999999
639,3,5,GNN,2.7786994,3.2121043,-0.4334049000000002
643,3,5,GNN,1.6083632,1.2296916,0.3786716000000001
38,3,6,GNN,5.3967667,7.005174,-1.6084073000000005
39,3,6,GNN,2.7442024,3.6001234,-0.8559210000000004
45,3,6,GNN,1.1088728,0.8099719,0.29890090000000014
47,3,6,GNN,4.4006248,3.9774487,0.42317610000000005
52,3,6,GNN,1.9786383,6.320699,-4.3420607
69,3,6,GNN,0.7330525,3.8080661,-3.0750136
70,3,6,GNN,2.4031131,2.26753,0.1355831000000003
75,3,6,GNN,3.4129298,2.6827857,0.7301441
76,3,6,GNN,1.7118955,2.7918031,-1.0799076
91,3,6,GNN,6.197501,7.007495,-0.8099939999999997
101,3,6,GNN,5.229434,4.475821,0.7536130000000005
105,3,6,GNN,4.6247525,3.5597517,1.0650007999999995
111,3,6,GNN,2.217544,1.6841735,0.5333705000000002
121,3,6,GNN,0.0,2.998881,-2.998881
125,3,6,GNN,4.5250196,4.161518,0.3635016000000002
126,3,6,GNN,1.7335263,2.2791314,-0.5456050999999997
143,3,6,GNN,5.7057114,6.157285,-0.4515735999999997
145,3,6,GNN,9.671881,8.425238,1.2466430000000006
148,3,6,GNN,0.4649408,1.7728882,-1.3079474
155,3,6,GNN,7.2991705,7.289661,0.00950950000000006
163,3,6,GNN,6.0551295,6.1089168,-0.05378730000000065
169,3,6,GNN,1.3029634,1.3609861,-0.05802269999999998
184,3,6,GNN,6.458688,5.5419917,0.9166963000000008
192,3,6,GNN,1.8171555,1.8982502,-0.08109470000000019
200,3,6,GNN,0.09085634,3.2208116,-3.12995526
206,3,6,GNN,2.9178941,4.0704885,-1.1525944
216,3,6,GNN,6.9383388,6.217933,0.7204058
229,3,6,GNN,0.76608,1.5167481,-0.7506681000000001
242,3,6,GNN,4.748294,3.5305917,1.2177022999999996
244,3,6,GNN,3.5215707,3.4745262,0.04704449999999971
245,3,6,GNN,1.4431806,1.9488902,-0.5057095999999999
248,3,6,GNN,5.749897,5.0178304,0.7320665999999996
251,3,6,GNN,1.6650481,2.080611,-0.4155629000000003
256,3,6,GNN,0.3641551,3.495757,-3.1316018999999997
257,3,6,GNN,7.049818,8.270188,-1.220369999999999
276,3,6,GNN,6.4303145,7.413041,-0.9827265000000001
279,3,6,GNN,4.419368,3.3506687,1.0686993000000005
312,3,6,GNN,7.711122,7.698465,0.012656999999999918
316,3,6,GNN,4.990129,4.9700503,0.020078700000000005
318,3,6,GNN,12.021655,11.481507,0.5401480000000003
360,3,6,GNN,4.001168,6.3449016,-2.3437336
370,3,6,GNN,2.0335119,4.182863,-2.1493511
374,3,6,GNN,2.7887237,3.2523286,-0.4636049
377,3,6,GNN,9.671881,8.946024,0.7258570000000013
394,3,6,GNN,1.2568539,1.3574712,-0.10061729999999991
404,3,6,GNN,3.650495,3.706949,-0.056454000000000004
408,3,6,GNN,3.2931263,3.9047096,-0.6115832999999999
415,3,6,GNN,1.2135745,2.1441412,-0.9305667
422,3,6,GNN,0.5016732,1.7388217,-1.2371485
433,3,6,GNN,5.5468283,6.695525,-1.1486967000000003
434,3,6,GNN,3.0781026,2.2586937,0.8194089
443,3,6,GNN,6.953457,5.2690387,1.6844183
459,3,6,GNN,5.9857836,5.9196677,0.06611590000000067
466,3,6,GNN,5.119204,5.19762,-0.07841599999999982
480,3,6,GNN,3.6825666,3.3873463,0.2952203
495,3,6,GNN,6.4249783,4.4835205,1.9414578000000002
503,3,6,GNN,0.6362455,5.8434005,-5.207155
507,3,6,GNN,6.9383388,4.7954125,2.1429263
532,3,6,GNN,0.6793785,3.1575425,-2.478164
547,3,6,GNN,2.9953651,2.5220878,0.4732772999999999
564,3,6,GNN,11.391156,12.169985,-0.778829
601,3,6,GNN,3.9095998,6.0878797,-2.1782799
615,3,6,GNN,0.6401138,3.5352964,-2.8951826
634,3,6,GNN,3.3676689,3.6566923,-0.28902340000000004
639,3,6,GNN,2.7786994,3.145857,-0.3671576000000001
643,3,6,GNN,1.6083632,1.183357,0.4250062000000001
38,3,7,GNN,5.3967667,4.796173,0.6005937000000001
39,3,7,GNN,2.7442024,3.1072268,-0.3630244
45,3,7,GNN,1.1088728,1.2450324,-0.13615959999999983
47,3,7,GNN,4.4006248,4.3134723,0.08715250000000019
52,3,7,GNN,1.9786383,4.927864,-2.9492256999999995
69,3,7,GNN,0.7330525,3.446568,-2.7135155
70,3,7,GNN,2.4031131,1.6635641,0.739549
75,3,7,GNN,3.4129298,1.9821883,1.4307415
76,3,7,GNN,1.7118955,3.6323547,-1.9204592
91,3,7,GNN,6.197501,6.000613,0.1968879999999995
101,3,7,GNN,5.229434,3.996809,1.2326250000000005
105,3,7,GNN,4.6247525,4.7197757,-0.09502319999999997
111,3,7,GNN,2.217544,1.4329053,0.7846387000000001
121,3,7,GNN,0.0,3.5552773,-3.5552773
125,3,7,GNN,4.5250196,5.034034,-0.5090143999999999
126,3,7,GNN,1.7335263,2.1542945,-0.4207681999999997
143,3,7,GNN,5.7057114,4.625676,1.0800353999999999
145,3,7,GNN,9.671881,8.081554,1.5903270000000003
148,3,7,GNN,0.4649408,3.1844435,-2.7195027
155,3,7,GNN,7.2991705,6.0009403,1.2982302
163,3,7,GNN,6.0551295,5.2270613,0.8280681999999997
169,3,7,GNN,1.3029634,1.3461831,-0.04321969999999986
184,3,7,GNN,6.458688,4.9699774,1.4887106
192,3,7,GNN,1.8171555,1.5657521,0.25140339999999983
200,3,7,GNN,0.09085634,4.13194,-4.04108366
206,3,7,GNN,2.9178941,3.9083233,-0.9904292000000003
216,3,7,GNN,6.9383388,5.6259317,1.3124071000000006
229,3,7,GNN,0.76608,1.0837549,-0.3176749
242,3,7,GNN,4.748294,3.4262629,1.3220310999999998
244,3,7,GNN,3.5215707,3.7401762,-0.21860550000000023
245,3,7,GNN,1.4431806,2.5194373,-1.0762566999999998
248,3,7,GNN,5.749897,5.427491,0.32240599999999997
251,3,7,GNN,1.6650481,1.765421,-0.10037289999999999
256,3,7,GNN,0.3641551,2.958377,-2.5942219
257,3,7,GNN,7.049818,6.59587,0.45394800000000046
276,3,7,GNN,6.4303145,6.2000594,0.23025509999999993
279,3,7,GNN,4.419368,2.962872,1.4564960000000005
312,3,7,GNN,7.711122,7.301429,0.40969299999999986
316,3,7,GNN,4.990129,4.619092,0.3710369999999994
318,3,7,GNN,12.021655,9.44537,2.5762850000000004
360,3,7,GNN,4.001168,5.563075,-1.5619070000000006
370,3,7,GNN,2.0335119,3.4589663,-1.4254544
374,3,7,GNN,2.7887237,1.9855683,0.8031553999999999
377,3,7,GNN,9.671881,7.224798,2.447083000000001
394,3,7,GNN,1.2568539,2.0185297,-0.7616758000000001
404,3,7,GNN,3.650495,1.4245949,2.2259000999999996
408,3,7,GNN,3.2931263,4.3246484,-1.0315221
415,3,7,GNN,1.2135745,1.4760187,-0.2624442
422,3,7,GNN,0.5016732,1.3077613,-0.8060880999999999
433,3,7,GNN,5.5468283,5.201394,0.34543429999999997
434,3,7,GNN,3.0781026,5.2911158,-2.2130132000000002
443,3,7,GNN,6.953457,5.2671895,1.6862675000000005
459,3,7,GNN,5.9857836,6.29412,-0.30833639999999995
466,3,7,GNN,5.119204,3.7602687,1.3589352999999997
480,3,7,GNN,3.6825666,1.9851627,1.6974038999999999
495,3,7,GNN,6.4249783,3.9488697,2.4761086000000003
503,3,7,GNN,0.6362455,7.1815534,-6.5453079
507,3,7,GNN,6.9383388,5.4749737,1.4633651000000008
532,3,7,GNN,0.6793785,4.39592,-3.7165415000000004
547,3,7,GNN,2.9953651,2.1744466,0.8209184999999999
564,3,7,GNN,11.391156,9.630762,1.7603939999999998
601,3,7,GNN,3.9095998,6.3698087,-2.4602089
615,3,7,GNN,0.6401138,3.3922157,-2.7521019
634,3,7,GNN,3.3676689,4.743739,-1.3760700999999997
639,3,7,GNN,2.7786994,3.1662807,-0.38758130000000035
643,3,7,GNN,1.6083632,1.3057888,0.30257440000000013
38,3,8,GNN,5.3967667,5.4405084,-0.043741699999999994
39,3,8,GNN,2.7442024,2.9186919,-0.17448949999999996
45,3,8,GNN,1.1088728,1.101516,0.007356800000000163
47,3,8,GNN,4.4006248,4.46284,-0.062215199999999804
52,3,8,GNN,1.9786383,5.050003,-3.0713647
69,3,8,GNN,0.7330525,2.608703,-1.8756505000000003
70,3,8,GNN,2.4031131,1.8052292,0.5978839
75,3,8,GNN,3.4129298,1.8095119,1.6034179000000002
76,3,8,GNN,1.7118955,2.7563326,-1.0444371
91,3,8,GNN,6.197501,6.1331863,0.06431469999999972
101,3,8,GNN,5.229434,4.490615,0.7388190000000003
105,3,8,GNN,4.6247525,4.0382376,0.5865148999999992
111,3,8,GNN,2.217544,1.8227171,0.3948269000000002
121,3,8,GNN,0.0,3.0498977,-3.0498977
125,3,8,GNN,4.5250196,5.4916377,-0.9666180999999998
126,3,8,GNN,1.7335263,1.7388369,-0.005310599999999832
143,3,8,GNN,5.7057114,4.7630424,0.9426690000000004
145,3,8,GNN,9.671881,8.792113,0.8797680000000003
148,3,8,GNN,0.4649408,2.0749233,-1.6099825
155,3,8,GNN,7.2991705,6.235007,1.0641634999999994
163,3,8,GNN,6.0551295,6.008852,0.04627749999999953
169,3,8,GNN,1.3029634,1.0122817,0.29068170000000015
184,3,8,GNN,6.458688,4.6677804,1.7909076000000006
192,3,8,GNN,1.8171555,1.8004944,0.016661099999999873
200,3,8,GNN,0.09085634,2.735696,-2.6448396599999997
206,3,8,GNN,2.9178941,3.0387957,-0.12090160000000028
216,3,8,GNN,6.9383388,6.930792,0.007546800000000076
229,3,8,GNN,0.76608,0.6019406,0.16413939999999994
242,3,8,GNN,4.748294,3.141287,1.6070069999999994
244,3,8,GNN,3.5215707,3.7097206,-0.18814989999999998
245,3,8,GNN,1.4431806,2.5374644,-1.0942838000000001
248,3,8,GNN,5.749897,5.068905,0.6809919999999998
251,3,8,GNN,1.6650481,1.5729094,0.09213870000000002
256,3,8,GNN,0.3641551,2.8881266,-2.5239715
257,3,8,GNN,7.049818,6.3257236,0.7240944000000002
276,3,8,GNN,6.4303145,6.7353535,-0.3050390000000007
279,3,8,GNN,4.419368,3.6147864,0.8045816000000006
312,3,8,GNN,7.711122,7.3320694,0.37905259999999963
316,3,8,GNN,4.990129,4.384595,0.6055339999999996
318,3,8,GNN,12.021655,10.348479,1.6731760000000016
360,3,8,GNN,4.001168,5.9756503,-1.9744823
370,3,8,GNN,2.0335119,2.724017,-0.6905050999999998
374,3,8,GNN,2.7887237,2.0255947,0.7631289999999997
377,3,8,GNN,9.671881,8.348567,1.3233140000000017
394,3,8,GNN,1.2568539,1.906863,-0.6500090999999999
404,3,8,GNN,3.650495,1.6435093,2.0069856999999995
408,3,8,GNN,3.2931263,4.322739,-1.0296127000000004
415,3,8,GNN,1.2135745,1.4363307,-0.22275620000000007
422,3,8,GNN,0.5016732,1.0862269,-0.5845537
433,3,8,GNN,5.5468283,2.8447244,2.7021038999999996
434,3,8,GNN,3.0781026,6.508148,-3.4300454000000005
443,3,8,GNN,6.953457,5.677924,1.2755330000000002
459,3,8,GNN,5.9857836,6.284753,-0.29896939999999983
466,3,8,GNN,5.119204,3.5485568,1.5706471999999998
480,3,8,GNN,3.6825666,1.2046527,2.4779139
495,3,8,GNN,6.4249783,4.517973,1.9070053000000007
503,3,8,GNN,0.6362455,6.909704,-6.273458499999999
507,3,8,GNN,6.9383388,6.595863,0.3424758000000008
532,3,8,GNN,0.6793785,2.7222025,-2.042824
547,3,8,GNN,2.9953651,1.8719331,1.123432
564,3,8,GNN,11.391156,10.310094,1.081062000000001
601,3,8,GNN,3.9095998,6.825157,-2.9155572
615,3,8,GNN,0.6401138,3.211165,-2.5710512
634,3,8,GNN,3.3676689,3.7982624,-0.4305935000000001
639,3,8,GNN,2.7786994,2.479844,0.2988553999999999
643,3,8,GNN,1.6083632,1.1462256,0.46213760000000015
38,3,9,GNN,5.3967667,4.0957603,1.3010063999999995
39,3,9,GNN,2.7442024,3.407329,-0.6631266
45,3,9,GNN,1.1088728,1.621489,-0.5126161999999999
47,3,9,GNN,4.4006248,3.8674252,0.5331996000000001
52,3,9,GNN,1.9786383,5.133601,-3.1549626999999996
69,3,9,GNN,0.7330525,3.0005748,-2.2675223
70,3,9,GNN,2.4031131,2.0355754,0.3675377000000002
75,3,9,GNN,3.4129298,2.610809,0.8021208
76,3,9,GNN,1.7118955,5.309783,-3.5978875000000006
91,3,9,GNN,6.197501,5.9699593,0.22754169999999974
101,3,9,GNN,5.229434,4.6781507,0.5512833000000006
105,3,9,GNN,4.6247525,4.7370296,-0.11227710000000002
111,3,9,GNN,2.217544,1.9267455,0.2907985000000002
121,3,9,GNN,0.0,3.749418,-3.749418
125,3,9,GNN,4.5250196,4.55112,-0.0261003999999998
126,3,9,GNN,1.7335263,2.6999168,-0.9663904999999999
143,3,9,GNN,5.7057114,3.7380831,1.9676283000000003
145,3,9,GNN,9.671881,7.249942,2.421939000000001
148,3,9,GNN,0.4649408,4.036684,-3.5717432000000002
155,3,9,GNN,7.2991705,6.22486,1.0743105000000002
163,3,9,GNN,6.0551295,5.6644897,0.39063979999999976
169,3,9,GNN,1.3029634,1.9596269,-0.6566634999999998
184,3,9,GNN,6.458688,5.283699,1.174989
192,3,9,GNN,1.8171555,2.341572,-0.5244165000000003
200,3,9,GNN,0.09085634,4.318545,-4.22768866
206,3,9,GNN,2.9178941,3.4909203,-0.5730262000000002
216,3,9,GNN,6.9383388,5.8335257,1.1048131000000003
229,3,9,GNN,0.76608,1.5966222,-0.8305422000000001
242,3,9,GNN,4.748294,5.20677,-0.4584760000000001
244,3,9,GNN,3.5215707,5.1287565,-1.6071857999999999
245,3,9,GNN,1.4431806,2.6818073,-1.2386267
248,3,9,GNN,5.749897,4.839543,0.9103539999999999
251,3,9,GNN,1.6650481,2.072136,-0.40708790000000006
256,3,9,GNN,0.3641551,3.4485037,-3.0843485999999998
257,3,9,GNN,7.049818,6.383975,0.6658429999999997
276,3,9,GNN,6.4303145,6.3644214,0.06589309999999937
279,3,9,GNN,4.419368,3.3747706,1.0445974000000002
312,3,9,GNN,7.711122,7.2528286,0.45829339999999963
316,3,9,GNN,4.990129,4.8125215,0.1776074999999997
318,3,9,GNN,12.021655,7.0204973,5.001157700000001
360,3,9,GNN,4.001168,4.7803144,-0.7791464000000001
370,3,9,GNN,2.0335119,3.3466542,-1.3131423
374,3,9,GNN,2.7887237,2.1609724,0.6277512999999999
377,3,9,GNN,9.671881,5.9597073,3.712173700000001
394,3,9,GNN,1.2568539,2.6146345,-1.3577806000000001
404,3,9,GNN,3.650495,2.512455,1.1380399999999997
408,3,9,GNN,3.2931263,3.8375955,-0.5444692
415,3,9,GNN,1.2135745,2.283322,-1.0697475
422,3,9,GNN,0.5016732,2.0800612,-1.578388
433,3,9,GNN,5.5468283,5.643691,-0.09686269999999997
434,3,9,GNN,3.0781026,5.624851,-2.5467484
443,3,9,GNN,6.953457,5.466447,1.4870100000000006
459,3,9,GNN,5.9857836,5.3416996,0.6440840000000003
466,3,9,GNN,5.119204,4.2981086,0.8210953999999999
480,3,9,GNN,3.6825666,2.4584033,1.2241632999999998
495,3,9,GNN,6.4249783,4.704582,1.7203963
503,3,9,GNN,0.6362455,6.677203,-6.0409575
507,3,9,GNN,6.9383388,6.5458302,0.3925086000000002
532,3,9,GNN,0.6793785,5.677351,-4.9979724999999995
547,3,9,GNN,2.9953651,2.5749307,0.4204344
564,3,9,GNN,11.391156,7.1318336,4.2593224
601,3,9,GNN,3.9095998,5.554407,-1.6448072000000002
615,3,9,GNN,0.6401138,3.4613116,-2.8211978
634,3,9,GNN,3.3676689,6.0127525,-2.6450836000000004
639,3,9,GNN,2.7786994,3.1535938,-0.37489440000000007
643,3,9,GNN,1.6083632,1.7938782,-0.18551499999999987
38,3,10,GNN,5.3967667,4.4234934,0.9732732999999998
39,3,10,GNN,2.7442024,3.2817554,-0.5375530000000004
45,3,10,GNN,1.1088728,1.4146482,-0.3057753999999999
47,3,10,GNN,4.4006248,4.8625913,-0.46196649999999995
52,3,10,GNN,1.9786383,3.9047005,-1.9260622
69,3,10,GNN,0.7330525,3.251338,-2.5182855
70,3,10,GNN,2.4031131,2.0737383,0.3293748000000001
75,3,10,GNN,3.4129298,1.6035417,1.8093881
76,3,10,GNN,1.7118955,3.6750586,-1.9631630999999998
91,3,10,GNN,6.197501,6.18616,0.011340999999999823
101,3,10,GNN,5.229434,4.522818,0.7066160000000004
105,3,10,GNN,4.6247525,4.8102818,-0.18552930000000067
111,3,10,GNN,2.217544,1.9870647,0.23047930000000028
121,3,10,GNN,0.0,2.4749794,-2.4749794
125,3,10,GNN,4.5250196,3.8783836,0.6466360000000004
126,3,10,GNN,1.7335263,2.219822,-0.4862957000000001
143,3,10,GNN,5.7057114,4.2286515,1.4770599000000004
145,3,10,GNN,9.671881,7.408318,2.2635630000000004
148,3,10,GNN,0.4649408,2.205456,-1.7405152
155,3,10,GNN,7.2991705,7.32824,-0.029069500000000303
163,3,10,GNN,6.0551295,5.599211,0.4559184999999992
169,3,10,GNN,1.3029634,1.5324258,-0.22946239999999984
184,3,10,GNN,6.458688,5.0139604,1.4447276000000002
192,3,10,GNN,1.8171555,2.3094754,-0.49231990000000025
200,3,10,GNN,0.09085634,4.081855,-3.99099866
206,3,10,GNN,2.9178941,3.2260647,-0.30817059999999996
216,3,10,GNN,6.9383388,5.760665,1.1776738
229,3,10,GNN,0.76608,1.0975055,-0.33142550000000004
242,3,10,GNN,4.748294,3.0077436,1.7405503999999996
244,3,10,GNN,3.5215707,3.8784761,-0.35690540000000004
245,3,10,GNN,1.4431806,2.4942145,-1.0510339
248,3,10,GNN,5.749897,5.1554904,0.5944066000000001
251,3,10,GNN,1.6650481,1.4034797,0.2615683999999998
256,3,10,GNN,0.3641551,3.0926878,-2.7285327
257,3,10,GNN,7.049818,7.3566737,-0.30685569999999984
276,3,10,GNN,6.4303145,6.040447,0.38986749999999937
279,3,10,GNN,4.419368,2.970276,1.4490920000000003
312,3,10,GNN,7.711122,7.2602515,0.45087049999999973
316,3,10,GNN,4.990129,4.5834527,0.4066763
318,3,10,GNN,12.021655,9.263747,2.7579080000000005
360,3,10,GNN,4.001168,5.0108714,-1.0097034000000003
370,3,10,GNN,2.0335119,3.8276186,-1.7941067
374,3,10,GNN,2.7887237,1.709207,1.0795166999999999
377,3,10,GNN,9.671881,7.1312356,2.5406454000000007
394,3,10,GNN,1.2568539,1.7543886,-0.4975346999999999
404,3,10,GNN,3.650495,1.6509581,1.9995368999999998
408,3,10,GNN,3.2931263,4.739089,-1.4459627
415,3,10,GNN,1.2135745,1.5045112,-0.29093670000000005
422,3,10,GNN,0.5016732,1.2338626,-0.7321893999999999
433,3,10,GNN,5.5468283,4.760098,0.7867302999999994
434,3,10,GNN,3.0781026,3.4935176,-0.4154150000000003
443,3,10,GNN,6.953457,6.095372,0.858085
459,3,10,GNN,5.9857836,5.4579024,0.5278812000000004
466,3,10,GNN,5.119204,3.6507936,1.4684103999999998
480,3,10,GNN,3.6825666,2.3473673,1.3351992999999998
495,3,10,GNN,6.4249783,4.485905,1.9390733000000004
503,3,10,GNN,0.6362455,6.760858,-6.1246125
507,3,10,GNN,6.9383388,6.522497,0.41584179999999993
532,3,10,GNN,0.6793785,3.3824883,-2.7031098
547,3,10,GNN,2.9953651,1.7689648,1.2264002999999999
564,3,10,GNN,11.391156,9.654478,1.7366780000000013
601,3,10,GNN,3.9095998,6.926864,-3.0172642
615,3,10,GNN,0.6401138,1.8653386,-1.2252248000000001
634,3,10,GNN,3.3676689,4.8128,-1.4451311000000002
639,3,10,GNN,2.7786994,2.947141,-0.16844159999999997
643,3,10,GNN,1.6083632,1.3420714,0.2662918000000001
7,4,1,GNN,1.0637381,2.022933,-0.9591949000000002
14,4,1,GNN,6.9383388,5.6465573,1.2917815000000008
18,4,1,GNN,4.1936984,4.311002,-0.11730360000000051
30,4,1,GNN,5.3967667,4.9909725,0.4057941999999999
31,4,1,GNN,4.1227155,4.1743026,-0.051587099999999886
40,4,1,GNN,0.53840566,2.1268692,-1.5884635399999998
49,4,1,GNN,6.197501,5.3832703,0.8142306999999995
114,4,1,GNN,1.8372401,2.064307,-0.22706689999999985
116,4,1,GNN,1.2135745,1.3356721,-0.12209760000000003
120,4,1,GNN,5.7057114,1.3063794,4.399332
153,4,1,GNN,3.2443788,2.9437842,0.3005945999999997
157,4,1,GNN,1.005135,0.76161784,0.2435171599999999
166,4,1,GNN,3.675894,2.4414744,1.2344195999999998
187,4,1,GNN,1.0637381,1.8753725,-0.8116344000000002
191,4,1,GNN,3.9394622,4.562479,-0.6230167999999998
195,4,1,GNN,5.2545094,5.6864266,-0.4319172
213,4,1,GNN,2.3320215,1.6858234,0.6461981000000001
217,4,1,GNN,10.436003,8.962036,1.473967
224,4,1,GNN,8.51515,6.518839,1.9963110000000004
232,4,1,GNN,1.349378,1.940693,-0.591315
241,4,1,GNN,1.5892438,3.007782,-1.4185382000000002
253,4,1,GNN,1.5345784,2.1395042,-0.6049258000000002
254,4,1,GNN,3.5189862,1.9550707,1.5639155
258,4,1,GNN,9.50365,6.0116377,3.4920123000000007
260,4,1,GNN,1.3544334,1.5555907,-0.20115729999999998
265,4,1,GNN,1.0304087,5.33173,-4.301321300000001
266,4,1,GNN,6.197501,7.0931735,-0.8956724999999999
273,4,1,GNN,1.1118158,2.6664248,-1.5546090000000001
282,4,1,GNN,2.0934973,1.3114506,0.7820467000000002
285,4,1,GNN,2.7485244,2.1198716,0.6286527999999998
287,4,1,GNN,2.217544,1.6134716,0.6040724000000002
288,4,1,GNN,2.0934973,1.3114506,0.7820467000000002
300,4,1,GNN,1.6442852,2.0662532,-0.4219679999999999
304,4,1,GNN,6.6843266,6.160454,0.5238726000000007
314,4,1,GNN,4.4420643,4.7402754,-0.2982110999999996
317,4,1,GNN,3.9394622,4.834297,-0.8948348000000004
325,4,1,GNN,1.9243029,1.7721866,0.1521163000000001
333,4,1,GNN,1.2568539,1.7858236,-0.5289697
341,4,1,GNN,2.3320215,1.6118425,0.7201790000000001
344,4,1,GNN,6.197501,4.420823,1.7766779999999995
351,4,1,GNN,3.6011271,2.9023223,0.6988048
353,4,1,GNN,2.3688848,1.3114506,1.0574342
364,4,1,GNN,1.4059035,1.4496408,-0.04373730000000009
407,4,1,GNN,1.6805593,2.6912959,-1.0107366
411,4,1,GNN,5.611774,6.5499606,-0.9381866000000008
413,4,1,GNN,1.2620732,2.163352,-0.9012788000000003
414,4,1,GNN,1.8171555,2.7146375,-0.8974819999999999
423,4,1,GNN,0.5503666,2.8034909,-2.2531242999999996
428,4,1,GNN,5.3967667,4.751116,0.6456507
449,4,1,GNN,4.939171,4.339458,0.5997130000000004
451,4,1,GNN,0.9022586,0.72169477,0.18056382999999998
456,4,1,GNN,2.617857,3.1915283,-0.5736713
465,4,1,GNN,1.3029634,2.5358162,-1.2328528
468,4,1,GNN,6.197501,7.7991743,-1.6016732999999999
492,4,1,GNN,3.6011271,4.6574316,-1.0563045
522,4,1,GNN,9.671881,7.4033866,2.2684944000000007
529,4,1,GNN,4.4006248,5.081867,-0.6812421999999998
535,4,1,GNN,2.201571,1.8562039,0.34536710000000004
536,4,1,GNN,0.39748433,0.9241496,-0.5266652700000001
548,4,1,GNN,8.320335,7.1564484,1.1638865999999997
566,4,1,GNN,5.0016165,5.328844,-0.3272275000000002
612,4,1,GNN,5.3967667,3.935224,1.4615426999999999
613,4,1,GNN,2.0335119,3.179173,-1.1456610999999999
627,4,1,GNN,5.611774,7.6255302,-2.0137562000000004
654,4,1,GNN,0.0,0.8692634,-0.8692634
656,4,1,GNN,0.59324473,1.3952944,-0.80204967
7,4,2,GNN,1.0637381,2.0425124,-0.9787743000000002
14,4,2,GNN,6.9383388,7.085745,-0.14740619999999982
18,4,2,GNN,4.1936984,4.43036,-0.23666160000000058
30,4,2,GNN,5.3967667,3.532866,1.8639006999999999
31,4,2,GNN,4.1227155,4.469658,-0.34694249999999993
40,4,2,GNN,0.53840566,1.6108512,-1.07244554
49,4,2,GNN,6.197501,5.944974,0.2525269999999997
114,4,2,GNN,1.8372401,1.7093999,0.12784020000000007
116,4,2,GNN,1.2135745,1.3197705,-0.10619599999999996
120,4,2,GNN,5.7057114,2.6353035,3.0704079
153,4,2,GNN,3.2443788,3.4652753,-0.22089650000000027
157,4,2,GNN,1.005135,0.7324829,0.27265209999999984
166,4,2,GNN,3.675894,3.534544,0.1413500000000001
187,4,2,GNN,1.0637381,1.9845283,-0.9207902000000001
191,4,2,GNN,3.9394622,6.854701,-2.9152388000000005
195,4,2,GNN,5.2545094,5.484427,-0.22991760000000028
213,4,2,GNN,2.3320215,1.7669193,0.5651022000000001
217,4,2,GNN,10.436003,8.427282,2.0087209999999995
224,4,2,GNN,8.51515,6.8117466,1.7034034
232,4,2,GNN,1.349378,1.8212616,-0.47188359999999996
241,4,2,GNN,1.5892438,3.1371632,-1.5479193999999998
253,4,2,GNN,1.5345784,2.35746,-0.8228816000000001
254,4,2,GNN,3.5189862,2.488834,1.0301521999999999
258,4,2,GNN,9.50365,7.9916606,1.5119894
260,4,2,GNN,1.3544334,2.4276948,-1.0732613999999998
265,4,2,GNN,1.0304087,5.351796,-4.3213873000000005
266,4,2,GNN,6.197501,5.017374,1.1801269999999997
273,4,2,GNN,1.1118158,3.3631291,-2.2513133
282,4,2,GNN,2.0934973,1.451321,0.6421763
285,4,2,GNN,2.7485244,2.3718185,0.37670590000000015
287,4,2,GNN,2.217544,1.7622288,0.45531520000000025
288,4,2,GNN,2.0934973,1.451321,0.6421763
300,4,2,GNN,1.6442852,1.9766241,-0.3323389000000001
304,4,2,GNN,6.6843266,5.306928,1.3773986000000003
314,4,2,GNN,4.4420643,4.5392623,-0.09719799999999967
317,4,2,GNN,3.9394622,3.3413095,0.5981527
325,4,2,GNN,1.9243029,1.6263372,0.2979657
333,4,2,GNN,1.2568539,1.8668348,-0.6099808999999998
341,4,2,GNN,2.3320215,2.0947685,0.23725300000000038
344,4,2,GNN,6.197501,4.8888483,1.3086526999999997
351,4,2,GNN,3.6011271,2.3680859,1.2330411999999997
353,4,2,GNN,2.3688848,1.451321,0.9175637999999999
364,4,2,GNN,1.4059035,1.4783473,-0.07244380000000006
407,4,2,GNN,1.6805593,2.1828637,-0.5023043999999999
411,4,2,GNN,5.611774,5.8074274,-0.1956534000000003
413,4,2,GNN,1.2620732,2.2451031,-0.9830299000000002
414,4,2,GNN,1.8171555,3.4793134,-1.6621579000000002
423,4,2,GNN,0.5503666,1.7191213,-1.1687547
428,4,2,GNN,5.3967667,4.7604027,0.6363639999999995
449,4,2,GNN,4.939171,9.086022,-4.146851
451,4,2,GNN,0.9022586,1.1443605,-0.24210189999999987
456,4,2,GNN,2.617857,2.5237255,0.09413150000000003
465,4,2,GNN,1.3029634,3.0012612,-1.6982978
468,4,2,GNN,6.197501,7.4374967,-1.2399956999999997
492,4,2,GNN,3.6011271,5.193449,-1.5923219000000004
522,4,2,GNN,9.671881,8.464843,1.2070380000000007
529,4,2,GNN,4.4006248,4.905368,-0.5047432000000001
535,4,2,GNN,2.201571,1.5613048,0.6402661999999999
536,4,2,GNN,0.39748433,1.3507545,-0.9532701700000001
548,4,2,GNN,8.320335,7.378709,0.9416260000000003
566,4,2,GNN,5.0016165,5.020454,-0.018837500000000063
612,4,2,GNN,5.3967667,3.974854,1.4219126999999996
613,4,2,GNN,2.0335119,5.2698097,-3.2362977999999996
627,4,2,GNN,5.611774,6.5191927,-0.9074187
654,4,2,GNN,0.0,2.2506113,-2.2506113
656,4,2,GNN,0.59324473,1.0406926,-0.4474478700000001
7,4,3,GNN,1.0637381,1.916989,-0.8532509000000001
14,4,3,GNN,6.9383388,7.1589713,-0.2206324999999998
18,4,3,GNN,4.1936984,4.7994237,-0.6057253000000005
30,4,3,GNN,5.3967667,3.7049038,1.6918628999999998
31,4,3,GNN,4.1227155,4.6743155,-0.5515999999999996
40,4,3,GNN,0.53840566,1.5576521,-1.01924644
49,4,3,GNN,6.197501,4.7302666,1.4672343999999997
114,4,3,GNN,1.8372401,1.5187669,0.3184732000000001
116,4,3,GNN,1.2135745,1.465567,-0.25199250000000006
120,4,3,GNN,5.7057114,3.9551265,1.7505849000000002
153,4,3,GNN,3.2443788,4.289605,-1.0452262
157,4,3,GNN,1.005135,1.2196884,-0.2145534
166,4,3,GNN,3.675894,2.4617732,1.2141208
187,4,3,GNN,1.0637381,1.6330472,-0.5693091000000001
191,4,3,GNN,3.9394622,6.9665804,-3.0271182
195,4,3,GNN,5.2545094,5.2550488,-0.0005394000000000787
213,4,3,GNN,2.3320215,1.9241866,0.4078349000000001
217,4,3,GNN,10.436003,8.093387,2.3426159999999996
224,4,3,GNN,8.51515,6.7409873,1.7741627000000006
232,4,3,GNN,1.349378,1.6583456,-0.3089676000000001
241,4,3,GNN,1.5892438,2.9672067,-1.3779629000000002
253,4,3,GNN,1.5345784,2.8847492,-1.3501708
254,4,3,GNN,3.5189862,2.206999,1.3119872
258,4,3,GNN,9.50365,7.7535596,1.7500904000000004
260,4,3,GNN,1.3544334,3.6546948,-2.3002614
265,4,3,GNN,1.0304087,4.5448203,-3.5144116
266,4,3,GNN,6.197501,5.33306,0.8644410000000002
273,4,3,GNN,1.1118158,1.8140765,-0.7022607000000001
282,4,3,GNN,2.0934973,1.1840569,0.9094404
285,4,3,GNN,2.7485244,3.3156412,-0.5671168
287,4,3,GNN,2.217544,2.0159757,0.20156830000000037
288,4,3,GNN,2.0934973,1.1840569,0.9094404
300,4,3,GNN,1.6442852,2.3698483,-0.7255631000000002
304,4,3,GNN,6.6843266,5.619952,1.0643746000000007
314,4,3,GNN,4.4420643,3.7715595,0.6705048000000002
317,4,3,GNN,3.9394622,4.1315722,-0.19211
325,4,3,GNN,1.9243029,1.3655173,0.5587856
333,4,3,GNN,1.2568539,2.252387,-0.9955331000000001
341,4,3,GNN,2.3320215,1.9264624,0.4055591000000003
344,4,3,GNN,6.197501,4.585705,1.611796
351,4,3,GNN,3.6011271,2.4958327,1.1052944
353,4,3,GNN,2.3688848,1.1840569,1.1848279
364,4,3,GNN,1.4059035,1.2856538,0.12024970000000001
407,4,3,GNN,1.6805593,3.0557408,-1.3751815
411,4,3,GNN,5.611774,6.1509123,-0.5391383000000003
413,4,3,GNN,1.2620732,2.2958586,-1.0337854
414,4,3,GNN,1.8171555,1.4738363,0.3433191999999998
423,4,3,GNN,0.5503666,2.3724575,-1.8220908999999998
428,4,3,GNN,5.3967667,5.130468,0.2662987000000001
449,4,3,GNN,4.939171,8.73723,-3.7980590000000003
451,4,3,GNN,0.9022586,1.3048235,-0.4025648999999999
456,4,3,GNN,2.617857,2.2628849,0.3549720999999999
465,4,3,GNN,1.3029634,2.2615507,-0.9585872999999998
468,4,3,GNN,6.197501,7.6412926,-1.4437916
492,4,3,GNN,3.6011271,5.1753683,-1.5742412
522,4,3,GNN,9.671881,6.2373857,3.434495300000001
529,4,3,GNN,4.4006248,4.3008766,0.09974820000000051
535,4,3,GNN,2.201571,1.0761694,1.1254016
536,4,3,GNN,0.39748433,1.2244283,-0.8269439700000001
548,4,3,GNN,8.320335,6.931693,1.388642
566,4,3,GNN,5.0016165,5.107709,-0.10609249999999992
612,4,3,GNN,5.3967667,2.713316,2.6834507
613,4,3,GNN,2.0335119,2.525014,-0.49150209999999994
627,4,3,GNN,5.611774,6.012771,-0.40099700000000027
654,4,3,GNN,0.0,4.7812486,-4.7812486
656,4,3,GNN,0.59324473,0.61032844,-0.017083709999999974
7,4,5,GNN,1.0637381,1.4130648,-0.3493267
14,4,5,GNN,6.9383388,6.053411,0.8849278000000007
18,4,5,GNN,4.1936984,4.8903713,-0.6966729000000003
30,4,5,GNN,5.3967667,5.1360364,0.26073029999999964
31,4,5,GNN,4.1227155,4.8755765,-0.7528610000000002
40,4,5,GNN,0.53840566,1.1912924,-0.65288674
49,4,5,GNN,6.197501,5.6695724,0.5279286000000001
114,4,5,GNN,1.8372401,1.185845,0.6513951
116,4,5,GNN,1.2135745,1.2868536,-0.07327909999999993
120,4,5,GNN,5.7057114,2.5010474,3.204664
153,4,5,GNN,3.2443788,3.3282616,-0.08388280000000004
157,4,5,GNN,1.005135,0.8452685,0.1598664999999999
166,4,5,GNN,3.675894,2.8993425,0.7765515000000001
187,4,5,GNN,1.0637381,1.405239,-0.3415009
191,4,5,GNN,3.9394622,6.5299172,-2.590455
195,4,5,GNN,5.2545094,5.055577,0.19893239999999945
213,4,5,GNN,2.3320215,0.87973773,1.4522837700000002
217,4,5,GNN,10.436003,7.162581,3.273421999999999
224,4,5,GNN,8.51515,5.928986,2.586164
232,4,5,GNN,1.349378,1.7530957,-0.40371770000000007
241,4,5,GNN,1.5892438,4.0052238,-2.4159799999999994
253,4,5,GNN,1.5345784,2.139946,-0.6053676000000001
254,4,5,GNN,3.5189862,2.1849802,1.334006
258,4,5,GNN,9.50365,6.0908666,3.4127834000000004
260,4,5,GNN,1.3544334,3.1280053,-1.7735718999999999
265,4,5,GNN,1.0304087,3.660786,-2.6303773
266,4,5,GNN,6.197501,5.926558,0.27094299999999993
273,4,5,GNN,1.1118158,3.2267554,-2.1149396
282,4,5,GNN,2.0934973,1.4455277,0.6479696000000001
285,4,5,GNN,2.7485244,2.6450984,0.1034259999999998
287,4,5,GNN,2.217544,1.1457043,1.0718397000000002
288,4,5,GNN,2.0934973,1.4455277,0.6479696000000001
300,4,5,GNN,1.6442852,2.3246899,-0.6804047000000002
304,4,5,GNN,6.6843266,5.731499,0.9528276
314,4,5,GNN,4.4420643,4.31304,0.1290243000000002
317,4,5,GNN,3.9394622,5.3127213,-1.3732590999999998
325,4,5,GNN,1.9243029,1.073952,0.8503509
333,4,5,GNN,1.2568539,3.5572274,-2.3003735
341,4,5,GNN,2.3320215,1.6452084,0.6868131000000002
344,4,5,GNN,6.197501,4.4717674,1.7257335999999999
351,4,5,GNN,3.6011271,3.5253353,0.07579179999999974
353,4,5,GNN,2.3688848,1.4455277,0.9233571
364,4,5,GNN,1.4059035,1.6270127,-0.22110920000000012
407,4,5,GNN,1.6805593,3.1747148,-1.4941554999999997
411,4,5,GNN,5.611774,4.980609,0.6311649999999993
413,4,5,GNN,1.2620732,1.5478567,-0.2857835000000002
414,4,5,GNN,1.8171555,3.181586,-1.3644304999999999
423,4,5,GNN,0.5503666,4.1522207,-3.6018540999999997
428,4,5,GNN,5.3967667,5.2885857,0.10818100000000008
449,4,5,GNN,4.939171,6.6500473,-1.7108762999999998
451,4,5,GNN,0.9022586,0.7203784,0.18188020000000005
456,4,5,GNN,2.617857,3.431535,-0.8136779999999999
465,4,5,GNN,1.3029634,3.7693245,-2.4663611000000003
468,4,5,GNN,6.197501,7.255658,-1.0581570000000005
492,4,5,GNN,3.6011271,4.1457934,-0.5446662999999998
522,4,5,GNN,9.671881,7.036823,2.635058000000001
529,4,5,GNN,4.4006248,3.356716,1.0439088
535,4,5,GNN,2.201571,1.8139325,0.3876385
536,4,5,GNN,0.39748433,1.1498276,-0.7523432700000001
548,4,5,GNN,8.320335,6.0368323,2.2835026999999997
566,4,5,GNN,5.0016165,5.7213826,-0.7197661000000002
612,4,5,GNN,5.3967667,2.2654119,3.1313547999999995
613,4,5,GNN,2.0335119,3.3690934,-1.3355815
627,4,5,GNN,5.611774,5.720249,-0.10847500000000032
654,4,5,GNN,0.0,1.5959672,-1.5959672
656,4,5,GNN,0.59324473,1.6445646,-1.05131987
7,4,6,GNN,1.0637381,1.905241,-0.8415029
14,4,6,GNN,6.9383388,6.126037,0.8123018000000002
18,4,6,GNN,4.1936984,4.3628216,-0.16912320000000047
30,4,6,GNN,5.3967667,4.5973988,0.7993679
31,4,6,GNN,4.1227155,4.3608837,-0.2381681999999996
40,4,6,GNN,0.53840566,1.6613483,-1.12294264
49,4,6,GNN,6.197501,7.019573,-0.8220720000000004
114,4,6,GNN,1.8372401,1.9967983,-0.15955819999999998
116,4,6,GNN,1.2135745,1.5298275,-0.3162529999999999
120,4,6,GNN,5.7057114,2.9047987,2.8009127
153,4,6,GNN,3.2443788,4.4137316,-1.1693528000000004
157,4,6,GNN,1.005135,0.6999388,0.3051961999999999
166,4,6,GNN,3.675894,2.789097,0.8867970000000001
187,4,6,GNN,1.0637381,1.9382017,-0.8744636000000001
191,4,6,GNN,3.9394622,6.0829153,-2.1434531
195,4,6,GNN,5.2545094,5.131404,0.12310540000000003
213,4,6,GNN,2.3320215,1.477432,0.8545895000000001
217,4,6,GNN,10.436003,7.9539666,2.4820363999999993
224,4,6,GNN,8.51515,7.399783,1.115367
232,4,6,GNN,1.349378,2.1378796,-0.7885016000000002
241,4,6,GNN,1.5892438,3.86223,-2.2729862
253,4,6,GNN,1.5345784,2.5451365,-1.0105581
254,4,6,GNN,3.5189862,2.5073102,1.011676
258,4,6,GNN,9.50365,6.9814157,2.5222343
260,4,6,GNN,1.3544334,3.3140347,-1.9596013
265,4,6,GNN,1.0304087,5.1454425,-4.1150338
266,4,6,GNN,6.197501,6.7108994,-0.5133983999999998
273,4,6,GNN,1.1118158,3.5923991,-2.4805833
282,4,6,GNN,2.0934973,1.3240631,0.7694342000000001
285,4,6,GNN,2.7485244,2.8843029,-0.1357784999999998
287,4,6,GNN,2.217544,2.0243263,0.19321770000000038
288,4,6,GNN,2.0934973,1.3240631,0.7694342000000001
300,4,6,GNN,1.6442852,2.2239356,-0.5796504
304,4,6,GNN,6.6843266,6.9124007,-0.22807409999999972
314,4,6,GNN,4.4420643,4.584632,-0.14256769999999985
317,4,6,GNN,3.9394622,4.713304,-0.7738418
325,4,6,GNN,1.9243029,1.6453599,0.27894299999999994
333,4,6,GNN,1.2568539,3.3676324,-2.1107785000000003
341,4,6,GNN,2.3320215,1.6775157,0.6545058000000001
344,4,6,GNN,6.197501,4.697863,1.499638
351,4,6,GNN,3.6011271,3.6869686,-0.08584150000000035
353,4,6,GNN,2.3688848,1.3240631,1.0448217
364,4,6,GNN,1.4059035,2.3077605,-0.9018570000000001
407,4,6,GNN,1.6805593,3.115917,-1.4353577
411,4,6,GNN,5.611774,5.645294,-0.033520000000000216
413,4,6,GNN,1.2620732,2.420778,-1.1587048
414,4,6,GNN,1.8171555,2.844395,-1.0272395
423,4,6,GNN,0.5503666,3.6030397,-3.0526731
428,4,6,GNN,5.3967667,5.265544,0.13122269999999947
449,4,6,GNN,4.939171,9.624536,-4.685365000000001
451,4,6,GNN,0.9022586,0.6709989,0.23125970000000007
456,4,6,GNN,2.617857,3.6122463,-0.9943892999999999
465,4,6,GNN,1.3029634,3.4951632,-2.1921998
468,4,6,GNN,6.197501,8.166413,-1.9689120000000004
492,4,6,GNN,3.6011271,5.6420875,-2.0409604
522,4,6,GNN,9.671881,8.698852,0.9730290000000004
529,4,6,GNN,4.4006248,5.716589,-1.3159641999999998
535,4,6,GNN,2.201571,1.9799483,0.22162269999999995
536,4,6,GNN,0.39748433,1.2508026,-0.8533182700000002
548,4,6,GNN,8.320335,6.3849955,1.9353395000000004
566,4,6,GNN,5.0016165,5.907102,-0.9054855000000002
612,4,6,GNN,5.3967667,3.736599,1.6601676999999997
613,4,6,GNN,2.0335119,2.8029506,-0.7694386999999998
627,4,6,GNN,5.611774,6.844671,-1.2328970000000004
654,4,6,GNN,0.0,0.8199629,-0.8199629
656,4,6,GNN,0.59324473,1.3039266,-0.71068187
7,4,7,GNN,1.0637381,2.2872581,-1.22352
14,4,7,GNN,6.9383388,6.2773757,0.6609631
18,4,7,GNN,4.1936984,4.3236465,-0.1299481
30,4,7,GNN,5.3967667,4.880338,0.5164286999999996
31,4,7,GNN,4.1227155,4.264586,-0.14187050000000045
40,4,7,GNN,0.53840566,2.1532156,-1.6148099399999998
49,4,7,GNN,6.197501,7.0931177,-0.8956166999999997
114,4,7,GNN,1.8372401,1.918418,-0.08117789999999991
116,4,7,GNN,1.2135745,1.1485953,0.06497920000000001
120,4,7,GNN,5.7057114,3.2030077,2.5027037
153,4,7,GNN,3.2443788,3.3326416,-0.08826280000000031
157,4,7,GNN,1.005135,0.5478439,0.45729109999999984
166,4,7,GNN,3.675894,2.8622882,0.8136057999999999
187,4,7,GNN,1.0637381,2.243741,-1.1800029
191,4,7,GNN,3.9394622,6.294354,-2.3548918000000003
195,4,7,GNN,5.2545094,6.257608,-1.0030986000000004
213,4,7,GNN,2.3320215,1.9897407,0.34228080000000016
217,4,7,GNN,10.436003,7.491696,2.9443069999999993
224,4,7,GNN,8.51515,6.098254,2.4168960000000004
232,4,7,GNN,1.349378,2.3240526,-0.9746746
241,4,7,GNN,1.5892438,4.144409,-2.5551651999999994
253,4,7,GNN,1.5345784,2.5269065,-0.9923280999999999
254,4,7,GNN,3.5189862,2.8004634,0.7185228000000001
258,4,7,GNN,9.50365,6.578058,2.925592
260,4,7,GNN,1.3544334,3.3756502,-2.0212168
265,4,7,GNN,1.0304087,2.9489818,-1.9185731
266,4,7,GNN,6.197501,6.4950604,-0.2975593999999999
273,4,7,GNN,1.1118158,2.8943963,-1.7825805
282,4,7,GNN,2.0934973,1.8460191,0.2474782000000002
285,4,7,GNN,2.7485244,3.409378,-0.6608535999999998
287,4,7,GNN,2.217544,1.668443,0.5491010000000003
288,4,7,GNN,2.0934973,1.8460191,0.2474782000000002
300,4,7,GNN,1.6442852,2.173675,-0.5293897999999999
304,4,7,GNN,6.6843266,6.168686,0.5156406000000002
314,4,7,GNN,4.4420643,4.11574,0.32632430000000046
317,4,7,GNN,3.9394622,5.4644785,-1.5250163000000003
325,4,7,GNN,1.9243029,1.9085331,0.015769799999999945
333,4,7,GNN,1.2568539,3.7202678,-2.4634139
341,4,7,GNN,2.3320215,1.7808577,0.5511638000000001
344,4,7,GNN,6.197501,5.6334996,0.5640013999999995
351,4,7,GNN,3.6011271,3.9486036,-0.3474765000000004
353,4,7,GNN,2.3688848,1.8460191,0.5228657000000001
364,4,7,GNN,1.4059035,1.2491388,0.15676469999999987
407,4,7,GNN,1.6805593,2.4426045,-0.7620451999999998
411,4,7,GNN,5.611774,5.560414,0.05135999999999985
413,4,7,GNN,1.2620732,2.2296429,-0.9675697000000001
414,4,7,GNN,1.8171555,3.3804293,-1.5632738
423,4,7,GNN,0.5503666,3.4704757,-2.9201091000000003
428,4,7,GNN,5.3967667,5.964339,-0.5675723000000001
449,4,7,GNN,4.939171,7.602618,-2.6634469999999997
451,4,7,GNN,0.9022586,0.5439068,0.3583518
456,4,7,GNN,2.617857,3.3414056,-0.7235486
465,4,7,GNN,1.3029634,3.141312,-1.8383486
468,4,7,GNN,6.197501,7.6053443,-1.4078432999999997
492,4,7,GNN,3.6011271,5.5819473,-1.9808202000000006
522,4,7,GNN,9.671881,8.209887,1.4619940000000007
529,4,7,GNN,4.4006248,3.8032482,0.5973766
535,4,7,GNN,2.201571,2.0616298,0.1399412
536,4,7,GNN,0.39748433,1.4382576,-1.04077327
548,4,7,GNN,8.320335,6.406999,1.9133360000000001
566,4,7,GNN,5.0016165,5.5320635,-0.5304469999999997
612,4,7,GNN,5.3967667,3.6548643,1.7419023999999999
613,4,7,GNN,2.0335119,3.1873658,-1.1538538999999997
627,4,7,GNN,5.611774,6.028892,-0.4171180000000003
654,4,7,GNN,0.0,2.0722823,-2.0722823
656,4,7,GNN,0.59324473,1.7779675,-1.18472277
7,4,8,GNN,1.0637381,2.0817966,-1.0180585000000002
14,4,8,GNN,6.9383388,6.3180914,0.6202474000000002
18,4,8,GNN,4.1936984,4.6708827,-0.4771843000000002
30,4,8,GNN,5.3967667,5.1731877,0.22357899999999997
31,4,8,GNN,4.1227155,4.6514816,-0.5287661000000003
40,4,8,GNN,0.53840566,1.7071242,-1.16871854
49,4,8,GNN,6.197501,6.882559,-0.6850579999999997
114,4,8,GNN,1.8372401,1.7399255,0.09731460000000003
116,4,8,GNN,1.2135745,1.5974426,-0.38386809999999993
120,4,8,GNN,5.7057114,3.1261868,2.5795246
153,4,8,GNN,3.2443788,3.2859044,-0.041525600000000384
157,4,8,GNN,1.005135,0.8029431,0.20219189999999987
166,4,8,GNN,3.675894,3.279069,0.3968250000000002
187,4,8,GNN,1.0637381,2.0921469,-1.0284088
191,4,8,GNN,3.9394622,6.3783083,-2.4388460999999997
195,4,8,GNN,5.2545094,4.994113,0.2603964000000003
213,4,8,GNN,2.3320215,2.3122852,0.019736300000000373
217,4,8,GNN,10.436003,6.3603187,4.0756843
224,4,8,GNN,8.51515,5.7941756,2.7209744000000002
232,4,8,GNN,1.349378,3.078033,-1.728655
241,4,8,GNN,1.5892438,4.398343,-2.8090991999999995
253,4,8,GNN,1.5345784,1.768185,-0.2336065999999999
254,4,8,GNN,3.5189862,2.6110172,0.907969
258,4,8,GNN,9.50365,6.601113,2.9025370000000006
260,4,8,GNN,1.3544334,4.2546725,-2.9002391
265,4,8,GNN,1.0304087,4.5984373,-3.5680286
266,4,8,GNN,6.197501,5.717048,0.4804529999999998
273,4,8,GNN,1.1118158,4.603161,-3.4913452
282,4,8,GNN,2.0934973,2.5109792,-0.41748189999999985
285,4,8,GNN,2.7485244,3.3449857,-0.5964613000000001
287,4,8,GNN,2.217544,1.6511197,0.5664243000000002
288,4,8,GNN,2.0934973,2.5109792,-0.41748189999999985
300,4,8,GNN,1.6442852,1.9858952,-0.3416100000000002
304,4,8,GNN,6.6843266,5.886122,0.7982046
314,4,8,GNN,4.4420643,4.6646137,-0.22254940000000012
317,4,8,GNN,3.9394622,5.115402,-1.1759397999999996
325,4,8,GNN,1.9243029,1.8769886,0.04731430000000003
333,4,8,GNN,1.2568539,4.261073,-3.0042190999999994
341,4,8,GNN,2.3320215,1.923418,0.4086035000000001
344,4,8,GNN,6.197501,4.7174835,1.4800174999999998
351,4,8,GNN,3.6011271,5.1132174,-1.5120903
353,4,8,GNN,2.3688848,2.5109792,-0.14209439999999995
364,4,8,GNN,1.4059035,2.343023,-0.9371195000000001
407,4,8,GNN,1.6805593,2.4290621,-0.7485027999999998
411,4,8,GNN,5.611774,5.299098,0.31267599999999973
413,4,8,GNN,1.2620732,2.3418286,-1.0797554
414,4,8,GNN,1.8171555,4.0920115,-2.2748559999999998
423,4,8,GNN,0.5503666,4.4040804,-3.8537137999999995
428,4,8,GNN,5.3967667,5.523078,-0.12631130000000024
449,4,8,GNN,4.939171,7.3652663,-2.4260953
451,4,8,GNN,0.9022586,0.919561,-0.01730239999999994
456,4,8,GNN,2.617857,5.0027432,-2.3848862000000004
465,4,8,GNN,1.3029634,3.9972756,-2.6943121999999997
468,4,8,GNN,6.197501,7.199587,-1.0020860000000003
492,4,8,GNN,3.6011271,5.057641,-1.4565139000000005
522,4,8,GNN,9.671881,7.196861,2.4750200000000007
529,4,8,GNN,4.4006248,4.006357,0.3942677999999997
535,4,8,GNN,2.201571,2.058961,0.1426099999999999
536,4,8,GNN,0.39748433,1.8974761,-1.49999177
548,4,8,GNN,8.320335,6.2119126,2.1084224000000003
566,4,8,GNN,5.0016165,5.603584,-0.6019674999999998
612,4,8,GNN,5.3967667,3.3947334,2.0020333
613,4,8,GNN,2.0335119,3.7423127,-1.7088007999999997
627,4,8,GNN,5.611774,6.0467615,-0.4349875000000001
654,4,8,GNN,0.0,1.8522816,-1.8522816
656,4,8,GNN,0.59324473,2.6160417,-2.02279697
7,4,9,GNN,1.0637381,1.8943263,-0.8305882
14,4,9,GNN,6.9383388,5.003419,1.9349198000000003
18,4,9,GNN,4.1936984,3.8476508,0.3460475999999999
30,4,9,GNN,5.3967667,3.8818586,1.5149080999999995
31,4,9,GNN,4.1227155,3.8229384,0.2997771
40,4,9,GNN,0.53840566,0.9124688,-0.37406313999999996
49,4,9,GNN,6.197501,4.7957997,1.4017013
114,4,9,GNN,1.8372401,0.8939333,0.9433068
116,4,9,GNN,1.2135745,1.035483,0.17809150000000007
120,4,9,GNN,5.7057114,4.100191,1.6055204000000005
153,4,9,GNN,3.2443788,2.8613312,0.3830475999999998
157,4,9,GNN,1.005135,0.82555294,0.17958205999999988
166,4,9,GNN,3.675894,2.663853,1.012041
187,4,9,GNN,1.0637381,1.9692788,-0.9055407000000002
191,4,9,GNN,3.9394622,5.1980515,-1.2585893000000001
195,4,9,GNN,5.2545094,4.418107,0.8364023999999999
213,4,9,GNN,2.3320215,1.9454479,0.3865736000000002
217,4,9,GNN,10.436003,7.658108,2.777894999999999
224,4,9,GNN,8.51515,6.920944,1.5942059999999998
232,4,9,GNN,1.349378,1.6269797,-0.27760169999999995
241,4,9,GNN,1.5892438,3.868817,-2.2795731999999997
253,4,9,GNN,1.5345784,1.9378512,-0.4032728000000001
254,4,9,GNN,3.5189862,2.0702696,1.4487166
258,4,9,GNN,9.50365,6.2519855,3.2516645000000004
260,4,9,GNN,1.3544334,2.52896,-1.1745266
265,4,9,GNN,1.0304087,5.1497736,-4.1193649
266,4,9,GNN,6.197501,5.5792055,0.6182955000000003
273,4,9,GNN,1.1118158,2.1754885,-1.0636727000000001
282,4,9,GNN,2.0934973,1.3044031,0.7890942000000001
285,4,9,GNN,2.7485244,2.421432,0.32709240000000017
287,4,9,GNN,2.217544,1.1660447,1.0514993000000001
288,4,9,GNN,2.0934973,1.3044031,0.7890942000000001
300,4,9,GNN,1.6442852,2.457822,-0.8135368000000003
304,4,9,GNN,6.6843266,5.7433496,0.9409770000000002
314,4,9,GNN,4.4420643,4.7389846,-0.2969203
317,4,9,GNN,3.9394622,3.9528933,-0.013431100000000029
325,4,9,GNN,1.9243029,0.974339,0.9499639000000001
333,4,9,GNN,1.2568539,2.3937414,-1.1368875
341,4,9,GNN,2.3320215,1.55898,0.7730415000000002
344,4,9,GNN,6.197501,4.01922,2.178281
351,4,9,GNN,3.6011271,2.6447756,0.9563514999999998
353,4,9,GNN,2.3688848,1.3044031,1.0644817
364,4,9,GNN,1.4059035,1.8729756,-0.4670721
407,4,9,GNN,1.6805593,1.7437621,-0.0632028
411,4,9,GNN,5.611774,5.045139,0.5666349999999998
413,4,9,GNN,1.2620732,2.141833,-0.8797598000000002
414,4,9,GNN,1.8171555,2.347855,-0.5306995000000001
423,4,9,GNN,0.5503666,2.2869673,-1.7366007
428,4,9,GNN,5.3967667,5.683319,-0.2865523000000003
449,4,9,GNN,4.939171,5.511994,-0.5728229999999996
451,4,9,GNN,0.9022586,0.8620612,0.04019740000000005
456,4,9,GNN,2.617857,2.9626389,-0.3447819000000001
465,4,9,GNN,1.3029634,2.017628,-0.7146646000000001
468,4,9,GNN,6.197501,7.976448,-1.7789470000000005
492,4,9,GNN,3.6011271,4.563036,-0.9619089000000005
522,4,9,GNN,9.671881,5.4774117,4.194469300000001
529,4,9,GNN,4.4006248,4.5537777,-0.15315290000000026
535,4,9,GNN,2.201571,1.9251435,0.27642750000000005
536,4,9,GNN,0.39748433,1.4037468,-1.00626247
548,4,9,GNN,8.320335,5.16164,3.158695
566,4,9,GNN,5.0016165,4.340514,0.6611025000000001
612,4,9,GNN,5.3967667,3.6480243,1.7487423999999998
613,4,9,GNN,2.0335119,3.0928285,-1.0593165999999998
627,4,9,GNN,5.611774,6.539008,-0.9272340000000003
654,4,9,GNN,0.0,0.008448381,-0.008448381
656,4,9,GNN,0.59324473,1.3483973,-0.75515257
7,4,10,GNN,1.0637381,1.8443031,-0.7805650000000002
14,4,10,GNN,6.9383388,7.6096253,-0.6712864999999999
18,4,10,GNN,4.1936984,5.260124,-1.0664256000000005
30,4,10,GNN,5.3967667,5.42044,-0.023673300000000452
31,4,10,GNN,4.1227155,5.034411,-0.9116955000000004
40,4,10,GNN,0.53840566,2.0100617,-1.47165604
49,4,10,GNN,6.197501,5.2492747,0.9482263
114,4,10,GNN,1.8372401,1.911798,-0.07455790000000007
116,4,10,GNN,1.2135745,1.1659806,0.04759390000000008
120,4,10,GNN,5.7057114,3.6851852,2.0205262000000004
153,4,10,GNN,3.2443788,4.1057253,-0.8613464999999998
157,4,10,GNN,1.005135,0.670929,0.3342059999999999
166,4,10,GNN,3.675894,3.1830997,0.4927942999999999
187,4,10,GNN,1.0637381,1.963789,-0.9000509000000001
191,4,10,GNN,3.9394622,6.96216,-3.0226978
195,4,10,GNN,5.2545094,6.1221404,-0.8676310000000003
213,4,10,GNN,2.3320215,1.931076,0.4009455000000002
217,4,10,GNN,10.436003,9.307588,1.1284149999999986
224,4,10,GNN,8.51515,7.594257,0.9208930000000004
232,4,10,GNN,1.349378,2.5580542,-1.2086762
241,4,10,GNN,1.5892438,4.625217,-3.0359732
253,4,10,GNN,1.5345784,2.916355,-1.3817765999999998
254,4,10,GNN,3.5189862,1.989984,1.5290022
258,4,10,GNN,9.50365,8.0309725,1.4726774999999996
260,4,10,GNN,1.3544334,2.3885162,-1.0340828000000002
265,4,10,GNN,1.0304087,4.539189,-3.5087803000000006
266,4,10,GNN,6.197501,6.983637,-0.786136
273,4,10,GNN,1.1118158,3.132642,-2.0208262
282,4,10,GNN,2.0934973,1.5972137,0.49628360000000016
285,4,10,GNN,2.7485244,2.2477958,0.5007286
287,4,10,GNN,2.217544,1.6503887,0.5671553000000003
288,4,10,GNN,2.0934973,1.5972137,0.49628360000000016
300,4,10,GNN,1.6442852,2.2270825,-0.5827973
304,4,10,GNN,6.6843266,6.24488,0.43944660000000013
314,4,10,GNN,4.4420643,4.5347924,-0.09272809999999954
317,4,10,GNN,3.9394622,5.2096763,-1.2702141
325,4,10,GNN,1.9243029,1.9606647,-0.03636179999999989
333,4,10,GNN,1.2568539,3.235306,-1.9784521
341,4,10,GNN,2.3320215,1.8352506,0.49677090000000024
344,4,10,GNN,6.197501,4.830013,1.3674879999999998
351,4,10,GNN,3.6011271,3.0453417,0.5557854
353,4,10,GNN,2.3688848,1.5972137,0.7716711
364,4,10,GNN,1.4059035,1.846875,-0.44097150000000007
407,4,10,GNN,1.6805593,2.0440059,-0.36344660000000006
411,4,10,GNN,5.611774,5.932996,-0.32122200000000056
413,4,10,GNN,1.2620732,1.940378,-0.6783048
414,4,10,GNN,1.8171555,4.627457,-2.8103014999999996
423,4,10,GNN,0.5503666,3.9106536,-3.3602869999999996
428,4,10,GNN,5.3967667,6.8725457,-1.4757790000000002
449,4,10,GNN,4.939171,10.619353,-5.680182
451,4,10,GNN,0.9022586,0.5795146,0.32274400000000003
456,4,10,GNN,2.617857,3.2921984,-0.6743414000000003
465,4,10,GNN,1.3029634,3.6474144,-2.3444510000000003
468,4,10,GNN,6.197501,8.2331,-2.0355990000000004
492,4,10,GNN,3.6011271,5.1022363,-1.5011092000000006
522,4,10,GNN,9.671881,7.1261272,2.545753800000001
529,4,10,GNN,4.4006248,3.553772,0.8468528000000002
535,4,10,GNN,2.201571,2.0237367,0.17783429999999978
536,4,10,GNN,0.39748433,1.2449193,-0.8474349700000001
548,4,10,GNN,8.320335,8.321585,-0.0012500000000006395
566,4,10,GNN,5.0016165,5.6743245,-0.6727080000000001
612,4,10,GNN,5.3967667,3.18508,2.2116866999999996
613,4,10,GNN,2.0335119,4.0930576,-2.0595456999999997
627,4,10,GNN,5.611774,6.867768,-1.2559940000000003
654,4,10,GNN,0.0,0.7225388,-0.7225388
656,4,10,GNN,0.59324473,2.1642358,-1.5709910700000003
11,5,1,GNN,3.4129298,1.6905898,1.7223400000000002
23,5,1,GNN,4.1227155,2.5333183,1.5893972
28,5,1,GNN,1.0304087,5.0063066,-3.9758979000000005
37,5,1,GNN,4.8697753,3.8763103,0.9934649999999996
59,5,1,GNN,1.5865507,4.433154,-2.8466033
71,5,1,GNN,2.3482928,2.5677738,-0.21948100000000004
93,5,1,GNN,4.475333,3.099212,1.376121
108,5,1,GNN,7.711122,5.2000685,2.511053499999999
109,5,1,GNN,1.8171555,3.2729423,-1.4557868
118,5,1,GNN,1.4215256,1.7805839,-0.35905830000000005
122,5,1,GNN,0.59384805,1.5616997,-0.96785165
149,5,1,GNN,5.3967667,7.4100733,-2.0133066
161,5,1,GNN,9.671881,6.322065,3.3498160000000006
170,5,1,GNN,3.3676689,4.424608,-1.0569391000000001
171,5,1,GNN,4.6345444,3.5276012,1.1069432000000003
175,5,1,GNN,2.7136965,4.4063106,-1.6926141000000001
196,5,1,GNN,1.7838925,2.1617,-0.3778075000000001
201,5,1,GNN,5.28794,8.834852,-3.546912
209,5,1,GNN,0.0,3.644694,-3.644694
210,5,1,GNN,3.1907916,2.8570743,0.3337173
218,5,1,GNN,6.6892176,3.571066,3.1181516
236,5,1,GNN,6.4123206,6.4006987,0.01162189999999974
271,5,1,GNN,9.50365,6.6706753,2.8329747000000003
275,5,1,GNN,1.8171555,1.5544711,0.26268439999999993
315,5,1,GNN,0.53840566,1.689022,-1.15061634
320,5,1,GNN,5.2545094,4.059479,1.1950304000000003
322,5,1,GNN,1.7261271,0.66020197,1.06592513
332,5,1,GNN,0.7226534,1.0742874,-0.351634
336,5,1,GNN,1.349378,1.4672993,-0.11792130000000012
345,5,1,GNN,0.33749172,1.3857592,-1.04826748
372,5,1,GNN,4.1936984,3.5749512,0.6187471999999996
378,5,1,GNN,5.9857836,4.362524,1.6232596000000008
381,5,1,GNN,6.6892176,7.779358,-1.0901404000000001
391,5,1,GNN,4.048079,4.8437004,-0.7956213999999999
401,5,1,GNN,4.475333,4.5009146,-0.02558159999999976
410,5,1,GNN,2.088948,1.5089514,0.5799965999999999
420,5,1,GNN,5.3066177,4.6562037,0.6504140000000005
424,5,1,GNN,2.5560374,2.3467956,0.20924180000000003
439,5,1,GNN,0.19842333,2.2028022,-2.00437887
441,5,1,GNN,7.316547,8.733885,-1.4173380000000009
448,5,1,GNN,3.8515942,4.5719204,-0.7203261999999997
454,5,1,GNN,0.0,5.5916133,-5.5916133
474,5,1,GNN,4.4420643,4.430215,0.011849300000000618
493,5,1,GNN,2.723425,1.7752827,0.9481423000000002
496,5,1,GNN,1.0751938,4.734033,-3.6588392
498,5,1,GNN,3.5871873,3.477111,0.11007630000000024
505,5,1,GNN,2.3320215,1.7654713,0.5665502000000002
514,5,1,GNN,0.5076017,1.0522568,-0.5446551000000001
544,5,1,GNN,7.316547,7.9632154,-0.6466684000000003
546,5,1,GNN,2.617857,1.5056236,1.1122333999999998
559,5,1,GNN,0.6987,1.0144649,-0.3157648999999999
567,5,1,GNN,3.4136875,2.6423838,0.7713036999999998
570,5,1,GNN,4.1227155,3.3627,0.7600155000000002
572,5,1,GNN,4.1821356,4.134853,0.04728259999999995
589,5,1,GNN,0.0,6.738036,-6.738036
590,5,1,GNN,6.197501,5.386686,0.8108149999999998
593,5,1,GNN,2.9178941,2.3489487,0.5689454
600,5,1,GNN,4.083686,4.620689,-0.5370029999999995
610,5,1,GNN,4.6345444,4.070369,0.5641753999999999
618,5,1,GNN,0.9208541,1.3576837,-0.43682959999999993
629,5,1,GNN,1.635118,1.0905101,0.5446079000000001
640,5,1,GNN,7.316547,8.599708,-1.2831609999999998
646,5,1,GNN,6.6892176,4.7646885,1.9245291
650,5,1,GNN,3.052004,2.5944264,0.45757760000000003
655,5,1,GNN,6.2490273,6.0708942,0.17813310000000016
658,5,1,GNN,2.9178941,2.3489487,0.5689454
11,5,2,GNN,3.4129298,1.9534497,1.4594801000000002
23,5,2,GNN,4.1227155,2.7034662,1.4192493000000002
28,5,2,GNN,1.0304087,4.9215593,-3.8911506000000005
37,5,2,GNN,4.8697753,3.8983552,0.9714200999999996
59,5,2,GNN,1.5865507,4.4105616,-2.8240109
71,5,2,GNN,2.3482928,2.0999074,0.24838539999999965
93,5,2,GNN,4.475333,2.9679039,1.5074291
108,5,2,GNN,7.711122,6.057476,1.6536459999999993
109,5,2,GNN,1.8171555,2.769194,-0.9520385000000002
118,5,2,GNN,1.4215256,1.5264571,-0.10493149999999996
122,5,2,GNN,0.59384805,1.416511,-0.8226629500000001
149,5,2,GNN,5.3967667,6.7151165,-1.3183498
161,5,2,GNN,9.671881,6.341923,3.3299580000000004
170,5,2,GNN,3.3676689,4.327174,-0.9595051000000003
171,5,2,GNN,4.6345444,3.3380897,1.2964547000000004
175,5,2,GNN,2.7136965,4.0935245,-1.3798279999999998
196,5,2,GNN,1.7838925,2.5244668,-0.7405742999999998
201,5,2,GNN,5.28794,8.358969,-3.0710290000000002
209,5,2,GNN,0.0,3.863773,-3.863773
210,5,2,GNN,3.1907916,2.8177674,0.3730241999999997
218,5,2,GNN,6.6892176,4.0790925,2.6101251000000003
236,5,2,GNN,6.4123206,6.5829954,-0.17067479999999957
271,5,2,GNN,9.50365,5.8725686,3.6310814000000002
275,5,2,GNN,1.8171555,1.526625,0.2905305
315,5,2,GNN,0.53840566,1.8526269,-1.31422124
320,5,2,GNN,5.2545094,4.5627046,0.6918047999999999
322,5,2,GNN,1.7261271,-0.8429261,2.5690532
332,5,2,GNN,0.7226534,1.6418897,-0.9192362999999999
336,5,2,GNN,1.349378,2.0770254,-0.7276474000000002
345,5,2,GNN,0.33749172,1.2896035,-0.9521117799999999
372,5,2,GNN,4.1936984,3.7461653,0.4475330999999998
378,5,2,GNN,5.9857836,5.017769,0.9680146000000001
381,5,2,GNN,6.6892176,8.216286,-1.5270684
391,5,2,GNN,4.048079,4.98707,-0.9389909999999997
401,5,2,GNN,4.475333,3.969885,0.5054479999999999
410,5,2,GNN,2.088948,1.433922,0.6550259999999999
420,5,2,GNN,5.3066177,4.26645,1.0401677000000005
424,5,2,GNN,2.5560374,3.358888,-0.8028505999999997
439,5,2,GNN,0.19842333,2.2659702,-2.06754687
441,5,2,GNN,7.316547,8.306887,-0.9903399999999998
448,5,2,GNN,3.8515942,3.9254603,-0.07386610000000005
454,5,2,GNN,0.0,5.568778,-5.568778
474,5,2,GNN,4.4420643,4.625771,-0.1837067000000001
493,5,2,GNN,2.723425,1.368305,1.35512
496,5,2,GNN,1.0751938,5.5390663,-4.4638725
498,5,2,GNN,3.5871873,3.5148294,0.07235790000000009
505,5,2,GNN,2.3320215,1.3708029,0.9612186000000003
514,5,2,GNN,0.5076017,0.94633317,-0.4387314699999999
544,5,2,GNN,7.316547,8.339113,-1.0225659999999994
546,5,2,GNN,2.617857,1.1026609,1.5151960999999998
559,5,2,GNN,0.6987,1.0439904,-0.3452904
567,5,2,GNN,3.4136875,2.431091,0.9825965000000001
570,5,2,GNN,4.1227155,3.5030534,0.6196620999999998
572,5,2,GNN,4.1821356,4.1131716,0.06896399999999936
589,5,2,GNN,0.0,6.026992,-6.026992
590,5,2,GNN,6.197501,4.9586926,1.2388084
593,5,2,GNN,2.9178941,2.130546,0.7873481
600,5,2,GNN,4.083686,4.2599373,-0.17625129999999967
610,5,2,GNN,4.6345444,4.2063317,0.42821270000000045
618,5,2,GNN,0.9208541,1.2402213,-0.31936719999999996
629,5,2,GNN,1.635118,1.8630657,-0.22794769999999986
640,5,2,GNN,7.316547,8.135229,-0.8186820000000008
646,5,2,GNN,6.6892176,4.8980145,1.7912030999999997
650,5,2,GNN,3.052004,2.6684248,0.38357920000000023
655,5,2,GNN,6.2490273,6.27501,-0.025982700000000136
658,5,2,GNN,2.9178941,2.130546,0.7873481
11,5,3,GNN,3.4129298,1.571039,1.8418908
23,5,3,GNN,4.1227155,2.7447007,1.3780147999999999
28,5,3,GNN,1.0304087,3.9192057,-2.8887970000000003
37,5,3,GNN,4.8697753,4.4720707,0.39770459999999996
59,5,3,GNN,1.5865507,3.1637354,-1.5771847
71,5,3,GNN,2.3482928,1.4782971,0.8699956999999998
93,5,3,GNN,4.475333,3.3174803,1.1578526999999998
108,5,3,GNN,7.711122,5.3350334,2.376088599999999
109,5,3,GNN,1.8171555,4.7821846,-2.9650290999999998
118,5,3,GNN,1.4215256,1.5597472,-0.13822159999999983
122,5,3,GNN,0.59384805,1.4188567,-0.8250086500000001
149,5,3,GNN,5.3967667,6.3506594,-0.9538926999999999
161,5,3,GNN,9.671881,5.930978,3.740903000000001
170,5,3,GNN,3.3676689,4.1005926,-0.7329236999999997
171,5,3,GNN,4.6345444,2.6024277,2.0321167000000004
175,5,3,GNN,2.7136965,4.3934135,-1.6797170000000001
196,5,3,GNN,1.7838925,2.9174726,-1.1335800999999999
201,5,3,GNN,5.28794,8.512956,-3.225016000000001
209,5,3,GNN,0.0,3.1430624,-3.1430624
210,5,3,GNN,3.1907916,2.815086,0.37570559999999986
218,5,3,GNN,6.6892176,4.4588213,2.2303962999999998
236,5,3,GNN,6.4123206,6.1208515,0.2914691000000005
271,5,3,GNN,9.50365,5.8917656,3.6118844
275,5,3,GNN,1.8171555,1.4236729,0.3934826
315,5,3,GNN,0.53840566,1.8845758,-1.34617014
320,5,3,GNN,5.2545094,5.58502,-0.3305106000000002
322,5,3,GNN,1.7261271,-0.768113,2.4942401
332,5,3,GNN,0.7226534,1.1673124,-0.4446589999999999
336,5,3,GNN,1.349378,1.0184467,0.33093130000000004
345,5,3,GNN,0.33749172,2.894499,-2.55700728
372,5,3,GNN,4.1936984,4.519767,-0.32606860000000015
378,5,3,GNN,5.9857836,5.402156,0.5836276000000007
381,5,3,GNN,6.6892176,8.366529,-1.6773113999999998
391,5,3,GNN,4.048079,4.1487675,-0.10068849999999951
401,5,3,GNN,4.475333,4.570985,-0.09565200000000029
410,5,3,GNN,2.088948,1.2773819,0.8115660999999998
420,5,3,GNN,5.3066177,4.7419853,0.5646324000000007
424,5,3,GNN,2.5560374,1.7505105,0.8055269
439,5,3,GNN,0.19842333,2.6714818,-2.47305847
441,5,3,GNN,7.316547,8.417274,-1.100727000000001
448,5,3,GNN,3.8515942,4.6067324,-0.7551382000000002
454,5,3,GNN,0.0,5.693781,-5.693781
474,5,3,GNN,4.4420643,4.3608904,0.08117390000000047
493,5,3,GNN,2.723425,0.92485464,1.7985703600000003
496,5,3,GNN,1.0751938,4.392396,-3.3172021999999997
498,5,3,GNN,3.5871873,4.3162966,-0.7291093000000002
505,5,3,GNN,2.3320215,1.717193,0.6148285000000002
514,5,3,GNN,0.5076017,0.42166644,0.08593526000000007
544,5,3,GNN,7.316547,8.3986025,-1.082055500000001
546,5,3,GNN,2.617857,1.5582128,1.0596442
559,5,3,GNN,0.6987,1.103529,-0.404829
567,5,3,GNN,3.4136875,1.4660757,1.9476118
570,5,3,GNN,4.1227155,3.1154792,1.0072363000000002
572,5,3,GNN,4.1821356,3.7949336,0.3872019999999998
589,5,3,GNN,0.0,5.8467436,-5.8467436
590,5,3,GNN,6.197501,4.4729776,1.7245233999999998
593,5,3,GNN,2.9178941,1.419878,1.4980160999999999
600,5,3,GNN,4.083686,4.6435766,-0.5598906000000001
610,5,3,GNN,4.6345444,3.343686,1.2908584000000003
618,5,3,GNN,0.9208541,1.247753,-0.3268988999999999
629,5,3,GNN,1.635118,1.4601419,0.17497610000000008
640,5,3,GNN,7.316547,8.64496,-1.3284129999999994
646,5,3,GNN,6.6892176,4.294425,2.3947925999999997
650,5,3,GNN,3.052004,2.708363,0.3436410000000003
655,5,3,GNN,6.2490273,6.252226,-0.003198700000000443
658,5,3,GNN,2.9178941,1.419878,1.4980160999999999
11,5,4,GNN,3.4129298,2.731146,0.6817838000000003
23,5,4,GNN,4.1227155,3.1563358,0.9663797000000001
28,5,4,GNN,1.0304087,5.408928,-4.378519300000001
37,5,4,GNN,4.8697753,4.128795,0.7409802999999995
59,5,4,GNN,1.5865507,4.981635,-3.3950842999999997
71,5,4,GNN,2.3482928,2.638502,-0.29020920000000006
93,5,4,GNN,4.475333,3.1617577,1.3135753000000001
108,5,4,GNN,7.711122,5.2490926,2.4620293999999996
109,5,4,GNN,1.8171555,4.6077404,-2.7905849
118,5,4,GNN,1.4215256,1.2912102,0.13031539999999997
122,5,4,GNN,0.59384805,1.6533232,-1.05947515
149,5,4,GNN,5.3967667,6.4490757,-1.0523090000000002
161,5,4,GNN,9.671881,6.5041246,3.167756400000001
170,5,4,GNN,3.3676689,3.228214,0.13945490000000005
171,5,4,GNN,4.6345444,3.162164,1.4723804
175,5,4,GNN,2.7136965,4.2545495,-1.5408530000000003
196,5,4,GNN,1.7838925,4.4697933,-2.6859007999999998
201,5,4,GNN,5.28794,8.090545,-2.8026050000000007
209,5,4,GNN,0.0,3.0731456,-3.0731456
210,5,4,GNN,3.1907916,2.9649725,0.22581909999999983
218,5,4,GNN,6.6892176,6.326155,0.3630626000000001
236,5,4,GNN,6.4123206,6.5991583,-0.18683769999999988
271,5,4,GNN,9.50365,6.999261,2.5043890000000006
275,5,4,GNN,1.8171555,1.9259218,-0.1087663000000001
315,5,4,GNN,0.53840566,1.8654565,-1.32705084
320,5,4,GNN,5.2545094,4.234171,1.0203384
322,5,4,GNN,1.7261271,0.37693712,1.34918998
332,5,4,GNN,0.7226534,0.4388456,0.2838078
336,5,4,GNN,1.349378,1.9562877,-0.6069097000000001
345,5,4,GNN,0.33749172,0.13710544,0.20038628
372,5,4,GNN,4.1936984,3.7774293,0.4162690999999996
378,5,4,GNN,5.9857836,4.951948,1.0338356000000006
381,5,4,GNN,6.6892176,7.3239627,-0.6347451
391,5,4,GNN,4.048079,4.2418466,-0.19376759999999926
401,5,4,GNN,4.475333,4.310464,0.16486900000000038
410,5,4,GNN,2.088948,1.7347658,0.3541821999999999
420,5,4,GNN,5.3066177,4.4907656,0.8158521000000007
424,5,4,GNN,2.5560374,2.0816355,0.47440190000000015
439,5,4,GNN,0.19842333,2.163508,-1.9650846700000002
441,5,4,GNN,7.316547,8.062447,-0.7459000000000007
448,5,4,GNN,3.8515942,3.7388775,0.1127167
454,5,4,GNN,0.0,5.817806,-5.817806
474,5,4,GNN,4.4420643,4.8945427,-0.4524783999999995
493,5,4,GNN,2.723425,1.3850617,1.3383633000000001
496,5,4,GNN,1.0751938,5.0892196,-4.0140258
498,5,4,GNN,3.5871873,4.677812,-1.0906247000000002
505,5,4,GNN,2.3320215,1.6398293,0.6921922000000003
514,5,4,GNN,0.5076017,0.98952466,-0.4819229599999999
544,5,4,GNN,7.316547,7.4384727,-0.12192570000000025
546,5,4,GNN,2.617857,1.9490225,0.6688344999999998
559,5,4,GNN,0.6987,1.8339531,-1.1352531
567,5,4,GNN,3.4136875,2.7903056,0.6233819
570,5,4,GNN,4.1227155,2.6644948,1.4582207
572,5,4,GNN,4.1821356,4.2033706,-0.02123500000000078
589,5,4,GNN,0.0,6.015018,-6.015018
590,5,4,GNN,6.197501,5.581005,0.6164959999999997
593,5,4,GNN,2.9178941,2.3417127,0.5761813999999998
600,5,4,GNN,4.083686,4.4821734,-0.3984873999999996
610,5,4,GNN,4.6345444,3.8912048,0.7433396000000001
618,5,4,GNN,0.9208541,1.6350065,-0.7141524
629,5,4,GNN,1.635118,0.64290583,0.9922121700000001
640,5,4,GNN,7.316547,8.781682,-1.465135
646,5,4,GNN,6.6892176,6.6102943,0.07892330000000047
650,5,4,GNN,3.052004,3.094013,-0.04200899999999974
655,5,4,GNN,6.2490273,6.2479734,0.001053899999999608
658,5,4,GNN,2.9178941,2.3417127,0.5761813999999998
11,5,6,GNN,3.4129298,2.4812865,0.9316433000000002
23,5,6,GNN,4.1227155,3.3416855,0.7810299999999999
28,5,6,GNN,1.0304087,5.276391,-4.2459823000000005
37,5,6,GNN,4.8697753,5.809699,-0.9399237000000005
59,5,6,GNN,1.5865507,4.335211,-2.7486603
71,5,6,GNN,2.3482928,2.7862368,-0.43794400000000033
93,5,6,GNN,4.475333,2.863049,1.6122839999999998
108,5,6,GNN,7.711122,6.10359,1.607532
109,5,6,GNN,1.8171555,4.046407,-2.2292515
118,5,6,GNN,1.4215256,1.6211205,-0.1995948999999999
122,5,6,GNN,0.59384805,1.3643272,-0.77047915
149,5,6,GNN,5.3967667,7.0787325,-1.6819658000000004
161,5,6,GNN,9.671881,7.009221,2.6626600000000007
170,5,6,GNN,3.3676689,3.5034647,-0.1357957999999999
171,5,6,GNN,4.6345444,5.1582136,-0.5236691999999996
175,5,6,GNN,2.7136965,3.9401052,-1.2264087
196,5,6,GNN,1.7838925,2.3566628,-0.5727703
201,5,6,GNN,5.28794,10.362564,-5.074624000000001
209,5,6,GNN,0.0,4.2120323,-4.2120323
210,5,6,GNN,3.1907916,2.9848995,0.2058920999999998
218,5,6,GNN,6.6892176,6.7062507,-0.017033099999999912
236,5,6,GNN,6.4123206,7.292363,-0.8800423999999998
271,5,6,GNN,9.50365,7.198677,2.3049730000000004
275,5,6,GNN,1.8171555,1.3888323,0.4283231999999999
315,5,6,GNN,0.53840566,2.130721,-1.5923153399999999
320,5,6,GNN,5.2545094,4.766935,0.48757439999999974
322,5,6,GNN,1.7261271,1.0289791,0.6971480000000001
332,5,6,GNN,0.7226534,1.180119,-0.4574655999999999
336,5,6,GNN,1.349378,1.6661663,-0.3167883
345,5,6,GNN,0.33749172,2.8580024,-2.52051068
372,5,6,GNN,4.1936984,4.9993787,-0.8056803000000006
378,5,6,GNN,5.9857836,4.853495,1.1322886000000008
381,5,6,GNN,6.6892176,8.889511,-2.2002934000000005
391,5,6,GNN,4.048079,5.190539,-1.1424599999999998
401,5,6,GNN,4.475333,4.161293,0.3140400000000003
410,5,6,GNN,2.088948,2.1999454,-0.11099740000000002
420,5,6,GNN,5.3066177,4.632917,0.6737007000000004
424,5,6,GNN,2.5560374,2.211198,0.34483940000000013
439,5,6,GNN,0.19842333,2.3644845,-2.16606117
441,5,6,GNN,7.316547,10.095816,-2.7792689999999993
448,5,6,GNN,3.8515942,3.8633904,-0.011796200000000034
454,5,6,GNN,0.0,6.5738473,-6.5738473
474,5,6,GNN,4.4420643,5.081659,-0.6395947
493,5,6,GNN,2.723425,2.041715,0.6817100000000003
496,5,6,GNN,1.0751938,4.4030104,-3.3278166000000002
498,5,6,GNN,3.5871873,4.7066526,-1.1194652999999999
505,5,6,GNN,2.3320215,1.7190943,0.6129272000000001
514,5,6,GNN,0.5076017,1.2950232,-0.7874214999999999
544,5,6,GNN,7.316547,9.119259,-1.8027119999999996
546,5,6,GNN,2.617857,1.7309203,0.8869366999999999
559,5,6,GNN,0.6987,1.2245567,-0.5258567
567,5,6,GNN,3.4136875,1.6519315,1.7617559999999999
570,5,6,GNN,4.1227155,5.026864,-0.9041484999999998
572,5,6,GNN,4.1821356,5.8388224,-1.6566868000000001
589,5,6,GNN,0.0,6.7020235,-6.7020235
590,5,6,GNN,6.197501,6.2553296,-0.057828599999999675
593,5,6,GNN,2.9178941,2.8031843,0.11470979999999997
600,5,6,GNN,4.083686,4.577373,-0.49368699999999954
610,5,6,GNN,4.6345444,3.1392756,1.4952688000000003
618,5,6,GNN,0.9208541,1.5530448,-0.6321906999999999
629,5,6,GNN,1.635118,1.0719686,0.5631494000000001
640,5,6,GNN,7.316547,9.779716,-2.4631690000000006
646,5,6,GNN,6.6892176,6.637365,0.05185260000000014
650,5,6,GNN,3.052004,3.1700282,-0.1180241999999998
655,5,6,GNN,6.2490273,6.72206,-0.4730327000000001
658,5,6,GNN,2.9178941,2.8031843,0.11470979999999997
11,5,7,GNN,3.4129298,1.6319789,1.7809509000000001
23,5,7,GNN,4.1227155,2.4124856,1.7102298999999999
28,5,7,GNN,1.0304087,3.0853133,-2.0549046000000004
37,5,7,GNN,4.8697753,4.5321794,0.3375958999999993
59,5,7,GNN,1.5865507,3.9967213,-2.4101706
71,5,7,GNN,2.3482928,2.3085227,0.0397700999999997
93,5,7,GNN,4.475333,3.4514203,1.0239127
108,5,7,GNN,7.711122,5.595977,2.115144999999999
109,5,7,GNN,1.8171555,3.8210573,-2.0039018000000004
118,5,7,GNN,1.4215256,1.5868182,-0.1652925999999999
122,5,7,GNN,0.59384805,1.4165825,-0.8227344500000001
149,5,7,GNN,5.3967667,7.050317,-1.6535503
161,5,7,GNN,9.671881,6.098788,3.573093000000001
170,5,7,GNN,3.3676689,4.203112,-0.8354431
171,5,7,GNN,4.6345444,4.458616,0.1759284000000001
175,5,7,GNN,2.7136965,4.4573164,-1.7436198999999997
196,5,7,GNN,1.7838925,1.7063526,0.0775399000000001
201,5,7,GNN,5.28794,8.983978,-3.6960380000000006
209,5,7,GNN,0.0,2.073416,-2.073416
210,5,7,GNN,3.1907916,3.0548687,0.13592289999999974
218,5,7,GNN,6.6892176,6.923104,-0.23388640000000027
236,5,7,GNN,6.4123206,7.2301774,-0.8178567999999995
271,5,7,GNN,9.50365,7.19778,2.3058700000000005
275,5,7,GNN,1.8171555,1.9196827,-0.10252720000000015
315,5,7,GNN,0.53840566,2.1834812,-1.6450755400000001
320,5,7,GNN,5.2545094,4.992638,0.26187139999999953
322,5,7,GNN,1.7261271,-0.39734483,2.12347193
332,5,7,GNN,0.7226534,1.3195642,-0.5969108000000001
336,5,7,GNN,1.349378,1.3286529,0.02072509999999994
345,5,7,GNN,0.33749172,2.1366467,-1.79915498
372,5,7,GNN,4.1936984,4.4384437,-0.24474529999999994
378,5,7,GNN,5.9857836,4.881972,1.1038116000000002
381,5,7,GNN,6.6892176,7.294643,-0.6054253999999997
391,5,7,GNN,4.048079,6.135388,-2.0873089999999994
401,5,7,GNN,4.475333,5.063911,-0.588578
410,5,7,GNN,2.088948,2.2917783,-0.20283030000000002
420,5,7,GNN,5.3066177,5.049423,0.25719470000000033
424,5,7,GNN,2.5560374,2.1979713,0.3580661000000003
439,5,7,GNN,0.19842333,2.4204187,-2.22199537
441,5,7,GNN,7.316547,9.37176,-2.055213
448,5,7,GNN,3.8515942,3.9815965,-0.13000230000000013
454,5,7,GNN,0.0,6.5324426,-6.5324426
474,5,7,GNN,4.4420643,5.0019016,-0.5598372999999999
493,5,7,GNN,2.723425,2.0154943,0.7079307000000004
496,5,7,GNN,1.0751938,3.9170036,-2.8418098
498,5,7,GNN,3.5871873,3.2368908,0.35029650000000023
505,5,7,GNN,2.3320215,2.0123744,0.3196471000000001
514,5,7,GNN,0.5076017,0.69128346,-0.18368175999999992
544,5,7,GNN,7.316547,9.235856,-1.9193090000000002
546,5,7,GNN,2.617857,1.9996129,0.6182440999999999
559,5,7,GNN,0.6987,1.2487181,-0.5500181000000001
567,5,7,GNN,3.4136875,1.588828,1.8248595
570,5,7,GNN,4.1227155,1.981667,2.1410485
572,5,7,GNN,4.1821356,4.6844125,-0.5022769
589,5,7,GNN,0.0,6.3553686,-6.3553686
590,5,7,GNN,6.197501,6.2473364,-0.049835400000000085
593,5,7,GNN,2.9178941,2.2031286,0.7147654999999999
600,5,7,GNN,4.083686,5.175424,-1.0917379999999994
610,5,7,GNN,4.6345444,3.0070848,1.6274596000000003
618,5,7,GNN,0.9208541,1.4532638,-0.5324097
629,5,7,GNN,1.635118,1.3675345,0.2675835
640,5,7,GNN,7.316547,7.9848638,-0.6683168000000004
646,5,7,GNN,6.6892176,6.220926,0.4682915999999997
650,5,7,GNN,3.052004,2.5297093,0.5222947000000002
655,5,7,GNN,6.2490273,6.694163,-0.4451356999999998
658,5,7,GNN,2.9178941,2.2031286,0.7147654999999999
11,5,8,GNN,3.4129298,1.7447479,1.6681819000000002
23,5,8,GNN,4.1227155,2.0233495,2.099366
28,5,8,GNN,1.0304087,5.0329504,-4.0025417
37,5,8,GNN,4.8697753,4.1723785,0.6973967999999999
59,5,8,GNN,1.5865507,4.8504596,-3.2639088999999997
71,5,8,GNN,2.3482928,1.7668769,0.5814158999999999
93,5,8,GNN,4.475333,2.4339886,2.0413444
108,5,8,GNN,7.711122,5.364656,2.3464659999999995
109,5,8,GNN,1.8171555,3.8008978,-1.9837423
118,5,8,GNN,1.4215256,1.1874431,0.23408249999999997
122,5,8,GNN,0.59384805,1.8463792,-1.2525311500000003
149,5,8,GNN,5.3967667,5.2893386,0.10742809999999992
161,5,8,GNN,9.671881,5.3831577,4.288723300000001
170,5,8,GNN,3.3676689,4.082626,-0.7149571000000003
171,5,8,GNN,4.6345444,3.7559726,0.8785718
175,5,8,GNN,2.7136965,3.7276413,-1.0139448
196,5,8,GNN,1.7838925,1.7202607,0.06363180000000002
201,5,8,GNN,5.28794,7.857717,-2.569777
209,5,8,GNN,0.0,3.7256117,-3.7256117
210,5,8,GNN,3.1907916,2.6431103,0.5476812999999998
218,5,8,GNN,6.6892176,5.4456553,1.2435622999999998
236,5,8,GNN,6.4123206,6.8114877,-0.39916709999999966
271,5,8,GNN,9.50365,6.2459393,3.2577107000000005
275,5,8,GNN,1.8171555,1.0588872,0.7582682999999999
315,5,8,GNN,0.53840566,1.8729445,-1.33453884
320,5,8,GNN,5.2545094,4.280125,0.9743843999999999
322,5,8,GNN,1.7261271,0.48172137,1.24440573
332,5,8,GNN,0.7226534,0.25204214,0.47061126
336,5,8,GNN,1.349378,1.0249807,0.3243973
345,5,8,GNN,0.33749172,0.1620073,0.17548442
372,5,8,GNN,4.1936984,4.097646,0.0960523999999996
378,5,8,GNN,5.9857836,4.65264,1.3331436000000005
381,5,8,GNN,6.6892176,7.6744885,-0.9852708999999997
391,5,8,GNN,4.048079,5.465442,-1.417363
401,5,8,GNN,4.475333,3.9256074,0.5497255999999999
410,5,8,GNN,2.088948,1.3981177,0.6908302999999998
420,5,8,GNN,5.3066177,3.9718096,1.3348081000000005
424,5,8,GNN,2.5560374,1.6783359,0.8777015000000001
439,5,8,GNN,0.19842333,2.454188,-2.2557646699999996
441,5,8,GNN,7.316547,7.835701,-0.5191540000000003
448,5,8,GNN,3.8515942,3.9920886,-0.14049440000000013
454,5,8,GNN,0.0,4.9337816,-4.9337816
474,5,8,GNN,4.4420643,3.946998,0.4950663000000004
493,5,8,GNN,2.723425,1.8978587,0.8255663000000002
496,5,8,GNN,1.0751938,5.1141906,-4.0389968
498,5,8,GNN,3.5871873,3.734351,-0.14716370000000012
505,5,8,GNN,2.3320215,1.3200825,1.0119390000000001
514,5,8,GNN,0.5076017,0.90254116,-0.3949394599999999
544,5,8,GNN,7.316547,7.805927,-0.4893799999999997
546,5,8,GNN,2.617857,1.0722483,1.5456086999999998
559,5,8,GNN,0.6987,1.2130924,-0.5143924000000001
567,5,8,GNN,3.4136875,2.4891624,0.9245250999999999
570,5,8,GNN,4.1227155,2.9258807,1.1968348
572,5,8,GNN,4.1821356,3.8647506,0.3173849999999998
589,5,8,GNN,0.0,5.0541253,-5.0541253
590,5,8,GNN,6.197501,5.425431,0.7720700000000003
593,5,8,GNN,2.9178941,1.5592499,1.3586441999999999
600,5,8,GNN,4.083686,3.969646,0.11404000000000014
610,5,8,GNN,4.6345444,3.8813908,0.7531536000000001
618,5,8,GNN,0.9208541,1.3396646,-0.4188105000000001
629,5,8,GNN,1.635118,0.5267624,1.1083556
640,5,8,GNN,7.316547,7.661715,-0.34516800000000014
646,5,8,GNN,6.6892176,5.557077,1.1321406000000005
650,5,8,GNN,3.052004,2.1030366,0.9489674000000003
655,5,8,GNN,6.2490273,5.750708,0.49831929999999947
658,5,8,GNN,2.9178941,1.5592499,1.3586441999999999
11,5,9,GNN,3.4129298,2.1243186,1.2886112
23,5,9,GNN,4.1227155,2.670498,1.4522175000000002
28,5,9,GNN,1.0304087,3.6988447,-2.668436
37,5,9,GNN,4.8697753,4.1690216,0.7007536999999999
59,5,9,GNN,1.5865507,2.7677805,-1.1812298
71,5,9,GNN,2.3482928,2.38572,-0.037427200000000216
93,5,9,GNN,4.475333,3.3583353,1.1169977000000002
108,5,9,GNN,7.711122,5.1059165,2.6052054999999994
109,5,9,GNN,1.8171555,3.9658031,-2.1486476000000003
118,5,9,GNN,1.4215256,1.6879016,-0.26637599999999995
122,5,9,GNN,0.59384805,0.88203275,-0.28818470000000007
149,5,9,GNN,5.3967667,6.3187275,-0.9219607999999999
161,5,9,GNN,9.671881,5.230494,4.441387000000001
170,5,9,GNN,3.3676689,2.9883049,0.3793639999999998
171,5,9,GNN,4.6345444,3.561805,1.0727394000000001
175,5,9,GNN,2.7136965,4.0180326,-1.3043360999999996
196,5,9,GNN,1.7838925,2.6287415,-0.8448489999999997
201,5,9,GNN,5.28794,7.8944297,-2.6064897
209,5,9,GNN,0.0,3.470625,-3.470625
210,5,9,GNN,3.1907916,3.043705,0.14708659999999973
218,5,9,GNN,6.6892176,5.4498844,1.2393332
236,5,9,GNN,6.4123206,6.212788,0.1995326000000004
271,5,9,GNN,9.50365,6.7697053,2.7339447000000003
275,5,9,GNN,1.8171555,1.1721334,0.6450220999999998
315,5,9,GNN,0.53840566,2.126558,-1.5881523400000002
320,5,9,GNN,5.2545094,4.22922,1.0252894000000001
322,5,9,GNN,1.7261271,0.2756047,1.4505224
332,5,9,GNN,0.7226534,1.1815695,-0.45891609999999994
336,5,9,GNN,1.349378,1.7105397,-0.36116170000000003
345,5,9,GNN,0.33749172,-0.49236384,0.8298555599999999
372,5,9,GNN,4.1936984,3.9570222,0.23667619999999978
378,5,9,GNN,5.9857836,5.736536,0.24924760000000035
381,5,9,GNN,6.6892176,7.5173373,-0.8281197000000002
391,5,9,GNN,4.048079,5.151653,-1.1035739999999992
401,5,9,GNN,4.475333,4.5581784,-0.08284540000000007
410,5,9,GNN,2.088948,1.7177091,0.3712388999999998
420,5,9,GNN,5.3066177,4.672418,0.6341996999999999
424,5,9,GNN,2.5560374,2.2049525,0.35108490000000003
439,5,9,GNN,0.19842333,3.042536,-2.8441126700000003
441,5,9,GNN,7.316547,7.7837095,-0.4671624999999997
448,5,9,GNN,3.8515942,3.5363314,0.3152628000000002
454,5,9,GNN,0.0,5.1575694,-5.1575694
474,5,9,GNN,4.4420643,4.3813477,0.06071660000000012
493,5,9,GNN,2.723425,1.7754564,0.9479686000000003
496,5,9,GNN,1.0751938,3.0689714,-1.9937776
498,5,9,GNN,3.5871873,2.3412325,1.2459548000000003
505,5,9,GNN,2.3320215,1.7038995,0.6281220000000003
514,5,9,GNN,0.5076017,0.27564546,0.23195624000000004
544,5,9,GNN,7.316547,7.744486,-0.4279390000000003
546,5,9,GNN,2.617857,1.7709304,0.8469266
559,5,9,GNN,0.6987,1.2509623,-0.5522623000000001
567,5,9,GNN,3.4136875,2.5619967,0.8516908000000001
570,5,9,GNN,4.1227155,3.0706103,1.0521052000000002
572,5,9,GNN,4.1821356,4.152597,0.029538599999999526
589,5,9,GNN,0.0,5.546511,-5.546511
590,5,9,GNN,6.197501,5.1018367,1.0956643000000001
593,5,9,GNN,2.9178941,2.3648999,0.5529941999999997
600,5,9,GNN,4.083686,4.6313887,-0.5477026999999994
610,5,9,GNN,4.6345444,3.5721064,1.0624380000000002
618,5,9,GNN,0.9208541,1.3789476,-0.45809350000000004
629,5,9,GNN,1.635118,0.4636091,1.1715089
640,5,9,GNN,7.316547,7.48325,-0.16670300000000005
646,5,9,GNN,6.6892176,5.5101485,1.1790691000000004
650,5,9,GNN,3.052004,2.4964836,0.5555204000000002
655,5,9,GNN,6.2490273,5.8756447,0.37338260000000023
658,5,9,GNN,2.9178941,2.3648999,0.5529941999999997
11,5,10,GNN,3.4129298,1.8706654,1.5422644
23,5,10,GNN,4.1227155,3.2748497,0.8478658000000001
28,5,10,GNN,1.0304087,5.1066837,-4.076275
37,5,10,GNN,4.8697753,4.42054,0.4492352999999998
59,5,10,GNN,1.5865507,4.954273,-3.3677222999999996
71,5,10,GNN,2.3482928,1.6041081,0.7441846999999999
93,5,10,GNN,4.475333,4.053787,0.4215460000000002
108,5,10,GNN,7.711122,3.8952458,3.8158761999999995
109,5,10,GNN,1.8171555,4.496159,-2.6790034999999994
118,5,10,GNN,1.4215256,1.8969285,-0.47540289999999996
122,5,10,GNN,0.59384805,2.481222,-1.8873739499999997
149,5,10,GNN,5.3967667,6.070835,-0.6740683000000001
161,5,10,GNN,9.671881,6.145714,3.526167000000001
170,5,10,GNN,3.3676689,5.929532,-2.5618631
171,5,10,GNN,4.6345444,3.308603,1.3259414
175,5,10,GNN,2.7136965,4.901516,-2.1878195
196,5,10,GNN,1.7838925,2.6040785,-0.8201859999999999
201,5,10,GNN,5.28794,7.479872,-2.1919320000000004
209,5,10,GNN,0.0,3.686016,-3.686016
210,5,10,GNN,3.1907916,3.6861093,-0.4953177000000002
218,5,10,GNN,6.6892176,5.3699994,1.3192182
236,5,10,GNN,6.4123206,6.380422,0.03189859999999989
271,5,10,GNN,9.50365,6.573279,2.930371
275,5,10,GNN,1.8171555,2.5196817,-0.7025262000000001
315,5,10,GNN,0.53840566,2.3376393,-1.7992336400000002
320,5,10,GNN,5.2545094,5.1842494,0.07026000000000021
322,5,10,GNN,1.7261271,0.042264525,1.683862575
332,5,10,GNN,0.7226534,1.8815355,-1.1588821
336,5,10,GNN,1.349378,1.5885234,-0.23914539999999995
345,5,10,GNN,0.33749172,3.2327402,-2.89524848
372,5,10,GNN,4.1936984,4.4509106,-0.25721220000000056
378,5,10,GNN,5.9857836,6.657959,-0.6721753999999995
381,5,10,GNN,6.6892176,7.5123568,-0.8231392
391,5,10,GNN,4.048079,5.562436,-1.5143569999999995
401,5,10,GNN,4.475333,4.25904,0.2162930000000003
410,5,10,GNN,2.088948,2.3552763,-0.2663283000000001
420,5,10,GNN,5.3066177,4.8007145,0.5059032000000006
424,5,10,GNN,2.5560374,2.354817,0.20122039999999997
439,5,10,GNN,0.19842333,2.8080444,-2.60962107
441,5,10,GNN,7.316547,7.5103364,-0.1937894
448,5,10,GNN,3.8515942,3.5588775,0.29271670000000016
454,5,10,GNN,0.0,5.92053,-5.92053
474,5,10,GNN,4.4420643,5.330927,-0.8888626999999998
493,5,10,GNN,2.723425,2.0843873,0.6390377000000003
496,5,10,GNN,1.0751938,4.9519496,-3.8767557999999998
498,5,10,GNN,3.5871873,5.0398655,-1.4526782000000003
505,5,10,GNN,2.3320215,1.8600441,0.4719774000000001
514,5,10,GNN,0.5076017,1.0338956,-0.5262938999999999
544,5,10,GNN,7.316547,7.5303845,-0.21383750000000035
546,5,10,GNN,2.617857,1.7559121,0.8619448999999999
559,5,10,GNN,0.6987,1.7962885,-1.0975885
567,5,10,GNN,3.4136875,3.4447792,-0.031091700000000166
570,5,10,GNN,4.1227155,3.4651268,0.6575886999999998
572,5,10,GNN,4.1821356,4.151721,0.030414599999999403
589,5,10,GNN,0.0,5.981581,-5.981581
590,5,10,GNN,6.197501,5.6004863,0.5970146999999999
593,5,10,GNN,2.9178941,1.6533848,1.2645092999999998
600,5,10,GNN,4.083686,4.816664,-0.7329780000000001
610,5,10,GNN,4.6345444,4.0476055,0.5869388999999998
618,5,10,GNN,0.9208541,1.5707033,-0.6498491999999999
629,5,10,GNN,1.635118,2.6383688,-1.0032507999999998
640,5,10,GNN,7.316547,7.495641,-0.1790940000000001
646,5,10,GNN,6.6892176,5.6657376,1.0234800000000002
650,5,10,GNN,3.052004,3.2300365,-0.17803250000000004
655,5,10,GNN,6.2490273,7.274772,-1.0257446999999997
658,5,10,GNN,2.9178941,1.6533848,1.2645092999999998
44,6,1,GNN,3.0488622,1.4443686,1.6044935999999999
50,6,1,GNN,0.7797463,3.082734,-2.3029877
61,6,1,GNN,3.191632,5.7954845,-2.6038525
72,6,1,GNN,4.5250196,5.3360605,-0.8110409000000001
73,6,1,GNN,5.3967667,3.8979623,1.4988043999999996
77,6,1,GNN,4.990129,4.957444,0.03268499999999985
80,6,1,GNN,5.9857836,5.062456,0.9233276000000004
81,6,1,GNN,1.2135745,1.3592939,-0.14571939999999994
82,6,1,GNN,9.50365,4.1577196,5.3459304
89,6,1,GNN,6.9812107,6.3583913,0.6228194
96,6,1,GNN,5.5468283,2.4605138,3.0863144999999994
102,6,1,GNN,1.0304087,1.7805929,-0.7501842000000001
104,6,1,GNN,1.9243029,3.0185997,-1.0942968000000002
112,6,1,GNN,2.3168473,0.15457457,2.16227273
119,6,1,GNN,2.4493926,1.8990018,0.5503908
129,6,1,GNN,0.7226534,0.957409,-0.23475559999999995
142,6,1,GNN,3.4129298,1.7984357,1.6144941000000002
146,6,1,GNN,11.581543,4.428727,7.152816
159,6,1,GNN,6.6892176,5.6200833,1.0691343
165,6,1,GNN,2.051076,2.5888307,-0.5377546999999998
167,6,1,GNN,3.3676689,2.789158,0.5785108999999999
178,6,1,GNN,0.7367781,1.697319,-0.9605409
198,6,1,GNN,6.0551295,3.3936465,2.6614829999999996
214,6,1,GNN,1.3029634,3.4351351,-2.1321717
235,6,1,GNN,4.9221287,3.6883876,1.2337411
270,6,1,GNN,3.5215707,2.276251,1.2453197
294,6,1,GNN,5.390096,4.816194,0.5739019999999995
295,6,1,GNN,3.5698621,1.7697375,1.8001246
305,6,1,GNN,2.123514,1.8770294,0.24648460000000005
321,6,1,GNN,0.5477045,3.7306693,-3.1829648
334,6,1,GNN,2.144972,1.7011578,0.44381420000000005
354,6,1,GNN,7.5327578,6.676549,0.8562088000000001
369,6,1,GNN,4.6774077,4.816194,-0.13878630000000047
379,6,1,GNN,1.562592,2.028056,-0.4654639999999999
392,6,1,GNN,1.4431806,2.704656,-1.2614754
406,6,1,GNN,5.229434,5.1489983,0.08043570000000066
429,6,1,GNN,0.09085634,3.57103,-3.4801736599999997
445,6,1,GNN,1.2450842,2.4819772,-1.2368930000000002
446,6,1,GNN,5.7057114,3.4733691,2.2323423
452,6,1,GNN,5.5468283,5.679567,-0.1327387
453,6,1,GNN,2.8446674,2.3478906,0.49677680000000013
457,6,1,GNN,3.148421,2.9189076,0.2295134000000001
467,6,1,GNN,5.791475,7.236388,-1.4449129999999997
476,6,1,GNN,3.148421,2.511966,0.6364549999999998
485,6,1,GNN,2.8446674,3.793919,-0.9492515999999998
488,6,1,GNN,6.4423165,4.428685,2.0136315
497,6,1,GNN,6.6843266,5.482483,1.2018436000000001
499,6,1,GNN,0.0,0.85791725,-0.85791725
502,6,1,GNN,4.3172784,3.8226988,0.49457960000000023
506,6,1,GNN,1.0304087,2.0868778,-1.0564691
512,6,1,GNN,3.6825666,4.4243984,-0.7418318000000004
516,6,1,GNN,3.8515942,3.2600422,0.5915520000000001
521,6,1,GNN,5.2545094,4.4744744,0.7800349999999998
525,6,1,GNN,7.217696,6.3628407,0.8548553000000005
527,6,1,GNN,5.4445043,4.733848,0.7106563000000001
542,6,1,GNN,0.39748433,1.2435877,-0.84610337
563,6,1,GNN,0.4891139,0.99287856,-0.50376466
576,6,1,GNN,2.4842935,2.7301886,-0.2458950999999998
584,6,1,GNN,5.4468765,4.4688306,0.9780458999999997
585,6,1,GNN,8.191565,7.165926,1.0256390000000009
586,6,1,GNN,3.4437854,3.0996726,0.3441128
595,6,1,GNN,5.611774,5.680834,-0.06906000000000034
611,6,1,GNN,7.217696,6.3018284,0.9158676000000003
623,6,1,GNN,6.953457,3.704952,3.248505
636,6,1,GNN,4.359359,3.2314825,1.1278765000000006
652,6,1,GNN,1.4059035,1.6869829,-0.2810794000000001
44,6,2,GNN,3.0488622,1.6486058,1.4002564
50,6,2,GNN,0.7797463,3.4282656,-2.6485193000000002
61,6,2,GNN,3.191632,6.416868,-3.225236
72,6,2,GNN,4.5250196,5.9423084,-1.4172887999999997
73,6,2,GNN,5.3967667,4.2490044,1.1477623000000001
77,6,2,GNN,4.990129,4.232514,0.7576149999999995
80,6,2,GNN,5.9857836,5.2706814,0.7151022000000005
81,6,2,GNN,1.2135745,1.1694529,0.04412159999999998
82,6,2,GNN,9.50365,5.101092,4.402558
89,6,2,GNN,6.9812107,6.063714,0.9174967
96,6,2,GNN,5.5468283,3.2683582,2.2784700999999994
102,6,2,GNN,1.0304087,2.4261532,-1.3957445
104,6,2,GNN,1.9243029,3.5325563,-1.6082534
112,6,2,GNN,2.3168473,0.8149042,1.5019431
119,6,2,GNN,2.4493926,1.405682,1.0437105999999998
129,6,2,GNN,0.7226534,0.726601,-0.003947600000000051
142,6,2,GNN,3.4129298,2.2944527,1.1184771000000002
146,6,2,GNN,11.581543,5.803405,5.778138
159,6,2,GNN,6.6892176,6.011298,0.6779196000000001
165,6,2,GNN,2.051076,2.2823138,-0.23123779999999972
167,6,2,GNN,3.3676689,2.4784813,0.8891876000000001
178,6,2,GNN,0.7367781,1.5486773,-0.8118992
198,6,2,GNN,6.0551295,4.886844,1.1682854999999996
214,6,2,GNN,1.3029634,3.5192158,-2.2162524
235,6,2,GNN,4.9221287,3.707418,1.2147107
270,6,2,GNN,3.5215707,2.6989791,0.8225916
294,6,2,GNN,5.390096,4.4044657,0.9856302999999995
295,6,2,GNN,3.5698621,2.3031871,1.2666749999999998
305,6,2,GNN,2.123514,1.5821939,0.5413201000000001
321,6,2,GNN,0.5477045,4.6640863,-4.1163818
334,6,2,GNN,2.144972,1.3308133,0.8141587000000001
354,6,2,GNN,7.5327578,6.538804,0.9939537999999999
369,6,2,GNN,4.6774077,4.4044657,0.2729419999999996
379,6,2,GNN,1.562592,1.6727561,-0.11016409999999999
392,6,2,GNN,1.4431806,3.0934653,-1.6502847
406,6,2,GNN,5.229434,4.557579,0.6718550000000008
429,6,2,GNN,0.09085634,2.5855317,-2.49467536
445,6,2,GNN,1.2450842,1.5936888,-0.34860460000000004
446,6,2,GNN,5.7057114,4.457734,1.2479774
452,6,2,GNN,5.5468283,5.7126484,-0.16582010000000036
453,6,2,GNN,2.8446674,2.3553758,0.48929160000000005
457,6,2,GNN,3.148421,2.201668,0.9467529999999997
467,6,2,GNN,5.791475,7.378736,-1.5872609999999998
476,6,2,GNN,3.148421,3.194337,-0.04591600000000007
485,6,2,GNN,2.8446674,2.8789525,-0.03428509999999996
488,6,2,GNN,6.4423165,4.8605,1.5818164999999995
497,6,2,GNN,6.6843266,5.544029,1.1402976000000002
499,6,2,GNN,0.0,0.71913683,-0.71913683
502,6,2,GNN,4.3172784,3.7253728,0.5919056
506,6,2,GNN,1.0304087,2.0370483,-1.0066396
512,6,2,GNN,3.6825666,4.4645796,-0.7820130000000005
516,6,2,GNN,3.8515942,2.473678,1.3779162
521,6,2,GNN,5.2545094,4.928399,0.32611040000000013
525,6,2,GNN,7.217696,6.316023,0.9016729999999997
527,6,2,GNN,5.4445043,5.116169,0.3283353
542,6,2,GNN,0.39748433,1.1589687,-0.76148437
563,6,2,GNN,0.4891139,0.8203149,-0.33120099999999997
576,6,2,GNN,2.4842935,4.7056513,-2.2213578000000003
584,6,2,GNN,5.4468765,4.281234,1.1656424999999997
585,6,2,GNN,8.191565,5.0796576,3.1119074000000007
586,6,2,GNN,3.4437854,3.8500614,-0.4062760000000001
595,6,2,GNN,5.611774,4.60769,1.0040839999999998
611,6,2,GNN,7.217696,6.4328504,0.7848455999999997
623,6,2,GNN,6.953457,3.8904312,3.0630258
636,6,2,GNN,4.359359,3.5811572,0.7782018000000006
652,6,2,GNN,1.4059035,1.3824003,0.023503199999999946
44,6,3,GNN,3.0488622,1.2248869,1.8239752999999999
50,6,3,GNN,0.7797463,3.5732245,-2.7934782
61,6,3,GNN,3.191632,6.5848584,-3.3932264
72,6,3,GNN,4.5250196,4.426937,0.09808260000000057
73,6,3,GNN,5.3967667,4.790459,0.6063076999999994
77,6,3,GNN,4.990129,5.4727077,-0.48257870000000036
80,6,3,GNN,5.9857836,5.697762,0.28802160000000043
81,6,3,GNN,1.2135745,1.2266873,-0.013112800000000036
82,6,3,GNN,9.50365,5.1735096,4.3301404
89,6,3,GNN,6.9812107,4.8500967,2.131114
96,6,3,GNN,5.5468283,3.4216843,2.1251439999999997
102,6,3,GNN,1.0304087,1.7794135,-0.7490048
104,6,3,GNN,1.9243029,4.1132874,-2.1889845
112,6,3,GNN,2.3168473,1.4616885,0.8551588000000001
119,6,3,GNN,2.4493926,1.5021777,0.9472148999999999
129,6,3,GNN,0.7226534,0.9030964,-0.18044300000000002
142,6,3,GNN,3.4129298,1.7188194,1.6941104
146,6,3,GNN,11.581543,5.6003494,5.9811936
159,6,3,GNN,6.6892176,6.4806075,0.20861010000000046
165,6,3,GNN,2.051076,3.2020805,-1.1510045
167,6,3,GNN,3.3676689,3.3162694,0.05139950000000004
178,6,3,GNN,0.7367781,2.0067332,-1.2699551000000002
198,6,3,GNN,6.0551295,4.264184,1.7909454999999994
214,6,3,GNN,1.3029634,3.990743,-2.6877796
235,6,3,GNN,4.9221287,4.4038625,0.5182662000000002
270,6,3,GNN,3.5215707,3.110601,0.4109696999999999
294,6,3,GNN,5.390096,4.0064077,1.3836883000000002
295,6,3,GNN,3.5698621,2.8334112,0.7364508999999999
305,6,3,GNN,2.123514,2.1029184,0.020595600000000047
321,6,3,GNN,0.5477045,3.957722,-3.4100175
334,6,3,GNN,2.144972,2.5279245,-0.38295250000000003
354,6,3,GNN,7.5327578,7.0287495,0.5040082999999997
369,6,3,GNN,4.6774077,4.0064077,0.6710000000000003
379,6,3,GNN,1.562592,2.2488933,-0.6863013000000002
392,6,3,GNN,1.4431806,2.5041945,-1.0610139
406,6,3,GNN,5.229434,4.5981445,0.6312895000000003
429,6,3,GNN,0.09085634,3.7061,-3.61524366
445,6,3,GNN,1.2450842,2.3352005,-1.0901163
446,6,3,GNN,5.7057114,3.773664,1.9320474
452,6,3,GNN,5.5468283,5.9092083,-0.3623800000000008
453,6,3,GNN,2.8446674,3.0523882,-0.20772080000000015
457,6,3,GNN,3.148421,3.225375,-0.07695400000000019
467,6,3,GNN,5.791475,7.9017386,-2.1102635999999997
476,6,3,GNN,3.148421,2.8863072,0.26211379999999984
485,6,3,GNN,2.8446674,4.440181,-1.5955135999999999
488,6,3,GNN,6.4423165,5.3633575,1.0789589999999993
497,6,3,GNN,6.6843266,6.338237,0.3460896
499,6,3,GNN,0.0,0.66704357,-0.66704357
502,6,3,GNN,4.3172784,4.629776,-0.3124975999999995
506,6,3,GNN,1.0304087,2.4210627,-1.3906539999999998
512,6,3,GNN,3.6825666,4.373505,-0.6909383999999998
516,6,3,GNN,3.8515942,3.3413594,0.5102348000000001
521,6,3,GNN,5.2545094,5.654227,-0.3997175999999998
525,6,3,GNN,7.217696,6.571269,0.6464270000000001
527,6,3,GNN,5.4445043,5.0255375,0.41896679999999975
542,6,3,GNN,0.39748433,0.7646667,-0.36718237000000004
563,6,3,GNN,0.4891139,0.36656922,0.12254468000000002
576,6,3,GNN,2.4842935,2.9311767,-0.4468831999999998
584,6,3,GNN,5.4468765,5.0671864,0.37969010000000036
585,6,3,GNN,8.191565,6.4877906,1.7037744000000004
586,6,3,GNN,3.4437854,3.6217318,-0.17794640000000017
595,6,3,GNN,5.611774,6.308613,-0.6968390000000007
611,6,3,GNN,7.217696,6.6290846,0.5886114000000005
623,6,3,GNN,6.953457,3.9199815,3.0334755
636,6,3,GNN,4.359359,3.9129033,0.44645570000000045
652,6,3,GNN,1.4059035,1.9172087,-0.5113052
44,6,4,GNN,3.0488622,2.302187,0.7466751999999999
50,6,4,GNN,0.7797463,3.2715278,-2.4917815
61,6,4,GNN,3.191632,5.0970273,-1.9053953
72,6,4,GNN,4.5250196,5.282236,-0.7572163999999999
73,6,4,GNN,5.3967667,4.2367864,1.1599803
77,6,4,GNN,4.990129,5.021521,-0.03139200000000031
80,6,4,GNN,5.9857836,5.066489,0.9192946000000006
81,6,4,GNN,1.2135745,1.3527234,-0.1391488999999999
82,6,4,GNN,9.50365,4.5130816,4.990568400000001
89,6,4,GNN,6.9812107,6.556625,0.42458569999999973
96,6,4,GNN,5.5468283,3.577064,1.9697642999999996
102,6,4,GNN,1.0304087,1.2562606,-0.2258519000000001
104,6,4,GNN,1.9243029,5.436886,-3.5125831000000005
112,6,4,GNN,2.3168473,2.1188498,0.19799750000000005
119,6,4,GNN,2.4493926,1.6164643,0.8329282999999998
129,6,4,GNN,0.7226534,0.5674169,0.1552365
142,6,4,GNN,3.4129298,2.0073185,1.4056113000000003
146,6,4,GNN,11.581543,4.548767,7.032776
159,6,4,GNN,6.6892176,6.1826267,0.5065909
165,6,4,GNN,2.051076,2.8883138,-0.8372378
167,6,4,GNN,3.3676689,2.9217439,0.4459249999999999
178,6,4,GNN,0.7367781,1.8207469,-1.0839688
198,6,4,GNN,6.0551295,5.0122805,1.0428489999999995
214,6,4,GNN,1.3029634,3.5445752,-2.2416118000000003
235,6,4,GNN,4.9221287,4.663413,0.25871569999999977
270,6,4,GNN,3.5215707,3.3084083,0.21316239999999986
294,6,4,GNN,5.390096,4.9697394,0.42035659999999986
295,6,4,GNN,3.5698621,2.4547806,1.1150815
305,6,4,GNN,2.123514,1.671075,0.45243900000000004
321,6,4,GNN,0.5477045,5.290462,-4.7427575
334,6,4,GNN,2.144972,2.3015323,-0.15656029999999976
354,6,4,GNN,7.5327578,6.746334,0.7864237999999997
369,6,4,GNN,4.6774077,4.9697394,-0.2923317000000001
379,6,4,GNN,1.562592,1.6266185,-0.06402649999999999
392,6,4,GNN,1.4431806,2.3236456,-0.8804649999999998
406,6,4,GNN,5.229434,5.4534483,-0.22401429999999944
429,6,4,GNN,0.09085634,4.7273,-4.636443659999999
445,6,4,GNN,1.2450842,1.9069016,-0.6618174000000001
446,6,4,GNN,5.7057114,4.878167,0.8275443999999998
452,6,4,GNN,5.5468283,6.7852135,-1.2383852000000006
453,6,4,GNN,2.8446674,2.86455,-0.01988259999999986
457,6,4,GNN,3.148421,2.7155976,0.43282339999999975
467,6,4,GNN,5.791475,7.231803,-1.440328
476,6,4,GNN,3.148421,2.9316478,0.2167732
485,6,4,GNN,2.8446674,4.304792,-1.4601245999999999
488,6,4,GNN,6.4423165,5.840567,0.6017494999999995
497,6,4,GNN,6.6843266,6.0270395,0.6572871000000005
499,6,4,GNN,0.0,1.5706748,-1.5706748
502,6,4,GNN,4.3172784,3.9484076,0.3688708000000003
506,6,4,GNN,1.0304087,2.1559815,-1.1255728000000003
512,6,4,GNN,3.6825666,3.5844684,0.09809819999999991
516,6,4,GNN,3.8515942,2.8323045,1.0192897000000003
521,6,4,GNN,5.2545094,4.80352,0.4509894000000001
525,6,4,GNN,7.217696,7.381146,-0.1634500000000001
527,6,4,GNN,5.4445043,4.933308,0.5111962999999999
542,6,4,GNN,0.39748433,0.9262556,-0.52877127
563,6,4,GNN,0.4891139,0.6006621,-0.11154819999999999
576,6,4,GNN,2.4842935,5.695872,-3.2115784999999994
584,6,4,GNN,5.4468765,4.6800594,0.7668170999999999
585,6,4,GNN,8.191565,7.39816,0.7934050000000008
586,6,4,GNN,3.4437854,4.1470847,-0.7032992999999998
595,6,4,GNN,5.611774,4.606126,1.0056479999999999
611,6,4,GNN,7.217696,4.8935547,2.3241413
623,6,4,GNN,6.953457,3.9403234,3.0131336
636,6,4,GNN,4.359359,4.5434694,-0.18411039999999979
652,6,4,GNN,1.4059035,1.4108982,-0.00499470000000013
44,6,5,GNN,3.0488622,1.9128608,1.1360013999999998
50,6,5,GNN,0.7797463,4.8547363,-4.07499
61,6,5,GNN,3.191632,5.9121695,-2.7205375000000003
72,6,5,GNN,4.5250196,4.663402,-0.13838239999999935
73,6,5,GNN,5.3967667,4.631997,0.7647696999999996
77,6,5,GNN,4.990129,4.02684,0.9632889999999996
80,6,5,GNN,5.9857836,5.50112,0.4846636000000002
81,6,5,GNN,1.2135745,1.5214297,-0.3078552000000001
82,6,5,GNN,9.50365,5.278982,4.224668
89,6,5,GNN,6.9812107,5.2212763,1.7599343999999997
96,6,5,GNN,5.5468283,2.784904,2.7619242999999996
102,6,5,GNN,1.0304087,1.4157019,-0.3852932
104,6,5,GNN,1.9243029,3.5589285,-1.6346256
112,6,5,GNN,2.3168473,2.175291,0.14155629999999997
119,6,5,GNN,2.4493926,1.4976467,0.9517458999999999
129,6,5,GNN,0.7226534,0.63173866,0.09091474
142,6,5,GNN,3.4129298,1.415207,1.9977228
146,6,5,GNN,11.581543,6.0776467,5.5038963
159,6,5,GNN,6.6892176,4.7994227,1.8897949
165,6,5,GNN,2.051076,2.735069,-0.6839930000000001
167,6,5,GNN,3.3676689,2.7631357,0.6045332000000001
178,6,5,GNN,0.7367781,1.570481,-0.8337029
198,6,5,GNN,6.0551295,5.79132,0.2638094999999998
214,6,5,GNN,1.3029634,2.809596,-1.5066325999999999
235,6,5,GNN,4.9221287,3.634107,1.2880216999999998
270,6,5,GNN,3.5215707,3.4584377,0.06313299999999966
294,6,5,GNN,5.390096,4.2427692,1.1473268
295,6,5,GNN,3.5698621,2.2040813,1.3657808
305,6,5,GNN,2.123514,1.6080269,0.5154871000000001
321,6,5,GNN,0.5477045,6.399108,-5.8514035
334,6,5,GNN,2.144972,2.489015,-0.3440430000000001
354,6,5,GNN,7.5327578,6.336536,1.1962218
369,6,5,GNN,4.6774077,4.2427692,0.43463850000000015
379,6,5,GNN,1.562592,1.4923587,0.07023329999999994
392,6,5,GNN,1.4431806,3.7041435,-2.2609629
406,6,5,GNN,5.229434,4.364991,0.8644430000000005
429,6,5,GNN,0.09085634,4.0866404,-3.99578406
445,6,5,GNN,1.2450842,1.7830508,-0.5379666000000001
446,6,5,GNN,5.7057114,4.670749,1.0349624000000004
452,6,5,GNN,5.5468283,6.1037426,-0.5569143000000008
453,6,5,GNN,2.8446674,2.8826487,-0.037981299999999774
457,6,5,GNN,3.148421,2.887844,0.26057700000000006
467,6,5,GNN,5.791475,7.1520157,-1.3605406999999996
476,6,5,GNN,3.148421,2.6879075,0.4605134999999998
485,6,5,GNN,2.8446674,2.9715204,-0.1268530000000001
488,6,5,GNN,6.4423165,3.8685951,2.5737213999999997
497,6,5,GNN,6.6843266,5.3486824,1.3356442
499,6,5,GNN,0.0,0.8961295,-0.8961295
502,6,5,GNN,4.3172784,4.108144,0.20913439999999994
506,6,5,GNN,1.0304087,1.9982191,-0.9678104000000001
512,6,5,GNN,3.6825666,3.8628397,-0.18027309999999996
516,6,5,GNN,3.8515942,2.940837,0.9107571999999999
521,6,5,GNN,5.2545094,3.9814978,1.2730115999999998
525,6,5,GNN,7.217696,5.40703,1.8106660000000003
527,6,5,GNN,5.4445043,5.2524548,0.19204950000000043
542,6,5,GNN,0.39748433,1.5345318,-1.13704747
563,6,5,GNN,0.4891139,0.6397471,-0.15063320000000002
576,6,5,GNN,2.4842935,4.314951,-1.8306574999999996
584,6,5,GNN,5.4468765,4.363047,1.0838295000000002
585,6,5,GNN,8.191565,5.972495,2.2190700000000003
586,6,5,GNN,3.4437854,4.1895857,-0.7458003000000004
595,6,5,GNN,5.611774,4.563203,1.048571
611,6,5,GNN,7.217696,6.129691,1.0880049999999999
623,6,5,GNN,6.953457,2.615113,4.338344
636,6,5,GNN,4.359359,2.8704357,1.4889233000000006
652,6,5,GNN,1.4059035,1.7254602,-0.31955670000000014
44,6,7,GNN,3.0488622,2.5396504,0.5092117999999997
50,6,7,GNN,0.7797463,4.5640535,-3.7843071999999998
61,6,7,GNN,3.191632,6.0781274,-2.8864954
72,6,7,GNN,4.5250196,5.539861,-1.0148414
73,6,7,GNN,5.3967667,5.5991607,-0.20239399999999996
77,6,7,GNN,4.990129,5.892924,-0.9027950000000002
80,6,7,GNN,5.9857836,5.454607,0.5311766000000002
81,6,7,GNN,1.2135745,1.3327827,-0.1192082000000001
82,6,7,GNN,9.50365,6.1177616,3.3858884000000007
89,6,7,GNN,6.9812107,7.192591,-0.21138030000000008
96,6,7,GNN,5.5468283,3.646605,1.9002232999999995
102,6,7,GNN,1.0304087,1.8424262,-0.8120175000000001
104,6,7,GNN,1.9243029,5.3532906,-3.4289877000000004
112,6,7,GNN,2.3168473,1.2608048,1.0560425
119,6,7,GNN,2.4493926,1.8885381,0.5608544999999998
129,6,7,GNN,0.7226534,0.58442926,0.13822414000000005
142,6,7,GNN,3.4129298,1.7984043,1.6145255
146,6,7,GNN,11.581543,6.643218,4.938325
159,6,7,GNN,6.6892176,7.0738864,-0.38466880000000003
165,6,7,GNN,2.051076,3.06277,-1.0116939999999999
167,6,7,GNN,3.3676689,2.9233978,0.4442710999999999
178,6,7,GNN,0.7367781,1.8707346,-1.1339565
198,6,7,GNN,6.0551295,4.8936687,1.1614607999999995
214,6,7,GNN,1.3029634,3.6717598,-2.3687964
235,6,7,GNN,4.9221287,4.524579,0.3975496999999999
270,6,7,GNN,3.5215707,4.049042,-0.5274713000000002
294,6,7,GNN,5.390096,4.5266395,0.8634564999999998
295,6,7,GNN,3.5698621,2.3464382,1.2234238999999998
305,6,7,GNN,2.123514,1.635972,0.48754200000000014
321,6,7,GNN,0.5477045,5.7461677,-5.1984632
334,6,7,GNN,2.144972,3.0660887,-0.9211166999999998
354,6,7,GNN,7.5327578,7.3893313,0.14342649999999946
369,6,7,GNN,4.6774077,4.5266395,0.1507681999999999
379,6,7,GNN,1.562592,1.651895,-0.08930299999999991
392,6,7,GNN,1.4431806,3.0391576,-1.5959769999999998
406,6,7,GNN,5.229434,4.592746,0.6366880000000004
429,6,7,GNN,0.09085634,2.736529,-2.64567266
445,6,7,GNN,1.2450842,2.2402835,-0.9951992999999999
446,6,7,GNN,5.7057114,5.0227456,0.6829657999999998
452,6,7,GNN,5.5468283,6.43014,-0.8833117000000001
453,6,7,GNN,2.8446674,2.9825757,-0.13790829999999987
457,6,7,GNN,3.148421,3.061155,0.08726600000000007
467,6,7,GNN,5.791475,7.0286565,-1.2371815000000002
476,6,7,GNN,3.148421,3.2692256,-0.12080460000000004
485,6,7,GNN,2.8446674,4.460995,-1.6163275999999995
488,6,7,GNN,6.4423165,5.6957545,0.746562
497,6,7,GNN,6.6843266,5.6536994,1.0306272000000005
499,6,7,GNN,0.0,0.7251142,-0.7251142
502,6,7,GNN,4.3172784,4.7643414,-0.447063
506,6,7,GNN,1.0304087,2.5801365,-1.5497278
512,6,7,GNN,3.6825666,4.422711,-0.7401443999999997
516,6,7,GNN,3.8515942,3.2052975,0.6462967000000002
521,6,7,GNN,5.2545094,5.196114,0.05839540000000021
525,6,7,GNN,7.217696,6.4329453,0.7847507
527,6,7,GNN,5.4445043,4.4963126,0.9481916999999997
542,6,7,GNN,0.39748433,1.0059234,-0.60843907
563,6,7,GNN,0.4891139,1.0680082,-0.5788943
576,6,7,GNN,2.4842935,4.3648095,-1.8805159999999996
584,6,7,GNN,5.4468765,5.0245824,0.4222941000000002
585,6,7,GNN,8.191565,4.89771,3.2938550000000006
586,6,7,GNN,3.4437854,4.8335114,-1.389726
595,6,7,GNN,5.611774,4.9440813,0.6676926999999999
611,6,7,GNN,7.217696,4.645325,2.5723710000000004
623,6,7,GNN,6.953457,3.972207,2.98125
636,6,7,GNN,4.359359,2.979741,1.3796180000000002
652,6,7,GNN,1.4059035,1.5208303,-0.1149268000000001
44,6,8,GNN,3.0488622,2.6682248,0.3806373999999999
50,6,8,GNN,0.7797463,2.1669536,-1.3872072999999998
61,6,8,GNN,3.191632,4.935453,-1.743821
72,6,8,GNN,4.5250196,4.734476,-0.20945639999999965
73,6,8,GNN,5.3967667,4.0775476,1.3192190999999998
77,6,8,GNN,4.990129,4.377455,0.6126739999999993
80,6,8,GNN,5.9857836,4.5568633,1.4289203000000006
81,6,8,GNN,1.2135745,1.0367229,0.1768516
82,6,8,GNN,9.50365,4.0186563,5.4849937
89,6,8,GNN,6.9812107,5.314381,1.6668297
96,6,8,GNN,5.5468283,2.999524,2.5473042999999995
102,6,8,GNN,1.0304087,1.9732407,-0.9428320000000001
104,6,8,GNN,1.9243029,4.2583866,-2.3340837
112,6,8,GNN,2.3168473,2.5786324,-0.2617851
119,6,8,GNN,2.4493926,1.7683673,0.6810253
129,6,8,GNN,0.7226534,0.36000896,0.36264444
142,6,8,GNN,3.4129298,2.4174,0.9955297999999999
146,6,8,GNN,11.581543,4.0961695,7.4853735
159,6,8,GNN,6.6892176,5.8164783,0.8727393000000001
165,6,8,GNN,2.051076,2.6679416,-0.6168655999999997
167,6,8,GNN,3.3676689,2.650957,0.7167119
178,6,8,GNN,0.7367781,1.9053377,-1.1685596
198,6,8,GNN,6.0551295,4.379432,1.6756974999999992
214,6,8,GNN,1.3029634,1.6084994,-0.3055359999999998
235,6,8,GNN,4.9221287,3.9325504,0.9895783000000002
270,6,8,GNN,3.5215707,2.5539298,0.9676408999999997
294,6,8,GNN,5.390096,4.9207106,0.4693854000000002
295,6,8,GNN,3.5698621,1.6423435,1.9275186
305,6,8,GNN,2.123514,1.7240204,0.3994936000000002
321,6,8,GNN,0.5477045,2.7677097,-2.2200052
334,6,8,GNN,2.144972,2.2051358,-0.06016379999999977
354,6,8,GNN,7.5327578,6.6081414,0.9246163999999997
369,6,8,GNN,4.6774077,4.9207106,-0.24330289999999977
379,6,8,GNN,1.562592,1.5133067,0.049285299999999976
392,6,8,GNN,1.4431806,1.744397,-0.30121639999999994
406,6,8,GNN,5.229434,5.187908,0.041526000000000174
429,6,8,GNN,0.09085634,2.0496895,-1.95883316
445,6,8,GNN,1.2450842,1.5748099,-0.3297257
446,6,8,GNN,5.7057114,2.8525481,2.8531633000000003
452,6,8,GNN,5.5468283,5.210138,0.3366902999999999
453,6,8,GNN,2.8446674,2.4903274,0.3543400000000001
457,6,8,GNN,3.148421,2.4806557,0.6677653000000001
467,6,8,GNN,5.791475,6.1906633,-0.3991882999999996
476,6,8,GNN,3.148421,2.2894368,0.8589842000000001
485,6,8,GNN,2.8446674,2.6781836,0.16648379999999996
488,6,8,GNN,6.4423165,4.791114,1.6512024999999992
497,6,8,GNN,6.6843266,5.491068,1.1932586
499,6,8,GNN,0.0,0.40964705,-0.40964705
502,6,8,GNN,4.3172784,3.7249312,0.5923472000000003
506,6,8,GNN,1.0304087,1.9103546,-0.8799459000000001
512,6,8,GNN,3.6825666,4.7359333,-1.0533667000000002
516,6,8,GNN,3.8515942,2.6556587,1.1959355
521,6,8,GNN,5.2545094,4.5526013,0.7019080999999998
525,6,8,GNN,7.217696,6.9115725,0.3061235
527,6,8,GNN,5.4445043,4.8522124,0.5922919000000002
542,6,8,GNN,0.39748433,0.81964386,-0.42215953
563,6,8,GNN,0.4891139,0.7286359,-0.239522
576,6,8,GNN,2.4842935,3.9012709,-1.4169774
584,6,8,GNN,5.4468765,4.462684,0.9841924999999998
585,6,8,GNN,8.191565,6.014684,2.1768810000000007
586,6,8,GNN,3.4437854,3.6773305,-0.23354510000000017
595,6,8,GNN,5.611774,5.3687997,0.2429742999999993
611,6,8,GNN,7.217696,5.30779,1.9099060000000003
623,6,8,GNN,6.953457,3.6792378,3.2742192
636,6,8,GNN,4.359359,3.9400744,0.41928460000000056
652,6,8,GNN,1.4059035,1.1571255,0.24877799999999994
44,6,9,GNN,3.0488622,2.302939,0.7459232
50,6,9,GNN,0.7797463,2.9765763,-2.1968300000000003
61,6,9,GNN,3.191632,6.5431147,-3.3514827000000005
72,6,9,GNN,4.5250196,6.837508,-2.3124883999999994
73,6,9,GNN,5.3967667,4.3306994,1.0660672999999994
77,6,9,GNN,4.990129,4.6359124,0.3542166
80,6,9,GNN,5.9857836,5.8579865,0.12779710000000044
81,6,9,GNN,1.2135745,1.3056517,-0.09207720000000008
82,6,9,GNN,9.50365,4.944761,4.558889000000001
89,6,9,GNN,6.9812107,6.0038295,0.9773812
96,6,9,GNN,5.5468283,3.5188718,2.0279564999999997
102,6,9,GNN,1.0304087,2.095943,-1.0655343000000002
104,6,9,GNN,1.9243029,3.4098477,-1.4855447999999998
112,6,9,GNN,2.3168473,0.87822604,1.4386212600000001
119,6,9,GNN,2.4493926,1.8335545,0.6158380999999999
129,6,9,GNN,0.7226534,0.6833948,0.03925860000000003
142,6,9,GNN,3.4129298,2.0478637,1.3650661
146,6,9,GNN,11.581543,6.2949624,5.2865806
159,6,9,GNN,6.6892176,8.181849,-1.4926313999999996
165,6,9,GNN,2.051076,3.0573466,-1.0062705999999997
167,6,9,GNN,3.3676689,3.1663334,0.2013354999999999
178,6,9,GNN,0.7367781,1.3929808,-0.6562026999999999
198,6,9,GNN,6.0551295,3.6548645,2.4002649999999996
214,6,9,GNN,1.3029634,3.717946,-2.4149826
235,6,9,GNN,4.9221287,4.72677,0.19535869999999989
270,6,9,GNN,3.5215707,2.8937562,0.6278144999999999
294,6,9,GNN,5.390096,4.94668,0.44341600000000003
295,6,9,GNN,3.5698621,3.339806,0.2300561000000001
305,6,9,GNN,2.123514,1.5196998,0.6038142000000002
321,6,9,GNN,0.5477045,4.345651,-3.7979465
334,6,9,GNN,2.144972,2.8926075,-0.7476354999999999
354,6,9,GNN,7.5327578,6.638141,0.8946167999999997
369,6,9,GNN,4.6774077,4.94668,-0.2692722999999999
379,6,9,GNN,1.562592,1.7048166,-0.14222460000000003
392,6,9,GNN,1.4431806,1.9445875,-0.5014068999999999
406,6,9,GNN,5.229434,5.0840144,0.14541960000000032
429,6,9,GNN,0.09085634,3.6978698,-3.6070134599999997
445,6,9,GNN,1.2450842,2.9592347,-1.7141505000000001
446,6,9,GNN,5.7057114,3.9211054,1.7846060000000001
452,6,9,GNN,5.5468283,5.852153,-0.3053247000000008
453,6,9,GNN,2.8446674,2.7744198,0.07024760000000008
457,6,9,GNN,3.148421,3.4775655,-0.32914449999999995
467,6,9,GNN,5.791475,7.360165,-1.5686900000000001
476,6,9,GNN,3.148421,2.5019367,0.6464843
485,6,9,GNN,2.8446674,3.8395576,-0.9948902
488,6,9,GNN,6.4423165,5.17494,1.2673764999999992
497,6,9,GNN,6.6843266,5.938578,0.7457486000000006
499,6,9,GNN,0.0,1.0913192,-1.0913192
502,6,9,GNN,4.3172784,4.2962594,0.0210189999999999
506,6,9,GNN,1.0304087,2.1364627,-1.106054
512,6,9,GNN,3.6825666,4.289618,-0.6070514
516,6,9,GNN,3.8515942,3.7398021,0.11179210000000017
521,6,9,GNN,5.2545094,5.097988,0.15652139999999992
525,6,9,GNN,7.217696,6.0687594,1.1489365999999999
527,6,9,GNN,5.4445043,4.411593,1.0329113000000003
542,6,9,GNN,0.39748433,1.0409851,-0.6435007700000002
563,6,9,GNN,0.4891139,1.0999204,-0.6108065
576,6,9,GNN,2.4842935,3.6768851,-1.1925915999999996
584,6,9,GNN,5.4468765,5.1283374,0.31853909999999974
585,6,9,GNN,8.191565,6.2298284,1.961736600000001
586,6,9,GNN,3.4437854,4.3320203,-0.8882349
595,6,9,GNN,5.611774,6.0295467,-0.41777270000000044
611,6,9,GNN,7.217696,6.6401587,0.5775373000000004
623,6,9,GNN,6.953457,5.0804424,1.8730146000000003
636,6,9,GNN,4.359359,3.9297802,0.42957880000000026
652,6,9,GNN,1.4059035,1.6200234,-0.21411990000000003
44,6,10,GNN,3.0488622,1.5977588,1.4511033999999998
50,6,10,GNN,0.7797463,2.9915998,-2.2118535
61,6,10,GNN,3.191632,6.8965464,-3.7049144000000003
72,6,10,GNN,4.5250196,6.4670725,-1.9420528999999993
73,6,10,GNN,5.3967667,4.812285,0.5844816999999995
77,6,10,GNN,4.990129,5.2868047,-0.29667570000000065
80,6,10,GNN,5.9857836,5.7867107,0.1990729
81,6,10,GNN,1.2135745,1.2206272,-0.007052700000000023
82,6,10,GNN,9.50365,5.47576,4.02789
89,6,10,GNN,6.9812107,6.236055,0.7451556999999998
96,6,10,GNN,5.5468283,3.488304,2.0585242999999998
102,6,10,GNN,1.0304087,1.872606,-0.8421973
104,6,10,GNN,1.9243029,4.087308,-2.1630051000000003
112,6,10,GNN,2.3168473,1.8830149,0.4338324
119,6,10,GNN,2.4493926,1.6253064,0.8240862
129,6,10,GNN,0.7226534,0.632989,0.08966439999999998
142,6,10,GNN,3.4129298,1.85345,1.5594798
146,6,10,GNN,11.581543,5.8362217,5.7453213
159,6,10,GNN,6.6892176,4.2235956,2.4656219999999998
165,6,10,GNN,2.051076,2.756594,-0.7055180000000001
167,6,10,GNN,3.3676689,2.8974266,0.4702422999999998
178,6,10,GNN,0.7367781,1.3186499,-0.5818718
198,6,10,GNN,6.0551295,5.320669,0.7344605
214,6,10,GNN,1.3029634,3.7263823,-2.4234188999999997
235,6,10,GNN,4.9221287,4.2417603,0.6803683999999999
270,6,10,GNN,3.5215707,3.0022871,0.5192835999999996
294,6,10,GNN,5.390096,4.730461,0.6596349999999997
295,6,10,GNN,3.5698621,3.5959334,-0.02607129999999991
305,6,10,GNN,2.123514,1.4169638,0.7065502000000001
321,6,10,GNN,0.5477045,4.2794166,-3.7317121
334,6,10,GNN,2.144972,1.7262514,0.4187206000000001
354,6,10,GNN,7.5327578,5.966218,1.5665398000000001
369,6,10,GNN,4.6774077,4.730461,-0.05305330000000019
379,6,10,GNN,1.562592,1.6309072,-0.06831520000000002
392,6,10,GNN,1.4431806,3.0894425,-1.6462619
406,6,10,GNN,5.229434,5.030793,0.1986410000000003
429,6,10,GNN,0.09085634,1.5531619,-1.4623055600000001
445,6,10,GNN,1.2450842,1.7099953,-0.46491110000000013
446,6,10,GNN,5.7057114,4.601271,1.1044404000000005
452,6,10,GNN,5.5468283,6.2652645,-0.7184362000000002
453,6,10,GNN,2.8446674,2.7339237,0.1107437
457,6,10,GNN,3.148421,2.9082694,0.2401515999999999
467,6,10,GNN,5.791475,7.6497264,-1.8582513999999994
476,6,10,GNN,3.148421,3.617385,-0.46896400000000016
485,6,10,GNN,2.8446674,3.6911328,-0.8464654
488,6,10,GNN,6.4423165,5.414715,1.0276014999999994
497,6,10,GNN,6.6843266,6.1450715,0.5392551000000001
499,6,10,GNN,0.0,1.0249141,-1.0249141
502,6,10,GNN,4.3172784,4.716938,-0.39965959999999967
506,6,10,GNN,1.0304087,2.395405,-1.3649962999999998
512,6,10,GNN,3.6825666,4.8615036,-1.178937
516,6,10,GNN,3.8515942,2.8747883,0.9768059
521,6,10,GNN,5.2545094,5.248507,0.006002399999999852
525,6,10,GNN,7.217696,5.19726,2.020436
527,6,10,GNN,5.4445043,4.9836445,0.4608598000000006
542,6,10,GNN,0.39748433,0.67880034,-0.28131601
563,6,10,GNN,0.4891139,0.6925472,-0.20343330000000004
576,6,10,GNN,2.4842935,3.8933454,-1.4090518999999997
584,6,10,GNN,5.4468765,4.746172,0.7007045000000005
585,6,10,GNN,8.191565,4.911549,3.2800160000000007
586,6,10,GNN,3.4437854,4.403478,-0.9596925999999999
595,6,10,GNN,5.611774,5.08983,0.5219439999999995
611,6,10,GNN,7.217696,6.2093687,1.0083273000000004
623,6,10,GNN,6.953457,4.4489,2.504557
636,6,10,GNN,4.359359,4.273692,0.08566700000000083
652,6,10,GNN,1.4059035,1.6697469,-0.26384340000000006
0,7,1,GNN,5.3066177,4.8147807,0.4918370000000003
3,7,1,GNN,6.197501,7.2523274,-1.0548264000000005
4,7,1,GNN,3.650495,3.138151,0.5123439999999997
10,7,1,GNN,1.6387703,1.6286209,0.010149399999999975
12,7,1,GNN,9.50365,8.957218,0.5464320000000011
27,7,1,GNN,3.0488622,3.3626637,-0.3138015000000003
32,7,1,GNN,3.4437854,2.659472,0.7843133999999998
41,7,1,GNN,2.5560374,2.839797,-0.2837595999999998
54,7,1,GNN,1.2110355,2.0529714,-0.8419359000000002
60,7,1,GNN,2.0074391,1.3056872,0.7017519000000001
83,7,1,GNN,0.0,1.1522492,-1.1522492
84,7,1,GNN,0.76608,2.8988621,-2.1327821
99,7,1,GNN,0.7330525,3.501903,-2.7688505
100,7,1,GNN,4.58116,4.489392,0.09176800000000007
128,7,1,GNN,6.9383388,6.2005515,0.7377872999999999
139,7,1,GNN,0.27286044,2.141785,-1.86892456
144,7,1,GNN,8.015729,6.4599285,1.5558005000000001
147,7,1,GNN,5.749897,4.442288,1.3076090000000002
150,7,1,GNN,6.9812107,7.4305067,-0.4492959999999995
158,7,1,GNN,3.9394622,2.4927957,1.4466665
164,7,1,GNN,1.5345784,1.3221315,0.2124469
208,7,1,GNN,5.4445043,7.0348954,-1.5903910999999997
211,7,1,GNN,0.8096686,2.6958106,-1.8861420000000002
225,7,1,GNN,3.7105877,4.757061,-1.0464733000000002
233,7,1,GNN,4.7992935,3.0796402,1.7196533
247,7,1,GNN,5.4445043,4.2395453,1.2049590000000006
259,7,1,GNN,1.7506295,4.682366,-2.9317365
264,7,1,GNN,4.58116,5.136991,-0.5558310000000004
267,7,1,GNN,2.9394786,1.4745069,1.4649717000000002
277,7,1,GNN,8.191565,7.844412,0.3471530000000005
283,7,1,GNN,1.0751938,3.206216,-2.1310222
301,7,1,GNN,4.083686,4.302214,-0.21852800000000006
307,7,1,GNN,6.458688,7.5166836,-1.0579956
362,7,1,GNN,2.627346,3.2104867,-0.5831407
376,7,1,GNN,3.0090456,1.7268784,1.2821672
385,7,1,GNN,4.1773067,4.906746,-0.7294393000000001
396,7,1,GNN,2.282212,2.8669212,-0.5847092000000003
399,7,1,GNN,1.2013634,1.7661641,-0.5648006999999999
409,7,1,GNN,6.9383388,6.960244,-0.021905199999999958
412,7,1,GNN,1.8288907,3.0045273,-1.1756365999999998
463,7,1,GNN,0.7330525,2.5744412,-1.8413887
469,7,1,GNN,3.2636845,2.960535,0.30314949999999996
470,7,1,GNN,3.8515942,1.5753788,2.2762154
494,7,1,GNN,3.4437854,3.681431,-0.2376456
509,7,1,GNN,4.990129,4.116988,0.8731409999999995
511,7,1,GNN,3.2200706,3.373714,-0.15364339999999999
517,7,1,GNN,4.019613,6.128332,-2.1087190000000007
523,7,1,GNN,9.50365,11.082809,-1.5791589999999989
528,7,1,GNN,1.0158933,1.955954,-0.9400606999999999
530,7,1,GNN,2.0335119,1.1921633,0.8413486000000001
531,7,1,GNN,4.1936984,7.2788835,-3.0851851000000003
555,7,1,GNN,6.6892176,7.1675754,-0.4783577999999995
556,7,1,GNN,6.9383388,6.198744,0.7395948000000008
558,7,1,GNN,6.197501,6.8733945,-0.6758934999999999
565,7,1,GNN,7.217696,5.976113,1.2415830000000003
569,7,1,GNN,8.838736,8.110697,0.7280390000000008
579,7,1,GNN,6.2490273,4.582859,1.6661682999999998
596,7,1,GNN,5.2545094,3.0509098,2.2035996
608,7,1,GNN,2.088948,2.288705,-0.1997570000000004
609,7,1,GNN,5.8907046,6.142283,-0.25157839999999965
622,7,1,GNN,7.5327578,8.090088,-0.5573302
628,7,1,GNN,1.1202183,1.5241652,-0.4039469000000002
632,7,1,GNN,2.8744621,2.5540147,0.32044739999999994
641,7,1,GNN,2.1057086,2.4056108,-0.2999022
642,7,1,GNN,6.687132,7.14577,-0.45863799999999966
649,7,1,GNN,2.7136965,3.154519,-0.4408224999999999
0,7,2,GNN,5.3066177,4.3875394,0.9190783000000007
3,7,2,GNN,6.197501,6.8147464,-0.6172453999999998
4,7,2,GNN,3.650495,2.894168,0.7563269999999997
10,7,2,GNN,1.6387703,1.770227,-0.13145669999999998
12,7,2,GNN,9.50365,8.094277,1.4093730000000004
27,7,2,GNN,3.0488622,2.881743,0.1671191999999997
32,7,2,GNN,3.4437854,2.6939673,0.7498180999999997
41,7,2,GNN,2.5560374,1.6757053,0.8803321000000002
54,7,2,GNN,1.2110355,2.1335769,-0.9225414000000001
60,7,2,GNN,2.0074391,1.656906,0.35053310000000004
83,7,2,GNN,0.0,1.0575061,-1.0575061
84,7,2,GNN,0.76608,2.6173487,-1.8512686999999999
99,7,2,GNN,0.7330525,1.7821411,-1.0490886000000001
100,7,2,GNN,4.58116,4.32506,0.2561
128,7,2,GNN,6.9383388,5.80006,1.1382788000000001
139,7,2,GNN,0.27286044,3.0266647,-2.75380426
144,7,2,GNN,8.015729,6.3208723,1.6948566999999999
147,7,2,GNN,5.749897,4.3148127,1.4350842999999998
150,7,2,GNN,6.9812107,6.7533026,0.2279081000000005
158,7,2,GNN,3.9394622,3.645513,0.29394920000000013
164,7,2,GNN,1.5345784,1.2055496,0.3290287999999999
208,7,2,GNN,5.4445043,5.2010136,0.24349070000000061
211,7,2,GNN,0.8096686,1.9245722,-1.1149036
225,7,2,GNN,3.7105877,3.7526288,-0.04204110000000005
233,7,2,GNN,4.7992935,2.8696141,1.9296794
247,7,2,GNN,5.4445043,4.075302,1.3692023000000004
259,7,2,GNN,1.7506295,4.9756613,-3.2250317999999996
264,7,2,GNN,4.58116,4.367529,0.21363099999999946
267,7,2,GNN,2.9394786,2.0859098,0.8535688000000001
277,7,2,GNN,8.191565,6.9337,1.2578650000000007
283,7,2,GNN,1.0751938,3.6956801,-2.6204863
301,7,2,GNN,4.083686,3.701816,0.38187000000000015
307,7,2,GNN,6.458688,6.8861475,-0.42745949999999944
362,7,2,GNN,2.627346,2.8460908,-0.21874479999999963
376,7,2,GNN,3.0090456,1.476527,1.5325186
385,7,2,GNN,4.1773067,4.376652,-0.19934530000000006
396,7,2,GNN,2.282212,3.0855641,-0.8033521000000001
399,7,2,GNN,1.2013634,1.2322383,-0.030874899999999927
409,7,2,GNN,6.9383388,5.4362316,1.5021072000000002
412,7,2,GNN,1.8288907,3.3677297,-1.5388389999999998
463,7,2,GNN,0.7330525,0.9994302,-0.26637770000000005
469,7,2,GNN,3.2636845,2.7804618,0.4832227000000002
470,7,2,GNN,3.8515942,1.1366377,2.7149565
494,7,2,GNN,3.4437854,3.8637743,-0.41998890000000033
509,7,2,GNN,4.990129,4.07322,0.9169089999999995
511,7,2,GNN,3.2200706,3.1034164,0.11665420000000015
517,7,2,GNN,4.019613,5.0351286,-1.0155156000000005
523,7,2,GNN,9.50365,8.8471575,0.6564925000000006
528,7,2,GNN,1.0158933,1.7963196,-0.7804262999999998
530,7,2,GNN,2.0335119,1.6135919,0.41992000000000007
531,7,2,GNN,4.1936984,6.581024,-2.3873256000000005
555,7,2,GNN,6.6892176,5.487962,1.2012556000000005
556,7,2,GNN,6.9383388,5.800352,1.1379868000000002
558,7,2,GNN,6.197501,5.423805,0.7736960000000002
565,7,2,GNN,7.217696,5.1247845,2.0929115000000005
569,7,2,GNN,8.838736,6.7821784,2.0565576000000005
579,7,2,GNN,6.2490273,4.6155806,1.6334466999999995
596,7,2,GNN,5.2545094,3.3842816,1.8702277999999999
608,7,2,GNN,2.088948,1.7278614,0.3610865999999997
609,7,2,GNN,5.8907046,5.2987623,0.5919423000000004
622,7,2,GNN,7.5327578,6.701308,0.8314497999999997
628,7,2,GNN,1.1202183,1.6522747,-0.5320564000000001
632,7,2,GNN,2.8744621,2.569272,0.30519010000000035
641,7,2,GNN,2.1057086,1.731527,0.3741815999999998
642,7,2,GNN,6.687132,5.979452,0.7076799999999999
649,7,2,GNN,2.7136965,3.09661,-0.3829134999999999
0,7,3,GNN,5.3066177,4.551668,0.7549497000000001
3,7,3,GNN,6.197501,6.729681,-0.5321800000000003
4,7,3,GNN,3.650495,2.7557833,0.8947116999999998
10,7,3,GNN,1.6387703,1.6565285,-0.017758200000000057
12,7,3,GNN,9.50365,8.5820675,0.9215824999999995
27,7,3,GNN,3.0488622,3.0157764,0.03308579999999983
32,7,3,GNN,3.4437854,2.4050238,1.0387616
41,7,3,GNN,2.5560374,2.1091454,0.44689200000000007
54,7,3,GNN,1.2110355,2.1010683,-0.8900328000000002
60,7,3,GNN,2.0074391,1.4397049,0.5677342000000001
83,7,3,GNN,0.0,0.9867557,-0.9867557
84,7,3,GNN,0.76608,2.2932365,-1.5271564999999998
99,7,3,GNN,0.7330525,1.1492592,-0.41620669999999993
100,7,3,GNN,4.58116,4.3739376,0.20722240000000003
128,7,3,GNN,6.9383388,6.885062,0.05327680000000079
139,7,3,GNN,0.27286044,1.6442695,-1.37140906
144,7,3,GNN,8.015729,6.5567923,1.4589367000000006
147,7,3,GNN,5.749897,4.2991476,1.4507493999999994
150,7,3,GNN,6.9812107,6.453395,0.5278156999999997
158,7,3,GNN,3.9394622,3.315467,0.6239952
164,7,3,GNN,1.5345784,1.141886,0.39269240000000005
208,7,3,GNN,5.4445043,5.002696,0.44180829999999993
211,7,3,GNN,0.8096686,2.9701161,-2.1604475
225,7,3,GNN,3.7105877,3.8546565,-0.14406879999999989
233,7,3,GNN,4.7992935,3.00083,1.7984635
247,7,3,GNN,5.4445043,4.763588,0.6809162999999998
259,7,3,GNN,1.7506295,5.3568206,-3.6061910999999998
264,7,3,GNN,4.58116,4.3876734,0.19348659999999995
267,7,3,GNN,2.9394786,2.0679917,0.8714869000000003
277,7,3,GNN,8.191565,7.008458,1.1831070000000006
283,7,3,GNN,1.0751938,4.828805,-3.7536112
301,7,3,GNN,4.083686,3.6155655,0.46812049999999994
307,7,3,GNN,6.458688,6.884671,-0.42598299999999956
362,7,3,GNN,2.627346,2.8676653,-0.2403192999999999
376,7,3,GNN,3.0090456,1.4501055,1.5589400999999998
385,7,3,GNN,4.1773067,4.3296576,-0.15235090000000007
396,7,3,GNN,2.282212,3.1140792,-0.8318672
399,7,3,GNN,1.2013634,1.2787744,-0.07741100000000012
409,7,3,GNN,6.9383388,4.174696,2.7636428000000004
412,7,3,GNN,1.8288907,3.0573394,-1.2284487
463,7,3,GNN,0.7330525,1.476831,-0.7437785
469,7,3,GNN,3.2636845,2.6988182,0.5648663000000003
470,7,3,GNN,3.8515942,1.7144381,2.1371561000000003
494,7,3,GNN,3.4437854,4.014668,-0.5708826000000005
509,7,3,GNN,4.990129,4.7056623,0.2844666999999994
511,7,3,GNN,3.2200706,3.74504,-0.5249693999999998
517,7,3,GNN,4.019613,6.6624336,-2.6428206000000003
523,7,3,GNN,9.50365,8.696714,0.8069360000000003
528,7,3,GNN,1.0158933,2.1980166,-1.1821232999999998
530,7,3,GNN,2.0335119,1.8152041,0.21830780000000005
531,7,3,GNN,4.1936984,6.3408365,-2.1471381000000003
555,7,3,GNN,6.6892176,5.0468016,1.6424159999999999
556,7,3,GNN,6.9383388,6.882544,0.055794800000000144
558,7,3,GNN,6.197501,6.1264806,0.0710204000000001
565,7,3,GNN,7.217696,4.224254,2.993442
569,7,3,GNN,8.838736,7.7361393,1.1025967000000012
579,7,3,GNN,6.2490273,4.721647,1.5273803
596,7,3,GNN,5.2545094,3.4906714,1.7638379999999998
608,7,3,GNN,2.088948,1.679742,0.40920599999999974
609,7,3,GNN,5.8907046,4.834914,1.0557906
622,7,3,GNN,7.5327578,7.7314672,-0.19870940000000026
628,7,3,GNN,1.1202183,3.146621,-2.0264027000000002
632,7,3,GNN,2.8744621,1.508126,1.3663361
641,7,3,GNN,2.1057086,2.0963414,0.009367199999999798
642,7,3,GNN,6.687132,4.4436965,2.2434355000000004
649,7,3,GNN,2.7136965,3.2215874,-0.5078909
0,7,4,GNN,5.3066177,4.521732,0.7848857000000002
3,7,4,GNN,6.197501,5.8574843,0.3400166999999996
4,7,4,GNN,3.650495,2.9197907,0.7307042999999998
10,7,4,GNN,1.6387703,1.7692915,-0.1305212
12,7,4,GNN,9.50365,7.9973464,1.5063036000000007
27,7,4,GNN,3.0488622,2.8994412,0.1494209999999998
32,7,4,GNN,3.4437854,2.4564307,0.9873547
41,7,4,GNN,2.5560374,1.9810555,0.5749819
54,7,4,GNN,1.2110355,1.1599784,0.051057099999999966
60,7,4,GNN,2.0074391,1.454523,0.5529161
83,7,4,GNN,0.0,0.30861956,-0.30861956
84,7,4,GNN,0.76608,1.5973911,-0.8313111000000001
99,7,4,GNN,0.7330525,1.6217468,-0.8886942999999999
100,7,4,GNN,4.58116,4.3860765,0.19508349999999997
128,7,4,GNN,6.9383388,5.7919827,1.1463561000000002
139,7,4,GNN,0.27286044,1.4516594,-1.17879896
144,7,4,GNN,8.015729,5.464636,2.5510930000000007
147,7,4,GNN,5.749897,4.39951,1.3503869999999996
150,7,4,GNN,6.9812107,6.9881425,-0.0069318000000002655
158,7,4,GNN,3.9394622,3.2158399,0.7236222999999997
164,7,4,GNN,1.5345784,0.9678735,0.5667049
208,7,4,GNN,5.4445043,6.2447386,-0.8002342999999996
211,7,4,GNN,0.8096686,1.4279022,-0.6182335999999999
225,7,4,GNN,3.7105877,3.2796323,0.4309554000000002
233,7,4,GNN,4.7992935,2.1353142,2.6639793000000003
247,7,4,GNN,5.4445043,4.1160574,1.3284469000000003
259,7,4,GNN,1.7506295,5.305616,-3.5549864999999996
264,7,4,GNN,4.58116,4.766769,-0.18560900000000036
267,7,4,GNN,2.9394786,1.5567236,1.3827550000000002
277,7,4,GNN,8.191565,7.383344,0.8082210000000005
283,7,4,GNN,1.0751938,3.5321503,-2.4569565
301,7,4,GNN,4.083686,4.3757534,-0.29206739999999964
307,7,4,GNN,6.458688,6.0003953,0.45829270000000033
362,7,4,GNN,2.627346,2.1470666,0.48027940000000013
376,7,4,GNN,3.0090456,1.095682,1.9133635999999998
385,7,4,GNN,4.1773067,3.810905,0.36640169999999994
396,7,4,GNN,2.282212,2.8021684,-0.5199563999999999
399,7,4,GNN,1.2013634,0.94071954,0.26064385999999995
409,7,4,GNN,6.9383388,6.3635406,0.5747982
412,7,4,GNN,1.8288907,2.995465,-1.1665742999999997
463,7,4,GNN,0.7330525,1.5537134,-0.8206608999999999
469,7,4,GNN,3.2636845,2.8356686,0.4280159000000001
470,7,4,GNN,3.8515942,3.1033669,0.7482272999999999
494,7,4,GNN,3.4437854,3.5978775,-0.15409210000000018
509,7,4,GNN,4.990129,4.0754247,0.9147042999999995
511,7,4,GNN,3.2200706,2.5802178,0.6398528000000003
517,7,4,GNN,4.019613,4.908059,-0.8884460000000001
523,7,4,GNN,9.50365,8.3675995,1.1360504999999996
528,7,4,GNN,1.0158933,1.9746428,-0.9587494999999999
530,7,4,GNN,2.0335119,1.3773456,0.6561663000000002
531,7,4,GNN,4.1936984,7.943001,-3.7493026
555,7,4,GNN,6.6892176,5.578606,1.1106116000000004
556,7,4,GNN,6.9383388,5.796143,1.1421958000000005
558,7,4,GNN,6.197501,5.673097,0.5244039999999996
565,7,4,GNN,7.217696,4.1182323,3.0994637000000003
569,7,4,GNN,8.838736,7.7871976,1.051538400000001
579,7,4,GNN,6.2490273,3.7031918,2.5458355
596,7,4,GNN,5.2545094,3.5592358,1.6952735999999997
608,7,4,GNN,2.088948,1.3244078,0.7645401999999999
609,7,4,GNN,5.8907046,5.5094323,0.3812723
622,7,4,GNN,7.5327578,6.579992,0.9527657999999999
628,7,4,GNN,1.1202183,0.92555916,0.19465913999999984
632,7,4,GNN,2.8744621,1.8521025,1.0223596000000001
641,7,4,GNN,2.1057086,1.3351519,0.7705566999999998
642,7,4,GNN,6.687132,6.0250096,0.6621224000000003
649,7,4,GNN,2.7136965,3.0145192,-0.3008226999999999
0,7,5,GNN,5.3066177,5.176443,0.13017470000000042
3,7,5,GNN,6.197501,6.2495174,-0.052016400000000296
4,7,5,GNN,3.650495,2.3716807,1.2788142999999996
10,7,5,GNN,1.6387703,1.4713295,0.16744080000000006
12,7,5,GNN,9.50365,8.027496,1.476154000000001
27,7,5,GNN,3.0488622,2.742457,0.30640519999999993
32,7,5,GNN,3.4437854,2.3737326,1.0700528
41,7,5,GNN,2.5560374,1.684279,0.8717584
54,7,5,GNN,1.2110355,1.6695085,-0.45847300000000013
60,7,5,GNN,2.0074391,1.3897562,0.6176828999999999
83,7,5,GNN,0.0,1.250031,-1.250031
84,7,5,GNN,0.76608,2.6879094,-1.9218294
99,7,5,GNN,0.7330525,2.7544177,-2.0213652
100,7,5,GNN,4.58116,5.068018,-0.4868580000000007
128,7,5,GNN,6.9383388,5.6435804,1.2947584
139,7,5,GNN,0.27286044,1.7201066,-1.4472461600000002
144,7,5,GNN,8.015729,6.5997667,1.4159623000000003
147,7,5,GNN,5.749897,5.02244,0.7274570000000002
150,7,5,GNN,6.9812107,6.6817274,0.29948330000000034
158,7,5,GNN,3.9394622,2.7245533,1.2149088999999997
164,7,5,GNN,1.5345784,1.0518112,0.48276720000000006
208,7,5,GNN,5.4445043,5.075344,0.3691602999999999
211,7,5,GNN,0.8096686,1.9235661,-1.1138975
225,7,5,GNN,3.7105877,4.037951,-0.3273632999999996
233,7,5,GNN,4.7992935,4.098153,0.7011405000000002
247,7,5,GNN,5.4445043,3.6797924,1.7647119
259,7,5,GNN,1.7506295,5.08248,-3.3318505000000003
264,7,5,GNN,4.58116,5.017127,-0.43596700000000066
267,7,5,GNN,2.9394786,1.6252298,1.3142488
277,7,5,GNN,8.191565,7.186875,1.004690000000001
283,7,5,GNN,1.0751938,4.1512423,-3.0760484999999997
301,7,5,GNN,4.083686,3.4826682,0.6010178000000002
307,7,5,GNN,6.458688,6.324833,0.1338550000000005
362,7,5,GNN,2.627346,3.1979187,-0.5705726999999996
376,7,5,GNN,3.0090456,1.7802083,1.2288373
385,7,5,GNN,4.1773067,4.698229,-0.5209223000000005
396,7,5,GNN,2.282212,3.345504,-1.0632920000000001
399,7,5,GNN,1.2013634,1.3356206,-0.13425719999999997
409,7,5,GNN,6.9383388,5.263571,1.6747678000000006
412,7,5,GNN,1.8288907,2.847625,-1.0187342999999998
463,7,5,GNN,0.7330525,1.5214643,-0.7884118000000001
469,7,5,GNN,3.2636845,2.6309078,0.6327767
470,7,5,GNN,3.8515942,0.6711947,3.1803995
494,7,5,GNN,3.4437854,3.8490899,-0.4053045000000002
509,7,5,GNN,4.990129,3.822843,1.1672859999999994
511,7,5,GNN,3.2200706,3.122173,0.09789760000000003
517,7,5,GNN,4.019613,5.8538837,-1.8342707000000003
523,7,5,GNN,9.50365,9.117699,0.3859510000000004
528,7,5,GNN,1.0158933,1.5879166,-0.5720232999999999
530,7,5,GNN,2.0335119,1.5054972,0.5280147000000002
531,7,5,GNN,4.1936984,6.2088957,-2.0151973000000005
555,7,5,GNN,6.6892176,5.1468897,1.5423279
556,7,5,GNN,6.9383388,5.6425304,1.2958084000000003
558,7,5,GNN,6.197501,6.447171,-0.24967000000000006
565,7,5,GNN,7.217696,5.1886024,2.0290936000000004
569,7,5,GNN,8.838736,6.3113766,2.527359400000001
579,7,5,GNN,6.2490273,4.4424095,1.8066177999999997
596,7,5,GNN,5.2545094,3.2980313,1.9564781
608,7,5,GNN,2.088948,1.6865938,0.4023541999999998
609,7,5,GNN,5.8907046,5.1333275,0.7573771000000002
622,7,5,GNN,7.5327578,7.0453553,0.48740249999999996
628,7,5,GNN,1.1202183,1.4996266,-0.37940830000000014
632,7,5,GNN,2.8744621,1.8704102,1.0040519
641,7,5,GNN,2.1057086,1.6615317,0.44417689999999976
642,7,5,GNN,6.687132,5.5266542,1.1604777999999998
649,7,5,GNN,2.7136965,3.068764,-0.35506749999999965
0,7,6,GNN,5.3066177,3.1092136,2.1974041000000004
3,7,6,GNN,6.197501,5.036948,1.1605530000000002
4,7,6,GNN,3.650495,2.373187,1.2773079999999997
10,7,6,GNN,1.6387703,2.2079706,-0.5692002999999999
12,7,6,GNN,9.50365,5.103149,4.400501
27,7,6,GNN,3.0488622,2.2503312,0.7985309999999997
32,7,6,GNN,3.4437854,3.5869575,-0.14317210000000014
41,7,6,GNN,2.5560374,1.812908,0.7431294000000002
54,7,6,GNN,1.2110355,1.2563467,-0.045311199999999996
60,7,6,GNN,2.0074391,1.7273166,0.28012250000000005
83,7,6,GNN,0.0,0.8293205,-0.8293205
84,7,6,GNN,0.76608,2.484167,-1.7180869999999997
99,7,6,GNN,0.7330525,1.7324045,-0.9993519999999999
100,7,6,GNN,4.58116,3.1142185,1.4669415
128,7,6,GNN,6.9383388,4.761001,2.1773378
139,7,6,GNN,0.27286044,2.295219,-2.02235856
144,7,6,GNN,8.015729,5.2545505,2.7611785000000006
147,7,6,GNN,5.749897,3.1125205,2.6373765
150,7,6,GNN,6.9812107,5.10874,1.8724707
158,7,6,GNN,3.9394622,2.827948,1.1115141999999998
164,7,6,GNN,1.5345784,1.1721271,0.36245130000000003
208,7,6,GNN,5.4445043,5.1721907,0.2723136000000004
211,7,6,GNN,0.8096686,3.4933012,-2.6836326
225,7,6,GNN,3.7105877,5.103233,-1.3926453000000003
233,7,6,GNN,4.7992935,2.3504064,2.4488871000000003
247,7,6,GNN,5.4445043,4.2481704,1.1963339
259,7,6,GNN,1.7506295,5.0593023,-3.3086727999999996
264,7,6,GNN,4.58116,3.1182978,1.4628621999999996
267,7,6,GNN,2.9394786,2.3371983,0.6022803000000003
277,7,6,GNN,8.191565,5.9488535,2.2427115000000004
283,7,6,GNN,1.0751938,3.180184,-2.1049902
301,7,6,GNN,4.083686,3.0175223,1.0661637000000002
307,7,6,GNN,6.458688,5.0506344,1.4080536000000006
362,7,6,GNN,2.627346,4.208025,-1.580679
376,7,6,GNN,3.0090456,1.316855,1.6921905999999998
385,7,6,GNN,4.1773067,3.1733618,1.0039449
396,7,6,GNN,2.282212,2.6615493,-0.3793373
399,7,6,GNN,1.2013634,1.2315345,-0.030171100000000006
409,7,6,GNN,6.9383388,5.0307617,1.9075771000000001
412,7,6,GNN,1.8288907,3.0453439,-1.2164532000000001
463,7,6,GNN,0.7330525,3.2477648,-2.5147123000000002
469,7,6,GNN,3.2636845,2.2629013,1.0007832000000003
470,7,6,GNN,3.8515942,3.5018563,0.34973790000000005
494,7,6,GNN,3.4437854,3.9245048,-0.4807193999999999
509,7,6,GNN,4.990129,4.252374,0.7377549999999999
511,7,6,GNN,3.2200706,3.6197152,-0.3996445999999998
517,7,6,GNN,4.019613,4.0370812,-0.0174682000000006
523,7,6,GNN,9.50365,5.871402,3.6322480000000006
528,7,6,GNN,1.0158933,2.202073,-1.1861796999999998
530,7,6,GNN,2.0335119,3.384272,-1.3507601
531,7,6,GNN,4.1936984,5.1144686,-0.9207702000000006
555,7,6,GNN,6.6892176,4.834298,1.8549195999999997
556,7,6,GNN,6.9383388,4.762129,2.1762098000000005
558,7,6,GNN,6.197501,4.8171062,1.3803948000000004
565,7,6,GNN,7.217696,3.8660412,3.3516548
569,7,6,GNN,8.838736,5.4818106,3.3569254000000006
579,7,6,GNN,6.2490273,3.215642,3.0333853
596,7,6,GNN,5.2545094,3.0017748,2.2527345999999997
608,7,6,GNN,2.088948,2.5307925,-0.4418445000000002
609,7,6,GNN,5.8907046,4.355164,1.5355406
622,7,6,GNN,7.5327578,4.63975,2.8930077999999995
628,7,6,GNN,1.1202183,1.3370218,-0.21680350000000015
632,7,6,GNN,2.8744621,2.1253204,0.7491417
641,7,6,GNN,2.1057086,2.5460715,-0.4403629000000002
642,7,6,GNN,6.687132,4.9368954,1.7502366
649,7,6,GNN,2.7136965,2.371157,0.3425395
0,7,8,GNN,5.3066177,4.8138833,0.4927344000000007
3,7,8,GNN,6.197501,5.8748493,0.32265169999999976
4,7,8,GNN,3.650495,3.1481884,0.5023065999999998
10,7,8,GNN,1.6387703,1.7935493,-0.154779
12,7,8,GNN,9.50365,6.999406,2.504244000000001
27,7,8,GNN,3.0488622,3.1466136,-0.09775139999999993
32,7,8,GNN,3.4437854,2.6512253,0.7925600999999998
41,7,8,GNN,2.5560374,1.5285836,1.0274538000000002
54,7,8,GNN,1.2110355,1.6098423,-0.3988068
60,7,8,GNN,2.0074391,1.6732869,0.3341522000000001
83,7,8,GNN,0.0,0.7656096,-0.7656096
84,7,8,GNN,0.76608,2.331332,-1.565252
99,7,8,GNN,0.7330525,2.4175866,-1.6845341
100,7,8,GNN,4.58116,4.814915,-0.23375500000000038
128,7,8,GNN,6.9383388,6.343285,0.5950538000000005
139,7,8,GNN,0.27286044,1.7684568,-1.49559636
144,7,8,GNN,8.015729,6.5454316,1.4702974000000006
147,7,8,GNN,5.749897,4.7849545,0.9649424999999994
150,7,8,GNN,6.9812107,7.127908,-0.1466972999999996
158,7,8,GNN,3.9394622,3.0321066,0.9073555999999998
164,7,8,GNN,1.5345784,1.7813894,-0.2468109999999999
208,7,8,GNN,5.4445043,5.210798,0.2337063000000006
211,7,8,GNN,0.8096686,2.8330092,-2.0233406
225,7,8,GNN,3.7105877,4.0748477,-0.36426000000000025
233,7,8,GNN,4.7992935,3.3443,1.4549935
247,7,8,GNN,5.4445043,4.6757483,0.7687559999999998
259,7,8,GNN,1.7506295,6.371292,-4.6206625
264,7,8,GNN,4.58116,5.2464848,-0.6653248000000005
267,7,8,GNN,2.9394786,2.5466208,0.39285780000000026
277,7,8,GNN,8.191565,7.0562916,1.1352734000000009
283,7,8,GNN,1.0751938,4.3478374,-3.2726436000000003
301,7,8,GNN,4.083686,4.7097073,-0.6260212999999997
307,7,8,GNN,6.458688,5.9811616,0.47752640000000035
362,7,8,GNN,2.627346,3.17813,-0.5507839999999997
376,7,8,GNN,3.0090456,1.5788686,1.4301769999999998
385,7,8,GNN,4.1773067,4.9704657,-0.7931590000000002
396,7,8,GNN,2.282212,3.3907883,-1.1085763000000002
399,7,8,GNN,1.2013634,1.4515157,-0.2501523000000001
409,7,8,GNN,6.9383388,5.1647043,1.7736345
412,7,8,GNN,1.8288907,3.6801775,-1.8512868
463,7,8,GNN,0.7330525,2.4418473,-1.7087948000000002
469,7,8,GNN,3.2636845,3.0831902,0.18049429999999989
470,7,8,GNN,3.8515942,2.4846067,1.3669875
494,7,8,GNN,3.4437854,4.3218374,-0.8780519999999998
509,7,8,GNN,4.990129,4.599952,0.39017699999999955
511,7,8,GNN,3.2200706,3.38073,-0.16065939999999967
517,7,8,GNN,4.019613,4.529889,-0.5102760000000002
523,7,8,GNN,9.50365,8.035845,1.4678050000000002
528,7,8,GNN,1.0158933,2.0833476,-1.0674543
530,7,8,GNN,2.0335119,2.6692946,-0.6357827
531,7,8,GNN,4.1936984,7.2021737,-3.0084753000000006
555,7,8,GNN,6.6892176,5.126529,1.5626886000000004
556,7,8,GNN,6.9383388,6.3320312,0.6063076000000001
558,7,8,GNN,6.197501,5.307898,0.8896030000000001
565,7,8,GNN,7.217696,5.0393887,2.1783073
569,7,8,GNN,8.838736,7.083799,1.7549370000000009
579,7,8,GNN,6.2490273,4.1701856,2.0788417
596,7,8,GNN,5.2545094,3.4806545,1.7738549
608,7,8,GNN,2.088948,1.5012739,0.5876740999999999
609,7,8,GNN,5.8907046,4.71409,1.1766146000000006
622,7,8,GNN,7.5327578,6.4299235,1.1028342999999996
628,7,8,GNN,1.1202183,2.0090024,-0.8887841000000001
632,7,8,GNN,2.8744621,1.8994428,0.9750193
641,7,8,GNN,2.1057086,1.9079567,0.19775189999999987
642,7,8,GNN,6.687132,5.544397,1.142735
649,7,8,GNN,2.7136965,3.303606,-0.5899094999999996
0,7,9,GNN,5.3066177,4.7195673,0.5870504000000007
3,7,9,GNN,6.197501,7.671102,-1.4736010000000004
4,7,9,GNN,3.650495,2.8676248,0.7828701999999996
10,7,9,GNN,1.6387703,1.714477,-0.07570670000000002
12,7,9,GNN,9.50365,8.410217,1.093433000000001
27,7,9,GNN,3.0488622,2.8635828,0.18527939999999976
32,7,9,GNN,3.4437854,2.7135725,0.7302128999999997
41,7,9,GNN,2.5560374,1.9643834,0.5916540000000001
54,7,9,GNN,1.2110355,3.2037253,-1.9926898
60,7,9,GNN,2.0074391,2.1867697,-0.17933060000000012
83,7,9,GNN,0.0,1.4008839,-1.4008839
84,7,9,GNN,0.76608,3.4995034,-2.7334234
99,7,9,GNN,0.7330525,1.4652325,-0.7321799999999999
100,7,9,GNN,4.58116,4.661734,-0.08057400000000037
128,7,9,GNN,6.9383388,5.5305357,1.4078031000000006
139,7,9,GNN,0.27286044,2.2934988,-2.02063836
144,7,9,GNN,8.015729,7.085047,0.930682
147,7,9,GNN,5.749897,4.653984,1.0959129999999995
150,7,9,GNN,6.9812107,6.6501184,0.3310922999999999
158,7,9,GNN,3.9394622,3.9940884,-0.05462619999999996
164,7,9,GNN,1.5345784,1.2170297,0.3175486999999999
208,7,9,GNN,5.4445043,5.069694,0.37481030000000004
211,7,9,GNN,0.8096686,1.9729424,-1.1632738
225,7,9,GNN,3.7105877,4.6171136,-0.9065258999999997
233,7,9,GNN,4.7992935,3.369853,1.4294405000000001
247,7,9,GNN,5.4445043,3.493509,1.9509953000000002
259,7,9,GNN,1.7506295,5.786044,-4.0354145
264,7,9,GNN,4.58116,5.53999,-0.9588300000000007
267,7,9,GNN,2.9394786,1.7067713,1.2327073000000002
277,7,9,GNN,8.191565,7.8153043,0.37626070000000045
283,7,9,GNN,1.0751938,3.1692088,-2.0940149999999997
301,7,9,GNN,4.083686,2.873019,1.210667
307,7,9,GNN,6.458688,7.8671627,-1.4084746999999993
362,7,9,GNN,2.627346,3.2564514,-0.6291053999999998
376,7,9,GNN,3.0090456,1.5109118,1.4981338
385,7,9,GNN,4.1773067,4.758116,-0.5808093000000003
396,7,9,GNN,2.282212,2.6578162,-0.37560420000000017
399,7,9,GNN,1.2013634,1.7867918,-0.5854284000000001
409,7,9,GNN,6.9383388,5.169505,1.7688338000000003
412,7,9,GNN,1.8288907,2.992154,-1.1632633000000001
463,7,9,GNN,0.7330525,1.7310367,-0.9979842
469,7,9,GNN,3.2636845,2.7056975,0.5579870000000002
470,7,9,GNN,3.8515942,1.739514,2.1120802000000003
494,7,9,GNN,3.4437854,3.1756086,0.2681768
509,7,9,GNN,4.990129,3.5149996,1.4751293999999997
511,7,9,GNN,3.2200706,3.0776792,0.14239140000000017
517,7,9,GNN,4.019613,6.33523,-2.3156170000000005
523,7,9,GNN,9.50365,9.492334,0.01131600000000077
528,7,9,GNN,1.0158933,1.9472775,-0.9313841999999999
530,7,9,GNN,2.0335119,1.6216208,0.41189110000000007
531,7,9,GNN,4.1936984,6.576031,-2.3823326000000007
555,7,9,GNN,6.6892176,5.811158,0.8780596000000003
556,7,9,GNN,6.9383388,5.528632,1.4097068000000004
558,7,9,GNN,6.197501,5.691693,0.505808
565,7,9,GNN,7.217696,4.8130984,2.4045976
569,7,9,GNN,8.838736,6.3335724,2.5051636000000004
579,7,9,GNN,6.2490273,4.0540195,2.1950078
596,7,9,GNN,5.2545094,3.0307848,2.2237245999999997
608,7,9,GNN,2.088948,2.1638482,-0.07490020000000008
609,7,9,GNN,5.8907046,5.6314516,0.2592530000000002
622,7,9,GNN,7.5327578,6.7386184,0.7941393999999997
628,7,9,GNN,1.1202183,3.1970203,-2.0768020000000003
632,7,9,GNN,2.8744621,1.9509315,0.9235306000000001
641,7,9,GNN,2.1057086,2.015996,0.08971259999999992
642,7,9,GNN,6.687132,4.7982173,1.8889147
649,7,9,GNN,2.7136965,2.7059214,0.007775100000000368
0,7,10,GNN,5.3066177,4.115797,1.1908207000000006
3,7,10,GNN,6.197501,5.569026,0.6284749999999999
4,7,10,GNN,3.650495,2.8164723,0.8340226999999998
10,7,10,GNN,1.6387703,1.6436349,-0.004864599999999886
12,7,10,GNN,9.50365,5.8577595,3.6458905
27,7,10,GNN,3.0488622,2.8317113,0.21715090000000004
32,7,10,GNN,3.4437854,3.4855013,-0.04171590000000025
41,7,10,GNN,2.5560374,2.45107,0.10496740000000004
54,7,10,GNN,1.2110355,1.6900102,-0.4789747
60,7,10,GNN,2.0074391,1.7217257,0.2857134000000001
83,7,10,GNN,0.0,0.9101179,-0.9101179
84,7,10,GNN,0.76608,2.7136307,-1.9475506999999999
99,7,10,GNN,0.7330525,1.4698173,-0.7367648000000001
100,7,10,GNN,4.58116,4.189012,0.3921479999999997
128,7,10,GNN,6.9383388,5.4559727,1.4823661000000001
139,7,10,GNN,0.27286044,2.0134828,-1.7406223599999997
144,7,10,GNN,8.015729,5.922676,2.0930530000000003
147,7,10,GNN,5.749897,4.181356,1.5685409999999997
150,7,10,GNN,6.9812107,6.104001,0.8772096999999999
158,7,10,GNN,3.9394622,2.8323433,1.1071189000000001
164,7,10,GNN,1.5345784,1.1714743,0.36310409999999993
208,7,10,GNN,5.4445043,5.030885,0.4136193000000006
211,7,10,GNN,0.8096686,3.6571178,-2.8474492
225,7,10,GNN,3.7105877,4.671727,-0.9611392999999997
233,7,10,GNN,4.7992935,2.1022315,2.6970620000000003
247,7,10,GNN,5.4445043,3.8486276,1.5958767000000003
259,7,10,GNN,1.7506295,5.27334,-3.5227105
264,7,10,GNN,4.58116,4.1940966,0.3870633999999997
267,7,10,GNN,2.9394786,2.1112113,0.8282673000000003
277,7,10,GNN,8.191565,7.550867,0.6406980000000004
283,7,10,GNN,1.0751938,4.6223745,-3.5471807
301,7,10,GNN,4.083686,3.2410102,0.8426758000000003
307,7,10,GNN,6.458688,5.532746,0.925942
362,7,10,GNN,2.627346,3.5761304,-0.9487843999999996
376,7,10,GNN,3.0090456,1.4133989,1.5956466999999999
385,7,10,GNN,4.1773067,4.0739813,0.10332540000000012
396,7,10,GNN,2.282212,3.4881072,-1.2058952
399,7,10,GNN,1.2013634,1.2569418,-0.05557840000000014
409,7,10,GNN,6.9383388,4.84737,2.0909688000000006
412,7,10,GNN,1.8288907,3.7346578,-1.9057670999999998
463,7,10,GNN,0.7330525,3.0508664,-2.3178139
469,7,10,GNN,3.2636845,2.8908415,0.37284300000000004
470,7,10,GNN,3.8515942,3.4580946,0.39349960000000017
494,7,10,GNN,3.4437854,3.850734,-0.4069486000000002
509,7,10,GNN,4.990129,3.8520794,1.1380495999999996
511,7,10,GNN,3.2200706,5.530778,-2.3107073999999996
517,7,10,GNN,4.019613,5.605438,-1.5858250000000007
523,7,10,GNN,9.50365,6.4339275,3.0697225
528,7,10,GNN,1.0158933,1.6778425,-0.6619491999999998
530,7,10,GNN,2.0335119,4.715294,-2.6817821
531,7,10,GNN,4.1936984,6.1269994,-1.9333010000000002
555,7,10,GNN,6.6892176,4.514534,2.1746836
556,7,10,GNN,6.9383388,5.4560165,1.4823223000000008
558,7,10,GNN,6.197501,5.139482,1.0580189999999998
565,7,10,GNN,7.217696,4.1376576,3.0800384000000003
569,7,10,GNN,8.838736,6.6417317,2.1970043000000006
579,7,10,GNN,6.2490273,4.672455,1.5765722999999996
596,7,10,GNN,5.2545094,3.0656548,2.1888546
608,7,10,GNN,2.088948,2.219555,-0.13060700000000036
609,7,10,GNN,5.8907046,4.37173,1.5189746
622,7,10,GNN,7.5327578,5.168154,2.3646037999999994
628,7,10,GNN,1.1202183,1.6422609,-0.5220426
632,7,10,GNN,2.8744621,1.8234228,1.0510393000000002
641,7,10,GNN,2.1057086,2.0796244,0.02608419999999967
642,7,10,GNN,6.687132,4.9759746,1.7111574000000003
649,7,10,GNN,2.7136965,2.655647,0.05804950000000009
9,8,1,GNN,3.5215707,3.4279578,0.09361289999999967
51,8,1,GNN,2.617857,2.1793864,0.43847060000000004
55,8,1,GNN,1.5064113,4.62196,-3.1155486999999997
74,8,1,GNN,0.98585135,3.7354512,-2.74959985
78,8,1,GNN,0.0,5.0901623,-5.0901623
79,8,1,GNN,1.0304087,0.50903183,0.52137687
85,8,1,GNN,6.2490273,7.032191,-0.7831637000000002
94,8,1,GNN,3.6281378,3.9863331,-0.35819529999999977
103,8,1,GNN,1.005135,1.413918,-0.4087830000000001
110,8,1,GNN,5.0016165,6.713084,-1.7114675000000004
113,8,1,GNN,6.458688,4.9114056,1.5472824000000003
132,8,1,GNN,4.273648,5.180652,-0.9070040000000006
133,8,1,GNN,1.635118,1.3327101,0.3024079000000002
134,8,1,GNN,1.635118,1.7013061,-0.06618809999999997
135,8,1,GNN,4.9376216,4.600805,0.3368165999999997
154,8,1,GNN,11.391156,10.8537855,0.5373704999999998
160,8,1,GNN,0.45574436,1.9425745,-1.4868301400000001
174,8,1,GNN,2.3755052,3.5315034,-1.1559982
194,8,1,GNN,3.0090456,2.90676,0.10228560000000009
197,8,1,GNN,6.9383388,6.8579206,0.08041820000000044
203,8,1,GNN,6.687132,6.3139005,0.37323150000000016
250,8,1,GNN,2.5721037,2.441418,0.1306856999999999
268,8,1,GNN,8.191565,7.867496,0.3240690000000006
280,8,1,GNN,4.052955,3.775892,0.27706300000000006
292,8,1,GNN,6.687132,5.613027,1.0741050000000003
293,8,1,GNN,6.687132,7.1414094,-0.4542773999999996
296,8,1,GNN,6.458688,3.0700216,3.3886664000000004
302,8,1,GNN,8.222192,7.6519456,0.5702463999999994
327,8,1,GNN,0.3641551,1.136866,-0.7727108999999999
349,8,1,GNN,6.6892176,6.9866896,-0.29747199999999996
363,8,1,GNN,1.9502074,1.9300631,0.020144300000000115
382,8,1,GNN,6.0551295,5.3762937,0.6788357999999999
384,8,1,GNN,5.4468765,4.8400187,0.6068578000000002
388,8,1,GNN,0.7062155,1.5749409,-0.8687254000000001
389,8,1,GNN,8.838736,8.519143,0.3195930000000011
397,8,1,GNN,0.0,5.3300204,-5.3300204
402,8,1,GNN,4.1227155,5.547829,-1.4251135000000001
417,8,1,GNN,6.4303145,8.931792,-2.5014775
426,8,1,GNN,6.4423165,6.5464616,-0.10414510000000021
427,8,1,GNN,5.8746448,5.150792,0.7238527999999995
430,8,1,GNN,9.671881,6.297852,3.374029000000001
431,8,1,GNN,4.218476,7.004812,-2.7863360000000004
437,8,1,GNN,1.3036137,2.6109643,-1.3073506
464,8,1,GNN,8.191565,4.642757,3.548808000000001
472,8,1,GNN,3.8208508,4.432768,-0.6119172000000002
477,8,1,GNN,3.0090456,4.280553,-1.2715074000000004
478,8,1,GNN,3.4129298,1.7308719,1.6820579000000002
481,8,1,GNN,1.635118,0.54813176,1.08698624
483,8,1,GNN,1.5064113,4.7267594,-3.2203481
484,8,1,GNN,4.866669,4.949114,-0.08244499999999988
490,8,1,GNN,5.611774,4.984838,0.6269359999999997
500,8,1,GNN,0.98585135,1.1300237,-0.14417234999999995
504,8,1,GNN,6.687132,4.911217,1.7759150000000004
508,8,1,GNN,3.5215707,5.237205,-1.7156343000000005
519,8,1,GNN,2.5220175,3.385853,-0.8638355
549,8,1,GNN,3.2637217,5.691459,-2.4277373
554,8,1,GNN,1.005135,1.37053,-0.36539500000000014
560,8,1,GNN,4.1227155,5.369067,-1.2463515000000003
577,8,1,GNN,5.8746448,5.720618,0.15402679999999958
583,8,1,GNN,1.635118,1.5674846,0.06763340000000007
588,8,1,GNN,1.9243029,1.7517817,0.17252120000000004
591,8,1,GNN,2.3755052,3.4475436,-1.0720383999999998
598,8,1,GNN,7.217696,8.01298,-0.7952840000000005
603,8,1,GNN,4.372914,4.9518895,-0.5789755000000003
630,8,1,GNN,1.7118955,1.4256672,0.2862283000000001
647,8,1,GNN,0.98585135,1.6198957,-0.63404435
9,8,2,GNN,3.5215707,3.630063,-0.10849229999999999
51,8,2,GNN,2.617857,2.782577,-0.16471999999999998
55,8,2,GNN,1.5064113,4.128322,-2.6219107
74,8,2,GNN,0.98585135,2.4904218,-1.5045704500000001
78,8,2,GNN,0.0,4.263483,-4.263483
79,8,2,GNN,1.0304087,0.5158337,0.514575
85,8,2,GNN,6.2490273,6.2855954,-0.036568100000000214
94,8,2,GNN,3.6281378,6.3737135,-2.7455757
103,8,2,GNN,1.005135,1.4207231,-0.4155881000000001
110,8,2,GNN,5.0016165,7.8029714,-2.8013548999999998
113,8,2,GNN,6.458688,3.2823908,3.1762972000000005
132,8,2,GNN,4.273648,4.973937,-0.7002890000000006
133,8,2,GNN,1.635118,1.3433347,0.2917833000000001
134,8,2,GNN,1.635118,1.4694262,0.16569180000000006
135,8,2,GNN,4.9376216,4.922415,0.015206599999999959
154,8,2,GNN,11.391156,10.920939,0.4702169999999999
160,8,2,GNN,0.45574436,2.593871,-2.13812664
174,8,2,GNN,2.3755052,3.478179,-1.1026737999999998
194,8,2,GNN,3.0090456,2.9754524,0.03359319999999988
197,8,2,GNN,6.9383388,6.4013367,0.5370021000000005
203,8,2,GNN,6.687132,5.6455746,1.0415574000000003
250,8,2,GNN,2.5721037,2.6029954,-0.03089170000000019
268,8,2,GNN,8.191565,8.454847,-0.26328199999999846
280,8,2,GNN,4.052955,2.9356077,1.1173473
292,8,2,GNN,6.687132,6.280709,0.4064230000000002
293,8,2,GNN,6.687132,7.024029,-0.33689699999999956
296,8,2,GNN,6.458688,4.19141,2.267278
302,8,2,GNN,8.222192,8.2641535,-0.041961500000001095
327,8,2,GNN,0.3641551,1.427616,-1.0634609
349,8,2,GNN,6.6892176,7.9607887,-1.2715711
363,8,2,GNN,1.9502074,1.4990151,0.4511923
382,8,2,GNN,6.0551295,4.242772,1.8123574999999992
384,8,2,GNN,5.4468765,5.1380367,0.30883980000000033
388,8,2,GNN,0.7062155,1.4540683,-0.7478528000000001
389,8,2,GNN,8.838736,8.6148405,0.22389550000000114
397,8,2,GNN,0.0,4.255847,-4.255847
402,8,2,GNN,4.1227155,4.7752123,-0.6524967999999998
417,8,2,GNN,6.4303145,9.745283,-3.314968500000001
426,8,2,GNN,6.4423165,4.932549,1.5097674999999997
427,8,2,GNN,5.8746448,2.9248798,2.9497649999999997
430,8,2,GNN,9.671881,5.1203294,4.551551600000001
431,8,2,GNN,4.218476,6.3593855,-2.1409095000000002
437,8,2,GNN,1.3036137,1.4940954,-0.19048169999999987
464,8,2,GNN,8.191565,6.7126074,1.478957600000001
472,8,2,GNN,3.8208508,4.7114105,-0.8905597000000003
477,8,2,GNN,3.0090456,3.4209485,-0.4119029000000003
478,8,2,GNN,3.4129298,1.9528726,1.4600572
481,8,2,GNN,1.635118,0.56797564,1.06714236
483,8,2,GNN,1.5064113,4.184818,-2.6784067
484,8,2,GNN,4.866669,5.527293,-0.6606240000000003
490,8,2,GNN,5.611774,4.944132,0.6676419999999998
500,8,2,GNN,0.98585135,1.1871679,-0.20131654999999993
504,8,2,GNN,6.687132,4.5785522,2.1085798000000002
508,8,2,GNN,3.5215707,4.356505,-0.8349343000000005
519,8,2,GNN,2.5220175,3.2855053,-0.7634878
549,8,2,GNN,3.2637217,6.058938,-2.7952163000000003
554,8,2,GNN,1.005135,1.3900961,-0.38496110000000017
560,8,2,GNN,4.1227155,4.7528534,-0.6301379000000003
577,8,2,GNN,5.8746448,5.661456,0.2131887999999993
583,8,2,GNN,1.635118,1.4705027,0.16461530000000013
588,8,2,GNN,1.9243029,2.3271518,-0.4028489000000002
591,8,2,GNN,2.3755052,3.8562107,-1.4807055
598,8,2,GNN,7.217696,8.453138,-1.235441999999999
603,8,2,GNN,4.372914,5.267703,-0.8947890000000003
630,8,2,GNN,1.7118955,1.4757962,0.2360993
647,8,2,GNN,0.98585135,1.9184147,-0.93256335
9,8,3,GNN,3.5215707,2.5236297,0.997941
51,8,3,GNN,2.617857,2.908863,-0.2910060000000003
55,8,3,GNN,1.5064113,3.6751332,-2.1687219
74,8,3,GNN,0.98585135,2.0788531,-1.09300175
78,8,3,GNN,0.0,4.086882,-4.086882
79,8,3,GNN,1.0304087,0.46873105,0.56167765
85,8,3,GNN,6.2490273,6.7488174,-0.49979010000000024
94,8,3,GNN,3.6281378,5.0271564,-1.3990185999999998
103,8,3,GNN,1.005135,1.240443,-0.23530800000000007
110,8,3,GNN,5.0016165,6.483268,-1.4816515
113,8,3,GNN,6.458688,3.8534746,2.6052134000000002
132,8,3,GNN,4.273648,4.401331,-0.1276830000000002
133,8,3,GNN,1.635118,1.2520261,0.38309190000000015
134,8,3,GNN,1.635118,2.1429787,-0.5078606999999999
135,8,3,GNN,4.9376216,4.526226,0.41139559999999964
154,8,3,GNN,11.391156,11.044772,0.34638400000000047
160,8,3,GNN,0.45574436,2.5417523,-2.08600794
174,8,3,GNN,2.3755052,2.956049,-0.5805438
194,8,3,GNN,3.0090456,2.6834497,0.3255958999999997
197,8,3,GNN,6.9383388,5.762581,1.1757578000000004
203,8,3,GNN,6.687132,4.867198,1.819934
250,8,3,GNN,2.5721037,2.6125934,-0.040489700000000184
268,8,3,GNN,8.191565,8.858926,-0.6673609999999996
280,8,3,GNN,4.052955,2.8621035,1.1908515
292,8,3,GNN,6.687132,6.0664835,0.6206484999999997
293,8,3,GNN,6.687132,4.2523165,2.4348155
296,8,3,GNN,6.458688,4.302374,2.156314
302,8,3,GNN,8.222192,6.389337,1.8328549999999995
327,8,3,GNN,0.3641551,0.7711384,-0.4069833
349,8,3,GNN,6.6892176,6.83186,-0.14264239999999972
363,8,3,GNN,1.9502074,1.6495018,0.30070560000000013
382,8,3,GNN,6.0551295,4.3380547,1.7170747999999998
384,8,3,GNN,5.4468765,4.3832726,1.0636039000000004
388,8,3,GNN,0.7062155,1.1356759,-0.4294604000000001
389,8,3,GNN,8.838736,8.886025,-0.04728899999999925
397,8,3,GNN,0.0,4.0751967,-4.0751967
402,8,3,GNN,4.1227155,4.969486,-0.8467704999999999
417,8,3,GNN,6.4303145,9.259633,-2.8293184999999994
426,8,3,GNN,6.4423165,5.22519,1.2171265
427,8,3,GNN,5.8746448,4.359372,1.5152728
430,8,3,GNN,9.671881,3.510826,6.161055000000001
431,8,3,GNN,4.218476,6.25873,-2.040254
437,8,3,GNN,1.3036137,2.2371042,-0.9334905
464,8,3,GNN,8.191565,8.268546,-0.07698099999999997
472,8,3,GNN,3.8208508,4.789766,-0.9689152000000001
477,8,3,GNN,3.0090456,3.9631205,-0.9540749000000002
478,8,3,GNN,3.4129298,1.5708566,1.8420732000000002
481,8,3,GNN,1.635118,0.70137453,0.93374347
483,8,3,GNN,1.5064113,3.8691678,-2.3627565
484,8,3,GNN,4.866669,3.5923042,1.2743647999999999
490,8,3,GNN,5.611774,4.38682,1.2249539999999994
500,8,3,GNN,0.98585135,0.85230786,0.13354349
504,8,3,GNN,6.687132,4.479434,2.2076979999999997
508,8,3,GNN,3.5215707,4.289466,-0.7678953000000002
519,8,3,GNN,2.5220175,3.2658415,-0.743824
549,8,3,GNN,3.2637217,5.498802,-2.2350803000000004
554,8,3,GNN,1.005135,1.1563299,-0.15119490000000013
560,8,3,GNN,4.1227155,4.9034123,-0.7806968000000003
577,8,3,GNN,5.8746448,4.794388,1.0802568
583,8,3,GNN,1.635118,1.3242614,0.31085660000000015
588,8,3,GNN,1.9243029,1.6141753,0.31012759999999995
591,8,3,GNN,2.3755052,4.7466116,-2.3711063999999995
598,8,3,GNN,7.217696,8.345847,-1.128150999999999
603,8,3,GNN,4.372914,4.4802947,-0.10738070000000022
630,8,3,GNN,1.7118955,1.2214432,0.49045230000000006
647,8,3,GNN,0.98585135,1.5888066,-0.60295525
9,8,4,GNN,3.5215707,3.6869967,-0.16542600000000007
51,8,4,GNN,2.617857,2.0416143,0.5762426999999999
55,8,4,GNN,1.5064113,3.0481787,-1.5417674
74,8,4,GNN,0.98585135,1.0433179,-0.057466549999999894
78,8,4,GNN,0.0,3.3327746,-3.3327746
79,8,4,GNN,1.0304087,0.2852653,0.7451433999999999
85,8,4,GNN,6.2490273,6.698901,-0.4498737000000004
94,8,4,GNN,3.6281378,2.7371287,0.8910091000000002
103,8,4,GNN,1.005135,1.5662395,-0.5611045000000001
110,8,4,GNN,5.0016165,7.2498713,-2.2482547999999998
113,8,4,GNN,6.458688,4.055843,2.402845
132,8,4,GNN,4.273648,4.049307,0.2243409999999999
133,8,4,GNN,1.635118,1.194692,0.440426
134,8,4,GNN,1.635118,1.5184594,0.11665860000000006
135,8,4,GNN,4.9376216,4.695093,0.24252859999999998
154,8,4,GNN,11.391156,11.344508,0.04664800000000113
160,8,4,GNN,0.45574436,1.4065493,-0.95080494
174,8,4,GNN,2.3755052,3.1492007,-0.7736955000000001
194,8,4,GNN,3.0090456,2.5425777,0.46646790000000005
197,8,4,GNN,6.9383388,7.8619967,-0.9236578999999994
203,8,4,GNN,6.687132,0.3942922,6.2928398
250,8,4,GNN,2.5721037,2.0472362,0.5248675
268,8,4,GNN,8.191565,8.397647,-0.20608199999999854
280,8,4,GNN,4.052955,2.5364509,1.5165040999999997
292,8,4,GNN,6.687132,5.721993,0.9651389999999997
293,8,4,GNN,6.687132,7.067018,-0.37988599999999995
296,8,4,GNN,6.458688,3.1050365,3.3536515000000002
302,8,4,GNN,8.222192,6.758602,1.46359
327,8,4,GNN,0.3641551,1.3499112,-0.9857560999999999
349,8,4,GNN,6.6892176,5.9224153,0.7668023000000002
363,8,4,GNN,1.9502074,1.5329914,0.41721600000000003
382,8,4,GNN,6.0551295,3.1105752,2.9445542999999996
384,8,4,GNN,5.4468765,4.3590345,1.0878420000000002
388,8,4,GNN,0.7062155,1.2578382,-0.5516226999999999
389,8,4,GNN,8.838736,8.624272,0.21446400000000132
397,8,4,GNN,0.0,3.1013145,-3.1013145
402,8,4,GNN,4.1227155,3.6421885,0.4805269999999999
417,8,4,GNN,6.4303145,8.798535,-2.3682204999999996
426,8,4,GNN,6.4423165,7.763812,-1.3214955000000002
427,8,4,GNN,5.8746448,3.4565072,2.4181375999999997
430,8,4,GNN,9.671881,-1.1782669,10.850147900000001
431,8,4,GNN,4.218476,6.847663,-2.629187
437,8,4,GNN,1.3036137,2.1006274,-0.7970136999999999
464,8,4,GNN,8.191565,5.0711527,3.120412300000001
472,8,4,GNN,3.8208508,3.7478418,0.07300900000000032
477,8,4,GNN,3.0090456,3.5133522,-0.5043066
478,8,4,GNN,3.4129298,-0.8652612,4.278191
481,8,4,GNN,1.635118,0.3772155,1.2579025000000001
483,8,4,GNN,1.5064113,3.0102763,-1.5038650000000002
484,8,4,GNN,4.866669,0.8654541,4.0012149
490,8,4,GNN,5.611774,4.490138,1.1216359999999996
500,8,4,GNN,0.98585135,0.556076,0.42977535
504,8,4,GNN,6.687132,6.054982,0.6321500000000002
508,8,4,GNN,3.5215707,3.453312,0.0682586999999999
519,8,4,GNN,2.5220175,2.4750686,0.04694889999999985
549,8,4,GNN,3.2637217,5.186339,-1.9226173000000002
554,8,4,GNN,1.005135,1.4768631,-0.4717281000000002
560,8,4,GNN,4.1227155,4.3772573,-0.25454180000000015
577,8,4,GNN,5.8746448,5.242101,0.6325437999999997
583,8,4,GNN,1.635118,1.0209454,0.6141726000000001
588,8,4,GNN,1.9243029,1.6939824,0.23032049999999993
591,8,4,GNN,2.3755052,5.3294344,-2.9539292
598,8,4,GNN,7.217696,7.466272,-0.2485759999999999
603,8,4,GNN,4.372914,4.670664,-0.2977500000000006
630,8,4,GNN,1.7118955,0.88456935,0.82732615
647,8,4,GNN,0.98585135,-0.53720844,1.52305979
9,8,5,GNN,3.5215707,4.1761384,-0.6545677000000003
51,8,5,GNN,2.617857,2.4864874,0.13136959999999975
55,8,5,GNN,1.5064113,3.98777,-2.4813587
74,8,5,GNN,0.98585135,5.0221457,-4.03629435
78,8,5,GNN,0.0,3.9756894,-3.9756894
79,8,5,GNN,1.0304087,0.9373591,0.09304959999999995
85,8,5,GNN,6.2490273,6.730378,-0.48135070000000013
94,8,5,GNN,3.6281378,5.414478,-1.7863401999999997
103,8,5,GNN,1.005135,1.3103182,-0.3051832000000001
110,8,5,GNN,5.0016165,6.0537825,-1.0521659999999997
113,8,5,GNN,6.458688,4.6575556,1.8011324000000002
132,8,5,GNN,4.273648,5.45663,-1.182982
133,8,5,GNN,1.635118,2.8083558,-1.1732378
134,8,5,GNN,1.635118,2.6199121,-0.9847941
135,8,5,GNN,4.9376216,4.350643,0.5869786000000001
154,8,5,GNN,11.391156,8.236965,3.154191000000001
160,8,5,GNN,0.45574436,2.9285502,-2.47280584
174,8,5,GNN,2.3755052,3.2376697,-0.8621645
194,8,5,GNN,3.0090456,2.4147038,0.5943418
197,8,5,GNN,6.9383388,7.8805017,-0.9421628999999996
203,8,5,GNN,6.687132,4.738512,1.94862
250,8,5,GNN,2.5721037,1.8153851,0.7567185999999999
268,8,5,GNN,8.191565,7.018651,1.1729140000000005
280,8,5,GNN,4.052955,2.8244543,1.2285006999999997
292,8,5,GNN,6.687132,5.329944,1.3571879999999998
293,8,5,GNN,6.687132,4.584584,2.1025479999999996
296,8,5,GNN,6.458688,4.085077,2.3736110000000004
302,8,5,GNN,8.222192,6.462628,1.7595640000000001
327,8,5,GNN,0.3641551,2.8207424,-2.4565873
349,8,5,GNN,6.6892176,6.6444077,0.044809899999999736
363,8,5,GNN,1.9502074,2.3210888,-0.3708814
382,8,5,GNN,6.0551295,3.4273891,2.6277403999999995
384,8,5,GNN,5.4468765,4.877196,0.5696805000000005
388,8,5,GNN,0.7062155,1.5373547,-0.8311392000000001
389,8,5,GNN,8.838736,6.701123,2.137613000000001
397,8,5,GNN,0.0,3.5227127,-3.5227127
402,8,5,GNN,4.1227155,5.066461,-0.9437455000000003
417,8,5,GNN,6.4303145,7.4767356,-1.0464210999999999
426,8,5,GNN,6.4423165,5.5379763,0.9043401999999992
427,8,5,GNN,5.8746448,3.38629,2.4883547999999998
430,8,5,GNN,9.671881,3.4008617,6.271019300000001
431,8,5,GNN,4.218476,6.7285194,-2.5100434
437,8,5,GNN,1.3036137,2.6128716,-1.3092579
464,8,5,GNN,8.191565,5.091546,3.1000190000000005
472,8,5,GNN,3.8208508,5.0685863,-1.2477354999999997
477,8,5,GNN,3.0090456,4.9029408,-1.8938951999999998
478,8,5,GNN,3.4129298,2.1358523,1.2770775000000003
481,8,5,GNN,1.635118,1.0477806,0.5873374
483,8,5,GNN,1.5064113,3.918713,-2.4123017
484,8,5,GNN,4.866669,4.251869,0.6147999999999998
490,8,5,GNN,5.611774,3.8380878,1.7736861999999998
500,8,5,GNN,0.98585135,2.1997564,-1.2139050500000002
504,8,5,GNN,6.687132,5.4497666,1.2373653999999998
508,8,5,GNN,3.5215707,3.8759885,-0.3544178000000002
519,8,5,GNN,2.5220175,2.4567904,0.06522709999999998
549,8,5,GNN,3.2637217,5.938662,-2.6749403
554,8,5,GNN,1.005135,1.1395079,-0.13437290000000002
560,8,5,GNN,4.1227155,4.769529,-0.6468135000000004
577,8,5,GNN,5.8746448,5.702195,0.17244979999999988
583,8,5,GNN,1.635118,1.5409485,0.09416950000000002
588,8,5,GNN,1.9243029,1.8998884,0.024414500000000006
591,8,5,GNN,2.3755052,5.5953426,-3.2198374000000003
598,8,5,GNN,7.217696,5.791161,1.4265350000000003
603,8,5,GNN,4.372914,4.766592,-0.3936780000000004
630,8,5,GNN,1.7118955,1.2397107,0.47218479999999996
647,8,5,GNN,0.98585135,2.0539489,-1.06809755
9,8,6,GNN,3.5215707,3.4800012,0.04156950000000004
51,8,6,GNN,2.617857,3.5181046,-0.9002476000000001
55,8,6,GNN,1.5064113,3.2144673,-1.708056
74,8,6,GNN,0.98585135,5.4718857,-4.48603435
78,8,6,GNN,0.0,3.1519094,-3.1519094
79,8,6,GNN,1.0304087,0.44221935,0.5881893499999999
85,8,6,GNN,6.2490273,6.5503016,-0.3012743000000002
94,8,6,GNN,3.6281378,5.5749016,-1.9467637999999994
103,8,6,GNN,1.005135,1.7763011,-0.7711661000000001
110,8,6,GNN,5.0016165,5.9838676,-0.9822511
113,8,6,GNN,6.458688,4.409423,2.049265
132,8,6,GNN,4.273648,4.472305,-0.19865700000000075
133,8,6,GNN,1.635118,1.6580288,-0.02291080000000001
134,8,6,GNN,1.635118,2.8040624,-1.1689443999999998
135,8,6,GNN,4.9376216,3.4943461,1.4432755
154,8,6,GNN,11.391156,8.123348,3.2678080000000005
160,8,6,GNN,0.45574436,2.504211,-2.04846664
174,8,6,GNN,2.3755052,3.5102384,-1.1347331999999999
194,8,6,GNN,3.0090456,2.496873,0.5121726
197,8,6,GNN,6.9383388,7.3197236,-0.3813847999999993
203,8,6,GNN,6.687132,4.5993595,2.0877725
250,8,6,GNN,2.5721037,1.8082099,0.7638938
268,8,6,GNN,8.191565,6.0451317,2.146433300000001
280,8,6,GNN,4.052955,2.7318845,1.3210704999999998
292,8,6,GNN,6.687132,4.9550886,1.7320434000000002
293,8,6,GNN,6.687132,4.754764,1.9323680000000003
296,8,6,GNN,6.458688,3.1340666,3.3246214000000003
302,8,6,GNN,8.222192,5.4899063,2.7322856999999994
327,8,6,GNN,0.3641551,1.815911,-1.4517559
349,8,6,GNN,6.6892176,6.0195203,0.6696973000000002
363,8,6,GNN,1.9502074,1.8401897,0.1100177
382,8,6,GNN,6.0551295,3.6243722,2.4307573
384,8,6,GNN,5.4468765,4.2347193,1.2121572
388,8,6,GNN,0.7062155,1.1136835,-0.40746800000000005
389,8,6,GNN,8.838736,5.8165913,3.022144700000001
397,8,6,GNN,0.0,3.6763923,-3.6763923
402,8,6,GNN,4.1227155,4.4850845,-0.36236900000000016
417,8,6,GNN,6.4303145,7.1068316,-0.6765170999999999
426,8,6,GNN,6.4423165,5.4911184,0.9511980999999992
427,8,6,GNN,5.8746448,3.5699375,2.3047072999999996
430,8,6,GNN,9.671881,3.426837,6.245044000000001
431,8,6,GNN,4.218476,6.5624185,-2.3439425
437,8,6,GNN,1.3036137,2.90882,-1.6052062999999999
464,8,6,GNN,8.191565,4.589952,3.6016130000000004
472,8,6,GNN,3.8208508,4.003439,-0.1825882000000001
477,8,6,GNN,3.0090456,4.0041976,-0.9951520000000005
478,8,6,GNN,3.4129298,2.8796546,0.5332752000000003
481,8,6,GNN,1.635118,0.62357396,1.01154404
483,8,6,GNN,1.5064113,3.1802156,-1.6738043
484,8,6,GNN,4.866669,4.5157986,0.3508703999999998
490,8,6,GNN,5.611774,3.294401,2.3173729999999995
500,8,6,GNN,0.98585135,1.501143,-0.5152916499999999
504,8,6,GNN,6.687132,4.6774273,2.0097047000000003
508,8,6,GNN,3.5215707,3.1362495,0.3853211999999999
519,8,6,GNN,2.5220175,2.536876,-0.014858499999999886
549,8,6,GNN,3.2637217,5.283929,-2.0202072999999996
554,8,6,GNN,1.005135,1.657687,-0.652552
560,8,6,GNN,4.1227155,3.581172,0.5415435
577,8,6,GNN,5.8746448,4.6455173,1.2291274999999997
583,8,6,GNN,1.635118,1.5633957,0.07172230000000002
588,8,6,GNN,1.9243029,2.1594188,-0.23511590000000004
591,8,6,GNN,2.3755052,4.04752,-1.6720147999999995
598,8,6,GNN,7.217696,5.0639243,2.1537717
603,8,6,GNN,4.372914,4.21854,0.1543739999999998
630,8,6,GNN,1.7118955,1.7963252,-0.08442970000000005
647,8,6,GNN,0.98585135,2.8603647,-1.87451335
9,8,7,GNN,3.5215707,3.3334453,0.18812539999999967
51,8,7,GNN,2.617857,2.8360193,-0.21816229999999992
55,8,7,GNN,1.5064113,4.5917335,-3.0853222000000002
74,8,7,GNN,0.98585135,3.1274858,-2.14163445
78,8,7,GNN,0.0,4.2878823,-4.2878823
79,8,7,GNN,1.0304087,0.40684828,0.62356042
85,8,7,GNN,6.2490273,6.319967,-0.07093970000000027
94,8,7,GNN,3.6281378,6.4586535,-2.8305156999999994
103,8,7,GNN,1.005135,1.5570214,-0.5518864000000001
110,8,7,GNN,5.0016165,7.3466363,-2.3450198
113,8,7,GNN,6.458688,4.4742565,1.9844315000000003
132,8,7,GNN,4.273648,4.8179755,-0.5443275000000005
133,8,7,GNN,1.635118,1.6354194,-0.0003013999999998962
134,8,7,GNN,1.635118,2.0187976,-0.3836796
135,8,7,GNN,4.9376216,4.039609,0.8980126000000004
154,8,7,GNN,11.391156,11.987796,-0.596639999999999
160,8,7,GNN,0.45574436,1.8587391,-1.40299474
174,8,7,GNN,2.3755052,3.3110795,-0.9355742999999999
194,8,7,GNN,3.0090456,2.3156197,0.6934258999999998
197,8,7,GNN,6.9383388,6.533151,0.4051878000000002
203,8,7,GNN,6.687132,6.035104,0.6520280000000005
250,8,7,GNN,2.5721037,2.628827,-0.05672329999999981
268,8,7,GNN,8.191565,7.9556036,0.23596140000000076
280,8,7,GNN,4.052955,2.761083,1.2918719999999997
292,8,7,GNN,6.687132,6.091243,0.5958889999999997
293,8,7,GNN,6.687132,7.0488796,-0.36174760000000017
296,8,7,GNN,6.458688,3.7167604,2.7419276000000004
302,8,7,GNN,8.222192,7.374796,0.8473959999999998
327,8,7,GNN,0.3641551,1.2826986,-0.9185435
349,8,7,GNN,6.6892176,7.46256,-0.7733423999999998
363,8,7,GNN,1.9502074,1.4786185,0.4715889
382,8,7,GNN,6.0551295,3.8996239,2.1555055999999997
384,8,7,GNN,5.4468765,4.669547,0.7773295000000005
388,8,7,GNN,0.7062155,1.4993253,-0.7931098
389,8,7,GNN,8.838736,8.148657,0.6900790000000008
397,8,7,GNN,0.0,3.9146078,-3.9146078
402,8,7,GNN,4.1227155,4.3775477,-0.25483220000000006
417,8,7,GNN,6.4303145,8.916807,-2.4864925000000007
426,8,7,GNN,6.4423165,6.614613,-0.17229650000000074
427,8,7,GNN,5.8746448,3.3059263,2.5687184999999997
430,8,7,GNN,9.671881,3.2365713,6.435309700000001
431,8,7,GNN,4.218476,6.3080354,-2.0895593999999997
437,8,7,GNN,1.3036137,2.745792,-1.4421782999999997
464,8,7,GNN,8.191565,4.488048,3.7035170000000006
472,8,7,GNN,3.8208508,5.00471,-1.1838592000000001
477,8,7,GNN,3.0090456,4.5967927,-1.5877471
478,8,7,GNN,3.4129298,2.0937953,1.3191345
481,8,7,GNN,1.635118,0.5998758,1.0352422000000001
483,8,7,GNN,1.5064113,4.3837013,-2.8772900000000003
484,8,7,GNN,4.866669,2.7824068,2.0842622
490,8,7,GNN,5.611774,3.9567478,1.6550261999999996
500,8,7,GNN,0.98585135,1.5542071,-0.5683557499999999
504,8,7,GNN,6.687132,5.070094,1.617038
508,8,7,GNN,3.5215707,4.375602,-0.8540312999999999
519,8,7,GNN,2.5220175,2.9803064,-0.4582888999999999
549,8,7,GNN,3.2637217,5.8992777,-2.635556
554,8,7,GNN,1.005135,1.348692,-0.3435570000000001
560,8,7,GNN,4.1227155,5.2163496,-1.0936341
577,8,7,GNN,5.8746448,5.591937,0.28270779999999984
583,8,7,GNN,1.635118,1.5911026,0.04401540000000015
588,8,7,GNN,1.9243029,1.7493417,0.17496120000000004
591,8,7,GNN,2.3755052,3.8109856,-1.4354803999999999
598,8,7,GNN,7.217696,7.542504,-0.324808
603,8,7,GNN,4.372914,4.6016293,-0.22871530000000018
630,8,7,GNN,1.7118955,1.3847349,0.3271606
647,8,7,GNN,0.98585135,2.0542898,-1.06843845
9,8,9,GNN,3.5215707,3.1866438,0.3349268999999997
51,8,9,GNN,2.617857,2.4817593,0.1360977000000001
55,8,9,GNN,1.5064113,3.7342088,-2.2277975000000003
74,8,9,GNN,0.98585135,4.4418693,-3.4560179499999997
78,8,9,GNN,0.0,3.4329383,-3.4329383
79,8,9,GNN,1.0304087,0.27792332,0.75248538
85,8,9,GNN,6.2490273,6.029939,0.21908830000000012
94,8,9,GNN,3.6281378,5.8970137,-2.2688758999999994
103,8,9,GNN,1.005135,1.3936987,-0.3885637000000002
110,8,9,GNN,5.0016165,7.416799,-2.4151825000000002
113,8,9,GNN,6.458688,4.2621107,2.1965773000000004
132,8,9,GNN,4.273648,5.063528,-0.7898800000000001
133,8,9,GNN,1.635118,2.2809873,-0.6458693
134,8,9,GNN,1.635118,3.1192017,-1.4840837
135,8,9,GNN,4.9376216,4.3239226,0.6136989999999996
154,8,9,GNN,11.391156,9.355957,2.0351990000000004
160,8,9,GNN,0.45574436,2.838844,-2.3830996399999997
174,8,9,GNN,2.3755052,3.3712156,-0.9957104000000001
194,8,9,GNN,3.0090456,2.4369168,0.5721287999999998
197,8,9,GNN,6.9383388,7.062277,-0.12393819999999955
203,8,9,GNN,6.687132,4.357149,2.3299830000000004
250,8,9,GNN,2.5721037,1.7919168,0.7801868999999999
268,8,9,GNN,8.191565,6.817607,1.373958000000001
280,8,9,GNN,4.052955,2.26992,1.783035
292,8,9,GNN,6.687132,6.177872,0.5092600000000003
293,8,9,GNN,6.687132,6.730203,-0.043071000000000303
296,8,9,GNN,6.458688,3.0030558,3.4556322000000006
302,8,9,GNN,8.222192,7.44168,0.7805119999999999
327,8,9,GNN,0.3641551,2.3292413,-1.9650862
349,8,9,GNN,6.6892176,7.2725315,-0.5833139000000003
363,8,9,GNN,1.9502074,1.7778727,0.17233469999999995
382,8,9,GNN,6.0551295,3.842323,2.2128064999999997
384,8,9,GNN,5.4468765,4.6638565,0.7830200000000005
388,8,9,GNN,0.7062155,1.1832578,-0.47704230000000003
389,8,9,GNN,8.838736,6.9602265,1.8785095000000007
397,8,9,GNN,0.0,3.905226,-3.905226
402,8,9,GNN,4.1227155,3.9209716,0.20174389999999987
417,8,9,GNN,6.4303145,7.7825,-1.3521855
426,8,9,GNN,6.4423165,5.5673995,0.874917
427,8,9,GNN,5.8746448,3.1950793,2.6795654999999994
430,8,9,GNN,9.671881,2.8019464,6.869934600000001
431,8,9,GNN,4.218476,6.02501,-1.806534
437,8,9,GNN,1.3036137,2.7977788,-1.4941651
464,8,9,GNN,8.191565,5.6704636,2.521101400000001
472,8,9,GNN,3.8208508,3.7123864,0.1084643999999999
477,8,9,GNN,3.0090456,4.174917,-1.1658714
478,8,9,GNN,3.4129298,1.906963,1.5059668000000002
481,8,9,GNN,1.635118,0.6202703,1.0148477
483,8,9,GNN,1.5064113,3.5433257,-2.0369144
484,8,9,GNN,4.866669,6.151938,-1.2852690000000004
490,8,9,GNN,5.611774,4.382757,1.2290169999999998
500,8,9,GNN,0.98585135,1.3066007,-0.32074934999999993
504,8,9,GNN,6.687132,4.923563,1.7635690000000004
508,8,9,GNN,3.5215707,3.38626,0.13531069999999978
519,8,9,GNN,2.5220175,2.5595589,-0.037541399999999836
549,8,9,GNN,3.2637217,5.886876,-2.6231543
554,8,9,GNN,1.005135,1.0126157,-0.007480700000000118
560,8,9,GNN,4.1227155,3.7376373,0.38507820000000015
577,8,9,GNN,5.8746448,3.9252584,1.9493863999999994
583,8,9,GNN,1.635118,2.3395534,-0.7044353999999997
588,8,9,GNN,1.9243029,2.6746564,-0.7503534999999999
591,8,9,GNN,2.3755052,5.317153,-2.9416478
598,8,9,GNN,7.217696,6.4152074,0.8024886000000002
603,8,9,GNN,4.372914,4.756608,-0.3836940000000002
630,8,9,GNN,1.7118955,1.0908067,0.6210888000000001
647,8,9,GNN,0.98585135,1.8987814,-0.91293005
9,8,10,GNN,3.5215707,4.1044188,-0.5828481000000005
51,8,10,GNN,2.617857,3.3185925,-0.7007355
55,8,10,GNN,1.5064113,3.5711946,-2.0647833
74,8,10,GNN,0.98585135,5.164327,-4.17847565
78,8,10,GNN,0.0,3.9391341,-3.9391341
79,8,10,GNN,1.0304087,0.8105712,0.2198374999999999
85,8,10,GNN,6.2490273,7.9544954,-1.7054681
94,8,10,GNN,3.6281378,6.8743806,-3.2462428
103,8,10,GNN,1.005135,2.0116296,-1.0064946000000001
110,8,10,GNN,5.0016165,7.806338,-2.8047215000000003
113,8,10,GNN,6.458688,4.749545,1.709143
132,8,10,GNN,4.273648,5.4124722,-1.1388242000000002
133,8,10,GNN,1.635118,2.7861338,-1.1510158
134,8,10,GNN,1.635118,3.275743,-1.6406249999999998
135,8,10,GNN,4.9376216,5.086358,-0.14873639999999977
154,8,10,GNN,11.391156,9.631039,1.760117000000001
160,8,10,GNN,0.45574436,3.2969751,-2.84123074
174,8,10,GNN,2.3755052,3.1770878,-0.8015825999999997
194,8,10,GNN,3.0090456,2.8448076,0.16423799999999966
197,8,10,GNN,6.9383388,7.361018,-0.42267919999999926
203,8,10,GNN,6.687132,5.6467676,1.0403643999999996
250,8,10,GNN,2.5721037,2.0676022,0.5045014999999999
268,8,10,GNN,8.191565,7.7371063,0.4544587000000009
280,8,10,GNN,4.052955,3.3080978,0.7448571999999998
292,8,10,GNN,6.687132,5.838967,0.8481649999999998
293,8,10,GNN,6.687132,7.141913,-0.45478099999999966
296,8,10,GNN,6.458688,4.3169236,2.1417644000000005
302,8,10,GNN,8.222192,7.961023,0.26116899999999976
327,8,10,GNN,0.3641551,2.6563067,-2.2921516
349,8,10,GNN,6.6892176,7.934873,-1.2456553999999995
363,8,10,GNN,1.9502074,2.0016384,-0.051431000000000004
382,8,10,GNN,6.0551295,3.379013,2.6761164999999996
384,8,10,GNN,5.4468765,5.1790695,0.26780700000000035
388,8,10,GNN,0.7062155,2.0546856,-1.3484701000000001
389,8,10,GNN,8.838736,7.8423405,0.9963955000000011
397,8,10,GNN,0.0,3.510345,-3.510345
402,8,10,GNN,4.1227155,5.3729844,-1.2502689
417,8,10,GNN,6.4303145,8.51265,-2.082335500000001
426,8,10,GNN,6.4423165,5.9337316,0.5085848999999998
427,8,10,GNN,5.8746448,3.6600494,2.2145953999999994
430,8,10,GNN,9.671881,4.030209,5.641672000000001
431,8,10,GNN,4.218476,7.951692,-3.7332160000000005
437,8,10,GNN,1.3036137,3.1834302,-1.8798165
464,8,10,GNN,8.191565,7.0139785,1.1775865000000003
472,8,10,GNN,3.8208508,5.0712094,-1.2503585999999998
477,8,10,GNN,3.0090456,5.098066,-2.0890204000000003
478,8,10,GNN,3.4129298,2.7869287,0.6260011000000003
481,8,10,GNN,1.635118,1.0952876,0.5398304
483,8,10,GNN,1.5064113,3.2594528,-1.7530415000000001
484,8,10,GNN,4.866669,5.202123,-0.33545400000000036
490,8,10,GNN,5.611774,4.8172197,0.7945542999999997
500,8,10,GNN,0.98585135,1.7472267,-0.7613753499999999
504,8,10,GNN,6.687132,6.3228817,0.36425030000000014
508,8,10,GNN,3.5215707,3.9045553,-0.38298460000000034
519,8,10,GNN,2.5220175,3.5684214,-1.0464039
549,8,10,GNN,3.2637217,6.7315354,-3.4678137
554,8,10,GNN,1.005135,1.8864402,-0.8813052000000001
560,8,10,GNN,4.1227155,4.5454407,-0.42272520000000036
577,8,10,GNN,5.8746448,4.8895593,0.9850854999999994
583,8,10,GNN,1.635118,2.4093604,-0.7742424000000001
588,8,10,GNN,1.9243029,2.210782,-0.2864791
591,8,10,GNN,2.3755052,5.2873917,-2.9118864999999996
598,8,10,GNN,7.217696,7.6773057,-0.4596096999999997
603,8,10,GNN,4.372914,5.1741414,-0.8012274000000001
630,8,10,GNN,1.7118955,1.9537659,-0.24187040000000004
647,8,10,GNN,0.98585135,2.6332054,-1.6473540500000001
13,9,1,GNN,2.4950645,3.1631017,-0.6680372000000001
17,9,1,GNN,6.2490273,4.4296308,1.8193964999999999
22,9,1,GNN,6.0551295,7.2441382,-1.1890087000000005
25,9,1,GNN,0.29783392,1.2964008,-0.99856688
26,9,1,GNN,5.791475,6.8102965,-1.0188214999999996
29,9,1,GNN,4.1936984,7.924939,-3.7312406000000005
35,9,1,GNN,6.6892176,7.20588,-0.5166623999999995
56,9,1,GNN,5.7057114,6.16469,-0.4589786
57,9,1,GNN,2.3412902,1.649976,0.6913141999999999
58,9,1,GNN,2.123514,1.414884,0.7086300000000001
90,9,1,GNN,1.1865951,2.2787652,-1.0921701000000001
92,9,1,GNN,4.6345444,1.60992,3.0246244000000004
117,9,1,GNN,1.0304087,1.696157,-0.6657483
124,9,1,GNN,4.748294,8.453492,-3.705198000000001
136,9,1,GNN,8.191565,7.012824,1.1787410000000005
138,9,1,GNN,4.419368,4.333777,0.08559099999999997
140,9,1,GNN,9.671881,4.8920174,4.7798636000000005
186,9,1,GNN,6.2490273,4.586473,1.6625543
199,9,1,GNN,3.2636845,3.0097175,0.2539670000000003
202,9,1,GNN,5.5468283,4.574073,0.9727552999999993
212,9,1,GNN,6.9812107,6.568305,0.4129057000000005
226,9,1,GNN,3.148421,3.0076563,0.14076470000000008
227,9,1,GNN,6.2490273,3.9024742,2.3465531
262,9,1,GNN,6.953457,5.884472,1.0689850000000005
274,9,1,GNN,7.6055675,5.8859267,1.7196408000000005
281,9,1,GNN,10.436003,8.769779,1.6662239999999997
297,9,1,GNN,6.6843266,4.349052,2.3352746
303,9,1,GNN,0.39748433,1.2112836,-0.8137992700000001
310,9,1,GNN,0.0,1.0384237,-1.0384237
313,9,1,GNN,2.0652,1.4906747,0.5745252999999999
326,9,1,GNN,1.8846184,1.3471911,0.5374272999999998
331,9,1,GNN,2.201571,3.9852178,-1.7836468
335,9,1,GNN,2.8088186,4.621047,-1.8122284
337,9,1,GNN,4.5103326,5.720227,-1.2098944000000005
343,9,1,GNN,4.6774077,3.311589,1.3658186999999997
346,9,1,GNN,2.8744621,4.3894663,-1.5150041999999995
348,9,1,GNN,0.19509575,1.2300524,-1.0349566499999998
350,9,1,GNN,6.6892176,7.015247,-0.32602939999999947
359,9,1,GNN,1.9062004,1.4435931,0.46260729999999994
361,9,1,GNN,9.671881,7.1497035,2.5221775000000006
365,9,1,GNN,9.671881,6.0960507,3.5758303000000007
368,9,1,GNN,4.3172784,4.6801033,-0.3628248999999997
386,9,1,GNN,2.7258325,1.8127046,0.9131279000000001
387,9,1,GNN,2.809536,1.4964807,1.3130553
419,9,1,GNN,0.7226534,1.5822505,-0.8595971
421,9,1,GNN,1.5345784,1.6000798,-0.06550140000000004
436,9,1,GNN,5.8746448,6.105265,-0.2306202000000006
440,9,1,GNN,6.9383388,5.9439073,0.9944315000000001
450,9,1,GNN,0.29483712,2.0456324,-1.7507952800000002
460,9,1,GNN,4.5103326,5.3973517,-0.8870190999999998
461,9,1,GNN,6.609324,11.032037,-4.422713000000001
462,9,1,GNN,3.2145176,3.314758,-0.10024039999999967
489,9,1,GNN,6.176303,3.270461,2.905842
524,9,1,GNN,2.0934973,0.8208011,1.2726962000000002
541,9,1,GNN,5.7057114,5.167957,0.5377543999999999
545,9,1,GNN,1.635118,1.0904777,0.5446403
551,9,1,GNN,2.123514,1.4489768,0.6745372000000001
552,9,1,GNN,1.8171555,1.5883603,0.22879519999999998
587,9,1,GNN,3.1907916,2.8993146,0.291477
604,9,1,GNN,0.17845787,1.7441151,-1.56565723
614,9,1,GNN,5.2545094,4.614738,0.6397713999999999
619,9,1,GNN,1.7261271,1.414884,0.3112431
626,9,1,GNN,0.0,1.5957153,-1.5957153
638,9,1,GNN,1.6142073,2.461888,-0.8476807000000002
645,9,1,GNN,9.50365,8.3165655,1.187084500000001
660,9,1,GNN,4.1227155,4.470395,-0.3476794999999999
13,9,2,GNN,2.4950645,2.7817886,-0.28672410000000026
17,9,2,GNN,6.2490273,4.327604,1.9214232999999998
22,9,2,GNN,6.0551295,6.445171,-0.3900415000000006
25,9,2,GNN,0.29783392,0.59437984,-0.29654592
26,9,2,GNN,5.791475,7.3534727,-1.5619977
29,9,2,GNN,4.1936984,6.962971,-2.7692726
35,9,2,GNN,6.6892176,7.3865595,-0.6973418999999996
56,9,2,GNN,5.7057114,3.9053838,1.8003276000000001
57,9,2,GNN,2.3412902,1.2319278,1.1093624
58,9,2,GNN,2.123514,0.44920647,1.67430753
90,9,2,GNN,1.1865951,1.8012637,-0.6146686000000001
92,9,2,GNN,4.6345444,2.6096182,2.0249262000000003
117,9,2,GNN,1.0304087,0.22355054,0.80685816
124,9,2,GNN,4.748294,6.2342935,-1.4859995000000001
136,9,2,GNN,8.191565,7.2313385,0.960226500000001
138,9,2,GNN,4.419368,5.2056246,-0.7862565999999998
140,9,2,GNN,9.671881,5.202101,4.469780000000001
186,9,2,GNN,6.2490273,4.01642,2.2326072999999997
199,9,2,GNN,3.2636845,2.4764383,0.7872462000000002
202,9,2,GNN,5.5468283,5.5810237,-0.03419540000000065
212,9,2,GNN,6.9812107,6.16922,0.8119907
226,9,2,GNN,3.148421,3.689466,-0.541045
227,9,2,GNN,6.2490273,4.7514243,1.4976029999999998
262,9,2,GNN,6.953457,6.717048,0.2364090000000001
274,9,2,GNN,7.6055675,6.6951947,0.9103728000000002
281,9,2,GNN,10.436003,7.814156,2.621847
297,9,2,GNN,6.6843266,4.6804757,2.0038509000000007
303,9,2,GNN,0.39748433,0.66177744,-0.26429311000000005
310,9,2,GNN,0.0,3.3885293,-3.3885293
313,9,2,GNN,2.0652,0.44456792,1.62063208
326,9,2,GNN,1.8846184,1.7218802,0.16273819999999994
331,9,2,GNN,2.201571,3.1001093,-0.8985383000000002
335,9,2,GNN,2.8088186,4.3063726,-1.4975540000000005
337,9,2,GNN,4.5103326,6.707133,-2.1968004
343,9,2,GNN,4.6774077,4.50042,0.17698769999999975
346,9,2,GNN,2.8744621,3.9143622,-1.0399000999999997
348,9,2,GNN,0.19509575,-0.026450709,0.221546459
350,9,2,GNN,6.6892176,6.253077,0.4361405999999999
359,9,2,GNN,1.9062004,0.8014261,1.1047742999999999
361,9,2,GNN,9.671881,7.3746133,2.297267700000001
365,9,2,GNN,9.671881,6.5908127,3.081068300000001
368,9,2,GNN,4.3172784,4.147426,0.1698523999999999
386,9,2,GNN,2.7258325,1.7958711,0.9299614
387,9,2,GNN,2.809536,0.3484767,2.4610593
419,9,2,GNN,0.7226534,0.140379,0.5822744
421,9,2,GNN,1.5345784,1.1226648,0.4119136000000001
436,9,2,GNN,5.8746448,6.5432973,-0.6686525000000003
440,9,2,GNN,6.9383388,6.6318574,0.3064814
450,9,2,GNN,0.29483712,1.5892408,-1.29440368
460,9,2,GNN,4.5103326,4.860674,-0.35034140000000047
461,9,2,GNN,6.609324,10.856584,-4.24726
462,9,2,GNN,3.2145176,3.6682968,-0.4537791999999996
489,9,2,GNN,6.176303,4.597116,1.5791870000000001
524,9,2,GNN,2.0934973,0.03616403,2.05733327
541,9,2,GNN,5.7057114,6.4124045,-0.7066930999999999
545,9,2,GNN,1.635118,0.37161845,1.2634995500000001
551,9,2,GNN,2.123514,0.44038558,1.68312842
552,9,2,GNN,1.8171555,1.205847,0.6113085
587,9,2,GNN,3.1907916,2.4413075,0.7494840999999997
604,9,2,GNN,0.17845787,1.6851987,-1.50674083
614,9,2,GNN,5.2545094,4.4634447,0.7910646999999997
619,9,2,GNN,1.7261271,0.44920647,1.27692063
626,9,2,GNN,0.0,1.1406776,-1.1406776
638,9,2,GNN,1.6142073,1.0241548,0.5900524999999999
645,9,2,GNN,9.50365,8.421899,1.0817510000000006
660,9,2,GNN,4.1227155,3.893999,0.2287165
13,9,3,GNN,2.4950645,3.4978073,-1.0027428
17,9,3,GNN,6.2490273,5.3985243,0.8505029999999998
22,9,3,GNN,6.0551295,6.32279,-0.26766050000000075
25,9,3,GNN,0.29783392,0.4491934,-0.15135948000000005
26,9,3,GNN,5.791475,7.068615,-1.2771400000000002
29,9,3,GNN,4.1936984,6.82753,-2.6338316000000006
35,9,3,GNN,6.6892176,7.7337046,-1.0444870000000002
56,9,3,GNN,5.7057114,3.144015,2.5616964
57,9,3,GNN,2.3412902,2.0042424,0.3370478000000001
58,9,3,GNN,2.123514,1.5967957,0.5267183000000002
90,9,3,GNN,1.1865951,2.173805,-0.9872099000000003
92,9,3,GNN,4.6345444,3.3491218,1.2854226000000004
117,9,3,GNN,1.0304087,1.4527727,-0.42236399999999996
124,9,3,GNN,4.748294,5.7008915,-0.9525975000000004
136,9,3,GNN,8.191565,7.3974347,0.7941303000000008
138,9,3,GNN,4.419368,5.6433783,-1.2240102999999998
140,9,3,GNN,9.671881,3.9027746,5.769106400000001
186,9,3,GNN,6.2490273,3.7149777,2.5340496
199,9,3,GNN,3.2636845,2.7121696,0.5515148999999999
202,9,3,GNN,5.5468283,5.607456,-0.060627700000000395
212,9,3,GNN,6.9812107,6.289524,0.6916867
226,9,3,GNN,3.148421,3.9438086,-0.7953876000000002
227,9,3,GNN,6.2490273,4.847742,1.4012852999999996
262,9,3,GNN,6.953457,5.8306217,1.1228353000000002
274,9,3,GNN,7.6055675,5.996018,1.6095495
281,9,3,GNN,10.436003,8.018931,2.417071999999999
297,9,3,GNN,6.6843266,4.652957,2.0313696000000006
303,9,3,GNN,0.39748433,0.43332428,-0.03583995000000001
310,9,3,GNN,0.0,1.0082275,-1.0082275
313,9,3,GNN,2.0652,1.5571862,0.5080137999999998
326,9,3,GNN,1.8846184,1.6185954,0.2660229999999999
331,9,3,GNN,2.201571,3.7436244,-1.5420534
335,9,3,GNN,2.8088186,4.184611,-1.3757924000000004
337,9,3,GNN,4.5103326,5.920741,-1.4104083999999997
343,9,3,GNN,4.6774077,4.1744766,0.5029310999999996
346,9,3,GNN,2.8744621,5.4015274,-2.5270653
348,9,3,GNN,0.19509575,0.7178061,-0.52271035
350,9,3,GNN,6.6892176,6.0624,0.6268175999999999
359,9,3,GNN,1.9062004,1.5887042,0.3174961999999999
361,9,3,GNN,9.671881,7.768057,1.903824000000001
365,9,3,GNN,9.671881,6.7288246,2.9430564000000006
368,9,3,GNN,4.3172784,4.420067,-0.10278860000000023
386,9,3,GNN,2.7258325,2.0077105,0.7181220000000001
387,9,3,GNN,2.809536,1.681238,1.128298
419,9,3,GNN,0.7226534,1.7007265,-0.9780731
421,9,3,GNN,1.5345784,1.2809246,0.25365379999999993
436,9,3,GNN,5.8746448,5.8531585,0.021486299999999403
440,9,3,GNN,6.9383388,5.7166705,1.2216683000000002
450,9,3,GNN,0.29483712,2.6488795,-2.35404238
460,9,3,GNN,4.5103326,4.3209014,0.18943119999999958
461,9,3,GNN,6.609324,11.31399,-4.7046660000000005
462,9,3,GNN,3.2145176,3.8690367,-0.6545190999999999
489,9,3,GNN,6.176303,4.1554046,2.0208984
524,9,3,GNN,2.0934973,0.43099013,1.66250717
541,9,3,GNN,5.7057114,7.8490276,-2.1433162
545,9,3,GNN,1.635118,0.5287353,1.1063827000000002
551,9,3,GNN,2.123514,1.5265936,0.5969204000000001
552,9,3,GNN,1.8171555,1.2972742,0.5198813
587,9,3,GNN,3.1907916,2.640498,0.5502935999999998
604,9,3,GNN,0.17845787,1.8289622,-1.6505043300000002
614,9,3,GNN,5.2545094,3.6634457,1.5910636999999999
619,9,3,GNN,1.7261271,1.5967957,0.1293314000000001
626,9,3,GNN,0.0,1.2537384,-1.2537384
638,9,3,GNN,1.6142073,2.9086392,-1.2944319000000002
645,9,3,GNN,9.50365,7.923791,1.5798590000000008
660,9,3,GNN,4.1227155,4.2272763,-0.10456079999999979
13,9,4,GNN,2.4950645,3.7162755,-1.2212110000000003
17,9,4,GNN,6.2490273,4.250378,1.9986492999999994
22,9,4,GNN,6.0551295,5.8793054,0.17582409999999982
25,9,4,GNN,0.29783392,0.6449428,-0.34710888000000006
26,9,4,GNN,5.791475,7.4358015,-1.6443265
29,9,4,GNN,4.1936984,8.549981,-4.356282600000001
35,9,4,GNN,6.6892176,7.1700783,-0.48086070000000003
56,9,4,GNN,5.7057114,5.583853,0.12185839999999981
57,9,4,GNN,2.3412902,1.4801662,0.861124
58,9,4,GNN,2.123514,1.2288427,0.8946713000000002
90,9,4,GNN,1.1865951,2.4321651,-1.2455700000000003
92,9,4,GNN,4.6345444,1.9786954,2.655849
117,9,4,GNN,1.0304087,1.5233866,-0.4929779000000001
124,9,4,GNN,4.748294,7.6881614,-2.9398674000000007
136,9,4,GNN,8.191565,6.9529767,1.2385883000000009
138,9,4,GNN,4.419368,4.0408278,0.37854020000000066
140,9,4,GNN,9.671881,5.9372053,3.7346757000000013
186,9,4,GNN,6.2490273,3.9594667,2.2895605999999997
199,9,4,GNN,3.2636845,2.7546616,0.5090229000000002
202,9,4,GNN,5.5468283,4.694443,0.8523852999999999
212,9,4,GNN,6.9812107,6.4658976,0.5153131000000002
226,9,4,GNN,3.148421,4.26155,-1.1131289999999998
227,9,4,GNN,6.2490273,4.1168857,2.1321415999999997
262,9,4,GNN,6.953457,6.447621,0.5058360000000004
274,9,4,GNN,7.6055675,6.361044,1.2445235000000006
281,9,4,GNN,10.436003,8.8872,1.5488029999999995
297,9,4,GNN,6.6843266,4.6700783,2.0142483
303,9,4,GNN,0.39748433,0.45583475,-0.058350420000000014
310,9,4,GNN,0.0,0.5935929,-0.5935929
313,9,4,GNN,2.0652,1.151489,0.9137109999999999
326,9,4,GNN,1.8846184,1.2357094,0.648909
331,9,4,GNN,2.201571,4.1000667,-1.8984957000000002
335,9,4,GNN,2.8088186,4.0985017,-1.2896831
337,9,4,GNN,4.5103326,6.33621,-1.8258774000000004
343,9,4,GNN,4.6774077,4.6934085,-0.01600080000000048
346,9,4,GNN,2.8744621,5.2249656,-2.3505035
348,9,4,GNN,0.19509575,1.0447494,-0.8496536499999999
350,9,4,GNN,6.6892176,5.6971064,0.9921112000000001
359,9,4,GNN,1.9062004,1.4211105,0.48508989999999996
361,9,4,GNN,9.671881,7.15596,2.5159210000000005
365,9,4,GNN,9.671881,5.801234,3.870647000000001
368,9,4,GNN,4.3172784,4.3026433,0.014635100000000456
386,9,4,GNN,2.7258325,1.2906976,1.4351349000000002
387,9,4,GNN,2.809536,1.1119869,1.6975491
419,9,4,GNN,0.7226534,1.6922027,-0.9695493
421,9,4,GNN,1.5345784,0.98080343,0.55377497
436,9,4,GNN,5.8746448,5.4147835,0.45986129999999914
440,9,4,GNN,6.9383388,6.5764947,0.3618441000000008
450,9,4,GNN,0.29483712,1.3836224,-1.08878528
460,9,4,GNN,4.5103326,5.756246,-1.2459134
461,9,4,GNN,6.609324,11.485125,-4.875801
462,9,4,GNN,3.2145176,3.3144436,-0.09992599999999996
489,9,4,GNN,6.176303,4.6446295,1.5316735000000001
524,9,4,GNN,2.0934973,-0.15636718,2.2498644800000003
541,9,4,GNN,5.7057114,5.226399,0.4793124000000004
545,9,4,GNN,1.635118,0.24910268,1.38601532
551,9,4,GNN,2.123514,1.0999305,1.0235835000000002
552,9,4,GNN,1.8171555,1.3248613,0.4922941999999999
587,9,4,GNN,3.1907916,2.7674925,0.42329909999999993
604,9,4,GNN,0.17845787,1.7599638,-1.58150593
614,9,4,GNN,5.2545094,4.1982536,1.0562557999999997
619,9,4,GNN,1.7261271,1.2288427,0.49728440000000007
626,9,4,GNN,0.0,0.9752176,-0.9752176
638,9,4,GNN,1.6142073,3.414212,-1.8000047000000001
645,9,4,GNN,9.50365,8.226563,1.2770869999999999
660,9,4,GNN,4.1227155,4.589851,-0.46713550000000037
13,9,5,GNN,2.4950645,3.3797412,-0.8846767
17,9,5,GNN,6.2490273,4.6628923,1.5861349999999996
22,9,5,GNN,6.0551295,5.224847,0.8302825
25,9,5,GNN,0.29783392,0.7109419,-0.41310798000000004
26,9,5,GNN,5.791475,6.3861895,-0.5947145000000003
29,9,5,GNN,4.1936984,7.9884434,-3.7947450000000007
35,9,5,GNN,6.6892176,7.525345,-0.8361273999999996
56,9,5,GNN,5.7057114,4.877571,0.8281404000000006
57,9,5,GNN,2.3412902,1.3744566,0.9668336
58,9,5,GNN,2.123514,1.3178279,0.8056861000000002
90,9,5,GNN,1.1865951,1.9781551,-0.79156
92,9,5,GNN,4.6345444,3.1476943,1.4868501000000003
117,9,5,GNN,1.0304087,1.5450716,-0.5146629
124,9,5,GNN,4.748294,6.521282,-1.7729880000000007
136,9,5,GNN,8.191565,7.2890186,0.9025464000000003
138,9,5,GNN,4.419368,4.134392,0.28497600000000034
140,9,5,GNN,9.671881,4.3232174,5.348663600000001
186,9,5,GNN,6.2490273,3.8439612,2.4050661
199,9,5,GNN,3.2636845,2.7202666,0.5434179000000001
202,9,5,GNN,5.5468283,4.6881094,0.8587188999999995
212,9,5,GNN,6.9812107,6.105153,0.8760577000000005
226,9,5,GNN,3.148421,4.019935,-0.8715140000000003
227,9,5,GNN,6.2490273,5.2124376,1.0365896999999995
262,9,5,GNN,6.953457,5.834175,1.119282
274,9,5,GNN,7.6055675,6.090106,1.5154615000000007
281,9,5,GNN,10.436003,8.218854,2.217148999999999
297,9,5,GNN,6.6843266,4.33525,2.3490766
303,9,5,GNN,0.39748433,0.6026047,-0.20512037
310,9,5,GNN,0.0,0.64386666,-0.64386666
313,9,5,GNN,2.0652,1.3455893,0.7196106999999998
326,9,5,GNN,1.8846184,1.8860694,-0.001451000000000091
331,9,5,GNN,2.201571,2.6663294,-0.4647584
335,9,5,GNN,2.8088186,3.8159907,-1.0071721
337,9,5,GNN,4.5103326,6.067477,-1.5571444000000003
343,9,5,GNN,4.6774077,4.4784966,0.19891110000000012
346,9,5,GNN,2.8744621,5.3526144,-2.4781523
348,9,5,GNN,0.19509575,0.58166385,-0.38656809999999997
350,9,5,GNN,6.6892176,4.870574,1.8186435999999997
359,9,5,GNN,1.9062004,1.2553468,0.6508535999999998
361,9,5,GNN,9.671881,7.5147934,2.1570876000000005
365,9,5,GNN,9.671881,6.1577587,3.5141223000000013
368,9,5,GNN,4.3172784,4.4018965,-0.08461810000000014
386,9,5,GNN,2.7258325,2.0232768,0.7025557
387,9,5,GNN,2.809536,1.4195145,1.3900215
419,9,5,GNN,0.7226534,1.6191918,-0.8965384000000001
421,9,5,GNN,1.5345784,1.2625096,0.2720688
436,9,5,GNN,5.8746448,5.5101175,0.3645272999999998
440,9,5,GNN,6.9383388,5.7542286,1.1841102000000001
450,9,5,GNN,0.29483712,1.7158461,-1.42100898
460,9,5,GNN,4.5103326,4.0971613,0.41317130000000013
461,9,5,GNN,6.609324,11.214072,-4.604748
462,9,5,GNN,3.2145176,2.9369195,0.27759810000000007
489,9,5,GNN,6.176303,4.526764,1.6495389999999999
524,9,5,GNN,2.0934973,0.31309485,1.7804024500000002
541,9,5,GNN,5.7057114,5.4417076,0.26400380000000023
545,9,5,GNN,1.635118,0.66552407,0.96959393
551,9,5,GNN,2.123514,1.4185116,0.7050024000000001
552,9,5,GNN,1.8171555,1.2838885,0.5332669999999999
587,9,5,GNN,3.1907916,2.6758013,0.5149903
604,9,5,GNN,0.17845787,1.5786372,-1.40017933
614,9,5,GNN,5.2545094,4.626013,0.6284963999999995
619,9,5,GNN,1.7261271,1.3178279,0.4082992000000001
626,9,5,GNN,0.0,1.1853526,-1.1853526
638,9,5,GNN,1.6142073,3.5264409,-1.9122336
645,9,5,GNN,9.50365,8.061561,1.442089000000001
660,9,5,GNN,4.1227155,4.2422333,-0.11951779999999967
13,9,6,GNN,2.4950645,3.470735,-0.9756705000000001
17,9,6,GNN,6.2490273,4.5743527,1.6746745999999995
22,9,6,GNN,6.0551295,6.915783,-0.8606535000000006
25,9,6,GNN,0.29783392,0.4941917,-0.19635778000000004
26,9,6,GNN,5.791475,7.2482247,-1.4567496999999996
29,9,6,GNN,4.1936984,7.782098,-3.5883996000000007
35,9,6,GNN,6.6892176,7.701327,-1.0121094
56,9,6,GNN,5.7057114,5.5105157,0.1951957000000002
57,9,6,GNN,2.3412902,1.6039515,0.7373387
58,9,6,GNN,2.123514,1.4392047,0.6843093000000002
90,9,6,GNN,1.1865951,1.890706,-0.7041109000000001
92,9,6,GNN,4.6345444,2.6982093,1.9363351000000004
117,9,6,GNN,1.0304087,1.4088532,-0.3784445000000001
124,9,6,GNN,4.748294,7.6573434,-2.9090494000000007
136,9,6,GNN,8.191565,7.9778805,0.21368450000000028
138,9,6,GNN,4.419368,5.4633822,-1.0440141999999994
140,9,6,GNN,9.671881,5.646513,4.025368000000001
186,9,6,GNN,6.2490273,3.7124684,2.5365588999999997
199,9,6,GNN,3.2636845,2.7716672,0.4920173000000001
202,9,6,GNN,5.5468283,6.1141768,-0.5673485000000005
212,9,6,GNN,6.9812107,7.4676204,-0.4864097000000003
226,9,6,GNN,3.148421,4.295945,-1.1475239999999998
227,9,6,GNN,6.2490273,3.1941211,3.0549062
262,9,6,GNN,6.953457,7.125532,-0.17207499999999953
274,9,6,GNN,7.6055675,7.276745,0.32882250000000024
281,9,6,GNN,10.436003,9.01414,1.421863
297,9,6,GNN,6.6843266,5.12488,1.5594466000000002
303,9,6,GNN,0.39748433,0.41688037,-0.019396040000000003
310,9,6,GNN,0.0,0.7448203,-0.7448203
313,9,6,GNN,2.0652,1.3938992,0.6713008
326,9,6,GNN,1.8846184,1.5982376,0.2863807999999999
331,9,6,GNN,2.201571,3.7892542,-1.5876831999999999
335,9,6,GNN,2.8088186,4.031577,-1.2227584000000005
337,9,6,GNN,4.5103326,6.9549704,-2.4446377999999997
343,9,6,GNN,4.6774077,5.050643,-0.37323530000000016
346,9,6,GNN,2.8744621,6.716325,-3.8418629
348,9,6,GNN,0.19509575,0.80867636,-0.61358061
350,9,6,GNN,6.6892176,6.6647882,0.024429399999999823
359,9,6,GNN,1.9062004,1.2447863,0.6614141
361,9,6,GNN,9.671881,8.180542,1.491339
365,9,6,GNN,9.671881,6.9464316,2.7254494000000005
368,9,6,GNN,4.3172784,4.5214787,-0.2042003000000001
386,9,6,GNN,2.7258325,1.8516033,0.8742292
387,9,6,GNN,2.809536,1.1523113,1.6572247
419,9,6,GNN,0.7226534,1.7697258,-1.0470724
421,9,6,GNN,1.5345784,1.0060644,0.5285139999999999
436,9,6,GNN,5.8746448,5.549619,0.3250257999999997
440,9,6,GNN,6.9383388,7.086114,-0.14777519999999988
450,9,6,GNN,0.29483712,1.87269,-1.57785288
460,9,6,GNN,4.5103326,5.0498676,-0.5395349999999999
461,9,6,GNN,6.609324,11.740517,-5.131193000000001
462,9,6,GNN,3.2145176,3.7080646,-0.49354699999999996
489,9,6,GNN,6.176303,5.029105,1.1471979999999995
524,9,6,GNN,2.0934973,0.22906743,1.8644298700000002
541,9,6,GNN,5.7057114,7.708847,-2.0031355999999994
545,9,6,GNN,1.635118,0.40117455,1.23394345
551,9,6,GNN,2.123514,1.3688569,0.7546571000000002
552,9,6,GNN,1.8171555,1.3967552,0.42040029999999984
587,9,6,GNN,3.1907916,2.8230429,0.36774869999999993
604,9,6,GNN,0.17845787,1.471364,-1.29290613
614,9,6,GNN,5.2545094,4.199595,1.0549143999999995
619,9,6,GNN,1.7261271,1.4392047,0.28692240000000013
626,9,6,GNN,0.0,0.99165845,-0.99165845
638,9,6,GNN,1.6142073,2.6956224,-1.0814151
645,9,6,GNN,9.50365,8.34656,1.1570900000000002
660,9,6,GNN,4.1227155,4.6338015,-0.5110859999999997
13,9,7,GNN,2.4950645,2.4112055,0.0838589999999999
17,9,7,GNN,6.2490273,5.044301,1.2047263
22,9,7,GNN,6.0551295,6.256443,-0.20131350000000037
25,9,7,GNN,0.29783392,0.8310847,-0.53325078
26,9,7,GNN,5.791475,6.682088,-0.8906130000000001
29,9,7,GNN,4.1936984,8.264399,-4.0707005999999994
35,9,7,GNN,6.6892176,7.3891106,-0.6998930000000003
56,9,7,GNN,5.7057114,5.2268953,0.4788161000000004
57,9,7,GNN,2.3412902,1.6262116,0.7150786
58,9,7,GNN,2.123514,1.156489,0.967025
90,9,7,GNN,1.1865951,1.7833534,-0.5967583000000001
92,9,7,GNN,4.6345444,1.102339,3.5322054000000005
117,9,7,GNN,1.0304087,1.1241436,-0.09373490000000007
124,9,7,GNN,4.748294,5.8064613,-1.0581673
136,9,7,GNN,8.191565,7.726616,0.4649490000000007
138,9,7,GNN,4.419368,5.4568777,-1.0375096999999993
140,9,7,GNN,9.671881,6.177165,3.4947160000000013
186,9,7,GNN,6.2490273,4.300995,1.9480322999999995
199,9,7,GNN,3.2636845,2.6651905,0.5984940000000001
202,9,7,GNN,5.5468283,6.103895,-0.5570667
212,9,7,GNN,6.9812107,6.1507845,0.8304261999999998
226,9,7,GNN,3.148421,4.839652,-1.6912310000000002
227,9,7,GNN,6.2490273,3.4150198,2.8340075
262,9,7,GNN,6.953457,6.149413,0.8040440000000002
274,9,7,GNN,7.6055675,5.9623327,1.6432348
281,9,7,GNN,10.436003,8.784225,1.6517780000000002
297,9,7,GNN,6.6843266,5.1270256,1.5573010000000007
303,9,7,GNN,0.39748433,0.840358,-0.44287367000000005
310,9,7,GNN,0.0,0.95719326,-0.95719326
313,9,7,GNN,2.0652,1.1485662,0.9166337999999998
326,9,7,GNN,1.8846184,1.2888869,0.5957314999999999
331,9,7,GNN,2.201571,3.115073,-0.9135020000000003
335,9,7,GNN,2.8088186,4.5003023,-1.6914837000000005
337,9,7,GNN,4.5103326,6.3474197,-1.8370870999999998
343,9,7,GNN,4.6774077,4.025485,0.6519227000000001
346,9,7,GNN,2.8744621,4.451434,-1.5769718999999998
348,9,7,GNN,0.19509575,1.0719163,-0.87682055
350,9,7,GNN,6.6892176,6.8137493,-0.12453169999999947
359,9,7,GNN,1.9062004,1.3565888,0.5496116
361,9,7,GNN,9.671881,8.04786,1.6240210000000008
365,9,7,GNN,9.671881,7.3738804,2.298000600000001
368,9,7,GNN,4.3172784,4.310397,0.0068814000000001485
386,9,7,GNN,2.7258325,2.4314969,0.29433560000000014
387,9,7,GNN,2.809536,1.1078839,1.7016521
419,9,7,GNN,0.7226534,1.3312223,-0.6085689000000001
421,9,7,GNN,1.5345784,1.2248479,0.3097304999999999
436,9,7,GNN,5.8746448,5.4875393,0.38710549999999966
440,9,7,GNN,6.9383388,6.0762415,0.8620973000000003
450,9,7,GNN,0.29483712,1.9349979,-1.64016078
460,9,7,GNN,4.5103326,3.9282866,0.5820460000000001
461,9,7,GNN,6.609324,12.100625,-5.491301000000001
462,9,7,GNN,3.2145176,5.0017138,-1.7871962
489,9,7,GNN,6.176303,3.9181924,2.2581105999999997
524,9,7,GNN,2.0934973,0.47406983,1.6194274700000002
541,9,7,GNN,5.7057114,6.711728,-1.0060165999999997
545,9,7,GNN,1.635118,0.76192784,0.87319016
551,9,7,GNN,2.123514,1.1343809,0.9891331000000001
552,9,7,GNN,1.8171555,1.307597,0.5095585
587,9,7,GNN,3.1907916,2.6635952,0.5271963999999998
604,9,7,GNN,0.17845787,1.9617006,-1.78324273
614,9,7,GNN,5.2545094,5.9265814,-0.672072
619,9,7,GNN,1.7261271,1.156489,0.5696380999999999
626,9,7,GNN,0.0,1.1881973,-1.1881973
638,9,7,GNN,1.6142073,3.0090332,-1.3948259000000003
645,9,7,GNN,9.50365,8.78061,0.723040000000001
660,9,7,GNN,4.1227155,4.786748,-0.6640325000000002
13,9,8,GNN,2.4950645,3.8569784,-1.3619139000000002
17,9,8,GNN,6.2490273,5.4191146,0.8299126999999995
22,9,8,GNN,6.0551295,6.2992496,-0.24412009999999995
25,9,8,GNN,0.29783392,0.8540817,-0.5562477800000001
26,9,8,GNN,5.791475,7.17255,-1.381075
29,9,8,GNN,4.1936984,7.948023,-3.7543246000000003
35,9,8,GNN,6.6892176,7.0805697,-0.39135209999999976
56,9,8,GNN,5.7057114,4.6660705,1.0396409000000002
57,9,8,GNN,2.3412902,1.8970253,0.4442649000000001
58,9,8,GNN,2.123514,1.3390288,0.7844852000000002
90,9,8,GNN,1.1865951,1.8812716,-0.6946765000000001
92,9,8,GNN,4.6345444,2.7989933,1.8355511000000004
117,9,8,GNN,1.0304087,1.7897873,-0.7593786
124,9,8,GNN,4.748294,6.5492682,-1.8009742000000006
136,9,8,GNN,8.191565,6.839908,1.3516570000000003
138,9,8,GNN,4.419368,4.159502,0.2598660000000006
140,9,8,GNN,9.671881,4.297147,5.374734000000001
186,9,8,GNN,6.2490273,3.5317504,2.7172769
199,9,8,GNN,3.2636845,2.9475577,0.31612680000000015
202,9,8,GNN,5.5468283,4.6667023,0.8801259999999997
212,9,8,GNN,6.9812107,5.1796894,1.8015213
226,9,8,GNN,3.148421,5.138458,-1.990037
227,9,8,GNN,6.2490273,3.9609356,2.2880917
262,9,8,GNN,6.953457,5.8559947,1.0974623000000001
274,9,8,GNN,7.6055675,5.791121,1.8144464999999999
281,9,8,GNN,10.436003,7.881299,2.554703999999999
297,9,8,GNN,6.6843266,5.0152082,1.6691184000000003
303,9,8,GNN,0.39748433,0.7028251,-0.30534077
310,9,8,GNN,0.0,0.865014,-0.865014
313,9,8,GNN,2.0652,1.2924786,0.7727214
326,9,8,GNN,1.8846184,1.5772672,0.3073511999999998
331,9,8,GNN,2.201571,3.5387695,-1.3371985
335,9,8,GNN,2.8088186,3.686648,-0.8778294
337,9,8,GNN,4.5103326,5.748137,-1.2378044
343,9,8,GNN,4.6774077,4.5839133,0.09349439999999998
346,9,8,GNN,2.8744621,4.5104694,-1.6360072999999997
348,9,8,GNN,0.19509575,0.7107737,-0.5156779499999999
350,9,8,GNN,6.6892176,6.0501876,0.63903
359,9,8,GNN,1.9062004,1.4593316,0.44686879999999984
361,9,8,GNN,9.671881,7.0966897,2.575191300000001
365,9,8,GNN,9.671881,5.7975726,3.874308400000001
368,9,8,GNN,4.3172784,4.7513595,-0.4340811000000002
386,9,8,GNN,2.7258325,2.1444778,0.5813546999999999
387,9,8,GNN,2.809536,1.1822722,1.6272638
419,9,8,GNN,0.7226534,1.7426835,-1.0200301
421,9,8,GNN,1.5345784,1.2951376,0.2394407999999999
436,9,8,GNN,5.8746448,5.1413445,0.7333002999999998
440,9,8,GNN,6.9383388,5.900136,1.0382028000000005
450,9,8,GNN,0.29483712,2.1625495,-1.86771238
460,9,8,GNN,4.5103326,4.986694,-0.47636140000000005
461,9,8,GNN,6.609324,11.71565,-5.106326
462,9,8,GNN,3.2145176,2.3903306,0.8241870000000002
489,9,8,GNN,6.176303,4.559566,1.6167369999999996
524,9,8,GNN,2.0934973,0.5730714,1.5204259000000002
541,9,8,GNN,5.7057114,5.802072,-0.09636059999999969
545,9,8,GNN,1.635118,0.89108294,0.7440350600000001
551,9,8,GNN,2.123514,1.251541,0.8719730000000001
552,9,8,GNN,1.8171555,1.4609699,0.3561855999999999
587,9,8,GNN,3.1907916,2.9179897,0.2728018999999997
604,9,8,GNN,0.17845787,1.7369198,-1.55846193
614,9,8,GNN,5.2545094,4.1691856,1.0853238000000003
619,9,8,GNN,1.7261271,1.3390288,0.3870983000000001
626,9,8,GNN,0.0,1.3967704,-1.3967704
638,9,8,GNN,1.6142073,2.9635797,-1.3493724
645,9,8,GNN,9.50365,7.495014,2.008636
660,9,8,GNN,4.1227155,4.7294087,-0.6066931999999996
13,9,10,GNN,2.4950645,3.1713297,-0.6762652
17,9,10,GNN,6.2490273,3.9022624,2.3467648999999997
22,9,10,GNN,6.0551295,4.617621,1.4375084999999999
25,9,10,GNN,0.29783392,0.2277935,0.07004041999999996
26,9,10,GNN,5.791475,6.678027,-0.886552
29,9,10,GNN,4.1936984,7.9706,-3.7769016000000004
35,9,10,GNN,6.6892176,7.908891,-1.2196733999999996
56,9,10,GNN,5.7057114,3.8927119,1.8129995
57,9,10,GNN,2.3412902,0.71198964,1.62930056
58,9,10,GNN,2.123514,1.1810745,0.9424395000000001
90,9,10,GNN,1.1865951,1.0831811,0.1034139999999999
92,9,10,GNN,4.6345444,3.8970885,0.7374559
117,9,10,GNN,1.0304087,1.9267056,-0.8962969000000001
124,9,10,GNN,4.748294,7.696042,-2.9477480000000007
136,9,10,GNN,8.191565,7.71049,0.4810750000000006
138,9,10,GNN,4.419368,5.8589115,-1.4395434999999992
140,9,10,GNN,9.671881,4.3386245,5.333256500000001
186,9,10,GNN,6.2490273,3.1625335,3.0864938
199,9,10,GNN,3.2636845,2.2985408,0.9651437
202,9,10,GNN,5.5468283,5.9217663,-0.3749380000000002
212,9,10,GNN,6.9812107,6.9902525,-0.009041800000000322
226,9,10,GNN,3.148421,4.2186427,-1.0702217000000003
227,9,10,GNN,6.2490273,4.9678907,1.2811366
262,9,10,GNN,6.953457,5.343418,1.6100390000000004
274,9,10,GNN,7.6055675,5.3458405,2.259727
281,9,10,GNN,10.436003,8.066535,2.3694679999999995
297,9,10,GNN,6.6843266,4.8347535,1.8495731000000006
303,9,10,GNN,0.39748433,0.31624913,0.08123520000000001
310,9,10,GNN,0.0,0.97206867,-0.97206867
313,9,10,GNN,2.0652,1.1799537,0.8852462999999999
326,9,10,GNN,1.8846184,1.8978566,-0.013238199999999978
331,9,10,GNN,2.201571,2.8996513,-0.6980803
335,9,10,GNN,2.8088186,3.2848501,-0.47603149999999994
337,9,10,GNN,4.5103326,5.5349903,-1.0246576999999997
343,9,10,GNN,4.6774077,3.937369,0.7400386999999999
346,9,10,GNN,2.8744621,6.9307375,-4.0562754000000005
348,9,10,GNN,0.19509575,0.7485411,-0.55344535
350,9,10,GNN,6.6892176,4.5136385,2.1755791
359,9,10,GNN,1.9062004,1.1535246,0.7526758
361,9,10,GNN,9.671881,7.900889,1.7709920000000006
365,9,10,GNN,9.671881,6.5553117,3.116569300000001
368,9,10,GNN,4.3172784,4.3316545,-0.01437609999999978
386,9,10,GNN,2.7258325,2.1144934,0.6113390999999999
387,9,10,GNN,2.809536,1.1473627,1.6621733
419,9,10,GNN,0.7226534,1.5374916,-0.8148382000000001
421,9,10,GNN,1.5345784,0.5202813,1.0142971
436,9,10,GNN,5.8746448,3.9174483,1.9571964999999993
440,9,10,GNN,6.9383388,5.3266015,1.6117373000000006
450,9,10,GNN,0.29483712,1.2632139,-0.96837678
460,9,10,GNN,4.5103326,4.387121,0.12321160000000031
461,9,10,GNN,6.609324,10.121526,-3.5122019999999994
462,9,10,GNN,3.2145176,3.9081304,-0.6936127999999999
489,9,10,GNN,6.176303,3.9637918,2.2125112
524,9,10,GNN,2.0934973,0.3721529,1.7213444
541,9,10,GNN,5.7057114,7.749633,-2.0439216
545,9,10,GNN,1.635118,0.75506914,0.88004886
551,9,10,GNN,2.123514,1.1968997,0.9266143000000002
552,9,10,GNN,1.8171555,1.6639019,0.1532536
587,9,10,GNN,3.1907916,2.2659748,0.9248167999999999
604,9,10,GNN,0.17845787,1.1227827,-0.9443248299999999
614,9,10,GNN,5.2545094,4.023547,1.2309624000000001
619,9,10,GNN,1.7261271,1.1810745,0.5450526
626,9,10,GNN,0.0,0.58987737,-0.58987737
638,9,10,GNN,1.6142073,2.4054585,-0.7912512
645,9,10,GNN,9.50365,7.1878376,2.3158124000000004
660,9,10,GNN,4.1227155,4.1730213,-0.05030580000000029
5,10,1,GNN,2.7442024,2.498114,0.24608839999999965
8,10,1,GNN,1.8704828,2.7259848,-0.855502
20,10,1,GNN,5.9857836,6.2839146,-0.2981309999999997
21,10,1,GNN,3.9394622,3.0617938,0.8776684000000001
34,10,1,GNN,0.6362455,1.5461155,-0.90987
43,10,1,GNN,6.4303145,5.110211,1.3201035
46,10,1,GNN,2.1057086,1.4592059,0.6465026999999999
53,10,1,GNN,3.4437854,1.7062007,1.7375847
62,10,1,GNN,3.102184,7.5689836,-4.4667996
63,10,1,GNN,5.3967667,1.2399724,4.1567943
64,10,1,GNN,2.5560374,3.3307815,-0.7747440999999999
68,10,1,GNN,2.051076,2.6009667,-0.5498906999999997
87,10,1,GNN,4.419368,2.8921733,1.5271947000000003
88,10,1,GNN,1.1610965,1.5101774,-0.3490808999999999
115,10,1,GNN,1.3193486,1.2523752,0.06697340000000018
137,10,1,GNN,5.5468283,4.2781396,1.2686886999999993
162,10,1,GNN,1.3561511,1.001826,0.35432509999999984
177,10,1,GNN,2.723425,1.6076932,1.1157318000000003
185,10,1,GNN,6.4303145,5.129063,1.3012514999999993
207,10,1,GNN,0.0,0.32695842,-0.32695842
220,10,1,GNN,6.2490273,7.508756,-1.2597287000000001
221,10,1,GNN,8.838736,8.094867,0.7438690000000001
222,10,1,GNN,5.229434,3.9452453,1.2841887000000005
223,10,1,GNN,7.711122,4.3010936,3.4100284
234,10,1,GNN,4.990129,3.8965495,1.0935794999999997
237,10,1,GNN,6.4303145,5.129063,1.3012514999999993
238,10,1,GNN,3.9394622,4.0724473,-0.1329851000000004
240,10,1,GNN,3.6850574,2.2611475,1.4239099
263,10,1,GNN,4.0957823,3.050168,1.0456142999999996
286,10,1,GNN,3.3676689,4.05933,-0.6916611000000001
290,10,1,GNN,4.372914,4.1477065,0.22520749999999978
291,10,1,GNN,6.2490273,3.954321,2.2947062999999996
298,10,1,GNN,4.58116,4.240449,0.34071099999999976
309,10,1,GNN,1.3561511,0.9437684,0.4123827
323,10,1,GNN,5.4968257,7.3111362,-1.8143105000000004
330,10,1,GNN,4.6345444,5.691203,-1.0566585999999996
338,10,1,GNN,0.8534293,1.3449593,-0.49153
347,10,1,GNN,6.9383388,3.2535796,3.6847592000000002
366,10,1,GNN,3.0781026,2.3082762,0.7698263999999999
371,10,1,GNN,8.807794,7.5694995,1.2382944999999994
373,10,1,GNN,5.9857836,5.288874,0.6969096000000006
393,10,1,GNN,4.001168,7.4025664,-3.4013984000000006
403,10,1,GNN,9.671881,7.7550173,1.9168637000000013
405,10,1,GNN,1.7118955,3.3660517,-1.6541561999999999
442,10,1,GNN,2.4493926,1.4941815,0.9552110999999999
455,10,1,GNN,3.490959,2.8032742,0.6876848
458,10,1,GNN,6.458688,5.732032,0.7266560000000002
482,10,1,GNN,3.0090456,2.6327462,0.37629939999999973
491,10,1,GNN,1.1654947,1.0078279,0.15766679999999988
501,10,1,GNN,3.148421,1.7703193,1.3781017
518,10,1,GNN,1.3193486,1.0989089,0.22043970000000002
537,10,1,GNN,1.925777,2.1464958,-0.22071879999999977
538,10,1,GNN,5.119204,5.0240026,0.09520139999999966
540,10,1,GNN,4.4420643,4.1875453,0.25451900000000016
543,10,1,GNN,3.9717832,7.2503524,-3.2785691999999997
561,10,1,GNN,2.617857,1.9396311,0.6782258999999999
568,10,1,GNN,5.0448375,4.34507,0.6997675000000001
571,10,1,GNN,1.005135,1.1523005,-0.14716550000000006
575,10,1,GNN,2.3412902,2.1471,0.19419019999999998
578,10,1,GNN,2.258893,1.9059974,0.3528956000000001
592,10,1,GNN,10.436003,8.082818,2.353185
594,10,1,GNN,1.562592,1.6809942,-0.11840220000000001
602,10,1,GNN,5.2545094,4.051032,1.2034773999999997
631,10,1,GNN,2.4950645,4.153949,-1.6588845
644,10,1,GNN,1.9243029,1.309692,0.6146109
651,10,1,GNN,5.5468283,5.557003,-0.010174700000000314
5,10,2,GNN,2.7442024,2.481025,0.2631774
8,10,2,GNN,1.8704828,3.056661,-1.1861782
20,10,2,GNN,5.9857836,7.7701406,-1.784357
21,10,2,GNN,3.9394622,1.8693569,2.0701053
34,10,2,GNN,0.6362455,0.869958,-0.2337125
43,10,2,GNN,6.4303145,5.3363676,1.0939468999999997
46,10,2,GNN,2.1057086,1.5871226,0.5185859999999998
53,10,2,GNN,3.4437854,2.1428578,1.3009276
62,10,2,GNN,3.102184,6.9516726,-3.8494886000000004
63,10,2,GNN,5.3967667,1.0045924,4.3921743
64,10,2,GNN,2.5560374,2.5895174,-0.033479999999999954
68,10,2,GNN,2.051076,3.1817205,-1.1306444999999998
87,10,2,GNN,4.419368,2.7762125,1.6431555000000002
88,10,2,GNN,1.1610965,1.7033176,-0.5422211000000001
115,10,2,GNN,1.3193486,0.960888,0.35846060000000013
137,10,2,GNN,5.5468283,4.5470023,0.9998259999999997
162,10,2,GNN,1.3561511,1.4411585,-0.08500740000000007
177,10,2,GNN,2.723425,1.8899149,0.8335101000000003
185,10,2,GNN,6.4303145,5.606387,0.8239274999999999
207,10,2,GNN,0.0,0.5884458,-0.5884458
220,10,2,GNN,6.2490273,7.427972,-1.1789446999999997
221,10,2,GNN,8.838736,8.214827,0.6239090000000012
222,10,2,GNN,5.229434,3.3927782,1.8366558000000004
223,10,2,GNN,7.711122,5.1916018,2.5195201999999997
234,10,2,GNN,4.990129,4.567603,0.4225259999999995
237,10,2,GNN,6.4303145,5.606387,0.8239274999999999
238,10,2,GNN,3.9394622,4.7084684,-0.7690062000000002
240,10,2,GNN,3.6850574,2.5646281,1.1204292999999996
263,10,2,GNN,4.0957823,2.972617,1.1231652999999997
286,10,2,GNN,3.3676689,3.9552777,-0.5876087999999999
290,10,2,GNN,4.372914,4.5087895,-0.13587550000000004
291,10,2,GNN,6.2490273,4.5786257,1.6704016
298,10,2,GNN,4.58116,4.6260448,-0.04488480000000017
309,10,2,GNN,1.3561511,1.1750067,0.18114439999999998
323,10,2,GNN,5.4968257,6.6529055,-1.1560798000000005
330,10,2,GNN,4.6345444,4.53858,0.09596440000000062
338,10,2,GNN,0.8534293,1.4427197,-0.5892904000000001
347,10,2,GNN,6.9383388,3.347054,3.5912848000000004
366,10,2,GNN,3.0781026,2.9277213,0.15038129999999983
371,10,2,GNN,8.807794,8.115117,0.6926769999999998
373,10,2,GNN,5.9857836,5.1872025,0.7985811000000007
393,10,2,GNN,4.001168,4.7548027,-0.7536347000000001
403,10,2,GNN,9.671881,7.265793,2.4060880000000004
405,10,2,GNN,1.7118955,4.0821714,-2.3702759
442,10,2,GNN,2.4493926,1.478759,0.9706336
455,10,2,GNN,3.490959,3.2173457,0.27361330000000006
458,10,2,GNN,6.458688,4.6128936,1.8457944000000008
482,10,2,GNN,3.0090456,2.9264104,0.08263519999999991
491,10,2,GNN,1.1654947,1.1495693,0.01592539999999998
501,10,2,GNN,3.148421,2.0611753,1.0872457
518,10,2,GNN,1.3193486,0.91524404,0.40410456000000006
537,10,2,GNN,1.925777,2.4780805,-0.5523034999999998
538,10,2,GNN,5.119204,5.5198207,-0.4006167000000005
540,10,2,GNN,4.4420643,3.7221587,0.7199056000000001
543,10,2,GNN,3.9717832,6.497101,-2.5253178
561,10,2,GNN,2.617857,3.4103472,-0.7924902
568,10,2,GNN,5.0448375,4.8451657,0.19967179999999995
571,10,2,GNN,1.005135,0.86821985,0.13691514999999987
575,10,2,GNN,2.3412902,2.1979945,0.14329569999999991
578,10,2,GNN,2.258893,2.5610788,-0.30218580000000017
592,10,2,GNN,10.436003,7.233182,3.2028209999999993
594,10,2,GNN,1.562592,0.86039263,0.70219937
602,10,2,GNN,5.2545094,4.8239217,0.43058770000000024
631,10,2,GNN,2.4950645,4.932337,-2.4372725000000006
644,10,2,GNN,1.9243029,0.64358646,1.28071644
651,10,2,GNN,5.5468283,5.487838,0.05899029999999961
5,10,3,GNN,2.7442024,3.9111655,-1.1669631000000003
8,10,3,GNN,1.8704828,4.0725718,-2.2020890000000004
20,10,3,GNN,5.9857836,6.397838,-0.4120543999999997
21,10,3,GNN,3.9394622,3.1761084,0.7633538
34,10,3,GNN,0.6362455,2.2996767,-1.6634312
43,10,3,GNN,6.4303145,6.086418,0.3438964999999996
46,10,3,GNN,2.1057086,1.7295711,0.3761374999999998
53,10,3,GNN,3.4437854,2.3272355,1.1165498999999999
62,10,3,GNN,3.102184,6.565729,-3.4635450000000003
63,10,3,GNN,5.3967667,0.6737279,4.723038799999999
64,10,3,GNN,2.5560374,1.7745116,0.7815258
68,10,3,GNN,2.051076,2.913431,-0.862355
87,10,3,GNN,4.419368,4.508012,-0.0886439999999995
88,10,3,GNN,1.1610965,2.0166643,-0.8555678
115,10,3,GNN,1.3193486,0.9592994,0.36004920000000007
137,10,3,GNN,5.5468283,6.1953316,-0.6485033000000007
162,10,3,GNN,1.3561511,0.6844579,0.6716932
177,10,3,GNN,2.723425,2.0009584,0.7224666000000002
185,10,3,GNN,6.4303145,4.354728,2.0755865
207,10,3,GNN,0.0,0.55165404,-0.55165404
220,10,3,GNN,6.2490273,6.796352,-0.5473246999999999
221,10,3,GNN,8.838736,7.911865,0.9268710000000011
222,10,3,GNN,5.229434,4.8206096,0.4088244000000003
223,10,3,GNN,7.711122,7.55241,0.15871199999999952
234,10,3,GNN,4.990129,4.6388354,0.3512936
237,10,3,GNN,6.4303145,4.354728,2.0755865
238,10,3,GNN,3.9394622,4.9277897,-0.9883275
240,10,3,GNN,3.6850574,2.9544442,0.7306131999999996
263,10,3,GNN,4.0957823,4.8690414,-0.7732591000000006
286,10,3,GNN,3.3676689,3.845114,-0.4774451000000002
290,10,3,GNN,4.372914,4.482136,-0.10922199999999993
291,10,3,GNN,6.2490273,5.9167027,0.33232459999999975
298,10,3,GNN,4.58116,4.8081474,-0.2269874000000005
309,10,3,GNN,1.3561511,0.9482072,0.4079438999999999
323,10,3,GNN,5.4968257,6.722701,-1.2258753000000002
330,10,3,GNN,4.6345444,7.3186965,-2.6841520999999995
338,10,3,GNN,0.8534293,1.0079031,-0.1544738000000001
347,10,3,GNN,6.9383388,6.2174563,0.7208825000000001
366,10,3,GNN,3.0781026,4.5556736,-1.4775710000000006
371,10,3,GNN,8.807794,8.630417,0.1773769999999999
373,10,3,GNN,5.9857836,6.3609815,-0.37519789999999986
393,10,3,GNN,4.001168,6.088297,-2.087129
403,10,3,GNN,9.671881,7.5720024,2.099878600000001
405,10,3,GNN,1.7118955,4.979491,-3.2675955000000005
442,10,3,GNN,2.4493926,1.4331834,1.0162091999999998
455,10,3,GNN,3.490959,3.1025598,0.3883992000000003
458,10,3,GNN,6.458688,7.762739,-1.3040509999999994
482,10,3,GNN,3.0090456,3.3991768,-0.39013120000000034
491,10,3,GNN,1.1654947,2.1846402,-1.0191455
501,10,3,GNN,3.148421,1.8038063,1.3446147
518,10,3,GNN,1.3193486,1.1973686,0.1219800000000002
537,10,3,GNN,1.925777,2.9183664,-0.9925894
538,10,3,GNN,5.119204,6.6648817,-1.5456776999999997
540,10,3,GNN,4.4420643,5.0874214,-0.6453571
543,10,3,GNN,3.9717832,6.7104626,-2.7386793999999997
561,10,3,GNN,2.617857,2.8188503,-0.20099329999999993
568,10,3,GNN,5.0448375,4.7274413,0.31739620000000013
571,10,3,GNN,1.005135,0.988283,0.016851999999999867
575,10,3,GNN,2.3412902,2.478041,-0.13675080000000017
578,10,3,GNN,2.258893,1.5824304,0.6764626
592,10,3,GNN,10.436003,6.677799,3.758203999999999
594,10,3,GNN,1.562592,1.5877445,-0.02515249999999991
602,10,3,GNN,5.2545094,3.884445,1.3700644
631,10,3,GNN,2.4950645,3.8852687,-1.3902042000000003
644,10,3,GNN,1.9243029,0.8171117,1.1071912
651,10,3,GNN,5.5468283,7.377859,-1.8310307000000003
5,10,4,GNN,2.7442024,2.2020576,0.5421448
8,10,4,GNN,1.8704828,2.409826,-0.5393431999999998
20,10,4,GNN,5.9857836,4.465024,1.5207596000000008
21,10,4,GNN,3.9394622,2.9188101,1.0206521
34,10,4,GNN,0.6362455,1.4802935,-0.8440479999999999
43,10,4,GNN,6.4303145,4.2369814,2.1933330999999994
46,10,4,GNN,2.1057086,1.1262085,0.9795000999999999
53,10,4,GNN,3.4437854,1.6034261,1.8403592999999998
62,10,4,GNN,3.102184,4.0532966,-0.9511126000000005
63,10,4,GNN,5.3967667,0.95189816,4.44486854
64,10,4,GNN,2.5560374,3.2984529,-0.7424154999999999
68,10,4,GNN,2.051076,2.5883925,-0.5373164999999998
87,10,4,GNN,4.419368,3.1280725,1.2912955000000004
88,10,4,GNN,1.1610965,1.5767558,-0.41565929999999995
115,10,4,GNN,1.3193486,0.7929675,0.5263811
137,10,4,GNN,5.5468283,3.743139,1.8036892999999994
162,10,4,GNN,1.3561511,1.0875845,0.2685666
177,10,4,GNN,2.723425,1.4378321,1.2855929000000001
185,10,4,GNN,6.4303145,3.8620794,2.5682351
207,10,4,GNN,0.0,0.49504054,-0.49504054
220,10,4,GNN,6.2490273,4.588148,1.6608792999999995
221,10,4,GNN,8.838736,6.1447144,2.694021600000001
222,10,4,GNN,5.229434,3.9965928,1.2328412000000002
223,10,4,GNN,7.711122,3.6894882,4.0216338
234,10,4,GNN,4.990129,4.1370325,0.8530964999999995
237,10,4,GNN,6.4303145,3.8620794,2.5682351
238,10,4,GNN,3.9394622,4.2669177,-0.3274554999999997
240,10,4,GNN,3.6850574,1.531115,2.1539424
263,10,4,GNN,4.0957823,2.718684,1.3770982999999997
286,10,4,GNN,3.3676689,3.474733,-0.1070641000000001
290,10,4,GNN,4.372914,3.7231538,0.6497601999999998
291,10,4,GNN,6.2490273,3.5368927,2.7121345999999997
298,10,4,GNN,4.58116,3.9837492,0.5974107999999996
309,10,4,GNN,1.3561511,1.8094635,-0.45331239999999995
323,10,4,GNN,5.4968257,4.0680895,1.4287361999999995
330,10,4,GNN,4.6345444,4.713508,-0.0789635999999998
338,10,4,GNN,0.8534293,1.1337042,-0.2802749
347,10,4,GNN,6.9383388,3.7481334,3.1902054000000004
366,10,4,GNN,3.0781026,2.4466853,0.6314172999999998
371,10,4,GNN,8.807794,7.1608543,1.6469397
373,10,4,GNN,5.9857836,5.1023045,0.8834791000000006
393,10,4,GNN,4.001168,5.924598,-1.9234299999999998
403,10,4,GNN,9.671881,6.9472017,2.724679300000001
405,10,4,GNN,1.7118955,3.077503,-1.3656075
442,10,4,GNN,2.4493926,1.2469952,1.2023974
455,10,4,GNN,3.490959,2.552051,0.9389080000000001
458,10,4,GNN,6.458688,4.2014327,2.2572553000000006
482,10,4,GNN,3.0090456,2.3874807,0.6215649000000001
491,10,4,GNN,1.1654947,1.2976158,-0.1321211
501,10,4,GNN,3.148421,1.4044515,1.7439695
518,10,4,GNN,1.3193486,0.73769563,0.58165297
537,10,4,GNN,1.925777,2.2163556,-0.2905785999999999
538,10,4,GNN,5.119204,6.189169,-1.0699649999999998
540,10,4,GNN,4.4420643,4.205989,0.23607530000000043
543,10,4,GNN,3.9717832,3.661033,0.31075019999999975
561,10,4,GNN,2.617857,2.6319642,-0.014107200000000208
568,10,4,GNN,5.0448375,4.040741,1.0040965000000002
571,10,4,GNN,1.005135,0.8412831,0.16385189999999994
575,10,4,GNN,2.3412902,2.0011165,0.3401736999999998
578,10,4,GNN,2.258893,1.7058386,0.5530544
592,10,4,GNN,10.436003,5.0389385,5.397064499999999
594,10,4,GNN,1.562592,2.1804364,-0.6178444000000001
602,10,4,GNN,5.2545094,3.3709054,1.883604
631,10,4,GNN,2.4950645,3.379937,-0.8848725000000002
644,10,4,GNN,1.9243029,1.5405823,0.38372059999999997
651,10,4,GNN,5.5468283,5.0333996,0.5134286999999995
5,10,5,GNN,2.7442024,2.0608082,0.6833942
8,10,5,GNN,1.8704828,2.5229352,-0.6524524
20,10,5,GNN,5.9857836,4.7020726,1.2837110000000003
21,10,5,GNN,3.9394622,4.285492,-0.3460297999999997
34,10,5,GNN,0.6362455,1.4563589,-0.8201133999999999
43,10,5,GNN,6.4303145,3.8017383,2.6285762
46,10,5,GNN,2.1057086,1.5300125,0.5756960999999998
53,10,5,GNN,3.4437854,1.9909543,1.4528310999999998
62,10,5,GNN,3.102184,5.4997945,-2.3976105000000003
63,10,5,GNN,5.3967667,2.1398144,3.2569522999999996
64,10,5,GNN,2.5560374,3.6157122,-1.0596747999999998
68,10,5,GNN,2.051076,2.6818852,-0.6308091999999998
87,10,5,GNN,4.419368,2.0618026,2.3575654000000004
88,10,5,GNN,1.1610965,1.626959,-0.46586250000000007
115,10,5,GNN,1.3193486,0.9501766,0.36917200000000006
137,10,5,GNN,5.5468283,4.136461,1.4103672999999999
162,10,5,GNN,1.3561511,1.7309743,-0.3748232
177,10,5,GNN,2.723425,1.3878672,1.3355578000000001
185,10,5,GNN,6.4303145,4.921437,1.5088774999999996
207,10,5,GNN,0.0,0.6151328,-0.6151328
220,10,5,GNN,6.2490273,5.4951854,0.7538418999999994
221,10,5,GNN,8.838736,5.4974694,3.341266600000001
222,10,5,GNN,5.229434,4.1106825,1.1187515000000001
223,10,5,GNN,7.711122,2.7219634,4.9891586
234,10,5,GNN,4.990129,3.2470894,1.7430395999999995
237,10,5,GNN,6.4303145,4.921437,1.5088774999999996
238,10,5,GNN,3.9394622,3.3050635,0.6343986999999998
240,10,5,GNN,3.6850574,2.3354106,1.3496468
263,10,5,GNN,4.0957823,2.7137861,1.3819961999999997
286,10,5,GNN,3.3676689,2.4202254,0.9474434999999999
290,10,5,GNN,4.372914,3.1235018,1.2494121999999996
291,10,5,GNN,6.2490273,2.9866424,3.2623849
298,10,5,GNN,4.58116,3.6934235,0.8877364999999995
309,10,5,GNN,1.3561511,1.5755404,-0.2193893
323,10,5,GNN,5.4968257,5.5594907,-0.06266499999999997
330,10,5,GNN,4.6345444,4.956063,-0.3215186000000001
338,10,5,GNN,0.8534293,1.1260153,-0.272586
347,10,5,GNN,6.9383388,3.3832707,3.5550681
366,10,5,GNN,3.0781026,2.1875658,0.8905368
371,10,5,GNN,8.807794,5.4201093,3.3876846999999994
373,10,5,GNN,5.9857836,4.0423794,1.9434042000000007
393,10,5,GNN,4.001168,6.190708,-2.18954
403,10,5,GNN,9.671881,6.950005,2.721876000000001
405,10,5,GNN,1.7118955,3.8367376,-2.1248421000000004
442,10,5,GNN,2.4493926,1.414857,1.0345355999999999
455,10,5,GNN,3.490959,2.6779642,0.8129948000000002
458,10,5,GNN,6.458688,3.4435563,3.0151317000000004
482,10,5,GNN,3.0090456,2.4652123,0.5438332999999997
491,10,5,GNN,1.1654947,1.0800177,0.08547700000000003
501,10,5,GNN,3.148421,1.9377254,1.2106956
518,10,5,GNN,1.3193486,1.2031978,0.1161508
537,10,5,GNN,1.925777,2.472995,-0.547218
538,10,5,GNN,5.119204,5.616746,-0.49754200000000015
540,10,5,GNN,4.4420643,4.205731,0.23633330000000008
543,10,5,GNN,3.9717832,5.559481,-1.5876978
561,10,5,GNN,2.617857,2.3536496,0.2642074000000001
568,10,5,GNN,5.0448375,3.8204198,1.2244177
571,10,5,GNN,1.005135,0.8547344,0.15040059999999988
575,10,5,GNN,2.3412902,2.3229475,0.018342699999999823
578,10,5,GNN,2.258893,2.2851102,-0.02621720000000005
592,10,5,GNN,10.436003,5.0641932,5.371809799999999
594,10,5,GNN,1.562592,2.5627673,-1.0001753
602,10,5,GNN,5.2545094,3.0007071,2.2538023
631,10,5,GNN,2.4950645,3.0379841,-0.5429196000000003
644,10,5,GNN,1.9243029,2.1520195,-0.22771660000000016
651,10,5,GNN,5.5468283,4.2734857,1.2733425999999994
5,10,6,GNN,2.7442024,2.6597276,0.08447479999999974
8,10,6,GNN,1.8704828,2.9121985,-1.0417157000000001
20,10,6,GNN,5.9857836,5.917208,0.06857560000000085
21,10,6,GNN,3.9394622,3.876462,0.06300019999999984
34,10,6,GNN,0.6362455,2.4521432,-1.8158977
43,10,6,GNN,6.4303145,6.022,0.40831449999999947
46,10,6,GNN,2.1057086,2.0207932,0.08491539999999986
53,10,6,GNN,3.4437854,1.999187,1.4445983999999998
62,10,6,GNN,3.102184,5.768247,-2.666063
63,10,6,GNN,5.3967667,1.8638221,3.5329445999999995
64,10,6,GNN,2.5560374,1.6596394,0.896398
68,10,6,GNN,2.051076,2.6932874,-0.6422113999999999
87,10,6,GNN,4.419368,3.720033,0.6993350000000005
88,10,6,GNN,1.1610965,1.772961,-0.6118645
115,10,6,GNN,1.3193486,1.0967373,0.22261130000000007
137,10,6,GNN,5.5468283,5.659448,-0.11261970000000066
162,10,6,GNN,1.3561511,0.96696204,0.38918906
177,10,6,GNN,2.723425,1.8194114,0.9040136000000003
185,10,6,GNN,6.4303145,4.265636,2.1646785
207,10,6,GNN,0.0,0.92162764,-0.92162764
220,10,6,GNN,6.2490273,7.0382466,-0.7892193000000001
221,10,6,GNN,8.838736,7.1934414,1.6452946000000006
222,10,6,GNN,5.229434,4.0036063,1.2258277
223,10,6,GNN,7.711122,5.3352103,2.3759116999999996
234,10,6,GNN,4.990129,4.9356804,0.054448599999999736
237,10,6,GNN,6.4303145,4.265636,2.1646785
238,10,6,GNN,3.9394622,5.062202,-1.1227398000000002
240,10,6,GNN,3.6850574,2.544948,1.1401093999999996
263,10,6,GNN,4.0957823,4.242756,-0.1469737000000002
286,10,6,GNN,3.3676689,2.86389,0.5037788999999999
290,10,6,GNN,4.372914,4.278706,0.09420800000000007
291,10,6,GNN,6.2490273,4.7989297,1.4500975999999994
298,10,6,GNN,4.58116,4.451717,0.1294429999999993
309,10,6,GNN,1.3561511,2.1956184,-0.8394672999999999
323,10,6,GNN,5.4968257,5.488525,0.008300699999999495
330,10,6,GNN,4.6345444,6.395552,-1.7610076000000001
338,10,6,GNN,0.8534293,1.3483568,-0.49492749999999996
347,10,6,GNN,6.9383388,5.4036036,1.5347352
366,10,6,GNN,3.0781026,3.4132504,-0.3351478000000001
371,10,6,GNN,8.807794,8.134332,0.6734619999999989
373,10,6,GNN,5.9857836,6.2065845,-0.22080089999999952
393,10,6,GNN,4.001168,7.315389,-3.314221
403,10,6,GNN,9.671881,8.072338,1.5995430000000006
405,10,6,GNN,1.7118955,3.731716,-2.0198205
442,10,6,GNN,2.4493926,1.6344042,0.8149883999999998
455,10,6,GNN,3.490959,2.8581939,0.6327651000000003
458,10,6,GNN,6.458688,3.6710186,2.7876694000000004
482,10,6,GNN,3.0090456,2.8837872,0.12525839999999988
491,10,6,GNN,1.1654947,1.1750691,-0.009574399999999983
501,10,6,GNN,3.148421,1.7714474,1.3769736
518,10,6,GNN,1.3193486,1.2615339,0.0578147
537,10,6,GNN,1.925777,2.3568206,-0.43104359999999975
538,10,6,GNN,5.119204,6.7100387,-1.5908347000000003
540,10,6,GNN,4.4420643,4.258421,0.18364329999999995
543,10,6,GNN,3.9717832,4.7976847,-0.8259014999999996
561,10,6,GNN,2.617857,2.6707644,-0.05290740000000005
568,10,6,GNN,5.0448375,4.5941386,0.4506988999999999
571,10,6,GNN,1.005135,1.1546638,-0.14952880000000013
575,10,6,GNN,2.3412902,2.1638317,0.17745850000000019
578,10,6,GNN,2.258893,1.7994163,0.45947669999999996
592,10,6,GNN,10.436003,6.9620686,3.473934399999999
594,10,6,GNN,1.562592,1.0898889,0.47270309999999993
602,10,6,GNN,5.2545094,3.8197396,1.4347697999999998
631,10,6,GNN,2.4950645,3.8106353,-1.3155708000000002
644,10,6,GNN,1.9243029,1.0970688,0.8272341000000001
651,10,6,GNN,5.5468283,5.1690173,0.37781099999999945
5,10,7,GNN,2.7442024,2.0571558,0.6870466
8,10,7,GNN,1.8704828,2.987754,-1.1172711999999998
20,10,7,GNN,5.9857836,4.768063,1.2177206000000007
21,10,7,GNN,3.9394622,4.250198,-0.31073580000000023
34,10,7,GNN,0.6362455,2.9396725,-2.303427
43,10,7,GNN,6.4303145,5.560845,0.8694695000000001
46,10,7,GNN,2.1057086,1.7940038,0.3117047999999998
53,10,7,GNN,3.4437854,2.4691439,0.9746414999999997
62,10,7,GNN,3.102184,5.154324,-2.05214
63,10,7,GNN,5.3967667,1.410582,3.9861847
64,10,7,GNN,2.5560374,3.3885245,-0.8324870999999998
68,10,7,GNN,2.051076,3.0399733,-0.9888973000000001
87,10,7,GNN,4.419368,2.8399918,1.5793762000000005
88,10,7,GNN,1.1610965,1.9142635,-0.7531669999999999
115,10,7,GNN,1.3193486,1.658673,-0.33932439999999997
137,10,7,GNN,5.5468283,4.2031903,1.3436379999999994
162,10,7,GNN,1.3561511,0.91515255,0.44099855
177,10,7,GNN,2.723425,2.103435,0.61999
185,10,7,GNN,6.4303145,4.566135,1.8641794999999997
207,10,7,GNN,0.0,1.306665,-1.306665
220,10,7,GNN,6.2490273,5.7196336,0.5293937
221,10,7,GNN,8.838736,7.096475,1.742261000000001
222,10,7,GNN,5.229434,4.496336,0.733098
223,10,7,GNN,7.711122,5.4208827,2.2902392999999996
234,10,7,GNN,4.990129,5.1927,-0.20257100000000072
237,10,7,GNN,6.4303145,4.566135,1.8641794999999997
238,10,7,GNN,3.9394622,5.2874823,-1.3480200999999998
240,10,7,GNN,3.6850574,2.1304882,1.5545692
263,10,7,GNN,4.0957823,3.2843432,0.8114390999999999
286,10,7,GNN,3.3676689,3.596091,-0.22842209999999996
290,10,7,GNN,4.372914,4.1427274,0.23018659999999969
291,10,7,GNN,6.2490273,4.3044314,1.9445958999999995
298,10,7,GNN,4.58116,4.5560336,0.02512639999999955
309,10,7,GNN,1.3561511,1.926483,-0.5703319
323,10,7,GNN,5.4968257,6.2428575,-0.7460318000000008
330,10,7,GNN,4.6345444,6.6061797,-1.9716353
338,10,7,GNN,0.8534293,1.346601,-0.4931717
347,10,7,GNN,6.9383388,4.000846,2.9374928000000002
366,10,7,GNN,3.0781026,2.826613,0.25148959999999976
371,10,7,GNN,8.807794,7.371669,1.4361249999999997
373,10,7,GNN,5.9857836,5.8795743,0.10620930000000062
393,10,7,GNN,4.001168,9.12074,-5.119572
403,10,7,GNN,9.671881,8.340217,1.331664
405,10,7,GNN,1.7118955,3.6456947,-1.9337992
442,10,7,GNN,2.4493926,1.8528572,0.5965353999999998
455,10,7,GNN,3.490959,2.9484277,0.5425313000000003
458,10,7,GNN,6.458688,4.153337,2.305351000000001
482,10,7,GNN,3.0090456,2.9286604,0.08038519999999982
491,10,7,GNN,1.1654947,2.1930366,-1.0275419000000001
501,10,7,GNN,3.148421,2.0822315,1.0661895000000001
518,10,7,GNN,1.3193486,1.8050301,-0.4856814999999999
537,10,7,GNN,1.925777,2.8804343,-0.9546573
538,10,7,GNN,5.119204,7.394509,-2.2753050000000004
540,10,7,GNN,4.4420643,4.6741195,-0.23205519999999957
543,10,7,GNN,3.9717832,6.2836947,-2.3119115
561,10,7,GNN,2.617857,1.8807764,0.7370805999999999
568,10,7,GNN,5.0448375,4.5323396,0.5124978999999996
571,10,7,GNN,1.005135,1.6022134,-0.5970784
575,10,7,GNN,2.3412902,2.7864854,-0.4451952000000001
578,10,7,GNN,2.258893,1.7512741,0.5076189
592,10,7,GNN,10.436003,5.710366,4.725637
594,10,7,GNN,1.562592,1.3125722,0.2500198
602,10,7,GNN,5.2545094,3.2049081,2.0496013
631,10,7,GNN,2.4950645,3.2291455,-0.7340810000000002
644,10,7,GNN,1.9243029,1.3374952,0.5868077
651,10,7,GNN,5.5468283,4.8880315,0.6587967999999993
5,10,8,GNN,2.7442024,2.1607084,0.583494
8,10,8,GNN,1.8704828,2.7464154,-0.8759326000000001
20,10,8,GNN,5.9857836,6.0958486,-0.11006499999999964
21,10,8,GNN,3.9394622,3.387675,0.5517871999999997
34,10,8,GNN,0.6362455,2.4408529,-1.8046073999999999
43,10,8,GNN,6.4303145,5.710465,0.7198494999999996
46,10,8,GNN,2.1057086,2.0288389,0.07686970000000004
53,10,8,GNN,3.4437854,2.1050317,1.3387536999999998
62,10,8,GNN,3.102184,6.1000686,-2.9978846000000003
63,10,8,GNN,5.3967667,2.1277115,3.2690551999999995
64,10,8,GNN,2.5560374,2.9588695,-0.4028320999999999
68,10,8,GNN,2.051076,3.140653,-1.0895769999999998
87,10,8,GNN,4.419368,3.084989,1.3343790000000002
88,10,8,GNN,1.1610965,2.3784983,-1.2174018
115,10,8,GNN,1.3193486,1.3074828,0.011865800000000037
137,10,8,GNN,5.5468283,4.4251447,1.1216836
162,10,8,GNN,1.3561511,0.79981196,0.55633914
177,10,8,GNN,2.723425,2.3283582,0.3950668000000004
185,10,8,GNN,6.4303145,4.9442534,1.4860610999999997
207,10,8,GNN,0.0,0.8136256,-0.8136256
220,10,8,GNN,6.2490273,6.3183293,-0.06930200000000042
221,10,8,GNN,8.838736,7.536134,1.3026020000000011
222,10,8,GNN,5.229434,4.8628936,0.36654040000000077
223,10,8,GNN,7.711122,4.8931394,2.8179825999999997
234,10,8,GNN,4.990129,4.6689095,0.32121949999999977
237,10,8,GNN,6.4303145,4.9442534,1.4860610999999997
238,10,8,GNN,3.9394622,5.0115695,-1.0721073000000003
240,10,8,GNN,3.6850574,2.2784598,1.4065976
263,10,8,GNN,4.0957823,4.356347,-0.26056470000000065
286,10,8,GNN,3.3676689,3.5877545,-0.2200856
290,10,8,GNN,4.372914,4.963662,-0.5907480000000005
291,10,8,GNN,6.2490273,3.908944,2.3400833
298,10,8,GNN,4.58116,5.1451716,-0.5640116000000006
309,10,8,GNN,1.3561511,0.57570755,0.78044355
323,10,8,GNN,5.4968257,6.6412706,-1.1444449000000008
330,10,8,GNN,4.6345444,4.548435,0.08610940000000067
338,10,8,GNN,0.8534293,2.009299,-1.1558697
347,10,8,GNN,6.9383388,5.559763,1.3785758000000001
366,10,8,GNN,3.0781026,4.459779,-1.3816764000000004
371,10,8,GNN,8.807794,7.9962497,0.8115442999999996
373,10,8,GNN,5.9857836,5.911494,0.07428960000000018
393,10,8,GNN,4.001168,6.0166574,-2.0154894
403,10,8,GNN,9.671881,8.181546,1.490335
405,10,8,GNN,1.7118955,3.595464,-1.8835685000000002
442,10,8,GNN,2.4493926,2.156069,0.2933235999999999
455,10,8,GNN,3.490959,3.235533,0.25542599999999993
458,10,8,GNN,6.458688,6.514317,-0.055628999999999706
482,10,8,GNN,3.0090456,2.7053688,0.30367679999999986
491,10,8,GNN,1.1654947,2.2780695,-1.1125748
501,10,8,GNN,3.148421,1.507237,1.641184
518,10,8,GNN,1.3193486,1.363389,-0.04404039999999987
537,10,8,GNN,1.925777,2.9311993,-1.0054222999999998
538,10,8,GNN,5.119204,7.026251,-1.9070470000000004
540,10,8,GNN,4.4420643,5.172802,-0.7307376999999997
543,10,8,GNN,3.9717832,6.630275,-2.6584918
561,10,8,GNN,2.617857,2.7913368,-0.17347979999999996
568,10,8,GNN,5.0448375,5.0203114,0.024526100000000106
571,10,8,GNN,1.005135,1.3166348,-0.3114998000000002
575,10,8,GNN,2.3412902,2.4766757,-0.13538549999999994
578,10,8,GNN,2.258893,2.2055252,0.05336780000000019
592,10,8,GNN,10.436003,6.8503637,3.5856392999999995
594,10,8,GNN,1.562592,1.7487991,-0.18620710000000007
602,10,8,GNN,5.2545094,3.783254,1.4712554
631,10,8,GNN,2.4950645,3.7888472,-1.2937827000000004
644,10,8,GNN,1.9243029,0.8560778,1.0682251
651,10,8,GNN,5.5468283,5.031862,0.5149662999999993
5,10,9,GNN,2.7442024,3.7392218,-0.9950194000000003
8,10,9,GNN,1.8704828,3.7894597,-1.9189769
20,10,9,GNN,5.9857836,5.2037916,0.7819920000000007
21,10,9,GNN,3.9394622,4.4323735,-0.49291129999999983
34,10,9,GNN,0.6362455,2.403911,-1.7676655
43,10,9,GNN,6.4303145,5.338354,1.0919605
46,10,9,GNN,2.1057086,2.6738641,-0.5681555
53,10,9,GNN,3.4437854,3.3575063,0.08627910000000005
62,10,9,GNN,3.102184,5.957685,-2.855501
63,10,9,GNN,5.3967667,3.2584617,2.138305
64,10,9,GNN,2.5560374,4.978621,-2.4225836000000003
68,10,9,GNN,2.051076,3.276779,-1.2257029999999998
87,10,9,GNN,4.419368,3.5275648,0.8918032000000005
88,10,9,GNN,1.1610965,2.4972079,-1.3361113999999998
115,10,9,GNN,1.3193486,1.9311551,-0.6118064999999999
137,10,9,GNN,5.5468283,5.619125,-0.07229670000000077
162,10,9,GNN,1.3561511,4.0377293,-2.6815781999999997
177,10,9,GNN,2.723425,1.8291671,0.8942579000000002
185,10,9,GNN,6.4303145,6.5754027,-0.1450882
207,10,9,GNN,0.0,1.2644788,-1.2644788
220,10,9,GNN,6.2490273,6.0263877,0.22263959999999994
221,10,9,GNN,8.838736,5.762679,3.0760570000000005
222,10,9,GNN,5.229434,4.900275,0.32915900000000065
223,10,9,GNN,7.711122,5.330877,2.3802449999999995
234,10,9,GNN,4.990129,5.198481,-0.20835200000000054
237,10,9,GNN,6.4303145,6.5754027,-0.1450882
238,10,9,GNN,3.9394622,5.2592316,-1.3197693999999998
240,10,9,GNN,3.6850574,3.3551874,0.32986999999999966
263,10,9,GNN,4.0957823,4.585978,-0.4901957000000001
286,10,9,GNN,3.3676689,5.4685693,-2.1009004000000004
290,10,9,GNN,4.372914,4.2328186,0.14009539999999987
291,10,9,GNN,6.2490273,4.475967,1.7730603
298,10,9,GNN,4.58116,4.9829497,-0.40178970000000014
309,10,9,GNN,1.3561511,1.5394815,-0.1833304
323,10,9,GNN,5.4968257,6.523002,-1.0261763000000004
330,10,9,GNN,4.6345444,5.762189,-1.1276446
338,10,9,GNN,0.8534293,1.8099084,-0.9564791000000001
347,10,9,GNN,6.9383388,5.4518228,1.486516
366,10,9,GNN,3.0781026,2.742132,0.3359706
371,10,9,GNN,8.807794,5.857841,2.949953
373,10,9,GNN,5.9857836,5.4720035,0.5137801000000009
393,10,9,GNN,4.001168,7.0812426,-3.0800746000000006
403,10,9,GNN,9.671881,7.9781895,1.6936915000000008
405,10,9,GNN,1.7118955,4.0529323,-2.3410368000000004
442,10,9,GNN,2.4493926,2.4343565,0.015036100000000108
455,10,9,GNN,3.490959,3.3025622,0.18839680000000003
458,10,9,GNN,6.458688,5.3407197,1.1179683000000002
482,10,9,GNN,3.0090456,3.7616193,-0.7525737000000001
491,10,9,GNN,1.1654947,2.0515614,-0.8860667000000002
501,10,9,GNN,3.148421,3.6175618,-0.4691407999999999
518,10,9,GNN,1.3193486,2.5394413,-1.2200927
537,10,9,GNN,1.925777,3.0640314,-1.1382544
538,10,9,GNN,5.119204,6.8764477,-1.7572437
540,10,9,GNN,4.4420643,5.021027,-0.5789626999999999
543,10,9,GNN,3.9717832,6.5106673,-2.5388840999999998
561,10,9,GNN,2.617857,3.0007837,-0.38292670000000006
568,10,9,GNN,5.0448375,5.076305,-0.03146749999999976
571,10,9,GNN,1.005135,1.9170156,-0.9118806000000002
575,10,9,GNN,2.3412902,2.9122255,-0.5709352999999999
578,10,9,GNN,2.258893,4.966124,-2.7072309999999997
592,10,9,GNN,10.436003,6.0658417,4.3701612999999995
594,10,9,GNN,1.562592,2.6696486,-1.1070566
602,10,9,GNN,5.2545094,3.6152563,1.6392531
631,10,9,GNN,2.4950645,3.626999,-1.1319345000000003
644,10,9,GNN,1.9243029,4.798333,-2.8740301000000006
651,10,9,GNN,5.5468283,5.885985,-0.3391567000000002
