,index,%top,ddG,Ligand,ER1,ER2,ER3,ER4,ER5,ER6,ER7,EZ,LMW,LVR1,LVR1+4,LVR1+4/3+6,LVR2,LVR3,LVR3+6,LVR4,LVR5,LVR6,LVR7,LVWhole,RS,Rh source,SStoutR1,SStoutR2,SStoutR3,SStoutR4,Type,VB,boron reagent,equivs boron reagent,ligand,mol% Rh,mol% ligand,solvent,substrate,temp,time,yield,Original,Confg,ligand_num,fam,category,fold
0,0,6.0,-7.392909482,C1(CC2=CC=CC=C2)=C[C@@H]3C(CC4=CC=CC=C4)=C[C@H]1C3,-0.09,0.0,0.0,-0.09,0.0,0.0,0.0,0.0,272.1565006,94.18429025,188.3685805,188.3685805,0.0,0.0,0.0,94.18429025,0.0,0.0,20.25598522,279.4546413,1.0,[Rh(C2H4)2Cl]2,22.51198396,21.5742147,0.0,0.0,Lam,348.0319373,B1(C2=CC=CC=C2)OB(C3=CC=CC=C3)OB(C4=CC=CC=C4)O1,2.0,L3.1,1.5,3.0,dioxane,O=C1C=CCC1,50,1.0,88.0,1,2,1,fam1,0,3
1,1,2.333333333,-9.412360422,C1(CC2=CC=CC=C2)=C[C@@H]3C(CC4=CC=CC=C4)=C[C@H]1C3,-0.09,0.0,0.0,-0.09,0.0,0.0,0.0,0.0,272.1565006,94.18429025,188.3685805,188.3685805,0.0,0.0,0.0,94.18429025,0.0,0.0,20.25598522,279.4546413,1.0,[Rh(C2H4)2Cl]2,22.51198396,19.43509996,0.0,0.0,Lam,134.6239983,OB(O)C1=CC=CC=C1,2.0,L3.1,1.5,3.0,dioxane,O=C1C=CCCC1,30,1.0,94.0,1,2,1,fam1,0,2
2,2,97.5,9.081852728,C=CCC1=C[C@]2(C)C(CC(C)C)=C[C@H]1[C@@](OC)(C)C2,0.07,0.0,0.0,-0.12,-0.17,0.0,-0.27,0.0,246.1983655,36.23374097,109.6959113,109.6959113,0.0,0.0,0.0,73.46217037,21.5742147,0.0,76.07416785,274.95614,0.5,[Rh(C2H4)2Cl]2,22.51198396,19.43509996,0.0,0.0,Lam,134.6239983,OB(O)C1=CC=CC=C1,2.0,L3.63,1.5,3.3,dioxane,O=C1C=CCCC1,25,1.0,87.0,1,2,3,fam6,1,2
3,3,95.75,7.721543729,C[C@@]1(OC)C[C@@]2(C)C=C[C@@H]1C=C2C3=C(C)C=C(C)C=C3C,0.0,0.0,0.0,0.0,-0.17,0.0,-0.27,0.0,282.1983655,0.0,0.0,0.0,0.0,0.0,128.7762607,0.0,21.5742147,128.7762607,76.07416785,298.3147188,0.5,[Rh(C2H4)2Cl]2,22.51198396,19.43509996,0.0,0.0,Lam,134.6239983,OB(O)C1=CC=CC=C1,2.0,L3.55,1.5,3.3,dioxane,O=C1C=CCCC1,25,1.0,91.0,1,1,5,fam5,1,7
4,4,0.5,-13.37480636,OC(C)(C)C1=C[C@@H]2C(C)=C[C@H]1[C@@H](C(C)C)C2,0.0,0.0,0.0,-0.17,0.0,0.0,-0.15,0.0,220.1827154,64.9564121,86.53062679,86.53062679,0.0,0.0,0.0,21.5742147,0.0,0.0,84.57992612,243.0006285,0.5,[Rh(C2H4)2Cl]2,22.51198396,19.43509996,0.0,0.0,Lam,151.9199836,CC1=CC=CC=C1B(O)O,1.5,L3.74,1.5,3.3,dioxane,O=C1C=CCCC1,30,1.0,95.0,1,2,8,fam7,0,2
5,5,2.25,-9.506176263,C1(CC2=CC=CC=C2)=C[C@@H]3C(CC4=CC=CC=C4)=C[C@H]1C3,-0.09,0.0,0.0,-0.09,0.0,0.0,0.0,1.0,272.1565006,94.18429025,188.3685805,188.3685805,0.0,0.0,0.0,94.18429025,0.0,0.0,20.25598522,279.4546413,1.0,[Rh(C2H4)2Cl]2,22.51198396,0.0,28.08309257,0.0,Lam,134.6239983,OB(C1=CC=CC=C1)O,2.0,L3.1,1.5,3.0,dioxane/H2O,CC(/C=C/C(C)C)=O,30,3.0,81.0,1,2,1,fam1,0,7
6,6,4.75,-8.056086687,C1(CC2=CC=CC=C2)=C[C@@H]3C(CC4=CC=CC=C4)=C[C@H]1C3,-0.09,0.0,0.0,-0.09,0.0,0.0,0.0,0.0,272.1565006,94.18429025,188.3685805,188.3685805,0.0,0.0,0.0,94.18429025,0.0,0.0,20.25598522,279.4546413,1.0,[Rh(C2H4)2Cl]2,22.51198396,18.72206172,0.0,0.0,Lam,134.6239983,OB(C1=CC=CC=C1)O,2.0,L3.1,1.5,3.0,dioxane/H2O,O=C1C=CCCCC1,50,1.0,81.0,1,2,1,fam1,0,8
7,7,2.5,-9.234156144,C1(CC2=CC=CC=C2)=C[C@@H]3C(CC4=CC=CC=C4)=C[C@H]1C3,-0.09,0.0,0.0,-0.09,0.0,0.0,0.0,1.0,272.1565006,94.18429025,188.3685805,188.3685805,0.0,0.0,0.0,94.18429025,0.0,0.0,20.25598522,279.4546413,1.0,[Rh(C2H4)2Cl]2,22.51198396,0.0,18.15163112,0.0,Lam,134.6239983,OB(C1=CC=CC=C1)O,2.0,L3.1,1.5,3.3,dioxane/H2O,CC(/C=C/CCCCC)=O,30,1.0,84.0,1,2,1,fam1,0,3
8,8,5.0,-7.91120897,C1(CC2=CC=CC=C2)=C[C@@H]3C(CC4=CC=CC=C4)=C[C@H]1C3,-0.09,0.0,0.0,-0.09,0.0,0.0,0.0,1.0,272.1565006,94.18429025,188.3685805,188.3685805,0.0,0.0,0.0,94.18429025,0.0,0.0,20.25598522,279.4546413,1.0,[Rh(C2H4)2Cl]2,26.42553764,0.0,26.42553764,0.0,Lam,134.6239983,OB(C1=CC=CC=C1)O,3.0,L3.1,2.5,5.5,dioxane/H2O,O=C(/C=C/C(OC(C)(C)C)=O)OC(C)(C)C,50,3.0,78.0,1,2,1,fam1,0,8
9,9,5.5,-7.16804399,C1(CC2=CC=CC=C2)=C[C@@H]3C(CC4=CC=CC=C4)=C[C@H]1C3,-0.09,0.0,0.0,-0.09,0.0,0.0,0.0,0.0,272.1565006,94.18429025,188.3685805,188.3685805,0.0,0.0,0.0,94.18429025,0.0,0.0,20.25598522,279.4546413,1.0,[Rh(C2H4)2Cl]2,18.25910483,38.87019992,0.0,0.0,Lam,134.6239983,OB(C1=CC=CC=C1)O,2.0,L3.1,1.5,3.3,dioxane/H2O,O=C1C=CCCO1,30,3.0,44.0,1,2,1,fam1,0,4
10,10,5.0,-7.91120897,C1(CC2=CC=CC=C2)=C[C@@H]3C(CC4=CC=CC=C4)=C[C@H]1C3,-0.09,0.0,0.0,-0.09,0.0,0.0,0.0,1.0,272.1565006,94.18429025,188.3685805,188.3685805,0.0,0.0,0.0,94.18429025,0.0,0.0,20.25598522,279.4546413,1.0,[Rh(C2H4)2Cl]2,22.10154133,0.0,18.72206172,0.0,Lam,348.0319373,C1(B2OB(C3=CC=CC=C3)OB(C4=CC=CC=C4)O2)=CC=CC=C1,2.0,L3.1,1.5,3.0,dioxane/H2O,O=C(/C=C/CCC)OC(C)C,50,1.0,73.0,1,2,1,fam1,0,9
11,11,15.0,-4.660579325,C1(CC2=CC=CC=C2)=C[C@@H]3C(CC4=CC=CC=C4)=C[C@H]1C3,-0.09,0.0,0.0,-0.09,0.0,0.0,0.0,0.0,272.1565006,94.18429025,188.3685805,188.3685805,0.0,0.0,0.0,94.18429025,0.0,0.0,20.25598522,279.4546413,1.0,[Rh(C2H4)2Cl]2,18.67357617,13.86399135,0.0,0.0,Lam,134.6239983,OB(C1=CC=CC=C1)O,3.0,L3.1,2.5,5.5,dioxane/H2O,O=C(N1C)C=CC1=O,50,3.0,89.0,1,2,1,fam1,0,5
12,12,2.0,-11.88043791,OC(CC(C)C)(CC(C)C)C1=C[C@@H]2C=C[C@H]1CC2,0.0,0.0,0.0,0.0,0.0,0.0,0.0,0.0,248.2140155,168.7323234,168.7323234,168.7323234,0.0,0.0,0.0,0.0,0.0,0.0,32.69197045,277.5925989,0.5,[Rh(C2H4)2Cl]2,22.51198396,19.43509996,0.0,0.0,Lam,151.9199836,CC1=CC=CC=C1B(O)O,2.0,L3.19,0.25,0.55,MeOH,O=C1C=CCCC1,94,2.0,94.0,1,2,9,fam3,0,4
13,13,3.5,-8.222192162,C[C@@]12C=C(C3=CC=CC=C3)[C@H](C2(C)C)C=C1C4=CC=CC=C4,-0.01,-0.17,0.0,-0.01,0.0,0.0,-0.17,1.0,286.1721507,76.88830503,153.7766101,153.7766101,21.5742147,0.0,0.0,76.88830503,0.0,0.0,54.84795567,296.7506265,1.0,[Rh(C2H4)2Cl]2,22.51198396,0.0,28.08309257,0.0,Lam,134.6239983,OB(C1=CC=CC=C1)O,2.0,L3.10,1.5,3.6,dioxane,CC(/C=C/C(C)C)=O,25,1.0,91.0,1,2,10,fam2,0,4
14,14,33.0,-1.961655384,C[C@@]12C=C(C3=CC=CC=C3)[C@H](C2(C)C)C=C1C4=CC=CC=C4,-0.01,-0.17,0.0,-0.01,0.0,0.0,-0.17,1.0,286.1721507,76.88830503,153.7766101,153.7766101,21.5742147,0.0,0.0,76.88830503,0.0,0.0,54.84795567,296.7506265,1.0,[Rh(C2H4)2Cl]2,17.93806496,0.0,17.93806496,0.0,Lam,134.6239983,OB(C1=CC=CC=C1)O,3.0,L3.10,2.5,6.0,MeOH/CH2Cl2,COC(/C=C/C(OC)=O)=O,60,1.0,89.0,1,2,10,fam2,0,4
15,15,11.5,-5.652566142,C[C@@]12C=C(C3=CC=CC=C3)[C@H](C2(C)C)C=C1C4=CC=CC=C4,-0.01,-0.17,0.0,-0.01,0.0,0.0,-0.17,1.0,286.1721507,76.88830503,153.7766101,153.7766101,21.5742147,0.0,0.0,76.88830503,0.0,0.0,54.84795567,296.7506265,1.0,[Rh(C2H4)2Cl]2,17.77754503,0.0,17.77754503,0.0,Lam,134.6239983,OB(C1=CC=CC=C1)O,3.0,L3.10,2.5,6.0,MeOH/CH2Cl2,CCOC(/C=C/C(OCC)=O)=O,60,1.0,99.0,1,2,10,fam2,0,1
16,16,1.275,-12.04771012,C[C@@]12C=C(C3=CC=CC=C3)[C@H](C2(C)C)C=C1C4=CC=CC=C4,-0.01,-0.17,0.0,-0.01,0.0,0.0,-0.17,1.0,286.1721507,76.88830503,153.7766101,153.7766101,21.5742147,0.0,0.0,76.88830503,0.0,0.0,54.84795567,296.7506265,1.0,[Rh(C2H4)2Cl]2,26.42553764,0.0,26.42553764,0.0,Lam,134.6239983,OB(C1=CC=CC=C1)O,3.0,L3.10,0.5,1.2,MeOH/CH2Cl2,O=C(/C=C/C(OC(C)(C)C)=O)OC(C)(C)C,60,1.0,92.0,1,2,10,fam2,0,2
17,17,1.833333333,-11.0259738,C[C@@]12C=C(C3=CC=CC=C3)[C@H](C2(C)C)C=C1C4=CC=CC=C4,-0.01,-0.17,0.0,-0.01,0.0,0.0,-0.17,1.0,286.1721507,76.88830503,153.7766101,153.7766101,21.5742147,0.0,0.0,76.88830503,0.0,0.0,54.84795567,296.7506265,1.0,[Rh(C2H4)2Cl]2,26.42553764,0.0,26.42553764,0.0,Lam,151.9199836,CC1=C(B(O)O)C=CC=C1,3.0,L3.10,0.5,1.2,i-PrOH/CH2Cl2,O=C(/C=C/C(OC(C)(C)C)=O)OC(C)(C)C,60,1.0,99.0,1,2,10,fam2,0,6
18,18,1.666666667,-11.29467953,C[C@@]12C=C(C3=CC=CC=C3)[C@H](C2(C)C)C=C1C4=CC=CC=C4,-0.01,-0.17,0.0,-0.01,0.0,0.0,-0.17,1.0,286.1721507,76.88830503,153.7766101,153.7766101,21.5742147,0.0,0.0,76.88830503,0.0,0.0,54.84795567,296.7506265,1.0,[Rh(C2H4)2Cl]2,26.42553764,0.0,26.42553764,0.0,Lam,170.1226604,OB(C1=C(C(F)(F)F)C=CC=C1)O,3.0,L3.10,0.5,1.2,i-PrOH/CH2Cl2,O=C(/C=C/C(OC(C)(C)C)=O)OC(C)(C)C,60,1.0,85.0,1,2,10,fam2,0,2
19,19,2.166666667,-10.55381635,C[C@@]12C=C(C3=CC=CC=C3)[C@H](C2(C)C)C=C1C4=CC=CC=C4,-0.01,-0.17,0.0,-0.01,0.0,0.0,-0.17,1.0,286.1721507,76.88830503,153.7766101,153.7766101,21.5742147,0.0,0.0,76.88830503,0.0,0.0,54.84795567,296.7506265,1.0,[Rh(C2H4)2Cl]2,26.42553764,0.0,26.42553764,0.0,Lam,160.7102105,COC1=C(B(O)O)C=CC=C1,3.0,L3.10,0.5,1.2,i-PrOH/CH2Cl2,O=C(/C=C/C(OC(C)(C)C)=O)OC(C)(C)C,60,1.0,99.0,1,2,10,fam2,0,4
20,20,1.75,-11.15718353,C[C@@]12C=C(C3=CC=CC=C3)[C@H](C2(C)C)C=C1C4=CC=CC=C4,-0.01,-0.17,0.0,-0.01,0.0,0.0,-0.17,1.0,286.1721507,76.88830503,153.7766101,153.7766101,21.5742147,0.0,0.0,76.88830503,0.0,0.0,54.84795567,296.7506265,1.0,[Rh(C2H4)2Cl]2,26.42553764,0.0,26.42553764,0.0,Lam,160.5647539,OB(C1=CC([N+]([O-])=O)=CC=C1)O,3.0,L3.10,0.5,1.2,i-PrOH/CH2Cl2,O=C(/C=C/C(OC(C)(C)C)=O)OC(C)(C)C,60,1.0,99.0,1,2,10,fam2,0,4
21,21,1.25,-12.10326426,C[C@@]12C=C(C3=CC=CC=C3)[C@H](C2(C)C)C=C1C4=CC=CC=C4,-0.01,-0.17,0.0,-0.01,0.0,0.0,-0.17,1.0,286.1721507,76.88830503,153.7766101,153.7766101,21.5742147,0.0,0.0,76.88830503,0.0,0.0,54.84795567,296.7506265,1.0,[Rh(C2H4)2Cl]2,26.42553764,0.0,26.42553764,0.0,Lam,149.8350664,ClC1=CC=CC(B(O)O)=C1,3.0,L3.10,0.5,1.2,i-PrOH/CH2Cl2,O=C(/C=C/C(OC(C)(C)C)=O)OC(C)(C)C,60,1.0,99.0,1,2,10,fam2,0,4
22,22,2.0,-10.78024756,C[C@@]12C=C(C3=CC=CC=C3)[C@H](C2(C)C)C=C1C4=CC=CC=C4,-0.01,-0.17,0.0,-0.01,0.0,0.0,-0.17,1.0,286.1721507,76.88830503,153.7766101,153.7766101,21.5742147,0.0,0.0,76.88830503,0.0,0.0,54.84795567,296.7506265,1.0,[Rh(C2H4)2Cl]2,26.42553764,0.0,26.42553764,0.0,Lam,203.8079392,CC(C)(C)C1=CC=C(B(O)O)C=C1,3.0,L3.10,0.5,1.2,i-PrOH/CH2Cl2,O=C(/C=C/C(OC(C)(C)C)=O)OC(C)(C)C,60,1.0,99.0,1,2,10,fam2,0,1
23,23,1.0,-12.72837021,C[C@@]12C=C(C3=CC=CC=C3)[C@H](C2(C)C)C=C1C4=CC=CC=C4,-0.01,-0.17,0.0,-0.01,0.0,0.0,-0.17,1.0,286.1721507,76.88830503,153.7766101,153.7766101,21.5742147,0.0,0.0,76.88830503,0.0,0.0,54.84795567,296.7506265,1.0,[Rh(C2H4)2Cl]2,26.42553764,0.0,26.42553764,0.0,Lam,207.2340739,OB(C1=CC=C(C2=CC=CC=C2)C=C1)O,3.0,L3.10,0.5,1.2,i-PrOH/CH2Cl2,O=C(/C=C/C(OC(C)(C)C)=O)OC(C)(C)C,60,1.0,99.0,1,2,10,fam2,0,7
24,24,1.0,-12.72837021,C[C@@]12C=C(C3=CC=CC=C3)[C@H](C2(C)C)C=C1C4=CC=CC=C4,-0.01,-0.17,0.0,-0.01,0.0,0.0,-0.17,1.0,286.1721507,76.88830503,153.7766101,153.7766101,21.5742147,0.0,0.0,76.88830503,0.0,0.0,54.84795567,296.7506265,1.0,[Rh(C2H4)2Cl]2,26.42553764,0.0,26.42553764,0.0,Lam,175.3697368,CC(C1=CC=C(B(O)O)C=C1)=O,3.0,L3.10,0.5,1.2,i-PrOH/CH2Cl2,O=C(/C=C/C(OC(C)(C)C)=O)OC(C)(C)C,60,1.0,99.0,1,2,10,fam2,0,8
25,25,0.5,-14.6623256,C[C@@]12C=C(C3=CC=CC=C3)[C@H](C2(C)C)C=C1C4=CC=CC=C4,-0.01,-0.17,0.0,-0.01,0.0,0.0,-0.17,1.0,286.1721507,76.88830503,153.7766101,153.7766101,21.5742147,0.0,0.0,76.88830503,0.0,0.0,54.84795567,296.7506265,1.0,[Rh(C2H4)2Cl]2,26.42553764,0.0,26.42553764,0.0,Lam,140.6915573,FC1=CC=C(B(O)O)C=C1,3.0,L3.10,0.5,1.2,i-PrOH/CH2Cl2,O=C(/C=C/C(OC(C)(C)C)=O)OC(C)(C)C,60,1.0,99.0,1,2,10,fam2,0,5
26,26,1.5,-11.5912165,C[C@@]12C=C(C3=CC=CC=C3)[C@H](C2(C)C)C=C1C4=CC=CC=C4,-0.01,-0.17,0.0,-0.01,0.0,0.0,-0.17,1.0,286.1721507,76.88830503,153.7766101,153.7766101,21.5742147,0.0,0.0,76.88830503,0.0,0.0,54.84795567,296.7506265,1.0,[Rh(C2H4)2Cl]2,26.42553764,0.0,26.42553764,0.0,Lam,146.7591162,FC1=CC=CC(F)=C1B(O)O,3.0,L3.10,0.5,1.2,i-PrOH/CH2Cl2,O=C(/C=C/C(OC(C)(C)C)=O)OC(C)(C)C,60,1.0,77.0,1,2,10,fam2,0,9
27,27,1.75,-11.15718353,C[C@@]12C=C(C3=CC=CC=C3)[C@H](C2(C)C)C=C1C4=CC=CC=C4,-0.01,-0.17,0.0,-0.01,0.0,0.0,-0.17,1.0,286.1721507,76.88830503,153.7766101,153.7766101,21.5742147,0.0,0.0,76.88830503,0.0,0.0,54.84795567,296.7506265,1.0,[Rh(C2H4)2Cl]2,26.42553764,0.0,26.42553764,0.0,Lam,175.2785624,OB(C1=C2C(C=CC=C2)=CC=C1)O,3.0,L3.10,0.5,1.2,i-PrOH/CH2Cl2,O=C(/C=C/C(OC(C)(C)C)=O)OC(C)(C)C,60,1.0,99.0,1,2,10,fam2,0,7
28,28,1.0,-12.72837021,C[C@@]12C=C(C3=CC=CC=C3)[C@H](C2(C)C)C=C1C4=CC=CC=C4,-0.01,-0.17,0.0,-0.01,0.0,0.0,-0.17,0.0,286.1721507,76.88830503,153.7766101,153.7766101,21.5742147,0.0,0.0,76.88830503,0.0,0.0,54.84795567,296.7506265,1.0,[Rh(C2H4)2Cl]2,26.42553764,26.42553764,0.0,0.0,Lam,134.6239983,OB(C1=CC=CC=C1)O,3.0,L3.10,2.5,6.0,MeOH/CH2Cl2,O=C(/C=C\C(OC(C)(C)C)=O)OC(C)(C)C,60,1.0,83.0,1,2,10,fam2,0,3
29,29,2.5,-10.14797664,C[C@@]12C=C(C3=CC=CC=C3)[C@H](C2(C)C)C=C1C4=CC=CC=C4,-0.01,-0.17,0.0,-0.01,0.0,0.0,-0.17,1.0,286.1721507,76.88830503,153.7766101,153.7766101,21.5742147,0.0,0.0,76.88830503,0.0,0.0,54.84795567,296.7506265,1.0,[Rh(C2H4)2Cl]2,26.42553764,0.0,23.95337594,0.0,Lam,134.6239983,OB(C1=CC=CC=C1)O,3.0,L3.10,0.5,1.2,i-PrOH/CH2Cl2,O=C(/C=C/C(OC1=C(C)C=CC=C1C)=O)OC(C)(C)C,60,1.0,74.0,1,2,10,fam2,0,8
30,30,25.0,-2.951785197,C[C@@]12C=C(C3=CC=CC=C3)[C@H](C2(C)C)C=C1C4=CC=CC=C4,-0.01,-0.17,0.0,-0.01,0.0,0.0,-0.17,1.0,286.1721507,76.88830503,153.7766101,153.7766101,21.5742147,0.0,0.0,76.88830503,0.0,0.0,54.84795567,296.7506265,1.0,[Rh(C2H4)2Cl]2,15.10949251,0.0,18.83685805,0.0,Lam,134.6239983,OB(C1=CC=CC=C1)O,1.5,L3.10,1.5,3.6,toluene/H2O,CC(C=C1)=CC=C1/C=C/[N+]([O-])=O,50,23.0,67.0,1,2,10,fam2,0,7
31,31,11.5,-5.058720082,C[C@@]12C=C(C3=CC=C(C)C=C3)[C@H](C2(C)C)C=C1C4=CC=C(C)C=C4,-0.03,-0.17,0.0,-0.03,0.0,0.0,-0.17,1.0,314.2034508,94.18429025,188.3685805,188.3685805,21.5742147,0.0,0.0,94.18429025,0.0,0.0,54.84795567,331.3425969,1.0,[Rh(C2H4)2Cl]2,22.51198396,0.0,28.08309257,0.0,Lam,134.6239983,OB(C1=CC=CC=C1)O,2.0,L3.11,1.5,3.6,dioxane,CC(/C=C/C(C)C)=O,25,1.0,90.0,1,2,11,fam2,0,7
32,32,23.0,-3.246527613,C[C@@]12C=C(C3=CC=C(C)C=C3)[C@H](C2(C)C)C=C1C4=CC=C(C)C=C4,-0.03,-0.17,0.0,-0.03,0.0,0.0,-0.17,1.0,314.2034508,94.18429025,188.3685805,188.3685805,21.5742147,0.0,0.0,94.18429025,0.0,0.0,54.84795567,331.3425969,1.0,[Rh(C2H4)2Cl]2,15.10949251,0.0,18.83685805,0.0,Lam,134.6239983,OB(C1=CC=CC=C1)O,1.5,L3.11,1.5,3.6,toluene/H2O,CC(C=C1)=CC=C1/C=C/[N+]([O-])=O,50,23.0,85.0,1,2,11,fam2,0,9
33,33,11.0,-5.182880641,C[C@@]12C=C(C3=CC=C(C(C)(C)C)C=C3)[C@H](C2(C)C)C=C1C4=CC=C(C(C)(C)C)C=C4,-0.03,-0.17,0.0,-0.03,0.0,0.0,-0.17,1.0,398.2973512,146.0722459,292.1444918,292.1444918,21.5742147,0.0,0.0,146.0722459,0.0,0.0,54.84795567,435.1185083,1.0,[Rh(C2H4)2Cl]2,22.51198396,0.0,28.08309257,0.0,Lam,134.6239983,OB(C1=CC=CC=C1)O,2.0,L3.12,1.5,3.6,dioxane,CC(/C=C/C(C)C)=O,25,1.0,72.0,1,2,12,fam2,0,6
34,34,8.5,-5.890704668,C[C@@]12C=C(C3=CC=C(C4=CC=CC=C4)C=C3)[C@H](C2(C)C)C=C1C5=CC=C(C6=CC=CC=C6)C=C5,0.0,-0.17,0.0,0.0,0.0,0.0,-0.17,1.0,438.234751,149.4983806,298.9967612,298.9967612,21.5742147,0.0,0.0,149.4983806,0.0,0.0,54.84795567,441.9707776,1.0,[Rh(C2H4)2Cl]2,22.51198396,0.0,28.08309257,0.0,Lam,134.6239983,OB(C1=CC=CC=C1)O,2.0,L3.13,1.5,3.6,dioxane,CC(/C=C/C(C)C)=O,25,1.0,100.0,1,2,13,fam2,0,6
35,35,22.5,-3.322971764,C[C@@]12C=C(C3=CC=C(C4=CC=CC=C4)C=C3)[C@H](C2(C)C)C=C1C5=CC=C(C6=CC=CC=C6)C=C5,0.0,-0.17,0.0,0.0,0.0,0.0,-0.17,1.0,438.234751,149.4983806,298.9967612,298.9967612,21.5742147,0.0,0.0,149.4983806,0.0,0.0,54.84795567,441.9707776,1.0,[Rh(C2H4)2Cl]2,15.10949251,0.0,18.83685805,0.0,Lam,134.6239983,OB(C1=CC=CC=C1)O,1.5,L3.13,1.5,3.6,toluene/H2O,CC(C=C1)=CC=C1/C=C/[N+]([O-])=O,50,23.0,56.0,1,2,13,fam2,0,6
36,36,3.166666667,-8.621034957,O=[N+]([O-])C(C=C1)=CC=C1C2=C[C@@H]3C(C4=CC=C([N+]([O-])=O)C=C4)=C[C@@]2(C)C3(C)C,0.26,-0.17,0.0,0.26,0.0,0.0,-0.17,0.0,376.1423071,102.8290606,205.6581212,205.6581212,21.5742147,0.0,0.0,102.8290606,0.0,0.0,54.84795567,348.6321376,1.0,[Rh(C2H4)2Cl]2,22.51198396,19.43509996,0.0,0.0,Lam,151.9199836,CC1=CC=CC=C1B(O)O,2.0,L3.14,0.25,0.6,EtOH,O=C1C=CCCC1,30,1.0,99.0,1,2,14,fam2,0,8
37,37,2.0,-11.10383296,O=C(OC1=C(C(C)C)C=CC=C1C(C)C)C2=C[C@@H]3C(C)=C[C@H]2[C@@H](C(C)C)C3,0.44,0.0,0.0,-0.17,0.0,0.0,-0.15,0.0,366.2558803,212.9041965,234.4784112,234.4784112,0.0,0.0,0.0,21.5742147,0.0,0.0,84.57992612,390.9484129,0.5,[Rh(ligand)Cl]2,22.51198396,19.43509996,0.0,0.0,Lam,239.1895854,OB(O)C1=C(C=CC2=CC=CC=C2)C=CC=C1,2.0,L3.79,2.5,3.0,dioxane,O=C1C=CCCC1,70,4.0,92.0,1,2,15,fam7,0,1
38,38,4.0,-8.010413947,O=[N+]([O-])C(C=C1)=CC=C1C2=C[C@@H]3C(C4=CC=C([N+]([O-])=O)C=C4)=C[C@@]2(C)C3(C)C,0.26,-0.17,0.0,0.26,0.0,0.0,-0.17,0.0,376.1423071,102.8290606,205.6581212,205.6581212,21.5742147,0.0,0.0,102.8290606,0.0,0.0,54.84795567,348.6321376,1.0,[Rh(C2H4)2Cl]2,22.51198396,19.43509996,0.0,0.0,Lam,160.7102105,OB(O)C1=CC=CC=C1OC,2.0,L3.14,1.5,3.6,EtOH,O=C1C=CCCC1,30,1.0,95.0,1,2,14,fam2,0,5
39,39,98.5,11.24328864,C=CCC1=C[C@]2(C)C(CC(C)C)=C[C@H]1[C@@](OC)(C)C2,0.07,0.0,0.0,-0.12,-0.17,0.0,-0.27,0.0,246.1983655,36.23374097,109.6959113,109.6959113,0.0,0.0,0.0,73.46217037,21.5742147,0.0,76.07416785,274.95614,0.5,[Rh(C2H4)2Cl]2,22.51198396,19.43509996,0.0,0.0,Lam,140.6915573,FC1=CC=CC=C1B(O)O,2.0,L3.63,1.5,3.3,dioxane,O=C1C=CCCC1,50,1.0,94.0,1,2,3,fam6,1,5
40,40,2.0,-12.07458915,OC(C)(C)C1=C[C@@H]2C(C)=C[C@H]1[C@@H](C(C)C)C2,0.0,0.0,0.0,-0.17,0.0,0.0,-0.15,0.0,220.1827154,64.9564121,86.53062679,86.53062679,0.0,0.0,0.0,21.5742147,0.0,0.0,84.57992612,243.0006285,0.5,PI/CB Rh/Ag 9,22.51198396,19.43509996,0.0,0.0,Lam,149.8350664,OB(O)C1=CC(C)=CC=C1,1.5,L3.74,0.75,1.0,toluene,O=C1C=CCCC1,100,9.0,99.0,1,2,8,fam7,0,4
41,41,97.5,9.081852728,C[C@]1(OC)[C@@H]2C=C[C@@](C1)(C)C(C3=C(C)C=CC=C3C)=C2,0.0,0.0,0.0,0.0,-0.17,0.0,-0.27,0.0,268.1827154,0.0,0.0,0.0,0.0,0.0,111.4802755,0.0,21.5742147,111.4802755,76.07416785,281.0187336,0.5,[Rh(C2H4)2Cl]2,22.51198396,19.43509996,0.0,0.0,Lam,160.5647539,OB(O)C1=CC=CC([N+]([O-])=O)=C1,2.0,L3.52,1.0,2.2,DCM,O=C1C=CCCC1,25,1.0,93.0,1,1,16,fam5,1,8
42,42,1.75,-10.15248443,C1(C2=CC=CC=C2)=C[C@@H]3C(C4=CC=CC=C4)=C[C@H]1CC3,-0.01,0.0,0.0,-0.01,0.0,0.0,0.0,0.0,258.1408506,76.88830503,153.7766101,153.7766101,0.0,0.0,0.0,76.88830503,0.0,0.0,32.69197045,258.3586561,1.0,[Rh(C2H4)2Cl]2,22.51198396,19.43509996,0.0,0.0,Lam,134.6239983,OB(O)c1ccccc1,2.0,L3.20,1.5,3.3,dioxane/water ,O=C1CCCC=C1,30,1.0,97.0,1,2,17,fam3,0,7
43,43,8.5,-5.989492269,CC(C=CC=C1)=C1C2=C[C@@H]3C(C4=C(C)C=CC=C4)=C[C@H]2CC3,-0.03,0.0,0.0,-0.03,0.0,0.0,0.0,0.0,286.1721507,94.18429025,188.3685805,188.3685805,0.0,0.0,0.0,94.18429025,0.0,0.0,32.69197045,292.9506265,1.0,[Rh(C2H4)2Cl]2,22.51198396,19.43509996,0.0,0.0,Lam,134.6239983,OB(O)c1ccccc1,2.0,L3.158,1.5,3.3,dioxane/water ,O=C1CCCC=C1,30,1.0,97.0,1,2,18,fam3,0,3
44,44,3.0,-8.761648138,FC(C(C=C1)=CC=C1C2=C[C@@H]3C(C4=CC=C(C(F)(F)F)C=C4)=C[C@H]2CC3)(F)F,-0.09,0.0,0.0,-0.09,0.0,0.0,0.0,0.0,394.1156198,112.3869671,224.7739342,224.7739342,0.0,0.0,0.0,112.3869671,0.0,0.0,32.69197045,329.3559802,1.0,[Rh(C2H4)2Cl]2,22.51198396,19.43509996,0.0,0.0,Lam,134.6239983,OB(O)c1ccccc1,2.0,L3.159,1.5,3.3,dioxane/water ,O=C1CCCC=C1,30,1.0,96.0,1,2,19,fam3,0,4
45,45,2.5,-9.234156144,COC(C=C1)=CC=C1C2=C[C@@H]3C(C4=CC=C(OC)C=C4)=C[C@H]2CC3,-0.08,0.0,0.0,-0.08,0.0,0.0,0.0,0.0,318.1619799,102.9745172,205.9490344,205.9490344,0.0,0.0,0.0,102.9745172,0.0,0.0,32.69197045,310.5310804,1.0,[Rh(C2H4)2Cl]2,22.51198396,19.43509996,0.0,0.0,Lam,134.6239983,OB(O)c1ccccc1,2.0,L3.160,1.5,3.3,dioxane/water ,O=C1CCCC=C1,30,1.0,99.0,1,2,20,fam3,0,6
46,46,9.5,-5.681445004,CC1=CC(C2=C[C@@H]3C(C4=CC(C)=CC(C)=C4)=C[C@H]2CC3)=CC(C)=C1,-0.09,0.0,0.0,-0.09,0.0,0.0,0.0,0.0,314.2034508,111.4802755,222.9605509,222.9605509,0.0,0.0,0.0,111.4802755,0.0,0.0,32.69197045,327.5425969,1.0,[Rh(C2H4)2Cl]2,22.51198396,19.43509996,0.0,0.0,Lam,134.6239983,OB(O)c1ccccc1,2.0,L3.161,1.5,3.3,dioxane/water ,O=C1CCCC=C1,30,1.0,99.0,1,2,21,fam3,0,4
47,47,97.5,9.234156144,C=CCC1=C[C@H]2C(CC=C)=C[C@@H]1C2,0.0,0.0,-0.16,0.0,0.0,-0.16,0.0,0.0,144.0939004,0.0,0.0,0.0,0.0,36.23374097,72.46748195,0.0,0.0,36.23374097,20.25598522,163.5535427,0.0,[Rh(C2H4)2Cl]2,22.51198396,19.43509996,0.0,0.0,Lam,134.6239983,OB(O)c1ccccc1,2.0,L3.6,1.5,3.3,dioxane/water ,O=C1CCCC=C1,30,4.5,72.0,1,1,22,fam1,1,7
48,48,97.5,9.234156144,CC(C)CC1=C[C@H]2C(CC(C)C)=C[C@@H]1C2,0.0,0.0,-0.12,0.0,0.0,-0.12,0.0,0.0,204.1878008,0.0,0.0,0.0,0.0,73.46217037,146.9243407,0.0,0.0,73.46217037,20.25598522,238.0104015,0.0,[Rh(C2H4)2Cl]2,22.51198396,19.43509996,0.0,0.0,Lam,134.6239983,OB(O)c1ccccc1,2.0,L3.7,1.5,3.3,dioxane/water ,O=C1CCCC=C1,30,5.0,80.0,1,1,23,fam1,1,2
49,49,97.5,9.234156144,C1(C2CCCCC2)=C[C@H]3C(C4CCCCC4)=C[C@@H]1C3,0.0,0.0,-0.15,0.0,0.0,-0.15,0.0,0.0,256.2191009,0.0,0.0,0.0,0.0,95.69768187,191.3953637,0.0,0.0,95.69768187,20.25598522,282.4814245,0.0,[Rh(C2H4)2Cl]2,22.51198396,19.43509996,0.0,0.0,Lam,134.6239983,OB(O)c1ccccc1,2.0,L3.8,1.5,3.3,dioxane/water ,O=C1CCCC=C1,30,16.0,94.0,1,1,24,fam1,1,6
50,50,98.0,9.809491361,C1(CC2=CC=CC=C2)=C[C@H]3C(CC4=CC=CC=C4)=C[C@@H]1C3,0.0,0.0,-0.09,0.0,0.0,-0.09,0.0,0.0,272.1565006,0.0,0.0,0.0,0.0,94.18429025,188.3685805,0.0,0.0,94.18429025,20.25598522,279.4546413,0.0,[Rh(C2H4)2Cl]2,22.51198396,19.43509996,0.0,0.0,Lam,134.6239983,OB(O)c1ccccc1,2.0,L3.9,1.5,3.3,dioxane/water ,O=C1CCCC=C1,30,1.5,95.0,1,1,25,fam1,1,4
51,51,2.5,-9.234156144,OCC1=C[C@@H]2C(C)=C[C@H]1[C@@H](C(C)C)C2,0.0,0.0,0.0,-0.17,0.0,0.0,-0.15,0.0,192.1514153,30.36444165,51.93865635,51.93865635,0.0,0.0,0.0,21.5742147,0.0,0.0,84.57992612,208.408658,0.5,[Rh(C2H4)2Cl]2,22.51198396,19.43509996,0.0,0.0,Lam,134.6239983,OB(O)c1ccccc1,1.5,L3.73,1.5,3.3,dioxane/water ,O=C1CCCC=C1,30,1.0,96.0,1,2,26,fam7,0,3
52,52,0.3,-11.9659036,OC(C)(C)C1=C[C@@H]2C(C)=C[C@H]1[C@@H](C(C)C)C2,0.0,0.0,0.0,-0.17,0.0,0.0,-0.15,0.0,220.1827154,64.9564121,86.53062679,86.53062679,0.0,0.0,0.0,21.5742147,0.0,0.0,84.57992612,243.0006285,0.5,[Rh(C2H4)2Cl]2,22.51198396,19.43509996,0.0,0.0,Lam,134.6239983,OB(O)c1ccccc1,1.5,L3.74,1.5,3.3,dioxane/water ,O=C1CCCC=C1,30,1.0,90.0,1,2,8,fam7,0,8
53,53,3.0,-8.761648138,COCC1=C[C@@H]2C(C)=C[C@H]1[C@@H](C(C)C)C2,0.01,0.0,0.0,-0.17,0.0,0.0,-0.15,0.0,206.1670653,47.66042687,69.23464157,69.23464157,0.0,0.0,0.0,21.5742147,0.0,0.0,84.57992612,225.7046432,0.5,[Rh(C2H4)2Cl]2,22.51198396,19.43509996,0.0,0.0,Lam,134.6239983,OB(O)c1ccccc1,1.5,L3.75,1.5,3.3,dioxane/water ,O=C1CCCC=C1,30,1.0,88.0,1,2,27,fam7,0,8
54,54,0.4,-13.90696445,COC(C)(C)C1=C[C@@H]2C(C)=C[C@H]1[C@@H](C(C)C)C2,0.0,0.0,0.0,-0.17,0.0,0.0,-0.15,0.0,234.1983655,82.25239732,103.826612,103.826612,0.0,0.0,0.0,21.5742147,0.0,0.0,84.57992612,260.2966137,0.5,[Rh(C2H4)2Cl]2,22.51198396,19.43509996,0.0,0.0,Lam,134.6239983,OB(O)c1ccccc1,1.5,L3.76,1.5,3.3,dioxane/water ,O=C1CCCC=C1,30,1.0,90.0,1,2,28,fam7,0,8
55,55,6.75,-6.399971107,O=C(OC)C1=C[C@@H]2C(C)=C[C@H]1[C@@H](C(C)C)C2,0.45,0.0,0.0,-0.17,0.0,0.0,-0.15,0.0,220.1463299,53.81419488,75.38840957,75.38840957,0.0,0.0,0.0,21.5742147,0.0,0.0,84.57992612,231.8584112,0.5,[Rh(C2H4)2Cl]2,22.51198396,19.43509996,0.0,0.0,Lam,134.6239983,OB(O)c1ccccc1,1.5,L3.77,1.5,3.3,dioxane/water ,O=C1CCCC=C1,20,3.0,93.0,1,2,29,fam7,0,3
56,56,2.0,-9.809491361,O=[N+]([O-])C(C=C1)=CC=C1C2=C[C@@H]3C(C4=CC=C([N+]([O-])=O)C=C4)=C[C@@]2(C)C3(C)C,0.26,-0.17,0.0,0.26,0.0,0.0,-0.17,1.0,376.1423071,102.8290606,205.6581212,205.6581212,21.5742147,0.0,0.0,102.8290606,0.0,0.0,54.84795567,348.6321376,1.0,[Rh(C2H4)2Cl]2,22.51198396,0.0,28.08309257,0.0,Lam,134.6239983,OB(C1=CC=CC=C1)O,2.0,L3.14,1.5,3.6,EtOH,CC(C)\C=C\C(C)=O,30,2.0,89.0,1,2,14,fam2,0,0
57,57,2.0,-9.809491361,O=[N+]([O-])C(C=C1)=CC=C1C2=C[C@@H]3C(C4=CC=C([N+]([O-])=O)C=C4)=C[C@@]2(C)C3(C)C,0.26,-0.17,0.0,0.26,0.0,0.0,-0.17,1.0,376.1423071,102.8290606,205.6581212,205.6581212,21.5742147,0.0,0.0,102.8290606,0.0,0.0,54.84795567,348.6321376,1.0,[Rh(C2H4)2Cl]2,22.51198396,0.0,28.08309257,0.0,Lam,151.9199836,CC1=CC=CC=C1B(O)O,2.0,L3.14,1.5,3.6,EtOH,CC(C)\C=C\C(C)=O,30,2.0,89.0,1,2,14,fam2,0,1
58,58,3.5,-8.360079,O=[N+]([O-])C(C=C1)=CC=C1C2=C[C@@H]3C(C4=CC=C([N+]([O-])=O)C=C4)=C[C@@]2(C)C3(C)C,0.26,-0.17,0.0,0.26,0.0,0.0,-0.17,1.0,376.1423071,102.8290606,205.6581212,205.6581212,21.5742147,0.0,0.0,102.8290606,0.0,0.0,54.84795567,348.6321376,1.0,[Rh(C2H4)2Cl]2,22.51198396,0.0,28.08309257,0.0,Lam,160.7102105,OB(C1=CC=C(OC)C=C1)O,2.0,L3.14,1.5,3.6,EtOH,CC(C)\C=C\C(C)=O,30,8.0,99.0,1,2,14,fam2,0,8
59,59,2.5,-9.234156144,O=[N+]([O-])C(C=C1)=CC=C1C2=C[C@@H]3C(C4=CC=C([N+]([O-])=O)C=C4)=C[C@@]2(C)C3(C)C,0.26,-0.17,0.0,0.26,0.0,0.0,-0.17,0.0,376.1423071,102.8290606,205.6581212,205.6581212,21.5742147,0.0,0.0,102.8290606,0.0,0.0,54.84795567,348.6321376,1.0,[Rh(C2H4)2Cl]2,22.51198396,18.72206172,0.0,0.0,Lam,134.6239983,OB(C1=CC=CC=C1)O,2.0,L3.14,0.25,0.6,EtOH,O=C1C=CCCCC1,30,1.5,100.0,1,2,14,fam2,0,0
60,60,5.5,-7.16804399,O=[N+]([O-])C(C=C1)=CC=C1C2=C[C@@H]3C(C4=CC=C([N+]([O-])=O)C=C4)=C[C@@]2(C)C3(C)C,0.26,-0.17,0.0,0.26,0.0,0.0,-0.17,0.0,376.1423071,102.8290606,205.6581212,205.6581212,21.5742147,0.0,0.0,102.8290606,0.0,0.0,54.84795567,348.6321376,1.0,[Rh(C2H4)2Cl]2,22.51198396,18.72206172,0.0,0.0,Lam,151.9199836,CC1=CC=C(B(O)O)C=C1,2.0,L3.14,0.25,0.6,EtOH,O=C1C=CCCCC1,30,1.5,100.0,1,2,14,fam2,0,5
61,61,2.0,-9.809491361,O=[N+]([O-])C(C=C1)=CC=C1C2=C[C@@H]3C(C4=CC=C([N+]([O-])=O)C=C4)=C[C@@]2(C)C3(C)C,0.26,-0.17,0.0,0.26,0.0,0.0,-0.17,0.0,376.1423071,102.8290606,205.6581212,205.6581212,21.5742147,0.0,0.0,102.8290606,0.0,0.0,54.84795567,348.6321376,1.0,[Rh(C2H4)2Cl]2,18.25910483,38.87019992,0.0,0.0,Lam,134.6239983,OB(C1=CC=CC=C1)O,2.0,L3.14,0.25,0.6,EtOH,O=C1C=CCCO1,30,2.0,43.0,1,2,14,fam2,0,6
62,62,5.75,-7.049324582,O=[N+]([O-])C(C=C1)=CC=C1C2=C[C@@H]3C(C4=CC=C([N+]([O-])=O)C=C4)=C[C@@]2(C)C3(C)C,0.26,-0.17,0.0,0.26,0.0,0.0,-0.17,0.0,376.1423071,102.8290606,205.6581212,205.6581212,21.5742147,0.0,0.0,102.8290606,0.0,0.0,54.84795567,348.6321376,1.0,[Rh(C2H4)2Cl]2,18.25910483,38.87019992,0.0,0.0,Lam,151.9199836,CC1=CC=C(B(O)O)C=C1,2.0,L3.14,0.25,0.6,EtOH,O=C1C=CCCO1,30,2.0,38.0,1,2,14,fam2,0,6
63,63,28.0,-2.537608422,O=[N+]([O-])C(C=C1)=CC=C1C2=C[C@@H]3C(C4=CC=C([N+]([O-])=O)C=C4)=C[C@@]2(C)C3(C)C,0.26,-0.17,0.0,0.26,0.0,0.0,-0.17,1.0,376.1423071,102.8290606,205.6581212,205.6581212,21.5742147,0.0,0.0,102.8290606,0.0,0.0,54.84795567,348.6321376,1.0,[Rh(C2H4)2Cl]2,15.10949251,0.0,18.83685805,0.0,Lam,134.6239983,OB(C1=CC=CC=C1)O,1.5,L3.14,1.5,3.6,toluene/H2O,CC(C=C1)=CC=C1/C=C/[N+]([O-])=O,50,23.0,98.0,1,2,14,fam2,0,4
64,64,4.5,-7.573368874,FC(C=C1)=CC=C1C2=C[C@@H]3C(C4=CC=C(F)C=C4)=C[C@@]2(C)C3(C)C,-0.2,-0.17,0.0,-0.2,0.0,0.0,-0.17,1.0,322.1533071,82.95586398,165.911728,165.911728,21.5742147,0.0,0.0,82.95586398,0.0,0.0,54.84795567,308.8857444,1.0,[Rh(C2H4)2Cl]2,22.51198396,0.0,28.08309257,0.0,Lam,134.6239983,OB(C1=CC=CC=C1)O,2.0,L3.15,1.5,3.6,dioxane,CC(/C=C/C(C)C)=O,25,1.0,85.0,1,2,30,fam2,0,9
65,65,27.5,-2.604615153,FC(C=C1)=CC=C1C2=C[C@@H]3C(C4=CC=C(F)C=C4)=C[C@@]2(C)C3(C)C,-0.2,-0.17,0.0,-0.2,0.0,0.0,-0.17,1.0,322.1533071,82.95586398,165.911728,165.911728,21.5742147,0.0,0.0,82.95586398,0.0,0.0,54.84795567,308.8857444,1.0,[Rh(C2H4)2Cl]2,15.10949251,0.0,18.83685805,0.0,Lam,134.6239983,OB(C1=CC=CC=C1)O,1.5,L3.15,1.5,3.6,toluene/H2O,CC(C=C1)=CC=C1/C=C/[N+]([O-])=O,50,23.0,90.0,1,2,30,fam2,0,6
66,66,3.625,-8.131988717,CC1(C)[C@H]2C(C3=C(C=CC=C4)C4=CC=C3)=C[C@]1(C)C(C5=C(C=CC=C6)C6=CC=C5)=C2,0.14,-0.17,0.0,0.14,0.0,0.0,-0.17,1.0,386.2034508,117.5428691,235.0857382,235.0857382,21.5742147,0.0,0.0,117.5428691,0.0,0.0,54.84795567,378.0597546,1.0,[Rh(C2H4)2Cl]2,22.51198396,0.0,28.08309257,0.0,Lam,134.6239983,OB(C1=CC=CC=C1)O,2.0,L3.156,1.5,3.6,dioxane,CC(/C=C/C(C)C)=O,25,1.0,87.0,1,2,31,fam8,0,9
67,67,1.0,-11.39115587,CC1(C)[C@H]2C(C3=C(C=CC=C4)C4=CC=C3)=C[C@]1(C)C(C5=CC=CC6=C5C=CC=C6)=C2,0.14,-0.17,0.0,0.14,0.0,0.0,-0.17,1.0,386.2034508,117.5428691,235.0857382,235.0857382,21.5742147,0.0,0.0,117.5428691,0.0,0.0,54.84795567,378.0597546,1.0,[Rh(C2H4)2Cl]2,22.51198396,0.0,28.08309257,0.0,Lam,151.9199836,CC1=CC=CC=C1B(O)O,2.0,L3.156,0.025,0.06,EtOH,CC(C)\C=C\C(C)=O,25,96.0,68.0,1,2,31,fam8,0,7
68,68,3.25,-8.41231736,CC1(C)[C@H]2C(C3=C(C=CC=C4)C4=CC=C3)=C[C@]1(C)C(C5=CC=CC6=C5C=CC=C6)=C2,0.14,-0.17,0.0,0.14,0.0,0.0,-0.17,1.0,386.2034508,117.5428691,235.0857382,235.0857382,21.5742147,0.0,0.0,117.5428691,0.0,0.0,54.84795567,378.0597546,1.0,[Rh(C2H4)2Cl]2,22.51198396,0.0,28.08309257,0.0,Lam,160.7102105,OB(C1=CC=CC(OC)=C1)O,2.0,L3.156,0.025,0.06,EtOH,CC(C)\C=C\C(C)=O,25,11.0,86.0,1,2,31,fam8,0,8
69,69,1.5,-10.37346901,CC1(C)[C@H]2C(C3=C(C=CC=C4)C4=CC=C3)=C[C@]1(C)C(C5=C(C=CC=C6)C6=CC=C5)=C2,0.14,-0.17,0.0,0.14,0.0,0.0,-0.17,1.0,386.2034508,117.5428691,235.0857382,235.0857382,21.5742147,0.0,0.0,117.5428691,0.0,0.0,54.84795567,378.0597546,1.0,[Rh(C2H4)2Cl]2,22.51198396,0.0,28.08309257,0.0,Lam,207.2340739,OB(C1=CC=C(C2=CC=CC=C2)C=C1)O,2.0,L3.156,0.025,0.06,EtOH,CC(C)\C=C\C(C)=O,25,5.5,72.0,1,2,31,fam8,0,7
70,70,2.0,-9.647698662,CC1(C)[C@H]2C(C3=C(C=CC=C4)C4=CC=C3)=C[C@]1(C)C(C5=C(C=CC=C6)C6=CC=C5)=C2,0.14,-0.17,0.0,0.14,0.0,0.0,-0.17,1.0,386.2034508,117.5428691,235.0857382,235.0857382,21.5742147,0.0,0.0,117.5428691,0.0,0.0,54.84795567,378.0597546,1.0,[Rh(C2H4)2Cl]2,22.51198396,0.0,28.08309257,0.0,Lam,170.1226604,OB(C1=CC=C(C(F)(F)F)C=C1)O,2.0,L3.156,0.025,0.06,EtOH,CC(C)\C=C\C(C)=O,25,50.0,74.0,1,2,31,fam8,0,5
71,71,2.5,-9.081852728,CC1(C)[C@H]2C(C3=C(C=CC=C4)C4=CC=C3)=C[C@]1(C)C(C5=C(C=CC=C6)C6=CC=C5)=C2,0.14,-0.17,0.0,0.14,0.0,0.0,-0.17,1.0,386.2034508,117.5428691,235.0857382,235.0857382,21.5742147,0.0,0.0,117.5428691,0.0,0.0,54.84795567,378.0597546,1.0,[Rh(C2H4)2Cl]2,22.51198396,0.0,28.08309257,0.0,Lam,175.2785624,OB(C1=CC=CC2=C1C=CC=C2)O,2.0,L3.156,0.025,0.06,EtOH,CC(C)\C=C\C(C)=O,25,25.0,77.0,1,2,31,fam8,0,1
72,72,5.0,-7.299170523,CC1(C)[C@H]2C(C3=C(C=CC=C4)C4=CC=C3)=C[C@]1(C)C(C5=C(C=CC=C6)C6=CC=C5)=C2,0.14,-0.17,0.0,0.14,0.0,0.0,-0.17,1.0,386.2034508,117.5428691,235.0857382,235.0857382,21.5742147,0.0,0.0,117.5428691,0.0,0.0,54.84795567,378.0597546,1.0,[Rh(C2H4)2Cl]2,22.51198396,0.0,26.13389888,0.0,Lam,134.6239983,OB(C1=CC=CC=C1)O,2.0,L3.156,0.025,0.06,EtOH,CC(/C=C/C1CCCC1)=O,25,24.0,94.0,1,2,31,fam8,0,1
73,73,1.4,-10.54701558,CC1(C)[C@H]2C(C3=C(C=CC=C4)C4=CC=C3)=C[C@]1(C)C(C5=C(C=CC=C6)C6=CC=C5)=C2,0.14,-0.17,0.0,0.14,0.0,0.0,-0.17,1.0,386.2034508,117.5428691,235.0857382,235.0857382,21.5742147,0.0,0.0,117.5428691,0.0,0.0,54.84795567,378.0597546,1.0,[Rh(C2H4)2Cl]2,22.51198396,0.0,26.13389888,0.0,Lam,151.9199836,CC1=C(B(O)O)C=CC=C1,2.0,L3.156,0.025,0.06,EtOH,CC(/C=C/C1CCCC1)=O,25,96.0,80.0,1,2,31,fam8,0,9
74,74,2.75,-8.839217334,CC1(C)[C@H]2C(C3=C(C=CC=C4)C4=CC=C3)=C[C@]1(C)C(C5=C(C=CC=C6)C6=CC=C5)=C2,0.14,-0.17,0.0,0.14,0.0,0.0,-0.17,1.0,386.2034508,117.5428691,235.0857382,235.0857382,21.5742147,0.0,0.0,117.5428691,0.0,0.0,54.84795567,378.0597546,1.0,[Rh(C2H4)2Cl]2,22.51198396,0.0,26.13389888,0.0,Lam,149.8350664,ClC1=CC=CC(B(O)O)=C1,2.0,L3.156,0.025,0.06,EtOH,CC(/C=C/C1CCCC1)=O,25,16.0,99.0,1,2,31,fam8,0,3
75,75,0.3,-14.39323251,CC1(C)[C@H]2C(C3=C(C=CC=C4)C4=CC=C3)=C[C@]1(C)C(C5=C(C=CC=C6)C6=CC=C5)=C2,0.14,-0.17,0.0,0.14,0.0,0.0,-0.17,1.0,386.2034508,117.5428691,235.0857382,235.0857382,21.5742147,0.0,0.0,117.5428691,0.0,0.0,54.84795567,378.0597546,1.0,[Rh(C2H4)2Cl]2,22.51198396,0.0,26.13389888,0.0,Lam,170.1226604,OB(C1=CC=C(C(F)(F)F)C=C1)O,2.0,L3.156,0.025,0.06,EtOH,CC(/C=C/C1CCCC1)=O,25,72.0,99.0,1,2,31,fam8,0,0
76,76,11.0,-5.182880641,CC1(C)[C@H]2C(C3=C(C=CC=C4)C4=CC=C3)=C[C@]1(C)C(C5=C(C=CC=C6)C6=CC=C5)=C2,0.14,-0.17,0.0,0.14,0.0,0.0,-0.17,1.0,386.2034508,117.5428691,235.0857382,235.0857382,21.5742147,0.0,0.0,117.5428691,0.0,0.0,54.84795567,378.0597546,1.0,[Rh(C2H4)2Cl]2,22.51198396,0.0,17.16241953,0.0,Lam,134.6239983,OB(C1=CC=CC=C1)O,2.0,L3.156,0.025,0.06,EtOH,CC(/C=C/C1=CC=C(OC)C=C1)=O,25,27.0,98.0,1,2,31,fam8,0,0
77,77,3.0,-8.617138025,CC1(C)[C@H]2C(C3=C(C=CC=C4)C4=CC=C3)=C[C@]1(C)C(C5=C(C=CC=C6)C6=CC=C5)=C2,0.14,-0.17,0.0,0.14,0.0,0.0,-0.17,1.0,386.2034508,117.5428691,235.0857382,235.0857382,21.5742147,0.0,0.0,117.5428691,0.0,0.0,54.84795567,378.0597546,1.0,[Rh(C2H4)2Cl]2,22.51198396,0.0,16.5911728,0.0,Lam,134.6239983,OB(C1=CC=CC=C1)O,2.0,L3.156,0.025,0.06,EtOH,CC(/C=C/C1=CC=C(F)C=C1)=O,25,16.0,95.0,1,2,31,fam8,0,2
78,78,1.0,-12.72837021,CC1(C)[C@H]2C(C3=C(C=CC=C4)C4=CC=C3)=C[C@]1(C)C(C5=C(C=CC=C6)C6=CC=C5)=C2,0.14,-0.17,0.0,0.14,0.0,0.0,-0.17,1.0,386.2034508,117.5428691,235.0857382,235.0857382,21.5742147,0.0,0.0,117.5428691,0.0,0.0,54.84795567,378.0597546,1.0,[Rh(C2H4)2Cl]2,26.42553764,0.0,21.5742147,0.0,Lam,134.6239983,OB(C1=CC=CC=C1)O,2.0,L3.156,0.025,0.06,EtOH,O=C(/C=C/C)OC(C)(C)C,60,2.0,81.0,1,2,31,fam8,0,5
79,79,0.5,-14.6623256,CC1(C)[C@H]2C(C3=C(C=CC=C4)C4=CC=C3)=C[C@]1(C)C(C5=C(C=CC=C6)C6=CC=C5)=C2,0.14,-0.17,0.0,0.14,0.0,0.0,-0.17,1.0,386.2034508,117.5428691,235.0857382,235.0857382,21.5742147,0.0,0.0,117.5428691,0.0,0.0,54.84795567,378.0597546,1.0,[Rh(C2H4)2Cl]2,26.42553764,0.0,19.22207626,0.0,Lam,160.7102105,COC1=CC=C(B(O)O)C=C1,2.0,L3.156,0.025,0.06,EtOH,O=C(/C=C/C1=CC=CC=C1)OC(C)(C)C,60,14.0,99.5,1,2,31,fam8,0,0
80,80,2.0,-10.78024756,CC1(C)[C@H]2C(C3=C(C=CC=C4)C4=CC=C3)=C[C@]1(C)C(C5=C(C=CC=C6)C6=CC=C5)=C2,0.14,-0.17,0.0,0.14,0.0,0.0,-0.17,1.0,386.2034508,117.5428691,235.0857382,235.0857382,21.5742147,0.0,0.0,117.5428691,0.0,0.0,54.84795567,378.0597546,1.0,[Rh(C2H4)2Cl]2,26.42553764,0.0,21.46208822,0.0,Lam,134.6239983,OB(C1=CC=CC=C1)O,2.0,L3.156,0.25,0.6,EtOH,O=C(/C=C/C1=CC=C(Cl)C(Cl)=C1)OC(C)(C)C,60,23.0,88.0,1,2,31,fam8,0,2
81,81,8.125,-6.516862742,CC1(C)[C@H]2C(C3=C(C=CC=C4)C4=CC=C3)=C[C@]1(C)C(C5=C(C=CC=C6)C6=CC=C5)=C2,0.14,-0.17,0.0,0.14,0.0,0.0,-0.17,1.0,386.2034508,117.5428691,235.0857382,235.0857382,21.5742147,0.0,0.0,117.5428691,0.0,0.0,54.84795567,378.0597546,1.0,[Rh(C2H4)2Cl]2,15.10949251,0.0,18.83685805,0.0,Lam,134.6239983,OB(C1=CC=CC=C1)O,1.5,L3.156,1.5,3.6,toluene/H2O,CC(C=C1)=CC=C1/C=C/[N+]([O-])=O,50,1.5,85.0,1,2,31,fam8,0,0
82,82,95.0,7.299170523,C[C@@]1([C@@H]2C=C[C@@](C)(C(C3=CC=CC=C3)=C2)C1)OC,0.0,0.0,0.0,0.0,-0.17,-0.01,-0.27,0.0,240.1514153,0.0,0.0,0.0,0.0,0.0,76.88830503,0.0,21.5742147,76.88830503,76.07416785,246.4267631,0.5,[Rh(C2H4)2Cl]2,22.51198396,19.43509996,0.0,0.0,Lam,134.6239983,OB(O)c1ccccc1,2.0,L3.40,1.0,2.2,MeOH/CH2Cl2,O=C1CCCC=C1,25,20.0,90.0,1,1,32,fam5,1,4
83,83,11.0,-5.269797976,CC(C=CC=C1)=C1C2=C[C@@H]3C(C4=C(C)C=CC=C4)=C[C@H]2CC3,-0.03,0.0,0.0,-0.03,0.0,0.0,0.0,1.0,286.1721507,94.18429025,188.3685805,188.3685805,0.0,0.0,0.0,94.18429025,0.0,0.0,32.69197045,292.9506265,1.0,[Rh(C2H4)2Cl]2,22.51198396,0.0,28.08309257,0.0,Lam,134.6239983,OB(C1=CC=CC=C1)O,2.0,L3.158,1.5,3.3,dioxane/H2O,CC(/C=C/C(C)C)=O,30,1.0,89.0,1,2,18,fam3,0,9
84,84,98.0,9.647698662,C[C@]1(OC)[C@@H]2C=C[C@@](C1)(C)C(C3=CC=CC=C3C)=C2,0.0,0.0,0.0,0.0,-0.17,-0.01,-0.27,0.0,254.1670653,0.0,0.0,0.0,0.0,0.0,94.18429025,0.0,21.5742147,94.18429025,76.07416785,263.7227483,0.5,[Rh(C2H4)2Cl]2,22.51198396,19.43509996,0.0,0.0,Lam,134.6239983,OB(O)c1ccccc1,2.0,L3.41,1.0,2.2,MeOH/CH2Cl2,O=C1CCCC=C1,25,20.0,88.0,1,1,33,fam5,1,6
85,85,4.0,-8.010413947,FC(C(C=C1)=CC=C1C2=C[C@@H]3C(C4=CC=C(C(F)(F)F)C=C4)=C[C@H]2CC3)(F)F,-0.09,0.0,0.0,-0.09,0.0,0.0,0.0,1.0,394.1156198,112.3869671,224.7739342,224.7739342,0.0,0.0,0.0,112.3869671,0.0,0.0,32.69197045,329.3559802,1.0,[Rh(C2H4)2Cl]2,22.51198396,0.0,28.08309257,0.0,Lam,134.6239983,OB(C1=CC=CC=C1)O,2.0,L3.159,1.5,3.3,dioxane/H2O,CC(/C=C/C(C)C)=O,30,1.0,90.0,1,2,19,fam3,0,3
86,86,96.5,8.222192162,O=CC1=CC=CC=C1C2=C[C@H]3C=C[C@]2(C)C[C@@]3(C)OC,0.0,0.0,0.0,0.0,-0.17,0.0,-0.27,0.0,268.1463299,0.0,0.0,0.0,0.0,0.0,100.3380583,0.0,21.5742147,100.3380583,76.07416785,269.8765164,0.5,[Rh(C2H4)2Cl]2,22.51198396,19.43509996,0.0,0.0,Lam,134.6239983,OB(O)c1ccccc1,2.0,L3.42,1.0,2.2,MeOH/CH2Cl2,O=C1CCCC=C1,25,20.0,90.0,1,1,34,fam5,1,2
87,87,6.0,-6.820968473,ClC(C=C1)=CC=C1C2=C[C@@H]3C(C4=CC=C(Cl)C=C4)=C[C@@]2(C)C3(C)C,0.12,-0.17,0.0,0.12,0.0,0.0,-0.17,1.0,382.1255061,109.3953583,218.7907166,218.7907166,21.5742147,0.0,0.0,109.3953583,0.0,0.0,54.84795567,361.764733,1.0,[Rh(C2H4)2Cl]2,22.51198396,0.0,28.08309257,0.0,Lam,134.6239983,OB(C1=CC=CC=C1)O,2.0,L3.16,1.5,3.6,dioxane,CC(/C=C/C(C)C)=O,25,1.0,74.0,1,2,35,fam2,0,9
88,88,24.0,-3.097054666,ClC(C=C1)=CC=C1C2=C[C@@H]3C(C4=CC=C(Cl)C=C4)=C[C@@]2(C)C3(C)C,0.12,-0.17,0.0,0.12,0.0,0.0,-0.17,1.0,382.1255061,109.3953583,218.7907166,218.7907166,21.5742147,0.0,0.0,109.3953583,0.0,0.0,54.84795567,361.764733,1.0,[Rh(C2H4)2Cl]2,15.10949251,0.0,18.83685805,0.0,Lam,134.6239983,OB(C1=CC=CC=C1)O,1.5,L3.16,1.5,3.6,toluene/H2O,CC(C=C1)=CC=C1/C=C/[N+]([O-])=O,50,23.0,95.0,1,2,35,fam2,0,4
89,89,97.6,9.185590382,C[C@]1(OC)[C@@H]2C=C[C@@](C1)(C)C(C3=CC=C(C)C=C3)=C2,0.0,0.0,0.0,0.0,-0.17,-0.03,-0.27,0.0,254.1670653,0.0,0.0,0.0,0.0,0.0,94.18429025,0.0,21.5742147,94.18429025,76.07416785,263.7227483,0.5,[Rh(C2H4)2Cl]2,22.51198396,19.43509996,0.0,0.0,Lam,134.6239983,OB(O)c1ccccc1,2.0,L3.46,1.0,2.2,MeOH/CH2Cl2,O=C1CCCC=C1,25,20.0,81.0,1,1,36,fam5,1,7
90,90,11.0,-5.269797976,COC(C=C1)=CC=C1C2=C[C@@H]3C(C4=CC=C(OC)C=C4)=C[C@H]2CC3,-0.08,0.0,0.0,-0.08,0.0,0.0,0.0,1.0,318.1619799,102.9745172,205.9490344,205.9490344,0.0,0.0,0.0,102.9745172,0.0,0.0,32.69197045,310.5310804,1.0,[Rh(C2H4)2Cl]2,22.51198396,0.0,28.08309257,0.0,Lam,134.6239983,OB(C1=CC=CC=C1)O,2.0,L3.160,1.5,3.3,dioxane/H2O,CC(/C=C/C(C)C)=O,30,1.0,91.0,1,2,20,fam3,0,9
91,91,95.5,7.573368874,C[C@]1(OC)[C@@H]2C=C[C@@](C1)(C)C(C3=CC=C(C(C)(C)C)C=C3)=C2,0.0,0.0,0.0,0.0,-0.17,0.0,-0.27,0.0,296.2140155,0.0,0.0,0.0,0.0,0.0,146.0722459,0.0,21.5742147,146.0722459,76.07416785,315.610704,0.5,[Rh(C2H4)2Cl]2,22.51198396,19.43509996,0.0,0.0,Lam,134.6239983,OB(O)c1ccccc1,2.0,L3.47,1.0,2.2,MeOH/CH2Cl2,O=C1CCCC=C1,25,20.0,87.0,1,1,37,fam5,1,7
92,92,7.5,-6.332368513,CC1=CC(C)=CC(C2=C[C@@H]3C(C4=CC(C)=CC(C)=C4)=C[C@H]2CC3)=C1,-0.09,0.0,0.0,-0.09,0.0,0.0,0.0,1.0,314.2034508,111.4802755,222.9605509,222.9605509,0.0,0.0,0.0,111.4802755,0.0,0.0,32.69197045,327.5425969,1.0,[Rh(C2H4)2Cl]2,22.51198396,0.0,28.08309257,0.0,Lam,134.6239983,OB(C1=CC=CC=C1)O,2.0,L3.161,1.5,3.3,dioxane/H2O,CC(/C=C/C(C)C)=O,30,1.0,88.0,1,2,21,fam3,0,2
93,93,19.5,-3.514786977,FC[C@]1(CC2)C(C3=CC=CC=C3)=C[C@]2(CF)C(C4=CC=CC=C4)=C1,-0.01,0.15,0.0,-0.01,0.15,0.0,0.0,1.0,322.1533071,76.88830503,153.7766101,153.7766101,27.64177365,0.0,0.0,76.88830503,27.64177365,0.0,32.69197045,305.0857444,1.0,[Rh(C2H4)2Cl]2,22.51198396,0.0,18.15163112,0.0,Lam,134.6239983,OB(C1=CC=CC=C1)O,2.0,L3.163,1.5,3.3,dioxane/H2O,CC(/C=C/CCCCC)=O,25,3.0,95.0,1,2,38,fam4,0,2
94,94,92.5,6.227925688,FC(F)(F)C(C=C1)=CC=C1C2=C[C@H]3C=C[C@]2(C)C[C@@]3(C)OC,0.0,0.0,0.0,0.0,-0.17,0.0,-0.27,0.0,308.1387999,0.0,0.0,0.0,0.0,0.0,112.3869671,0.0,21.5742147,112.3869671,76.07416785,281.9254252,0.5,[Rh(C2H4)2Cl]2,22.51198396,19.43509996,0.0,0.0,Lam,134.6239983,OB(O)c1ccccc1,2.0,L3.48,1.0,2.2,MeOH/CH2Cl2,O=C1CCCC=C1,25,20.0,91.0,1,1,39,fam5,1,4
95,95,95.5,7.573368874,C[C@]1(OC)[C@@H]2C=C[C@@](C1)(C)C(C3=CC=C(OC)C=C3)=C2,0.0,0.0,0.0,0.0,-0.17,-0.08,-0.27,0.0,270.1619799,0.0,0.0,0.0,0.0,0.0,102.9745172,0.0,21.5742147,102.9745172,76.07416785,272.5129753,0.5,[Rh(C2H4)2Cl]2,22.51198396,19.43509996,0.0,0.0,Lam,134.6239983,OB(O)c1ccccc1,2.0,L3.50,1.0,2.2,MeOH/CH2Cl2,O=C1CCCC=C1,25,20.0,93.0,1,1,40,fam5,1,5
96,96,5.5,-7.049817963,OC(CC(C)C)(CC(C)C)C1=C[C@@H]2C=C[C@H]1CC2,0.0,0.0,0.0,0.0,0.0,0.0,0.0,0.0,248.2140155,168.7323234,168.7323234,168.7323234,0.0,0.0,0.0,0.0,0.0,0.0,32.69197045,277.5925989,0.5,[Rh(C2H4)2Cl]2,22.51198396,21.5742147,0.0,0.0,Lam,134.6239983,OB(O)C1=CC=CC=C1,2.0,L3.19,0.25,0.55,MeOH,O=C1C=CCC1,25,1.0,96.0,1,2,9,fam3,0,9
97,97,94.5,7.049817963,FC(F)(F)C(C=C1)=CC=C1C2=C[C@H]3C=C[C@]2(C)C[C@]3(OC)C,0.0,0.0,0.0,0.0,-0.17,0.0,-0.27,0.0,308.1387999,0.0,0.0,0.0,0.0,0.0,112.3869671,0.0,21.5742147,112.3869671,76.07416785,281.9254252,0.5,[Rh(C2H4)2Cl]2,22.51198396,19.43509996,0.0,0.0,Lam,134.6239983,OB(O)c1ccccc1,2.0,L3.51,1.0,2.2,MeOH/CH2Cl2,O=C1CCCC=C1,25,20.0,99.0,1,1,41,fam5,1,8
98,98,97.5,9.081852728,C[C@]1(OC)[C@@H]2C=C[C@@](C1)(C)C(C3=C(C)C=CC=C3C)=C2,0.0,0.0,0.0,0.0,-0.17,0.0,-0.27,0.0,268.1827154,0.0,0.0,0.0,0.0,0.0,111.4802755,0.0,21.5742147,111.4802755,76.07416785,281.0187336,0.5,[Rh(C2H4)2Cl]2,22.51198396,19.43509996,0.0,0.0,Lam,134.6239983,OB(O)c1ccccc1,2.0,L3.52,1.0,2.2,MeOH/CH2Cl2,O=C1CCCC=C1,25,20.0,86.0,1,1,16,fam5,1,8
99,99,7.5,-6.750139815,OC(CC(C)C)(CC(C)C)C1=C[C@@H]2C=C[C@H]1CC2,0.0,0.0,0.0,0.0,0.0,0.0,0.0,0.0,248.2140155,168.7323234,168.7323234,168.7323234,0.0,0.0,0.0,0.0,0.0,0.0,32.69197045,277.5925989,0.5,[Rh(C2H4)2Cl]2,22.51198396,18.72206172,0.0,0.0,Lam,134.6239983,OB(C1=CC=CC=C1)O,2.0,L3.19,0.25,0.55,MeOH/H2O,O=C1C=CCCCC1,50,1.0,90.0,1,2,9,fam3,0,7
100,100,5.0,-7.91120897,OC(CC(C)C)(CC(C)C)C1=C[C@@H]2C=C[C@H]1CC2,0.0,0.0,0.0,0.0,0.0,0.0,0.0,1.0,248.2140155,168.7323234,168.7323234,168.7323234,0.0,0.0,0.0,0.0,0.0,0.0,32.69197045,277.5925989,0.5,[Rh(C2H4)2Cl]2,22.51198396,0.0,18.15163112,0.0,Lam,134.6239983,OB(C1=CC=CC=C1)O,2.0,L3.19,0.25,0.55,MeOH/H2O,CC(/C=C/CCCCC)=O,50,1.0,91.0,1,2,9,fam3,0,3
101,101,5.0,-7.91120897,CC(C=C(C)C=C1C)=C1CC2=C[C@@H]3C(CC4=C(C)C=C(C)C=C4C)=C[C@H]2C3,-0.09,0.0,0.0,-0.09,0.0,0.0,0.0,1.0,356.250401,146.0722459,292.1444918,292.1444918,0.0,0.0,0.0,146.0722459,0.0,0.0,20.25598522,383.2305526,1.0,[Rh(C2H4)2Cl]2,26.42553764,0.0,26.42553764,0.0,Lam,134.6239983,OB(C1=CC=CC=C1)O,3.0,L3.2,2.5,5.5,dioxane/H2O,O=C(/C=C/C(OC(C)(C)C)=O)OC(C)(C)C,50,3.0,90.0,1,2,42,fam1,0,9
102,102,4.5,-8.208398966,CC(C=C(C)C=C1C)=C1CC2=C[C@@H]3C(CC4=C(C)C=C(C)C=C4C)=C[C@H]2C3,-0.09,0.0,0.0,-0.09,0.0,0.0,0.0,1.0,356.250401,146.0722459,292.1444918,292.1444918,0.0,0.0,0.0,146.0722459,0.0,0.0,20.25598522,383.2305526,1.0,[Rh(C2H4)2Cl]2,26.42553764,0.0,26.42553764,0.0,Lam,151.9199836,CC1=C(B(O)O)C=CC=C1,3.0,L3.2,2.5,5.5,dioxane/H2O,O=C(/C=C/C(OC(C)(C)C)=O)OC(C)(C)C,50,3.0,80.0,1,2,42,fam1,0,0
103,103,7.0,-6.949996276,CC(C=C(C)C=C1C)=C1CC2=C[C@@H]3C(CC4=C(C)C=C(C)C=C4C)=C[C@H]2C3,-0.09,0.0,0.0,-0.09,0.0,0.0,0.0,1.0,356.250401,146.0722459,292.1444918,292.1444918,0.0,0.0,0.0,146.0722459,0.0,0.0,20.25598522,383.2305526,1.0,[Rh(C2H4)2Cl]2,26.42553764,0.0,26.42553764,0.0,Lam,160.7102105,COC1=CC=C(B(O)O)C=C1,3.0,L3.2,2.5,5.5,dioxane/H2O,O=C(/C=C/C(OC(C)(C)C)=O)OC(C)(C)C,50,3.0,78.0,1,2,42,fam1,0,9
104,104,5.0,-7.91120897,CC(C=C(C)C=C1C)=C1CC2=C[C@@H]3C(CC4=C(C)C=C(C)C=C4C)=C[C@H]2C3,-0.09,0.0,0.0,-0.09,0.0,0.0,0.0,1.0,356.250401,146.0722459,292.1444918,292.1444918,0.0,0.0,0.0,146.0722459,0.0,0.0,20.25598522,383.2305526,1.0,[Rh(C2H4)2Cl]2,26.42553764,0.0,26.42553764,0.0,Lam,140.6915573,FC1=CC=C(B(O)O)C=C1,3.0,L3.2,2.5,5.5,dioxane/H2O,O=C(/C=C/C(OC(C)(C)C)=O)OC(C)(C)C,50,3.0,85.0,1,2,42,fam1,0,3
105,105,6.5,-7.163518483,CC(C=C(C)C=C1C)=C1CC2=C[C@@H]3C(CC4=C(C)C=C(C)C=C4C)=C[C@H]2C3,-0.09,0.0,0.0,-0.09,0.0,0.0,0.0,1.0,356.250401,146.0722459,292.1444918,292.1444918,0.0,0.0,0.0,146.0722459,0.0,0.0,20.25598522,383.2305526,1.0,[Rh(C2H4)2Cl]2,26.42553764,0.0,26.42553764,0.0,Lam,175.2785624,OB(C1=CC2=C(C=CC=C2)C=C1)O,3.0,L3.2,2.5,5.5,dioxane/H2O,O=C(/C=C/C(OC(C)(C)C)=O)OC(C)(C)C,50,3.0,91.0,1,2,42,fam1,0,8
106,106,7.5,6.750139815,CC(C=C(C)C=C1C)=C1CC2=C[C@@H]3C(CC4=C(C)C=C(C)C=C4C)=C[C@H]2C3,-0.09,0.0,0.0,-0.09,0.0,0.0,0.0,0.0,356.250401,146.0722459,292.1444918,292.1444918,0.0,0.0,0.0,146.0722459,0.0,0.0,20.25598522,383.2305526,1.0,[Rh(C2H4)2Cl]2,18.67357617,13.86399135,0.0,0.0,Lam,134.6239983,OB(C1=CC=CC=C1)O,3.0,L3.2,2.5,5.5,dioxane/H2O,O=C(N1C)C=CC1=O,50,3.0,88.0,1,2,42,fam1,0,4
107,107,6.5,7.163518483,CC(C=C(C)C=C1C)=C1CC2=C[C@@H]3C(CC4=C(C)C=C(C)C=C4C)=C[C@H]2C3,-0.09,0.0,0.0,-0.09,0.0,0.0,0.0,0.0,356.250401,146.0722459,292.1444918,292.1444918,0.0,0.0,0.0,146.0722459,0.0,0.0,20.25598522,383.2305526,1.0,[Rh(C2H4)2Cl]2,21.69069928,13.86399135,0.0,0.0,Lam,134.6239983,OB(C1=CC=CC=C1)O,3.0,L3.2,2.5,5.5,dioxane/H2O,O=C(N1C2CCCCC2)C=CC1=O,50,3.0,85.0,1,2,42,fam1,0,8
108,108,4.0,8.538892518,CC(C=C(C)C=C1C)=C1CC2=C[C@@H]3C(CC4=C(C)C=C(C)C=C4C)=C[C@H]2C3,-0.09,0.0,0.0,-0.09,0.0,0.0,0.0,0.0,356.250401,146.0722459,292.1444918,292.1444918,0.0,0.0,0.0,146.0722459,0.0,0.0,20.25598522,383.2305526,1.0,[Rh(C2H4)2Cl]2,21.69069928,13.86399135,0.0,0.0,Lam,151.9199836,CC1=CC=CC=C1B(O)O,3.0,L3.2,2.5,5.5,dioxane/H2O,O=C(N1C2CCCCC2)C=CC1=O,50,3.0,95.0,1,2,42,fam1,0,9
109,109,9.0,6.216345298,CC(C=C(C)C=C1C)=C1CC2=C[C@@H]3C(CC4=C(C)C=C(C)C=C4C)=C[C@H]2C3,-0.09,0.0,0.0,-0.09,0.0,0.0,0.0,0.0,356.250401,146.0722459,292.1444918,292.1444918,0.0,0.0,0.0,146.0722459,0.0,0.0,20.25598522,383.2305526,1.0,[Rh(C2H4)2Cl]2,21.69069928,13.86399135,0.0,0.0,Lam,149.8350664,ClC1=CC(B(O)O)=CC=C1,3.0,L3.2,2.5,5.5,dioxane/H2O,O=C(N1C2CCCCC2)C=CC1=O,50,3.0,92.0,1,2,42,fam1,0,4
110,110,8.0,6.562172934,CC(C=C(C)C=C1C)=C1CC2=C[C@@H]3C(CC4=C(C)C=C(C)C=C4C)=C[C@H]2C3,-0.09,0.0,0.0,-0.09,0.0,0.0,0.0,0.0,356.250401,146.0722459,292.1444918,292.1444918,0.0,0.0,0.0,146.0722459,0.0,0.0,20.25598522,383.2305526,1.0,[Rh(C2H4)2Cl]2,21.69069928,13.86399135,0.0,0.0,Lam,160.7102105,COC(C=C1)=CC=C1B(O)O,3.0,L3.2,2.5,5.5,dioxane/H2O,O=C(N1C2CCCCC2)C=CC1=O,50,3.0,77.0,1,2,42,fam1,0,3
111,111,7.5,6.750139815,CC(C=C(C)C=C1C)=C1CC2=C[C@@H]3C(CC4=C(C)C=C(C)C=C4C)=C[C@H]2C3,-0.09,0.0,0.0,-0.09,0.0,0.0,0.0,0.0,356.250401,146.0722459,292.1444918,292.1444918,0.0,0.0,0.0,146.0722459,0.0,0.0,20.25598522,383.2305526,1.0,[Rh(C2H4)2Cl]2,21.69069928,13.86399135,0.0,0.0,Lam,140.6915573,FC(C=C1)=CC=C1B(O)O,3.0,L3.2,2.5,5.5,dioxane/H2O,O=C(N1C2CCCCC2)C=CC1=O,50,3.0,88.0,1,2,42,fam1,0,9
112,112,8.0,6.562172934,CC(C=C(C)C=C1C)=C1CC2=C[C@@H]3C(CC4=C(C)C=C(C)C=C4C)=C[C@H]2C3,-0.09,0.0,0.0,-0.09,0.0,0.0,0.0,0.0,356.250401,146.0722459,292.1444918,292.1444918,0.0,0.0,0.0,146.0722459,0.0,0.0,20.25598522,383.2305526,1.0,[Rh(C2H4)2Cl]2,21.69069928,13.86399135,0.0,0.0,Lam,175.2785624,OB(C1=CC=C(C=CC=C2)C2=C1)O,3.0,L3.2,2.5,5.5,dioxane/H2O,O=C(N1C2CCCCC2)C=CC1=O,50,3.0,93.0,1,2,42,fam1,0,9
113,113,1.5,-11.24328864,C1(C2=CC=CC=C2)=C[C@@H]3C(C4=CC=CC=C4)=C[C@H]1CC3,-0.01,0.0,0.0,-0.01,0.0,0.0,0.0,1.0,258.1408506,76.88830503,153.7766101,153.7766101,0.0,0.0,0.0,76.88830503,0.0,0.0,32.69197045,258.3586561,1.0,[Rh(C2H4)2Cl]2,22.51198396,0.0,29.3978241,0.0,Lam,134.6239983,OB(O)C1=CC=CC=C1,1.5,L3.20,1.5,3.3,dioxane,CC(/C=C/[Si](C)(C)C1=CC=CC=C1)=O,50,6.0,90.0,1,2,17,fam3,0,2
114,114,0.5,-14.22221378,C1(C2=CC=CC=C2)=C[C@@H]3C(C4=CC=CC=C4)=C[C@H]1CC3,-0.01,0.0,0.0,-0.01,0.0,0.0,0.0,0.0,258.1408506,76.88830503,153.7766101,153.7766101,0.0,0.0,0.0,76.88830503,0.0,0.0,32.69197045,258.3586561,1.0,[Rh(C2H4)2Cl]2,22.51198396,21.5742147,0.0,0.0,Lam,134.6239983,OB(O)C1=CC=CC=C1,2.0,L3.20,1.5,3.3,dioxane,O=C1C=CCC1,50,1.0,97.0,1,2,17,fam3,0,3
115,115,2.0,-10.45666216,C1(C2=CC=CC=C2)=C[C@@H]3C(C4=CC=CC=C4)=C[C@H]1CC3,-0.01,0.0,0.0,-0.01,0.0,0.0,0.0,0.0,258.1408506,76.88830503,153.7766101,153.7766101,0.0,0.0,0.0,76.88830503,0.0,0.0,32.69197045,258.3586561,1.0,[Rh(C2H4)2Cl]2,22.51198396,21.5742147,0.0,0.0,Lam,151.9199836,OB(O)C1=C(C)C=CC=C1,2.0,L3.20,1.5,3.3,dioxane,O=C1C=CCC1,50,1.0,99.0,1,2,17,fam3,0,4
116,116,95.0,7.299170523,C[C@]1(OC)[C@@H]2C=C[C@@](C1)(C)C(C3=CC=CC4=C3C=CC=C4)=C2,0.0,0.0,0.0,0.0,-0.17,0.14,-0.27,0.0,290.1670653,0.0,0.0,0.0,0.0,0.0,117.5428691,0.0,21.5742147,117.5428691,76.07416785,287.0813272,0.5,[Rh(C2H4)2Cl]2,22.51198396,19.43509996,0.0,0.0,Lam,134.6239983,OB(O)c1ccccc1,2.0,L3.57,1.0,2.2,MeOH/CH2Cl2,O=C1CCCC=C1,25,20.0,99.0,1,1,43,fam5,1,0
117,117,95.5,7.573368874,C[C@]1(OC)[C@@H]2C=C[C@@](C1)(C)C(C3=CC=C(C=CC=C4)C4=C3)=C2,0.0,0.0,0.0,0.0,-0.17,0.13,-0.27,0.0,290.1670653,0.0,0.0,0.0,0.0,0.0,117.5428691,0.0,21.5742147,117.5428691,76.07416785,287.0813272,0.5,[Rh(C2H4)2Cl]2,22.51198396,19.43509996,0.0,0.0,Lam,134.6239983,OB(O)c1ccccc1,2.0,L3.58,1.0,2.2,MeOH/CH2Cl2,O=C1CCCC=C1,25,20.0,93.0,1,1,44,fam5,1,0
118,118,69.5,2.04167836,C[C@]1(OC)[C@@H]2C=C[C@@](C1)(C)C(CC3=CC=CC=C3)=C2,0.0,0.0,0.0,0.0,-0.17,-0.09,-0.27,0.0,254.1670653,0.0,0.0,0.0,0.0,0.0,94.18429025,0.0,21.5742147,94.18429025,76.07416785,263.7227483,0.5,[Rh(C2H4)2Cl]2,22.51198396,19.43509996,0.0,0.0,Lam,134.6239983,OB(O)c1ccccc1,2.0,L3.59,1.0,2.2,MeOH/CH2Cl2,O=C1CCCC=C1,25,20.0,91.0,1,1,45,fam5,1,8
119,119,1.0,-11.20012525,C1(C2=CC=CC=C2)=C[C@@H]3C(C4=CC=CC=C4)=C[C@H]1CC3,-0.01,0.0,0.0,-0.01,0.0,0.0,0.0,0.0,258.1408506,76.88830503,153.7766101,153.7766101,0.0,0.0,0.0,76.88830503,0.0,0.0,32.69197045,258.3586561,1.0,[Rh(C2H4)2Cl]2,22.51198396,26.22872177,0.0,0.0,Lam,134.6239983,OB(C1=CC=CC=C1)O,1.5,L3.20,3.0,6.6,dioxane/H2O,O=C1C=CC2(OCCO2)CC1,20,20.0,82.0,1,2,17,fam3,0,1
120,120,2.0,-9.485905962,C1(C2=CC=CC=C2)=C[C@@H]3C(C4=CC=CC=C4)=C[C@H]1CC3,-0.01,0.0,0.0,-0.01,0.0,0.0,0.0,0.0,258.1408506,76.88830503,153.7766101,153.7766101,0.0,0.0,0.0,76.88830503,0.0,0.0,32.69197045,258.3586561,1.0,[Rh(C2H4)2Cl]2,22.51198396,26.22872177,0.0,0.0,Lam,160.7102105,OB(C1=CC=C(OC)C=C1)O,1.5,L3.20,3.0,6.6,dioxane/H2O,O=C1C=CC2(OCCO2)CC1,20,20.0,80.0,1,2,17,fam3,0,8
121,121,1.5,-10.19950508,C1(C2=CC=CC=C2)=C[C@@H]3C(C4=CC=CC=C4)=C[C@H]1CC3,-0.01,0.0,0.0,-0.01,0.0,0.0,0.0,0.0,258.1408506,76.88830503,153.7766101,153.7766101,0.0,0.0,0.0,76.88830503,0.0,0.0,32.69197045,258.3586561,1.0,[Rh(C2H4)2Cl]2,22.51198396,26.22872177,0.0,0.0,Lam,140.6915573,FC1=CC=C(B(O)O)C=C1,1.5,L3.20,3.0,6.6,dioxane/H2O,O=C1C=CC2(OCCO2)CC1,20,20.0,75.0,1,2,17,fam3,0,8
122,122,7.5,-6.332368513,C1(C2=CC=CC=C2)=C[C@@H]3C(C4=CC=CC=C4)=C[C@H]1CC3,-0.01,0.0,0.0,-0.01,0.0,0.0,0.0,1.0,258.1408506,76.88830503,153.7766101,153.7766101,0.0,0.0,0.0,76.88830503,0.0,0.0,32.69197045,258.3586561,1.0,[Rh(C2H4)2Cl]2,22.51198396,0.0,28.08309257,0.0,Lam,134.6239983,OB(C1=CC=CC=C1)O,2.0,L3.20,1.5,3.3,dioxane/H2O,CC(/C=C/C(C)C)=O,30,1.0,95.0,1,2,17,fam3,0,0
123,123,4.0,-8.538892518,C1(C2=CC=CC=C2)=C[C@@H]3C(C4=CC=CC=C4)=C[C@H]1CC3,-0.01,0.0,0.0,-0.01,0.0,0.0,0.0,0.0,258.1408506,76.88830503,153.7766101,153.7766101,0.0,0.0,0.0,76.88830503,0.0,0.0,32.69197045,258.3586561,1.0,[Rh(C2H4)2Cl]2,22.51198396,18.72206172,0.0,0.0,Lam,134.6239983,OB(C1=CC=CC=C1)O,2.0,L3.20,1.5,3.3,dioxane/H2O,O=C1C=CCCCC1,50,1.0,95.0,1,2,17,fam3,0,7
124,124,5.75,-7.049324582,C1(C2=CC=CC=C2)=C[C@@H]3C(C4=CC=CC=C4)=C[C@H]1CC3,-0.01,0.0,0.0,-0.01,0.0,0.0,0.0,1.0,258.1408506,76.88830503,153.7766101,153.7766101,0.0,0.0,0.0,76.88830503,0.0,0.0,32.69197045,258.3586561,1.0,[Rh(C2H4)2Cl]2,22.51198396,0.0,18.15163112,0.0,Lam,134.6239983,OB(C1=CC=CC=C1)O,2.0,L3.20,1.5,3.3,dioxane/H2O,CC(/C=C/CCCCC)=O,30,1.0,90.0,1,2,17,fam3,0,5
125,125,1.0,-11.58218649,C1(C2=CC=CC=C2)=C[C@@H]3C(C4=CC=CC=C4)=C[C@H]1CC3,-0.01,0.0,0.0,-0.01,0.0,0.0,0.0,1.0,258.1408506,76.88830503,153.7766101,153.7766101,0.0,0.0,0.0,76.88830503,0.0,0.0,32.69197045,258.3586561,1.0,[Rh(C2H4)2Cl]2,22.51198396,0.0,18.15163112,0.0,Lam,151.9199836,CC1=C(B(O)O)C=CC=C1,2.0,L3.20,1.5,3.3,dioxane/H2O,CC(/C=C/CCCCC)=O,30,1.0,90.0,1,2,17,fam3,0,9
126,126,2.0,-9.809491361,C1(C2=CC=CC=C2)=C[C@@H]3C(C4=CC=CC=C4)=C[C@H]1CC3,-0.01,0.0,0.0,-0.01,0.0,0.0,0.0,1.0,258.1408506,76.88830503,153.7766101,153.7766101,0.0,0.0,0.0,76.88830503,0.0,0.0,32.69197045,258.3586561,1.0,[Rh(C2H4)2Cl]2,22.51198396,0.0,18.15163112,0.0,Lam,170.1226604,OB(C1=CC=C(C(F)(F)F)C=C1)O,2.0,L3.20,1.5,3.3,dioxane/H2O,CC(/C=C/CCCCC)=O,30,3.0,93.0,1,2,17,fam3,0,8
127,127,2.5,-9.234156144,C1(C2=CC=CC=C2)=C[C@@H]3C(C4=CC=CC=C4)=C[C@H]1CC3,-0.01,0.0,0.0,-0.01,0.0,0.0,0.0,1.0,258.1408506,76.88830503,153.7766101,153.7766101,0.0,0.0,0.0,76.88830503,0.0,0.0,32.69197045,258.3586561,1.0,[Rh(C2H4)2Cl]2,22.51198396,0.0,18.15163112,0.0,Lam,160.7102105,OB(C1=CC=C(OC)C=C1)O,2.0,L3.20,1.5,3.3,dioxane/H2O,CC(/C=C/CCCCC)=O,30,1.0,93.0,1,2,17,fam3,0,0
128,128,1.0,-11.20012525,C1(C2=CC=CC=C2)=C[C@@H]3C(C4=CC=CC=C4)=C[C@H]1CC3,-0.01,0.0,0.0,-0.01,0.0,0.0,0.0,0.0,258.1408506,76.88830503,153.7766101,153.7766101,0.0,0.0,0.0,76.88830503,0.0,0.0,32.69197045,258.3586561,1.0,[Rh(C2H4)2Cl]2,20.06761165,26.22872177,0.0,0.0,Lam,134.6239983,OB(C1=CC=CC=C1)O,1.5,L3.20,1.5,3.3,dioxane/H2O,O=C1C=CC2(OCCO2)C3=CC=CC=C31,20,20.0,98.0,1,2,17,fam3,0,2
129,129,0.5,-13.34199012,C1(C2=CC=CC=C2)=C[C@@H]3C(C4=CC=CC=C4)=C[C@H]1CC3,-0.01,0.0,0.0,-0.01,0.0,0.0,0.0,0.0,258.1408506,76.88830503,153.7766101,153.7766101,0.0,0.0,0.0,76.88830503,0.0,0.0,32.69197045,258.3586561,1.0,[Rh(C2H4)2Cl]2,20.06761165,26.22872177,0.0,0.0,Lam,151.9199836,CC1=C(B(O)O)C=CC=C1,1.5,L3.20,1.5,3.3,dioxane/H2O,O=C1C=CC2(OCCO2)C3=CC=CC=C31,30,20.0,96.0,1,2,17,fam3,0,5
130,130,0.5,-12.90187829,C1(C2=CC=CC=C2)=C[C@@H]3C(C4=CC=CC=C4)=C[C@H]1CC3,-0.01,0.0,0.0,-0.01,0.0,0.0,0.0,0.0,258.1408506,76.88830503,153.7766101,153.7766101,0.0,0.0,0.0,76.88830503,0.0,0.0,32.69197045,258.3586561,1.0,[Rh(C2H4)2Cl]2,20.06761165,26.22872177,0.0,0.0,Lam,149.8350664,ClC1=CC=CC(B(O)O)=C1,1.5,L3.20,3.0,6.6,dioxane/H2O,O=C1C=CC2(OCCO2)C3=CC=CC=C31,20,20.0,95.0,1,2,17,fam3,0,0
131,131,0.5,-12.90187829,C1(C2=CC=CC=C2)=C[C@@H]3C(C4=CC=CC=C4)=C[C@H]1CC3,-0.01,0.0,0.0,-0.01,0.0,0.0,0.0,0.0,258.1408506,76.88830503,153.7766101,153.7766101,0.0,0.0,0.0,76.88830503,0.0,0.0,32.69197045,258.3586561,1.0,[Rh(C2H4)2Cl]2,20.06761165,26.22872177,0.0,0.0,Lam,160.7102105,OB(C1=CC=C(OC)C=C1)O,1.5,L3.20,1.5,3.3,dioxane/H2O,O=C1C=CC2(OCCO2)C3=CC=CC=C31,20,20.0,94.0,1,2,17,fam3,0,8
132,132,1.0,-11.58218649,C1(C2=CC=CC=C2)=C[C@@H]3C(C4=CC=CC=C4)=C[C@H]1CC3,-0.01,0.0,0.0,-0.01,0.0,0.0,0.0,0.0,258.1408506,76.88830503,153.7766101,153.7766101,0.0,0.0,0.0,76.88830503,0.0,0.0,32.69197045,258.3586561,1.0,[Rh(C2H4)2Cl]2,20.06761165,26.22872177,0.0,0.0,Lam,140.6915573,FC1=CC=C(B(O)O)C=C1,1.5,L3.20,3.0,6.6,dioxane/H2O,O=C1C=CC2(OCCO2)C3=CC=CC=C31,30,20.0,93.0,1,2,17,fam3,0,5
133,133,2.0,-9.809491361,C1(C2=CC=CC=C2)=C[C@@H]3C(C4=CC=CC=C4)=C[C@H]1CC3,-0.01,0.0,0.0,-0.01,0.0,0.0,0.0,0.0,258.1408506,76.88830503,153.7766101,153.7766101,0.0,0.0,0.0,76.88830503,0.0,0.0,32.69197045,258.3586561,1.0,[Rh(C2H4)2Cl]2,20.06761165,26.22872177,0.0,0.0,Lam,157.1439785,OB(C1=CC=C2C(OCO2)=C1)O,1.5,L3.20,3.0,6.6,dioxane/H2O,O=C1C=CC2(OCCO2)C3=CC=CC=C31,30,20.0,95.0,1,2,17,fam3,0,5
134,134,1.25,-11.01337104,C1(C2=CC=CC=C2)=C[C@@H]3C(C4=CC=CC=C4)=C[C@H]1CC3,-0.01,0.0,0.0,-0.01,0.0,0.0,0.0,0.0,258.1408506,76.88830503,153.7766101,153.7766101,0.0,0.0,0.0,76.88830503,0.0,0.0,32.69197045,258.3586561,1.0,[Rh(C2H4)2Cl]2,20.06761165,26.22872177,0.0,0.0,Lam,186.7964227,OB(C1=CC(OC)=C(OC)C=C1)O,1.5,L3.20,3.0,6.6,dioxane/H2O,O=C1C=CC2(OCCO2)C3=CC=CC=C31,30,20.0,94.0,1,2,17,fam3,0,3
135,135,1.0,-11.20012525,C1(C2=CC=CC=C2)=C[C@@H]3C(C4=CC=CC=C4)=C[C@H]1CC3,-0.01,0.0,0.0,-0.01,0.0,0.0,0.0,0.0,258.1408506,76.88830503,153.7766101,153.7766101,0.0,0.0,0.0,76.88830503,0.0,0.0,32.69197045,258.3586561,1.0,[Rh(C2H4)2Cl]2,20.06761165,26.22872177,0.0,0.0,Lam,175.2785624,OB(C1=CC2=C(C=CC=C2)C=C1)O,1.5,L3.20,3.0,6.6,dioxane/H2O,O=C1C=CC2(OCCO2)C3=CC=CC=C31,20,20.0,97.0,1,2,17,fam3,0,2
136,136,1.0,-11.20012525,C1(C2=CC=CC=C2)=C[C@@H]3C(C4=CC=CC=C4)=C[C@H]1CC3,-0.01,0.0,0.0,-0.01,0.0,0.0,0.0,0.0,258.1408506,76.88830503,153.7766101,153.7766101,0.0,0.0,0.0,76.88830503,0.0,0.0,32.69197045,258.3586561,1.0,[Rh(C2H4)2Cl]2,17.55114835,26.22872177,0.0,0.0,Lam,186.7964227,OB(C1=CC(OC)=C(OC)C=C1)O,1.5,L3.20,5.0,11.0,dioxane/H2O,O=C1C=CC2(OCCO2)C3=CC4=C(OCO4)C=C31,20,20.0,95.0,1,2,17,fam3,0,1
137,137,1.0,-11.58218649,C1(C2=CC=CC=C2)=C[C@@H]3C(C4=CC=CC=C4)=C[C@H]1CC3,-0.01,0.0,0.0,-0.01,0.0,0.0,0.0,0.0,258.1408506,76.88830503,153.7766101,153.7766101,0.0,0.0,0.0,76.88830503,0.0,0.0,32.69197045,258.3586561,1.0,[Rh(C2H4)2Cl]2,20.06761165,26.22872177,0.0,0.0,Lam,121.1775113,OB(O)C1=CSC=C1,1.5,L3.20,3.0,6.6,dioxane/H2O,O=C1C=CC2(OCCO2)C3=CC=CC=C31,30,20.0,87.0,1,2,17,fam3,0,7
138,138,2.5,-9.234156144,C1(C2=CC=CC=C2)=C[C@@H]3C(C4=CC=CC=C4)=C[C@H]1CC3,-0.01,0.0,0.0,-0.01,0.0,0.0,0.0,0.0,258.1408506,76.88830503,153.7766101,153.7766101,0.0,0.0,0.0,76.88830503,0.0,0.0,32.69197045,258.3586561,1.0,[Rh(C2H4)2Cl]2,18.25910483,38.87019992,0.0,0.0,Lam,134.6239983,OB(C1=CC=CC=C1)O,2.0,L3.20,1.5,3.3,dioxane/H2O,O=C1C=CCCO1,30,3.0,75.0,1,2,17,fam3,0,5
139,139,21.5,-3.156538763,C1(C2=CC=CC=C2)=C[C@@H]3C(C4=CC=CC=C4)=C[C@H]1CC3,-0.01,0.0,0.0,-0.01,0.0,0.0,0.0,1.0,258.1408506,76.88830503,153.7766101,153.7766101,0.0,0.0,0.0,76.88830503,0.0,0.0,32.69197045,258.3586561,1.0,[Rh(C2H4)2Cl]2,17.93806496,0.0,17.16241953,0.0,Lam,134.6239983,OB(C1=CC=CC=C1)O,1.5,L3.20,1.5,3.3,dioxane,O=C(/C=C/C1=CC=C(OC)C=C1)OC,20,1.0,99.0,1,2,17,fam3,0,7
140,140,1.5,-10.19950508,C1(C2=CC=CC=C2)=C[C@@H]3C(C4=CC=CC=C4)=C[C@H]1CC3,-0.01,0.0,0.0,-0.01,0.0,0.0,0.0,1.0,258.1408506,76.88830503,153.7766101,153.7766101,0.0,0.0,0.0,76.88830503,0.0,0.0,32.69197045,258.3586561,1.0,[Rh(C2H4)2Cl]2,17.93806496,0.0,19.22207626,13.6490287,Lam,151.9199836,CC1=CC=C(B(O)O)C=C1,1.5,L3.20,1.5,3.3,dioxane,O=C(/C(C#N)=C/C1=CC=CC=C1)OC,20,1.0,95.0,1,2,17,fam3,0,8
141,141,2.0,-9.485905962,C1(C2=CC=CC=C2)=C[C@@H]3C(C4=CC=CC=C4)=C[C@H]1CC3,-0.01,0.0,0.0,-0.01,0.0,0.0,0.0,1.0,258.1408506,76.88830503,153.7766101,153.7766101,0.0,0.0,0.0,76.88830503,0.0,0.0,32.69197045,258.3586561,1.0,[Rh(C2H4)2Cl]2,17.93806496,0.0,19.22207626,13.6490287,Lam,153.9076176,BrC1=CC=C(B(O)O)C=C1,1.5,L3.20,1.5,3.3,dioxane,O=C(/C(C#N)=C/C1=CC=CC=C1)OC,20,1.0,96.0,1,2,17,fam3,0,0
142,142,0.5,-12.90187829,C1(C2=CC=CC=C2)=C[C@@H]3C(C4=CC=CC=C4)=C[C@H]1CC3,-0.01,0.0,0.0,-0.01,0.0,0.0,0.0,1.0,258.1408506,76.88830503,153.7766101,153.7766101,0.0,0.0,0.0,76.88830503,0.0,0.0,32.69197045,258.3586561,1.0,[Rh(C2H4)2Cl]2,17.93806496,0.0,25.7436293,13.6490287,Lam,134.6239983,OB(C1=CC=CC=C1)O,1.5,L3.20,1.5,3.3,dioxane,O=C(/C(C#N)=C/C1=CC=CC=C1OC)OC,20,1.0,94.0,1,2,17,fam3,0,9
143,143,1.0,-11.20012525,C1(C2=CC=CC=C2)=C[C@@H]3C(C4=CC=CC=C4)=C[C@H]1CC3,-0.01,0.0,0.0,-0.01,0.0,0.0,0.0,1.0,258.1408506,76.88830503,153.7766101,153.7766101,0.0,0.0,0.0,76.88830503,0.0,0.0,32.69197045,258.3586561,1.0,[Rh(C2H4)2Cl]2,17.93806496,0.0,20.59490344,13.6490287,Lam,134.6239983,OB(C1=CC=CC=C1)O,1.5,L3.20,1.5,3.3,dioxane,O=C(/C(C#N)=C/C1=CC=CC(OC)=C1)OC,20,1.0,99.0,1,2,17,fam3,0,3
144,144,6.25,-6.600589848,C1(C2=CC=CC=C2)=C[C@@H]3C(C4=CC=CC=C4)=C[C@H]1CC3,-0.01,0.0,0.0,-0.01,0.0,0.0,0.0,1.0,258.1408506,76.88830503,153.7766101,153.7766101,0.0,0.0,0.0,76.88830503,0.0,0.0,32.69197045,258.3586561,1.0,[Rh(C2H4)2Cl]2,17.93806496,0.0,17.16241953,13.6490287,Lam,134.6239983,OB(C1=CC=CC=C1)O,1.5,L3.20,1.5,3.3,dioxane,O=C(/C(C#N)=C/C1=CC=C(OC)C=C1)OC,20,1.0,33.0,1,2,17,fam3,0,4
145,145,1.75,-9.81758473,C1(C2=CC=CC=C2)=C[C@@H]3C(C4=CC=CC=C4)=C[C@H]1CC3,-0.01,0.0,0.0,-0.01,0.0,0.0,0.0,1.0,258.1408506,76.88830503,153.7766101,153.7766101,0.0,0.0,0.0,76.88830503,0.0,0.0,32.69197045,258.3586561,1.0,[Rh(C2H4)2Cl]2,17.93806496,0.0,17.16241953,13.6490287,Lam,151.9199836,CC1=C(B(O)O)C=CC=C1,1.5,L3.20,1.5,3.3,dioxane,O=C(/C(C#N)=C/C1=CC=C(OC)C=C1)OC,20,1.0,95.0,1,2,17,fam3,0,8
146,146,1.0,-11.20012525,C1(C2=CC=CC=C2)=C[C@@H]3C(C4=CC=CC=C4)=C[C@H]1CC3,-0.01,0.0,0.0,-0.01,0.0,0.0,0.0,1.0,258.1408506,76.88830503,153.7766101,153.7766101,0.0,0.0,0.0,76.88830503,0.0,0.0,32.69197045,258.3586561,1.0,[Rh(C2H4)2Cl]2,17.93806496,0.0,17.16241953,13.6490287,Lam,153.9076176,BrC1=CC=C(B(O)O)C=C1,1.5,L3.20,1.5,3.3,dioxane,O=C(/C(C#N)=C/C1=CC=C(OC)C=C1)OC,20,1.0,92.0,1,2,17,fam3,0,0
147,147,2.0,-9.485905962,C1(C2=CC=CC=C2)=C[C@@H]3C(C4=CC=CC=C4)=C[C@H]1CC3,-0.01,0.0,0.0,-0.01,0.0,0.0,0.0,1.0,258.1408506,76.88830503,153.7766101,153.7766101,0.0,0.0,0.0,76.88830503,0.0,0.0,32.69197045,258.3586561,1.0,[Rh(C2H4)2Cl]2,17.93806496,0.0,18.41987461,13.6490287,Lam,153.9076176,BrC1=CC=C(B(O)O)C=C1,1.5,L3.20,1.5,3.3,dioxane,O=C(/C(C#N)=C/C1=CC=C(Cl)C=C1)OC,20,1.0,90.0,1,2,17,fam3,0,0
148,148,1.0,-12.34630897,C1(C2=CC=CC=C2)=C[C@@H]3C(C4=CC=CC=C4)=C[C@H]1CC3,-0.01,0.0,0.0,-0.01,0.0,0.0,0.0,0.0,258.1408506,76.88830503,153.7766101,153.7766101,0.0,0.0,0.0,76.88830503,0.0,0.0,32.69197045,258.3586561,1.0,[Rh(C2H4)2Cl]2,18.25910483,23.54607256,0.0,0.0,Lam,134.6239983,OB(C1=CC=CC=C1)O,2.0,L3.20,1.5,3.3,dioxane/H2O,O=C(O1)C=CC2=C1C=CC(C)=C2,50,6.0,32.0,1,2,17,fam3,0,2
149,149,2.0,-9.485905962,C1(C2=CC=CC=C2)=C[C@@H]3C(C4=CC=CC=C4)=C[C@H]1CC3,-0.01,0.0,0.0,-0.01,0.0,0.0,0.0,1.0,258.1408506,76.88830503,153.7766101,153.7766101,0.0,0.0,0.0,76.88830503,0.0,0.0,32.69197045,258.3586561,1.0,[Rh(C2H4)2Cl]2,17.93806496,0.0,23.54607256,13.6490287,Lam,134.6239983,OB(C1=CC=CC=C1)O,1.5,L3.20,1.5,3.3,dioxane,O=C(/C(C#N)=C/C1=CC=CC=C1C)OC,20,1.0,92.0,1,2,17,fam3,0,7
150,150,1.0,-11.58218649,C1(C2=CC=CC=C2)=C[C@@H]3C(C4=CC=CC=C4)=C[C@H]1CC3,-0.01,0.0,0.0,-0.01,0.0,0.0,0.0,1.0,258.1408506,76.88830503,153.7766101,153.7766101,0.0,0.0,0.0,76.88830503,0.0,0.0,32.69197045,258.3586561,1.0,[Rh(C2H4)2Cl]2,17.93806496,0.0,24.39278577,0.0,Lam,134.6239983,OB(C1=CC=CC=C1)O,1.5,L3.20,1.5,3.3,dioxane,O=C(/C(C#N)=C/C1=CC(C)=CC=C1OCOC)OC,30,2.0,96.0,1,2,17,fam3,0,2
151,151,1.0,-11.58218649,C1(C2=CC=CC=C2)=C[C@@H]3C(C4=CC=CC=C4)=C[C@H]1CC3,-0.01,0.0,0.0,-0.01,0.0,0.0,0.0,1.0,258.1408506,76.88830503,153.7766101,153.7766101,0.0,0.0,0.0,76.88830503,0.0,0.0,32.69197045,258.3586561,1.0,[Rh(C2H4)2Cl]2,17.93806496,0.0,24.11007225,13.6490287,Lam,134.6239983,OB(C1=CC=CC=C1)O,1.5,L3.20,1.5,3.3,dioxane,O=C(/C(C#N)=C/C1=CC(C)=CC=C1OCC2=CC=CC=C2)OC,30,2.0,97.0,1,2,17,fam3,0,2
152,152,1.0,-11.20012525,C1(C2=CC=CC=C2)=C[C@@H]3C(C4=CC=CC=C4)=C[C@H]1CC3,-0.01,0.0,0.0,-0.01,0.0,0.0,0.0,1.0,258.1408506,76.88830503,153.7766101,153.7766101,0.0,0.0,0.0,76.88830503,0.0,0.0,32.69197045,258.3586561,1.0,[Rh(C2H4)2Cl]2,17.93806496,0.0,19.59047818,13.6490287,Lam,134.6239983,OB(C1=CC=CC=C1)O,1.5,L3.20,1.5,3.3,dioxane,O=C(/C(C#N)=C/C1=CC=C(C=CC=C2)C2=C1)OC,20,1.0,91.0,1,2,17,fam3,0,1
153,153,15.0,-4.660579325,C1(C2=CC=CC=C2)=C[C@@H]3C(C4=CC=CC=C4)=C[C@H]1CC3,-0.01,0.0,0.0,-0.01,0.0,0.0,0.0,1.0,258.1408506,76.88830503,153.7766101,153.7766101,0.0,0.0,0.0,76.88830503,0.0,0.0,32.69197045,258.3586561,1.0,[Rh(C2H4)2Cl]2,20.52673517,0.0,21.5742147,0.0,Lam,134.6239983,OB(C1=CC=CC=C1)O,2.0,L3.20,1.5,3.3,dioxane/H2O,O=C(/C=C/C)N(C)OC,50,20.0,75.0,1,2,17,fam3,0,6
154,154,0.5,-14.6623256,C1(C2=CC=CC=C2)=C[C@@H]3C(C4=CC=CC=C4)=C[C@H]1CC3,-0.01,0.0,0.0,-0.01,0.0,0.0,0.0,0.0,258.1408506,76.88830503,153.7766101,153.7766101,0.0,0.0,0.0,76.88830503,0.0,0.0,32.69197045,258.3586561,1.0,[Rh(C2H4)2Cl]2,30.08645996,13.86399135,0.0,0.0,Lam,134.6239983,OB(C1=CC=CC=C1)O,3.0,L3.20,2.5,5.5,dioxane/H2O,O=C1C=CC(N1c2c(C(C)(C)C)cccc2)=O,60,5.0,99.0,1,2,17,fam3,0,3
155,155,1.0,-12.72837021,C1(C2=CC=CC=C2)=C[C@@H]3C(C4=CC=CC=C4)=C[C@H]1CC3,-0.01,0.0,0.0,-0.01,0.0,0.0,0.0,0.0,258.1408506,76.88830503,153.7766101,153.7766101,0.0,0.0,0.0,76.88830503,0.0,0.0,32.69197045,258.3586561,1.0,[Rh(C2H4)2Cl]2,30.08645996,13.86399135,0.0,0.0,Lam,151.9199836,CC1=CC=CC=C1B(O)O,3.0,L3.20,2.5,5.5,dioxane/H2O,O=C1C=CC(N1c2c(C(C)(C)C)cccc2)=O,60,5.0,97.0,1,2,17,fam3,0,6
156,156,2.0,-10.78024756,C1(C2=CC=CC=C2)=C[C@@H]3C(C4=CC=CC=C4)=C[C@H]1CC3,-0.01,0.0,0.0,-0.01,0.0,0.0,0.0,0.0,258.1408506,76.88830503,153.7766101,153.7766101,0.0,0.0,0.0,76.88830503,0.0,0.0,32.69197045,258.3586561,1.0,[Rh(C2H4)2Cl]2,30.08645996,13.86399135,0.0,0.0,Lam,149.8350664,ClC1=CC(B(O)O)=CC=C1,3.0,L3.20,2.5,5.5,dioxane/H2O,O=C1C=CC(N1c2c(C(C)(C)C)cccc2)=O,60,5.0,88.0,1,2,17,fam3,0,1
157,157,1.5,-11.5912165,C1(C2=CC=CC=C2)=C[C@@H]3C(C4=CC=CC=C4)=C[C@H]1CC3,-0.01,0.0,0.0,-0.01,0.0,0.0,0.0,0.0,258.1408506,76.88830503,153.7766101,153.7766101,0.0,0.0,0.0,76.88830503,0.0,0.0,32.69197045,258.3586561,1.0,[Rh(C2H4)2Cl]2,30.08645996,13.86399135,0.0,0.0,Lam,160.7102105,COC(C=C1)=CC=C1B(O)O,3.0,L3.20,2.5,5.5,dioxane/H2O,O=C1C=CC(N1c2c(C(C)(C)C)cccc2)=O,60,5.0,95.0,1,2,17,fam3,0,4
158,158,0.5,-14.6623256,C1(C2=CC=CC=C2)=C[C@@H]3C(C4=CC=CC=C4)=C[C@H]1CC3,-0.01,0.0,0.0,-0.01,0.0,0.0,0.0,0.0,258.1408506,76.88830503,153.7766101,153.7766101,0.0,0.0,0.0,76.88830503,0.0,0.0,32.69197045,258.3586561,1.0,[Rh(C2H4)2Cl]2,30.08645996,13.86399135,0.0,0.0,Lam,140.6915573,FC(C=C1)=CC=C1B(O)O,3.0,L3.20,2.5,5.5,dioxane/H2O,O=C1C=CC(N1c2c(C(C)(C)C)cccc2)=O,60,5.0,92.0,1,2,17,fam3,0,3
159,159,1.0,-12.72837021,C1(C2=CC=CC=C2)=C[C@@H]3C(C4=CC=CC=C4)=C[C@H]1CC3,-0.01,0.0,0.0,-0.01,0.0,0.0,0.0,0.0,258.1408506,76.88830503,153.7766101,153.7766101,0.0,0.0,0.0,76.88830503,0.0,0.0,32.69197045,258.3586561,1.0,[Rh(C2H4)2Cl]2,30.08645996,13.86399135,0.0,0.0,Lam,153.9076176,BrC(C=C1)=CC=C1B(O)O,3.0,L3.20,2.5,5.5,dioxane/H2O,O=C1C=CC(N1c2c(C(C)(C)C)cccc2)=O,60,5.0,88.0,1,2,17,fam3,0,7
160,160,1.5,-11.5912165,C1(C2=CC=CC=C2)=C[C@@H]3C(C4=CC=CC=C4)=C[C@H]1CC3,-0.01,0.0,0.0,-0.01,0.0,0.0,0.0,0.0,258.1408506,76.88830503,153.7766101,153.7766101,0.0,0.0,0.0,76.88830503,0.0,0.0,32.69197045,258.3586561,1.0,[Rh(C2H4)2Cl]2,30.08645996,13.86399135,0.0,0.0,Lam,175.2785624,OB(C1=CC=C(C=CC=C2)C2=C1)O,3.0,L3.20,2.5,5.5,dioxane/H2O,O=C1C=CC(N1c2c(C(C)(C)C)cccc2)=O,60,5.0,93.0,1,2,17,fam3,0,5
161,161,0.5,-14.6623256,C1(C2=CC=CC=C2)=C[C@@H]3C(C4=CC=CC=C4)=C[C@H]1CC3,-0.01,0.0,0.0,-0.01,0.0,0.0,0.0,0.0,258.1408506,76.88830503,153.7766101,153.7766101,0.0,0.0,0.0,76.88830503,0.0,0.0,32.69197045,258.3586561,1.0,[Rh(C2H4)2Cl]2,25.82562149,13.86399135,0.0,0.0,Lam,134.6239983,OB(C1=CC=CC=C1)O,3.0,L3.20,2.5,5.5,dioxane/H2O,O=C1C=CC(N1c2c(C(COC)(C)C)cccc2)=O,60,5.0,96.0,1,2,17,fam3,0,0
162,162,0.5,-14.6623256,C1(C2=CC=CC=C2)=C[C@@H]3C(C4=CC=CC=C4)=C[C@H]1CC3,-0.01,0.0,0.0,-0.01,0.0,0.0,0.0,0.0,258.1408506,76.88830503,153.7766101,153.7766101,0.0,0.0,0.0,76.88830503,0.0,0.0,32.69197045,258.3586561,1.0,[Rh(C2H4)2Cl]2,28.54319701,13.86399135,0.0,0.0,Lam,134.6239983,OB(C1=CC=CC=C1)O,3.0,L3.20,2.5,5.5,dioxane/H2O,O=C1C=CC(N1c2c(C(C)(C)C)cc(Br)cc2)=O,60,5.0,81.0,1,2,17,fam3,0,2
163,163,15.5,-4.556627068,C1(C2=CC=CC=C2)=C[C@@H]3C(C4=CC=CC=C4)=C[C@H]1CC3,-0.01,0.0,0.0,-0.01,0.0,0.0,0.0,0.0,258.1408506,76.88830503,153.7766101,153.7766101,0.0,0.0,0.0,76.88830503,0.0,0.0,32.69197045,258.3586561,1.0,[Rh(C2H4)2Cl]2,18.37582915,13.86399135,0.0,0.0,Lam,134.6239983,OB(C1=CC=CC=C1)O,3.0,L3.20,2.5,5.5,dioxane/H2O,O=C(N1CC2=CC=CC=C2)C=CC1=O,50,3.0,88.0,1,2,17,fam3,0,5
164,164,24.0,-2.809536052,C1(C2=CC=CC=C2)=C[C@@H]3C(C4=CC=CC=C4)=C[C@H]1CC3,-0.01,0.0,0.0,-0.01,0.0,0.0,0.0,1.0,258.1408506,76.88830503,153.7766101,153.7766101,0.0,0.0,0.0,76.88830503,0.0,0.0,32.69197045,258.3586561,1.0,[Rh(C2H4)2Cl]2,13.6490287,0.0,17.16241953,0.0,Lam,134.6239983,OB(C1=CC=CC=C1)O,1.5,L3.20,1.5,3.3,dioxane,COC1=CC=C(/C=C/C#N)C=C1,20,1.0,74.0,1,2,17,fam3,0,0
165,165,4.0,-7.878294304,O=C(OC)C(C=C1)=CC=C1C2=C[C@@H]3C(C4=CC=C(C(OC)=O)C=C4)=C[C@H]2CC3,0.04,0.0,0.0,0.0,0.0,0.0,0.0,1.0,374.1518092,126.4242704,252.8485409,252.8485409,0.0,0.0,0.0,126.4242704,0.0,0.0,32.69197045,357.4305869,1.0,[Rh(C2H4)2Cl]2,22.51198396,0.0,18.15163112,0.0,Lam,134.6239983,OB(C1=CC=CC=C1)O,2.0,L3.21,1.5,3.3,dioxane/H2O,CC(/C=C/CCCCC)=O,25,3.0,99.0,1,2,46,fam3,0,6
166,166,8.5,-5.890704668,COC1=C(OC)C(OC)=CC(C2=C[C@@H]3C(C4=CC(OC)=C(OC)C(OC)=C4)=C[C@H]2CC3)=C1,0.0,0.0,0.0,0.0,0.0,0.0,0.0,1.0,438.2042387,155.1469416,310.2938831,310.2938831,0.0,0.0,0.0,155.1469416,0.0,0.0,32.69197045,414.8759291,1.0,[Rh(C2H4)2Cl]2,22.51198396,0.0,18.15163112,0.0,Lam,134.6239983,OB(C1=CC=CC=C1)O,2.0,L3.22,1.5,3.3,dioxane/H2O,CC(/C=C/CCCCC)=O,25,3.0,98.0,1,2,47,fam3,0,8
167,167,0.5,-14.22221378,C1(CC2=CC=CC=C2)=C[C@@H]3C(CC4=CC=CC=C4)=C[C@H]1CC3,-0.09,0.0,0.0,-0.09,0.0,0.0,0.0,1.0,286.1721507,94.18429025,188.3685805,188.3685805,0.0,0.0,0.0,94.18429025,0.0,0.0,32.69197045,292.9506265,1.0,[Rh(C2H4)2Cl]2,22.51198396,0.0,47.85432862,0.0,Lam,134.6239983,OB(O)C1=CC=CC=C1,1.5,L3.23,1.5,3.3,dioxane,CC(/C=C/[Si](C)(C(C)(C)C)C)=O,50,6.0,95.0,1,2,48,fam3,0,1
168,168,0.5,-14.22221378,C1(CC2=CC=CC=C2)=C[C@@H]3C(CC4=CC=CC=C4)=C[C@H]1CC3,-0.09,0.0,0.0,-0.09,0.0,0.0,0.0,1.0,286.1721507,94.18429025,188.3685805,188.3685805,0.0,0.0,0.0,94.18429025,0.0,0.0,32.69197045,292.9506265,1.0,[Rh(C2H4)2Cl]2,22.51198396,0.0,29.3978241,0.0,Lam,134.6239983,OB(O)C1=CC=CC=C1,1.5,L3.23,1.5,3.3,dioxane,CC(/C=C/[Si](C)(C)C1=CC=CC=C1)=O,50,6.0,94.0,1,2,48,fam3,0,4
169,169,3.5,-8.911626353,C1(CC2=CC=CC=C2)=C[C@@H]3C(CC4=CC=CC=C4)=C[C@H]1CC3,-0.09,0.0,0.0,-0.09,0.0,0.0,0.0,1.0,286.1721507,94.18429025,188.3685805,188.3685805,0.0,0.0,0.0,94.18429025,0.0,0.0,32.69197045,292.9506265,1.0,[Rh(C2H4)2Cl]2,22.51198396,0.0,29.3978241,0.0,Lam,151.9199836,OB(O)C1=C(C)C=CC=C1,1.5,L3.23,1.5,3.3,dioxane,CC(/C=C/[Si](C)(C)C1=CC=CC=C1)=O,50,6.0,90.0,1,2,48,fam3,0,7
170,170,2.5,-9.843369811,C1(CC2=CC=CC=C2)=C[C@@H]3C(CC4=CC=CC=C4)=C[C@H]1CC3,-0.09,0.0,0.0,-0.09,0.0,0.0,0.0,1.0,286.1721507,94.18429025,188.3685805,188.3685805,0.0,0.0,0.0,94.18429025,0.0,0.0,32.69197045,292.9506265,1.0,[Rh(C2H4)2Cl]2,22.51198396,0.0,29.3978241,0.0,Lam,149.8350664,ClC1=CC(B(O)O)=CC=C1,1.5,L3.23,1.5,3.3,dioxane,CC(/C=C/[Si](C)(C)C1=CC=CC=C1)=O,50,6.0,92.0,1,2,48,fam3,0,7
171,171,2.5,-9.843369811,C1(CC2=CC=CC=C2)=C[C@@H]3C(CC4=CC=CC=C4)=C[C@H]1CC3,-0.09,0.0,0.0,-0.09,0.0,0.0,0.0,1.0,286.1721507,94.18429025,188.3685805,188.3685805,0.0,0.0,0.0,94.18429025,0.0,0.0,32.69197045,292.9506265,1.0,[Rh(C2H4)2Cl]2,22.51198396,0.0,29.3978241,0.0,Lam,170.1226604,FC(C1=CC=C(B(O)O)C=C1)(F)F,1.5,L3.23,1.5,3.3,dioxane,CC(/C=C/[Si](C)(C)C1=CC=CC=C1)=O,50,6.0,94.0,1,2,48,fam3,0,8
172,172,2.0,-10.45666216,C1(CC2=CC=CC=C2)=C[C@@H]3C(CC4=CC=CC=C4)=C[C@H]1CC3,-0.09,0.0,0.0,-0.09,0.0,0.0,0.0,1.0,286.1721507,94.18429025,188.3685805,188.3685805,0.0,0.0,0.0,94.18429025,0.0,0.0,32.69197045,292.9506265,1.0,[Rh(C2H4)2Cl]2,22.51198396,0.0,29.3978241,0.0,Lam,160.7102105,COC1=CC=C(B(O)O)C=C1,1.5,L3.23,1.5,3.3,dioxane,CC(/C=C/[Si](C)(C)C1=CC=CC=C1)=O,50,6.0,95.0,1,2,48,fam3,0,2
173,173,3.5,-8.911626353,C1(CC2=CC=CC=C2)=C[C@@H]3C(CC4=CC=CC=C4)=C[C@H]1CC3,-0.09,0.0,0.0,-0.09,0.0,0.0,0.0,1.0,286.1721507,94.18429025,188.3685805,188.3685805,0.0,0.0,0.0,94.18429025,0.0,0.0,32.69197045,292.9506265,1.0,[Rh(C2H4)2Cl]2,22.51198396,0.0,29.3978241,0.0,Lam,175.2785624,OB(C1=CC=C2C=CC=CC2=C1)O,1.5,L3.23,1.5,3.3,dioxane,CC(/C=C/[Si](C)(C)C1=CC=CC=C1)=O,50,6.0,96.0,1,2,48,fam3,0,1
174,174,1.5,-11.24328864,C1(CC2=CC=CC=C2)=C[C@@H]3C(CC4=CC=CC=C4)=C[C@H]1CC3,-0.09,0.0,0.0,-0.09,0.0,0.0,0.0,1.0,286.1721507,94.18429025,188.3685805,188.3685805,0.0,0.0,0.0,94.18429025,0.0,0.0,32.69197045,292.9506265,1.0,[Rh(C2H4)2Cl]2,22.51198396,0.0,51.52346023,0.0,Lam,134.6239983,OB(O)C1=CC=CC=C1,1.5,L3.23,2.5,5.5,dioxane,CC(/C=C/[Si](C1=CC=CC=C1)(C2=CC=CC=C2)C3=CC=CC=C3)=O,50,12.0,91.0,1,2,48,fam3,0,2
175,175,1.0,-12.34630897,C1(CC2=CC=CC=C2)=C[C@@H]3C(CC4=CC=CC=C4)=C[C@H]1CC3,-0.09,0.0,0.0,-0.09,0.0,0.0,0.0,1.0,286.1721507,94.18429025,188.3685805,188.3685805,0.0,0.0,0.0,94.18429025,0.0,0.0,32.69197045,292.9506265,1.0,[Rh(C2H4)2Cl]2,20.77331772,0.0,29.3978241,0.0,Lam,134.6239983,OB(O)C1=CC=CC=C1,1.5,L3.23,1.5,3.3,dioxane,CCC(/C=C/[Si](C)(C)C1=CC=CC=C1)=O,50,6.0,89.0,1,2,48,fam3,0,5
176,176,7.0,-6.949996276,C1(CC2=CC=CC=C2)=C[C@@H]3C(CC4=CC=CC=C4)=C[C@H]1CC3,-0.09,0.0,0.0,-0.09,0.0,0.0,0.0,0.0,286.1721507,94.18429025,188.3685805,188.3685805,0.0,0.0,0.0,94.18429025,0.0,0.0,32.69197045,292.9506265,1.0,[Rh(C2H4)2Cl]2,22.51198396,21.5742147,0.0,0.0,Lam,134.6239983,OB(O)C1=CC=CC=C1,2.0,L3.23,1.5,3.3,dioxane,O=C1C=CCC1,50,1.0,94.0,1,2,48,fam3,0,4
177,177,4.2,-8.402198206,C1(CC2=CC=CC=C2)=C[C@@H]3C(CC4=CC=CC=C4)=C[C@H]1CC3,-0.09,0.0,0.0,-0.09,0.0,0.0,0.0,1.0,286.1721507,94.18429025,188.3685805,188.3685805,0.0,0.0,0.0,94.18429025,0.0,0.0,32.69197045,292.9506265,1.0,[Rh(C2H4)2Cl]2,20.06761165,0.0,29.3978241,0.0,Lam,152.7447171,O=C1C=CCC/C1=C(C)\C,1.5,L3.23,1.5,3.3,dioxane/H2O,O=C(/C=C/[Si](C)(C1=CC=CC=C1)C)C2=CC=CC=C2,50,6.0,94.0,1,2,48,fam3,0,9
178,178,6.5,-6.498485048,C1(CC2=CC=CC=C2)=C[C@@H]3C(CC4=CC=CC=C4)=C[C@H]1CC3,-0.09,0.0,0.0,-0.09,0.0,0.0,0.0,0.0,286.1721507,94.18429025,188.3685805,188.3685805,0.0,0.0,0.0,94.18429025,0.0,0.0,32.69197045,292.9506265,1.0,[Rh(C2H4)2Cl]2,20.06761165,26.22872177,0.0,0.0,Lam,134.6239983,OB(C1=CC=CC=C1)O,1.5,L3.23,1.5,3.3,dioxane/H2O,O=C1C=CC2(OCCO2)C3=CC=CC=C31,20,20.0,91.0,1,2,48,fam3,0,2
179,179,2.5,-9.843369811,C1(CC2=CC=CC=C2)=C[C@@H]3C(CC4=CC=CC=C4)=C[C@H]1CC3,-0.09,0.0,0.0,-0.09,0.0,0.0,0.0,1.0,286.1721507,94.18429025,188.3685805,188.3685805,0.0,0.0,0.0,94.18429025,0.0,0.0,32.69197045,292.9506265,1.0,[Rh(C2H4)2Cl]2,17.77754503,0.0,29.3978241,0.0,Lam,134.6239983,OB(C1=CC=CC=C1)O,1.5,L3.23,1.5,3.3,dioxane/H2O,CCOC(/C=C/[Si](C)(C)C1=CC=CC=C1)=O,50,6.0,88.0,1,2,48,fam3,0,1
180,180,17.5,-3.908343849,C1(CC2=CC=CC=C2)=C[C@@H]3C(CC4=CC=CC=C4)=C[C@H]1CC3,-0.09,0.0,0.0,-0.09,0.0,0.0,0.0,0.0,286.1721507,94.18429025,188.3685805,188.3685805,0.0,0.0,0.0,94.18429025,0.0,0.0,32.69197045,292.9506265,1.0,[Rh(C2H4)2Cl]2,18.25910483,38.87019992,0.0,0.0,Lam,134.6239983,OB(C1=CC=CC=C1)O,2.0,L3.23,1.5,3.3,dioxane/H2O,O=C1C=CCCO1,30,3.0,79.0,1,2,48,fam3,0,1
181,181,4.0,-8.803131804,C1(CC2=CC=CC=C2)=C[C@@H]3C(CC4=CC=CC=C4)=C[C@H]1CC3,-0.09,0.0,0.0,-0.09,0.0,0.0,0.0,0.0,286.1721507,94.18429025,188.3685805,188.3685805,0.0,0.0,0.0,94.18429025,0.0,0.0,32.69197045,292.9506265,1.0,[Rh(C2H4)2Cl]2,30.08645996,13.86399135,0.0,0.0,Lam,134.6239983,OB(C1=CC=CC=C1)O,3.0,L3.23,2.5,5.5,dioxane/H2O,O=C1C=CC(N1c2c(C(C)(C)C)cccc2)=O,60,5.0,99.0,1,2,48,fam3,0,4
182,182,95.0,7.91120897,C1(CC2=CC=CC=C2)=C[C@H]3C(CC4=CC=CC=C4)=C[C@@H]1CC3,0.0,0.0,-0.09,0.0,-0.09,-0.09,0.0,1.0,286.1721507,0.0,0.0,0.0,0.0,94.18429025,188.3685805,0.0,0.0,94.18429025,32.69197045,292.9506265,0.0,[Rh(C2H4)2Cl]2,20.52673517,0.0,21.5742147,0.0,Lam,134.6239983,OB(C1=CC=CC=C1)O,2.0,L3.25,1.5,3.3,dioxane/H2O,O=C(/C=C/C)N(C)OC,50,20.0,92.0,1,1,49,fam3,1,5
183,183,94.5,7.640948096,C1(CC2=CC=CC=C2)=C[C@H]3C(CC4=CC=CC=C4)=C[C@@H]1CC3,0.0,0.0,-0.09,0.0,-0.09,-0.09,0.0,1.0,286.1721507,0.0,0.0,0.0,0.0,94.18429025,188.3685805,0.0,0.0,94.18429025,32.69197045,292.9506265,0.0,[Rh(C2H4)2Cl]2,20.52673517,0.0,21.5742147,0.0,Lam,151.9199836,CC(C=C1)=CC=C1B(O)O,2.0,L3.25,1.5,3.3,dioxane/H2O,O=C(/C=C/C)N(C)OC,50,20.0,83.0,1,1,49,fam3,1,1
184,184,93.5,7.163518483,C1(CC2=CC=CC=C2)=C[C@H]3C(CC4=CC=CC=C4)=C[C@@H]1CC3,0.0,0.0,-0.09,0.0,-0.09,-0.09,0.0,1.0,286.1721507,0.0,0.0,0.0,0.0,94.18429025,188.3685805,0.0,0.0,94.18429025,32.69197045,292.9506265,0.0,[Rh(C2H4)2Cl]2,20.52673517,0.0,21.5742147,0.0,Lam,160.7102105,COC(C=C1)=CC=C1B(O)O,2.0,L3.25,1.5,3.3,dioxane/H2O,O=C(/C=C/C)N(C)OC,50,20.0,93.0,1,1,49,fam3,1,7
185,185,96.0,8.538892518,C1(CC2=CC=CC=C2)=C[C@H]3C(CC4=CC=CC=C4)=C[C@@H]1CC3,0.0,0.0,-0.09,0.0,-0.09,-0.09,0.0,1.0,286.1721507,0.0,0.0,0.0,0.0,94.18429025,188.3685805,0.0,0.0,94.18429025,32.69197045,292.9506265,0.0,[Rh(C2H4)2Cl]2,20.52673517,0.0,21.5742147,0.0,Lam,169.2159688,CC1=CC(C)=CC(B(O)O)=C1,2.0,L3.25,1.5,3.3,dioxane/H2O,O=C(/C=C/C)N(C)OC,50,20.0,84.0,1,1,49,fam3,1,4
186,186,94.5,7.640948096,C1(CC2=CC=CC=C2)=C[C@H]3C(CC4=CC=CC=C4)=C[C@@H]1CC3,0.0,0.0,-0.09,0.0,-0.09,-0.09,0.0,1.0,286.1721507,0.0,0.0,0.0,0.0,94.18429025,188.3685805,0.0,0.0,94.18429025,32.69197045,292.9506265,0.0,[Rh(C2H4)2Cl]2,20.52673517,0.0,21.5742147,0.0,Lam,175.2785624,OB(C1=CC=C(C=CC=C2)C2=C1)O,2.0,L3.25,1.5,3.3,dioxane/H2O,O=C(/C=C/C)N(C)OC,50,20.0,83.0,1,1,49,fam3,1,1
187,187,92.5,6.750139815,C1(CC2=CC=CC=C2)=C[C@H]3C(CC4=CC=CC=C4)=C[C@@H]1CC3,0.0,0.0,-0.09,0.0,-0.09,-0.09,0.0,1.0,286.1721507,0.0,0.0,0.0,0.0,94.18429025,188.3685805,0.0,0.0,94.18429025,32.69197045,292.9506265,0.0,[Rh(C2H4)2Cl]2,19.84482684,0.0,21.5742147,0.0,Lam,134.6239983,OB(C1=CC=CC=C1)O,2.0,L3.25,1.5,3.3,dioxane/H2O,O=C(/C=C/C)N1C=CC=C1,50,20.0,92.0,1,1,49,fam3,1,9
188,188,96.0,8.538892518,C1(CC2=CC=CC=C2)=C[C@H]3C(CC4=CC=CC=C4)=C[C@@H]1CC3,0.0,0.0,-0.09,0.0,-0.09,-0.09,0.0,1.0,286.1721507,0.0,0.0,0.0,0.0,94.18429025,188.3685805,0.0,0.0,94.18429025,32.69197045,292.9506265,0.0,[Rh(C2H4)2Cl]2,18.37582915,0.0,21.5742147,0.0,Lam,134.6239983,OB(C1=CC=CC=C1)O,2.0,L3.25,1.5,3.3,dioxane/H2O,O=C(/C=C/C)NCC1=CC=CC=C1,50,20.0,92.0,1,1,49,fam3,1,0
189,189,93.5,7.163518483,C1(CC2=CC=CC=C2)=C[C@H]3C(CC4=CC=CC=C4)=C[C@@H]1CC3,0.0,0.0,-0.09,0.0,-0.09,-0.09,0.0,1.0,286.1721507,0.0,0.0,0.0,0.0,94.18429025,188.3685805,0.0,0.0,94.18429025,32.69197045,292.9506265,0.0,[Rh(C2H4)2Cl]2,20.52673517,0.0,18.72206172,0.0,Lam,134.6239983,OB(C1=CC=CC=C1)O,2.0,L3.25,1.5,3.3,dioxane/H2O,CON(C)C(/C=C/CCC)=O,50,20.0,86.0,1,1,49,fam3,1,9
190,190,93.0,6.949996276,C1(CC2=CC=CC=C2)=C[C@H]3C(CC4=CC=CC=C4)=C[C@@H]1CC3,0.0,0.0,-0.09,0.0,-0.09,-0.09,0.0,1.0,286.1721507,0.0,0.0,0.0,0.0,94.18429025,188.3685805,0.0,0.0,94.18429025,32.69197045,292.9506265,0.0,[Rh(C2H4)2Cl]2,20.52673517,0.0,28.08309257,0.0,Lam,134.6239983,OB(C1=CC=CC=C1)O,2.0,L3.25,1.5,3.3,dioxane/H2O,CON(C)C(/C=C/C(C)C)=O,50,20.0,74.0,1,1,49,fam3,1,5
191,191,90.0,5.903570394,C1(CC2=CC=CC=C2)=C[C@H]3C(CC4=CC=CC=C4)=C[C@@H]1CC3,0.0,0.0,-0.09,0.0,-0.09,-0.09,0.0,1.0,286.1721507,0.0,0.0,0.0,0.0,94.18429025,188.3685805,0.0,0.0,94.18429025,32.69197045,292.9506265,0.0,[Rh(C2H4)2Cl]2,20.52673517,0.0,17.16241953,0.0,Lam,134.6239983,OB(C1=CC=CC=C1)O,2.0,L3.25,1.5,3.3,dioxane/H2O,CON(C)C(/C=C/C1=CC=C(OC)C=C1)=O,50,20.0,91.0,1,1,49,fam3,1,8
192,192,0.5,-13.1219342,C[C@]1(CC2)C(C3=CC=CC=C3)=C[C@]2(C)C(C4=CC=CC=C4)=C1,-0.01,-0.17,0.0,-0.01,-0.17,0.0,0.0,0.0,286.1721507,76.88830503,153.7766101,153.7766101,21.5742147,0.0,0.0,76.88830503,21.5742147,0.0,32.69197045,292.9506265,1.0,[Rh(C2H4)2Cl]2,22.51198396,21.5742147,0.0,0.0,Lam,134.6239983,OB(O)C1=CC=CC=C1,1.2,L3.26,0.9,2.0,DCM,O=C1C=CCC1,25,1.0,100.0,1,2,50,fam4,0,1
193,193,16.5,-4.019612812,C[C@]1(CC2)C(C3=CC=CC=C3)=C[C@]2(C)C(C4=CC=CC=C4)=C1,-0.01,-0.17,0.0,-0.01,-0.17,0.0,0.0,1.0,286.1721507,76.88830503,153.7766101,153.7766101,21.5742147,0.0,0.0,76.88830503,21.5742147,0.0,32.69197045,292.9506265,1.0,[Rh(C2H4)2Cl]2,20.77331772,0.0,21.5742147,0.0,Lam,134.6239983,OB(O)C1=CC=CC=C1,1.2,L3.26,0.9,2.0,DCM,CCC(/C=C/C)=O,25,1.0,99.0,1,2,50,fam4,0,3
194,194,24.0,-2.857455821,C[C@]1(CC2)C(C3=CC=CC=C3)=C[C@]2(C)C(C4=CC=CC=C4)=C1,-0.01,-0.17,0.0,-0.01,-0.17,0.0,0.0,1.0,286.1721507,76.88830503,153.7766101,153.7766101,21.5742147,0.0,0.0,76.88830503,21.5742147,0.0,32.69197045,292.9506265,1.0,[Rh(C2H4)2Cl]2,22.51198396,0.0,18.15163112,0.0,Lam,134.6239983,OB(C1=CC=CC=C1)O,1.2,L3.26,0.9,2.0,MeOH/CH2Cl2,CC(/C=C/CCCCC)=O,25,1.0,99.0,1,2,50,fam4,0,7
195,195,1.0,-11.39115587,C[C@]1(CC2)C(C3=CC=CC=C3)=C[C@]2(C)C(C4=CC=CC=C4)=C1,-0.01,-0.17,0.0,-0.01,-0.17,0.0,0.0,0.0,286.1721507,76.88830503,153.7766101,153.7766101,21.5742147,0.0,0.0,76.88830503,21.5742147,0.0,32.69197045,292.9506265,1.0,[Rh(C2H4)2Cl]2,18.25910483,21.5742147,0.0,0.0,Lam,134.6239983,OB(C1=CC=CC=C1)O,1.2,L3.26,0.9,2.0,MeOH/CH2Cl2,O=C1C=CCO1,25,1.0,95.0,1,2,50,fam4,0,3
196,196,1.0,-11.58218649,C[C@]1(CC2)C(C3=CC=CC=C3)=C[C@]2(C)C(C4=CC=CC=C4)=C1,-0.01,-0.17,0.0,-0.01,-0.17,0.0,0.0,0.0,286.1721507,76.88830503,153.7766101,153.7766101,21.5742147,0.0,0.0,76.88830503,21.5742147,0.0,32.69197045,292.9506265,1.0,[Rh(C2H4)2Cl]2,18.25910483,23.54607256,0.0,0.0,Lam,134.6239983,OB(C1=CC=CC=C1)O,2.0,L3.26,1.5,3.3,dioxane/H2O,O=C(O1)C=CC2=C1C=CC(C)=C2,30,24.0,63.0,1,2,50,fam4,0,9
197,197,2.5,-9.081852728,C[C@]1(CC2)C(C3=CC=CC=C3)=C[C@]2(C)C(C4=CC=CC=C4)=C1,-0.01,-0.17,0.0,-0.01,-0.17,0.0,0.0,0.0,286.1721507,76.88830503,153.7766101,153.7766101,21.5742147,0.0,0.0,76.88830503,21.5742147,0.0,32.69197045,292.9506265,1.0,[Rh(C2H4)2Cl]2,18.37582915,13.86399135,0.0,0.0,Lam,134.6239983,OB(C1=CC=CC=C1)O,1.1,L3.26,1.5,3.3,MeOH/CH2Cl2,O=C(N1CC2=CC=CC=C2)C=CC1=O,25,1.0,95.0,1,2,50,fam4,0,5
198,198,0.5,-13.1219342,C[C@]1(CC2)C(C3=CC=CC=C3)=C[C@]2(C)C(C4=CC=CC=C4)=C1,-0.01,-0.17,0.0,-0.01,-0.17,0.0,0.0,0.0,286.1721507,76.88830503,153.7766101,153.7766101,21.5742147,0.0,0.0,76.88830503,21.5742147,0.0,32.69197045,292.9506265,1.0,[Rh(C2H4)2Cl]2,18.37582915,13.86399135,0.0,0.0,Lam,170.1226604,OB(C1=CC=CC=C1C(F)(F)F)O,1.1,L3.26,1.5,3.3,MeOH/CH2Cl2,O=C(N1CC2=CC=CC=C2)C=CC1=O,25,1.0,98.0,1,2,50,fam4,0,9
199,199,0.5,-13.1219342,C[C@]1(CC2)C(C3=CC=CC=C3)=C[C@]2(C)C(C4=CC=CC=C4)=C1,-0.01,-0.17,0.0,-0.01,-0.17,0.0,0.0,0.0,286.1721507,76.88830503,153.7766101,153.7766101,21.5742147,0.0,0.0,76.88830503,21.5742147,0.0,32.69197045,292.9506265,1.0,[Rh(C2H4)2Cl]2,18.37582915,13.86399135,0.0,0.0,Lam,160.7102105,COC(C=C1)=CC=C1B(O)O,1.1,L3.26,1.5,3.3,MeOH/CH2Cl2,O=C(N1CC2=CC=CC=C2)C=CC1=O,25,1.0,92.0,1,2,50,fam4,0,4
200,200,0.5,-13.1219342,C[C@]1(CC2)C(C3=CC=CC=C3)=C[C@]2(C)C(C4=CC=CC=C4)=C1,-0.01,-0.17,0.0,-0.01,-0.17,0.0,0.0,0.0,286.1721507,76.88830503,153.7766101,153.7766101,21.5742147,0.0,0.0,76.88830503,21.5742147,0.0,32.69197045,292.9506265,1.0,[Rh(C2H4)2Cl]2,18.37582915,13.86399135,0.0,0.0,Lam,201.3647746,COC(C=CC1=C2C=CC=C1)=C2B(O)O,1.1,L3.26,1.5,3.3,MeOH/CH2Cl2,O=C(N1CC2=CC=CC=C2)C=CC1=O,25,1.0,98.0,1,2,50,fam4,0,5
201,201,1.0,-11.58218649,C[C@]1(CC2)C(C3=CC=C(OC)C=C3)=C[C@]2(C)C(C4=CC=C(OC)C=C4)=C1,0.0,-0.17,0.0,0.0,-0.17,0.0,0.0,0.0,346.1932801,102.9745172,205.9490344,205.9490344,21.5742147,0.0,0.0,102.9745172,21.5742147,0.0,32.69197045,345.1230509,1.0,[Rh(C2H4)2Cl]2,18.25910483,23.54607256,0.0,0.0,Lam,134.6239983,OB(C1=CC=CC=C1)O,1.2,L3.27,1.5,3.3,dioxane/H2O,O=C(O1)C=CC2=C1C=CC(C)=C2,30,3.0,95.0,1,2,51,fam4,0,3
202,202,2.0,-9.809491361,FC(F)(F)C1=CC(C2=C[C@]3(C)C(C4=CC(C(F)(F)F)=CC(C(F)(F)F)=C4)=C[C@@]2(C)CC3)=CC(C(F)(F)F)=C1,0.0,-0.17,0.0,0.0,-0.17,0.0,0.0,0.0,558.1216892,147.8856292,295.7712584,295.7712584,21.5742147,0.0,0.0,147.8856292,21.5742147,0.0,32.69197045,434.9452748,1.0,[Rh(C2H4)2Cl]2,22.51198396,21.5742147,0.0,0.0,Lam,134.6239983,OB(O)C1=CC=CC=C1,2.0,L3.28,0.9,2.0,DCM,O=C1C=CCC1,30,3.0,80.0,1,2,52,fam4,0,5
203,203,2.5,-9.234156144,FC(F)(F)C1=CC(C2=C[C@]3(C)C(C4=CC(C(F)(F)F)=CC(C(F)(F)F)=C4)=C[C@@]2(C)CC3)=CC(C(F)(F)F)=C1,0.0,-0.17,0.0,0.0,-0.17,0.0,0.0,1.0,558.1216892,147.8856292,295.7712584,295.7712584,21.5742147,0.0,0.0,147.8856292,21.5742147,0.0,32.69197045,434.9452748,1.0,[Rh(C2H4)2Cl]2,20.77331772,0.0,21.5742147,0.0,Lam,134.6239983,OB(O)C1=CC=CC=C1,2.0,L3.28,0.9,2.0,DCM,CCC(/C=C/C)=O,30,3.0,99.0,1,2,52,fam4,0,3
204,204,1.5,-10.37346901,CC1=CC=CC(C)=C1C2=C[C@@H]3C=C[C@@]2(C)C[C@]3(C)OC,0.0,0.0,0.0,0.0,-0.17,0.0,-0.27,0.0,268.1827154,0.0,111.4802755,111.4802755,0.0,0.0,0.0,111.4802755,21.5742147,0.0,76.07416785,281.0187336,0.5,[Rh(C2H4)2Cl]2,22.51198396,19.43509996,0.0,0.0,Lam,134.6239983,OB(O)c1ccccc1,2.0,L3.60,1.0,2.2,MeOH/CH2Cl2,O=C1CCCC=C1,25,1.0,89.0,1,2,53,fam5,0,5
205,205,1.5,-10.54743293,FC(F)(F)C1=CC(C2=C[C@]3(C)C(C4=CC(C(F)(F)F)=CC(C(F)(F)F)=C4)=C[C@@]2(C)CC3)=CC(C(F)(F)F)=C1,0.0,-0.17,0.0,0.0,-0.17,0.0,0.0,1.0,558.1216892,147.8856292,295.7712584,295.7712584,21.5742147,0.0,0.0,147.8856292,21.5742147,0.0,32.69197045,434.9452748,1.0,[Rh(C2H4)2Cl]2,22.51198396,0.0,18.15163112,0.0,Lam,134.6239983,OB(C1=CC=CC=C1)O,2.0,L3.28,0.9,2.0,MeOH/CH2Cl2,CC(/C=C/CCCCC)=O,30,3.0,99.0,1,2,52,fam4,0,2
206,206,4.0,-8.010413947,FC(F)(F)C1=CC(C2=C[C@]3(C)C(C4=CC(C(F)(F)F)=CC(C(F)(F)F)=C4)=C[C@@]2(C)CC3)=CC(C(F)(F)F)=C1,0.0,-0.17,0.0,0.0,-0.17,0.0,0.0,0.0,558.1216892,147.8856292,295.7712584,295.7712584,21.5742147,0.0,0.0,147.8856292,21.5742147,0.0,32.69197045,434.9452748,1.0,[Rh(C2H4)2Cl]2,18.25910483,21.5742147,0.0,0.0,Lam,134.6239983,OB(C1=CC=CC=C1)O,3.0,L3.28,0.9,2.0,MeOH/CH2Cl2,O=C1C=CCO1,30,3.0,76.0,1,2,52,fam4,0,6
207,207,25.5,-2.657753029,C[C@]1(CC2)C(C3=CC(OC)=C(OC)C(OC)=C3)=C[C@]2(C)C(C4=CC(OC)=C(OC)C(OC)=C4)=C1,0.0,0.0,0.0,0.0,-0.17,0.0,0.0,1.0,466.2355388,155.1469416,310.2938831,310.2938831,21.5742147,0.0,0.0,155.1469416,21.5742147,0.0,32.69197045,449.4678996,1.0,[Rh(C2H4)2Cl]2,22.51198396,0.0,18.15163112,0.0,Lam,134.6239983,OB(C1=CC=CC=C1)O,2.0,L3.29,1.5,3.3,dioxane/H2O,CC(/C=C/CCCCC)=O,25,3.0,99.0,1,2,54,fam4,0,0
208,208,1.0,-11.39115587,OC(C)(C)C1=C[C@@H]2C=C[C@H]1C2,-0.17,0.0,0.0,0.0,0.0,0.0,0.0,0.0,150.1044651,64.9564121,64.9564121,64.9564121,0.0,0.0,0.0,0.0,0.0,0.0,20.25598522,160.3207023,0.5,[Rh(C2H4)2Cl]2,22.51198396,19.43509996,0.0,0.0,Lam,134.6239983,OB(O)c1ccccc1,2.0,L3.3,1.5,3.3,MeOH/water,O=C1CCCC=C1,25,2.0,70.0,1,2,55,fam1,0,3
209,209,16.5,-4.019612812,OC[C@@]12C=C(C3=CC=CC=C3)[C@@](CC2)(CO)C=C1C4=CC=CC=C4,-0.01,0.0,0.0,-0.01,0.0,0.0,0.0,1.0,318.1619799,76.88830503,153.7766101,153.7766101,30.36444165,0.0,0.0,76.88830503,30.36444165,0.0,32.69197045,310.5310804,1.0,[Rh(C2H4)2Cl]2,22.51198396,0.0,18.15163112,0.0,Lam,134.6239983,OB(C1=CC=CC=C1)O,2.0,L3.30,1.5,3.3,dioxane/H2O,CC(/C=C/CCCCC)=O,25,3.0,98.0,1,2,56,fam4,0,5
210,210,21.5,-3.21037705,COC[C@@]12C=C(C3=CC=CC=C3)[C@@](CC2)(COC)C=C1C4=CC=CC=C4,-0.01,0.0,0.0,-0.01,0.0,0.0,0.0,1.0,346.1932801,76.88830503,153.7766101,153.7766101,47.66042687,0.0,0.0,76.88830503,47.66042687,0.0,32.69197045,345.1230509,1.0,[Rh(C2H4)2Cl]2,22.51198396,0.0,18.15163112,0.0,Lam,134.6239983,OB(C1=CC=CC=C1)O,2.0,L3.31,1.5,3.3,dioxane/H2O,CC(/C=C/CCCCC)=O,25,3.0,98.0,1,2,57,fam4,0,1
211,211,12.75,-4.847620501,O=C(OC)[C@]1(CC2)C(C3=CC=CC=C3)=C[C@]2(C(OC)=O)C(C4=CC=CC=C4)=C1,-0.01,0.45,0.0,-0.01,0.45,0.0,0.0,1.0,374.1518092,76.88830503,153.7766101,153.7766101,53.81419488,0.0,0.0,76.88830503,53.81419488,0.0,32.69197045,357.4305869,1.0,[Rh(C2H4)2Cl]2,22.51198396,0.0,18.15163112,0.0,Lam,134.6239983,OB(C1=CC=CC=C1)O,2.0,L3.32,0.9,2.0,MeOH/CH2Cl2,CC(/C=C/CCCCC)=O,30,3.0,95.0,1,2,58,fam4,0,3
212,212,13.5,-4.681790195,O=C(OC)[C@]1(CC2)C(C3=CC(C)=CC=C3)=C[C@]2(C(OC)=O)C(C4=CC(C)=CC=C4)=C1,-0.01,0.45,0.0,-0.01,0.45,0.0,0.0,1.0,402.1831093,94.18429025,188.3685805,188.3685805,53.81419488,0.0,0.0,94.18429025,53.81419488,0.0,32.69197045,392.0225573,1.0,[Rh(C2H4)2Cl]2,22.51198396,0.0,18.15163112,0.0,Lam,134.6239983,OB(C1=CC=CC=C1)O,2.0,L3.33,0.9,2.0,MeOH/CH2Cl2,CC(/C=C/CCCCC)=O,30,3.0,98.0,1,2,59,fam4,0,3
213,213,7.625,-6.287297296,O=C(OC)[C@]1(CC2)C(C3=CC(C(F)(F)F)=CC=C3)=C[C@]2(C(OC)=O)C(C4=CC(C(F)(F)F)=CC=C4)=C1,0.0,0.45,0.0,0.0,0.45,0.0,0.0,1.0,510.1265784,112.3869671,224.7739342,224.7739342,53.81419488,0.0,0.0,112.3869671,53.81419488,0.0,32.69197045,428.427911,1.0,[Rh(C2H4)2Cl]2,22.51198396,0.0,18.15163112,0.0,Lam,134.6239983,OB(C1=CC=CC=C1)O,2.0,L3.34,0.9,2.0,MeOH/CH2Cl2,CC(/C=C/CCCCC)=O,30,3.0,93.0,1,2,60,fam4,0,4
214,214,12.5,-4.904745681,O=C(OC)[C@]1(CC2)C(C3=CC=C(OC)C=C3)=C[C@]2(C(OC)=O)C(C4=CC=C(OC)C=C4)=C1,0.0,0.45,0.0,0.0,0.45,0.0,0.0,1.0,434.1729386,102.9745172,205.9490344,205.9490344,53.81419488,0.0,0.0,102.9745172,53.81419488,0.0,32.69197045,409.6030112,1.0,[Rh(C2H4)2Cl]2,22.51198396,0.0,18.15163112,0.0,Lam,134.6239983,OB(C1=CC=CC=C1)O,2.0,L3.36,0.9,2.0,MeOH/CH2Cl2,CC(/C=C/CCCCC)=O,30,3.0,99.0,1,2,61,fam4,0,4
215,215,14.75,-4.421898015,O=C(OC)[C@]1(CC2)C(C3=CC(C)=CC(C)=C3)=C[C@]2(C(OC)=O)C(C4=CC(C)=CC(C)=C4)=C1,-0.09,0.45,0.0,-0.09,0.45,0.0,0.0,1.0,430.2144094,111.4802755,222.9605509,222.9605509,53.81419488,0.0,0.0,111.4802755,53.81419488,0.0,32.69197045,426.6145278,1.0,[Rh(C2H4)2Cl]2,22.51198396,0.0,18.15163112,0.0,Lam,134.6239983,OB(C1=CC=CC=C1)O,2.0,L3.37,0.9,2.0,MeOH/CH2Cl2,CC(/C=C/CCCCC)=O,30,3.0,96.0,1,2,62,fam4,0,6
216,216,6.25,-6.825750682,O=C(OC)[C@]1(CC2)C(C3=CC(C(F)(F)F)=CC(C(F)(F)F)=C3)=C[C@]2(C(OC)=O)C(C4=CC(C(F)(F)F)=CC(C(F)(F)F)=C4)=C1,0.0,0.45,0.0,0.0,0.45,0.0,0.0,1.0,646.1013477,147.8856292,295.7712584,295.7712584,53.81419488,0.0,0.0,147.8856292,53.81419488,0.0,32.69197045,499.4252352,1.0,[Rh(C2H4)2Cl]2,22.51198396,0.0,18.15163112,0.0,Lam,134.6239983,OB(C1=CC=CC=C1)O,2.0,L3.38,0.9,2.0,MeOH/CH2Cl2,CC(/C=C/CCCCC)=O,30,3.0,43.0,1,2,63,fam4,0,6
217,217,14.0,-4.500046056,O=C(OC)[C@]1(CC2)C(C3=CC(OC)=C(OC)C(OC)=C3)=C[C@]2(C(OC)=O)C(C4=CC(OC)=C(OC)C(OC)=C4)=C1,0.0,0.45,0.0,0.0,0.45,0.0,0.0,1.0,554.2151973,155.1469416,310.2938831,310.2938831,53.81419488,0.0,0.0,155.1469416,53.81419488,0.0,32.69197045,513.9478599,1.0,[Rh(C2H4)2Cl]2,22.51198396,0.0,18.15163112,0.0,Lam,134.6239983,OB(C1=CC=CC=C1)O,2.0,L3.39,1.5,3.3,dioxane/H2O,CC(/C=C/CCCCC)=O,25,3.0,98.0,1,2,64,fam4,0,0
218,218,2.0,-9.647698662,CC(C)(C1=C[C@@H]2C=C[C@H]1C2)OC,0.0,0.0,0.0,0.0,0.0,0.0,0.0,0.0,164.1201151,82.25239732,82.25239732,82.25239732,0.0,0.0,0.0,0.0,0.0,0.0,20.25598522,177.6166876,0.5,[Rh(C2H4)2Cl]2,22.51198396,19.43509996,0.0,0.0,Lam,134.6239983,OB(O)c1ccccc1,2.0,L3.4,1.5,3.3,MeOH/water,O=C1CCCC=C1,25,2.0,90.0,1,2,65,fam1,0,7
219,219,2.0,-9.647698662,CC(C)(C1=C[C@@H]2C=C[C@H]1C2)OCOCC3=CC=CC=C3,0.0,0.0,0.0,0.0,0.0,0.0,0.0,0.0,270.1619799,180.948685,180.948685,180.948685,0.0,0.0,0.0,0.0,0.0,0.0,20.25598522,276.3129753,0.5,[Rh(C2H4)2Cl]2,22.51198396,19.43509996,0.0,0.0,Lam,134.6239983,OB(O)c1ccccc1,2.0,L3.5,1.5,3.3,MeOH/water,O=C1CCCC=C1,25,2.0,95.0,1,2,66,fam1,0,2
220,220,2.5,-9.081852728,OC(C)(C)C1=C[C@@H]2C=C[C@H]1CC2,-0.14,0.0,0.0,0.0,0.0,0.0,0.0,0.0,164.1201151,64.9564121,64.9564121,64.9564121,0.0,0.0,0.0,0.0,0.0,0.0,32.69197045,173.8166876,0.5,[Rh(C2H4)2Cl]2,22.51198396,19.43509996,0.0,0.0,Lam,134.6239983,OB(O)c1ccccc1,2.0,L3.17,1.5,3.3,MeOH/water,O=C1CCCC=C1,25,1.0,98.0,1,2,67,fam3,0,3
221,221,6.0,-6.820968473,CC(OCOCC1=CC=CC=C1)(C)C2=C[C@@H]3C=C[C@H]2CC3,0.0,0.0,0.0,0.0,0.0,0.0,0.0,0.0,270.1619799,163.6526998,163.6526998,163.6526998,0.0,0.0,0.0,0.0,0.0,0.0,32.69197045,272.5129753,0.5,[Rh(C2H4)2Cl]2,22.51198396,19.43509996,0.0,0.0,Lam,134.6239983,OB(O)c1ccccc1,2.0,L3.18,1.5,3.3,MeOH/water,O=C1CCCC=C1,25,1.0,98.0,1,2,68,fam3,0,5
222,222,2.0,-9.647698662,OC(CC(C)C)(CC(C)C)C1=C[C@@H]2C=C[C@H]1CC2,0.0,0.0,0.0,0.0,0.0,0.0,0.0,0.0,248.2140155,168.7323234,168.7323234,168.7323234,0.0,0.0,0.0,0.0,0.0,0.0,32.69197045,277.5925989,0.5,[Rh(C2H4)2Cl]2,22.51198396,19.43509996,0.0,0.0,Lam,134.6239983,OB(O)c1ccccc1,2.0,L3.19,1.5,3.3,MeOH/water,O=C1CCCC=C1,25,1.0,98.0,1,2,9,fam3,0,3
223,223,95.0,7.299170523,C[C@]1(OC)[C@@H]2C=C[C@@](C1)(C)C(C3=CC=C(C)C=C3)=C2,0.0,0.0,0.0,0.0,-0.17,-0.03,-0.27,0.0,254.1670653,0.0,0.0,0.0,0.0,0.0,94.18429025,0.0,21.5742147,94.18429025,76.07416785,263.7227483,0.5,[Rh(C2H4)2Cl]2,18.25910483,21.5742147,0.0,0.0,Lam,134.6239983,OB(C1=CC=CC=C1)O,2.0,L3.46,1.0,2.2,MeOH/CH2Cl2,O=C1C=CCO1,25,1.0,56.0,1,1,36,fam5,1,7
224,224,91.5,5.890704668,CC(C)(C)C(C=C1)=CC=C1C2=C[C@H]3C=C[C@]2(C)C[C@@]3(C)OC,0.0,0.0,0.0,0.0,-0.17,0.0,-0.27,0.0,296.2140155,0.0,0.0,0.0,0.0,0.0,146.0722459,0.0,21.5742147,146.0722459,76.07416785,315.610704,0.5,[Rh(C2H4)2Cl]2,18.25910483,21.5742147,0.0,0.0,Lam,134.6239983,OB(C1=CC=CC=C1)O,2.0,L3.47,1.0,2.2,MeOH/CH2Cl2,O=C1C=CCO1,25,1.0,58.0,1,1,37,fam5,1,9
225,225,85.0,-5.093249539,CC(C)(C)C(C=C1)=CC=C1C2=C[C@H]3C=C[C@]2(C)C[C@@]3(C)OC,0.0,0.0,0.0,0.0,-0.17,0.0,-0.27,1.0,296.2140155,0.0,0.0,0.0,0.0,0.0,146.0722459,0.0,21.5742147,146.0722459,76.07416785,315.610704,0.5,[Rh(C2H4)2Cl]2,20.21646842,0.0,18.72206172,0.0,Lam,234.8336777,CC1(C)OB(C2=CC=CC=C2O)OC1(C)C,2.0,L3.47,5.0,10.0,dioxane/H2O,ClC1=CC(C(F)(F)F)=CN=C1/C=C/CCC,80,16.0,73.0,1,1,37,fam5,1,9
226,226,1.5,-10.37346901,CC(C)(C1=C[C@@H]2C=C[C@H]1C2)OCOCC3=CC=CC=C3,0.0,0.0,0.0,0.0,0.0,0.0,0.0,0.0,270.1619799,180.948685,180.948685,180.948685,0.0,0.0,0.0,0.0,0.0,0.0,20.25598522,276.3129753,0.5,[Rh(C2H4)2Cl]2,22.51198396,21.5742147,0.0,0.0,Lam,134.6239983,OB(O)C1=CC=CC=C1,2.0,L3.5,0.25,0.55,dioxane,O=C1C=CCC1,25,2.0,95.0,1,2,66,fam1,0,2
227,227,0.5,-13.1219342,C[C@]1(CC2)C(C3=CC=CC=C3)=C[C@]2(C)C(C4=CC=CC=C4)=C1,-0.01,-0.17,0.0,-0.01,-0.17,0.0,0.0,0.0,286.1721507,76.88830503,153.7766101,153.7766101,21.5742147,0.0,0.0,76.88830503,21.5742147,0.0,32.69197045,292.9506265,1.0,[Rh(C2H4)2Cl]2,22.51198396,19.43509996,0.0,0.0,Lam,134.6239983,OB(O)c1ccccc1,1.2,L3.26,0.9,2.0,MeOH/CH2Cl2,O=C1CCCC=C1,25,1.0,98.0,1,2,50,fam4,0,0
228,228,1.0,-11.58218649,FC(F)(F)C1=CC(C2=C[C@]3(C)C(C4=CC(C(F)(F)F)=CC(C(F)(F)F)=C4)=C[C@@]2(C)CC3)=CC(C(F)(F)F)=C1,0.0,-0.17,0.0,0.0,-0.17,0.0,0.0,0.0,558.1216892,147.8856292,295.7712584,295.7712584,21.5742147,0.0,0.0,147.8856292,21.5742147,0.0,32.69197045,434.9452748,1.0,[Rh(C2H4)2Cl]2,22.51198396,19.43509996,0.0,0.0,Lam,134.6239983,OB(O)c1ccccc1,2.0,L3.28,0.9,2.0,MeOH/CH2Cl2,O=C1CCCC=C1,30,3.0,92.0,1,2,52,fam4,0,6
229,229,3.0,-8.617138025,CC(C)(C1=C[C@@H]2C=C[C@H]1C2)OCOCC3=CC=CC=C3,0.0,0.0,0.0,0.0,0.0,0.0,0.0,0.0,270.1619799,180.948685,180.948685,180.948685,0.0,0.0,0.0,0.0,0.0,0.0,20.25598522,276.3129753,0.5,[Rh(C2H4)2Cl]2,22.51198396,18.72206172,0.0,0.0,Lam,134.6239983,OB(C1=CC=CC=C1)O,2.0,L3.5,1.5,3.3,dioxane/H2O,O=C1C=CCCCC1,25,2.0,83.0,1,2,66,fam1,0,1
230,230,7.0,-6.412320563,CC(C)(C1=C[C@@H]2C=C[C@H]1C2)OCOCC3=CC=CC=C3,0.0,0.0,0.0,0.0,0.0,0.0,0.0,1.0,270.1619799,180.948685,180.948685,180.948685,0.0,0.0,0.0,0.0,0.0,0.0,20.25598522,276.3129753,0.5,[Rh(C2H4)2Cl]2,22.51198396,0.0,18.15163112,0.0,Lam,134.6239983,OB(C1=CC=CC=C1)O,2.0,L3.5,1.5,3.3,dioxane/H2O,CC(/C=C/CCCCC)=O,25,2.0,74.0,1,2,66,fam1,0,2
231,231,4.5,-7.573368874,C[C@@]1(C2(C)C)C=C(C3=CC=CC=C3)[C@H]2C=C1C4=CC=CC=C4,-0.01,-0.17,0.0,-0.01,0.0,0.0,-0.17,0.0,286.1721507,76.88830503,153.7766101,153.7766101,21.5742147,0.0,0.0,76.88830503,0.0,0.0,54.84795567,296.7506265,1.0,[Rh(C2H4)2Cl]2,22.51198396,19.43509996,0.0,0.0,Lam,134.6239983,OB(O)c1ccccc1,2.0,L3.10,1.5,3.6,dioxane/water ,O=C1CCCC=C1,25,1.0,94.0,1,2,10,fam2,0,9
232,232,93.5,6.609323954,C[C@]1(OC)[C@@H]2C=C[C@@](C1)(C)C(C3=CC=C(OC)C=C3)=C2,0.0,0.0,0.0,0.0,-0.17,-0.08,-0.27,0.0,270.1619799,0.0,0.0,0.0,0.0,0.0,102.9745172,0.0,21.5742147,102.9745172,76.07416785,272.5129753,0.5,[Rh(C2H4)2Cl]2,18.25910483,21.5742147,0.0,0.0,Lam,134.6239983,OB(C1=CC=CC=C1)O,2.0,L3.50,1.0,2.2,MeOH/CH2Cl2,O=C1C=CCO1,25,1.0,59.0,1,1,40,fam5,1,6
233,233,3.222222222,-8.575751854,C[C@@]1(C2(C)C)C=C(C3=CC=C([N+]([O-])=O)C=C3)[C@H]2C=C1C4=CC=C([N+]([O-])=O)C=C4,0.26,-0.17,0.0,0.26,0.0,0.0,-0.17,0.0,376.1423071,102.8290606,205.6581212,205.6581212,21.5742147,0.0,0.0,102.8290606,0.0,0.0,54.84795567,348.6321376,1.0,[Rh(C2H4)2Cl]2,22.51198396,19.43509996,0.0,0.0,Lam,134.6239983,OB(O)c1ccccc1,2.0,L3.14,1.5,3.6,i-PrOH,O=C1CCCC=C1,30,1.0,96.0,1,2,14,fam2,0,8
234,234,98.0,9.647698662,C[C@]1(OC)[C@@H]2C=C[C@@](C1)(C)C(C3=C(C)C=CC=C3C)=C2,0.0,0.0,0.0,0.0,-0.17,0.0,-0.27,0.0,268.1827154,0.0,0.0,0.0,0.0,0.0,111.4802755,0.0,21.5742147,111.4802755,76.07416785,281.0187336,0.5,[Rh(C2H4)2Cl]2,22.51198396,21.5742147,0.0,0.0,Lam,160.7102105,OB(C1=CC=CC(OC)=C1)O,2.0,L3.52,1.0,2.2,DCM,O=C1C=CCC1,25,1.0,85.0,1,1,16,fam5,1,7
235,235,96.5,8.222192162,C[C@]1(OC)[C@@H]2C=C[C@@](C1)(C)C(C3=C(C)C=CC=C3C)=C2,0.0,0.0,0.0,0.0,-0.17,0.0,-0.27,0.0,268.1827154,0.0,0.0,0.0,0.0,0.0,111.4802755,0.0,21.5742147,111.4802755,76.07416785,281.0187336,0.5,[Rh(C2H4)2Cl]2,22.51198396,18.72206172,0.0,0.0,Lam,134.6239983,OB(C1=CC=CC=C1)O,3.0,L3.52,1.0,2.2,MeOH/CH2Cl2,O=C1C=CCCCC1,25,1.0,53.0,1,1,16,fam5,1,2
236,236,92.5,6.227925688,C[C@]1(OC)[C@@H]2C=C[C@@](C1)(C)C(C3=C(C)C=CC=C3C)=C2,0.0,0.0,0.0,0.0,-0.17,0.0,-0.27,0.0,268.1827154,0.0,0.0,0.0,0.0,0.0,111.4802755,0.0,21.5742147,111.4802755,76.07416785,281.0187336,0.5,[Rh(C2H4)2Cl]2,18.25910483,21.5742147,0.0,0.0,Lam,134.6239983,OB(C1=CC=CC=C1)O,2.0,L3.52,1.0,2.2,MeOH/CH2Cl2,O=C1C=CCO1,25,1.0,56.0,1,1,16,fam5,1,0
237,237,95.0,7.299170523,C[C@]1(OC)[C@@H]2C=C[C@@](C1)(C)C(C3=C(C)C=CC=C3C)=C2,0.0,0.0,0.0,0.0,-0.17,0.0,-0.27,1.0,268.1827154,0.0,0.0,0.0,0.0,0.0,111.4802755,0.0,21.5742147,111.4802755,76.07416785,281.0187336,0.5,[Rh(C2H4)2Cl]2,26.97717105,0.0,18.72206172,0.0,Lam,134.6239983,OB(C1=CC=CC=C1)O,2.0,L3.52,1.0,2.2,MeOH/CH2Cl2,CC(C)(C)NC(/C=C/CCC)=O,25,1.0,40.0,1,1,16,fam5,1,2
238,238,98.5,10.37346901,C[C@]1(OC)[C@@H]2C=C[C@@](C1)(C)C(C3=CC=C(OC)C(OC)=C3)=C2,0.0,0.0,0.0,0.0,-0.17,0.0,-0.27,0.0,300.1725446,0.0,0.0,0.0,0.0,0.0,129.0607294,0.0,21.5742147,129.0607294,76.07416785,298.5991875,0.5,[Rh(C2H4)2Cl]2,18.25910483,38.87019992,0.0,0.0,Lam,134.6239983,OB(C1=CC=CC=C1)O,2.0,L3.54,1.0,2.2,MeOH/CH2Cl2,O=C1C=CCCO1,25,1.0,95.0,1,1,69,fam5,1,5
239,239,85.5,4.398601125,C[C@]1(OC)[C@@H]2C=C[C@@](C1)(C)C(C3=CC=C(OC)C(OC)=C3)=C2,0.0,0.0,0.0,0.0,-0.17,0.0,-0.27,0.0,300.1725446,0.0,0.0,0.0,0.0,0.0,129.0607294,0.0,21.5742147,129.0607294,76.07416785,298.5991875,0.5,[Rh(C2H4)2Cl]2,18.25910483,38.87019992,0.0,0.0,Lam,160.7102105,COC1=CC=C(B(O)O)C=C1,2.0,L3.54,1.0,2.2,MeOH/CH2Cl2,O=C1C=CCCO1,25,1.0,95.0,1,1,69,fam5,1,9
240,240,93.0,6.412320563,C[C@]1(OC)[C@@H]2C=C[C@@](C1)(C)C(C3=CC=C(OC)C(OC)=C3)=C2,0.0,0.0,0.0,0.0,-0.17,0.0,-0.27,0.0,300.1725446,0.0,0.0,0.0,0.0,0.0,129.0607294,0.0,21.5742147,129.0607294,76.07416785,298.5991875,0.5,[Rh(C2H4)2Cl]2,18.25910483,38.87019992,0.0,0.0,Lam,175.2785624,OB(C1=C2C(C=CC=C2)=CC=C1)O,2.0,L3.54,1.0,2.2,MeOH/CH2Cl2,O=C1C=CCCO1,25,1.0,95.0,1,1,69,fam5,1,2
241,241,95.0,7.299170523,C=CCC1=C[C@H]2C(CC=C)=C[C@@H]1C2,0.0,0.0,-0.16,0.0,0.0,-0.16,0.0,0.0,144.0939004,0.0,0.0,0.0,0.0,36.23374097,72.46748195,0.0,0.0,36.23374097,20.25598522,163.5535427,0.0,[Rh(C2H4)2Cl]2,22.51198396,21.5742147,0.0,0.0,Lam,134.6239983,OB(O)C1=CC=CC=C1,2.0,L3.6,1.5,3.3,dioxane,O=C1C=CCC1,25,16.0,44.0,1,1,22,fam1,1,2
242,242,98.5,10.37346901,C=CCC1=C[C@]2(C)C(CC(C)C)=C[C@H]1[C@@](OC)(C)C2,0.07,0.0,0.0,-0.12,-0.17,0.0,-0.27,0.0,246.1983655,36.23374097,109.6959113,109.6959113,0.0,0.0,0.0,73.46217037,21.5742147,0.0,76.07416785,274.95614,0.5,[Rh(C2H4)2Cl]2,22.51198396,21.5742147,0.0,0.0,Lam,348.0319373,B1(C2=CC=CC=C2)OB(C3=CC=CC=C3)OB(C4=CC=CC=C4)O1,2.0,L3.63,1.5,3.3,dioxane,O=C1C=CCC1,25,1.0,95.0,1,2,3,fam6,1,4
243,243,10.0,-6.817011582,O=C(C1=C[C@@H]2C(C)=C[C@H]1[C@H](C2)C(C)C)OC3=CC4=C(C=C3)C=CC=C4,0.44,0.0,0.0,-0.17,0.0,0.0,-0.15,0.0,332.17763,149.7828493,171.357064,171.357064,0.0,0.0,0.0,21.5742147,0.0,0.0,84.57992612,327.8270656,0.5,Rh 7,22.51198396,19.43509996,0.0,0.0,Lam,134.6239983,OB(O)c1ccccc1,1.5,L3.81,0.75,1.0,dioxane/water ,O=C1CCCC=C1,100,16.0,72.0,1,2,70,fam7,0,5
244,244,95.0,7.299170523,C=CCC1=C[C@]2(C)C(CC(C)C)=C[C@H]1[C@@](OC)(C)C2,0.07,0.0,0.0,-0.12,-0.17,0.0,-0.27,1.0,246.1983655,36.23374097,109.6959113,109.6959113,0.0,0.0,0.0,73.46217037,21.5742147,0.0,76.07416785,274.95614,0.5,[Rh(C2H4)2Cl]2,22.51198396,0.0,19.22207626,0.0,Lam,160.7102105,OB(C1=CC=C(OC)C=C1)O,2.0,L3.63,1.5,3.3,dioxane/H2O,CC(/C=C/C1=CC=CC=C1)=O,25,0.1,68.0,1,2,3,fam6,1,6
245,245,94.5,7.049817963,C=CCC1=C[C@]2(C)C(CC(C)C)=C[C@H]1[C@@](OC)(C)C2,0.07,0.0,0.0,-0.12,-0.17,0.0,-0.27,1.0,246.1983655,36.23374097,109.6959113,109.6959113,0.0,0.0,0.0,73.46217037,21.5742147,0.0,76.07416785,274.95614,0.5,[Rh(C2H4)2Cl]2,22.51198396,0.0,21.5742147,0.0,Lam,166.5795098,OB(/C=C/C1=CC=CC=C1)O,2.0,L3.63,1.5,3.3,dioxane/H2O,CC(/C=C/C)=O,25,1.0,78.0,1,2,3,fam6,1,4
246,246,94.0,6.820968473,C=CCC1=C[C@]2(C)C(CC(C)C)=C[C@H]1[C@@](OC)(C)C2,0.07,0.0,0.0,-0.12,-0.17,0.0,-0.27,1.0,246.1983655,36.23374097,109.6959113,109.6959113,0.0,0.0,0.0,73.46217037,21.5742147,0.0,76.07416785,274.95614,0.5,[Rh(C2H4)2Cl]2,17.93806496,0.0,21.5742147,0.0,Lam,134.6239983,OB(C1=CC=CC=C1)O,2.0,L3.63,1.5,3.3,dioxane/H2O,COC(/C=C/C)=O,25,1.0,93.0,1,2,3,fam6,1,3
247,247,95.5,7.573368874,C=CCC1=C[C@]2(C)C(CC(C)C)=C[C@H]1[C@@](OC)(C)C2,0.07,0.0,0.0,-0.12,-0.17,0.0,-0.27,0.0,246.1983655,36.23374097,109.6959113,109.6959113,0.0,0.0,0.0,73.46217037,21.5742147,0.0,76.07416785,274.95614,0.5,[Rh(C2H4)2Cl]2,18.25910483,21.5742147,0.0,0.0,Lam,134.6239983,OB(C1=CC=CC=C1)O,2.0,L3.63,1.5,3.3,dioxane/H2O,O=C1C=CCO1,25,1.0,80.0,1,2,3,fam6,1,4
248,248,4.5,-7.573368874,C[C@]1(OC)[C@@H]2C=C(CC(C)C)[C@@](C1)(C)C=C2CC3=CC=CC=C3,-0.09,0.0,0.0,-0.12,-0.17,0.0,-0.27,1.0,310.2296656,94.18429025,167.6464606,167.6464606,0.0,0.0,0.0,73.46217037,21.5742147,0.0,76.07416785,332.9066892,0.5,[Rh(C2H4)2Cl]2,22.51198396,0.0,18.15163112,0.0,Lam,134.6239983,OB(C1=CC=CC=C1)O,2.0,L3.64,1.5,3.3,dioxane/H2O,CC(/C=C/CCCCC)=O,25,3.0,99.0,1,2,71,fam6,0,3
249,249,1.0,-11.58218649,C[C@]1(OC)[C@@H]2C=C(CC(C)C)[C@@](C1)(C)C=C2CC3=CC=CC=C3,-0.09,0.0,0.0,-0.12,-0.17,0.0,-0.27,0.0,310.2296656,94.18429025,167.6464606,167.6464606,0.0,0.0,0.0,73.46217037,21.5742147,0.0,76.07416785,332.9066892,0.5,[Rh(C2H4)2Cl]2,18.25910483,23.54607256,0.0,0.0,Lam,134.6239983,OB(C1=CC=CC=C1)O,2.0,L3.64,1.5,3.3,dioxane/H2O,O=C(O1)C=CC2=C1C=CC(C)=C2,30,24.0,20.0,1,2,71,fam6,0,5
250,250,98.0,9.647698662,C=CCC1=C[C@]2(C)C(CC(C)C)=C[C@H]1[C@@](OC)(C)C2,0.07,0.0,0.0,-0.12,-0.17,0.0,-0.27,0.0,246.1983655,36.23374097,109.6959113,109.6959113,0.0,0.0,0.0,73.46217037,21.5742147,0.0,76.07416785,274.95614,0.5,[Rh(C2H4)2Cl]2,22.51198396,19.43509996,0.0,0.0,Lam,156.8595098,C1COB(O1)c1ccccc1,2.0,L3.63,1.5,3.3,dioxane/water ,O=C1CCCC=C1,25,18.0,83.0,1,2,3,fam6,1,9
251,251,1.0,-14.25661517,OC(C)(C)C1=C[C@@H]2C(C)=C[C@H]1[C@@H](C(C)C)C2,0.0,0.0,0.0,-0.17,0.0,0.0,-0.15,0.0,220.1827154,64.9564121,86.53062679,86.53062679,0.0,0.0,0.0,21.5742147,0.0,0.0,84.57992612,243.0006285,0.5,Rh:Ag (1:1) 9,22.51198396,19.43509996,0.0,0.0,Lam,207.2340739,OB(O)c1ccc(cc1)-c1ccccc1,1.5,L3.74,0.75,1.0,toluene/water,O=C1CCCC=C1,100,10.0,99.0,1,2,8,fam7,0,8
252,252,98.5,11.24328864,C=CCC1=C[C@]2(C)C(CC(C)C)=C[C@H]1[C@@](OC)(C)C2,0.07,0.0,0.0,-0.12,-0.17,0.0,-0.27,0.0,246.1983655,36.23374097,109.6959113,109.6959113,0.0,0.0,0.0,73.46217037,21.5742147,0.0,76.07416785,274.95614,0.5,[Rh(C2H4)2Cl]2,22.51198396,19.43509996,0.0,0.0,Lam,175.3697368,CC(=O)c1ccc(cc1)B(O)O,2.0,L3.63,1.5,3.3,dioxane/water,O=C1CCCC=C1,50,1.0,96.0,1,2,3,fam6,1,3
253,253,99.0,11.39115587,C[C@]1(OC)[C@@H]2C=C[C@@](C1)(C)C(C3=C(C)C=CC=C3C)=C2,0.0,0.0,0.0,0.0,-0.17,0.0,-0.27,0.0,268.1827154,0.0,0.0,0.0,0.0,0.0,111.4802755,0.0,21.5742147,111.4802755,76.07416785,281.0187336,0.5,[Rh(C2H4)2Cl]2,22.51198396,19.43509996,0.0,0.0,Lam,170.1226604,OB(O)c1ccc(cc1)C(F)(F)F,2.0,L3.52,1.0,2.2,MeOH/CH2Cl2,O=C1CCCC=C1,25,1.0,66.0,1,1,16,fam5,1,4
254,254,91.5,6.384642675,CC(C)CC1=C[C@H]2C(CC=C)=C[C@]1(C)C[C@]2(C)OC,0.0,0.0,0.07,0.0,-0.17,-0.12,-0.27,1.0,246.1983655,0.0,0.0,0.0,0.0,36.23374097,109.6959113,0.0,21.5742147,73.46217037,76.07416785,274.95614,0.5,[Rh(C2H4)2Cl]2,27.7279827,0.0,19.22207626,0.0,Lam,160.7102105,COC1=CC=C(B(O)O)C=C1,2.0,L3.69,1.5,3.3,dioxane/H2O,[H]C(/C=C/C1=CC=CC=C1)=O,50,1.25,50.0,1,1,72,fam6,1,0
255,255,90.0,5.446849801,CC(C)CC1=C[C@H]2C(CC=C)=C[C@]1(C)C[C@]2(C)OC,0.0,0.0,0.07,0.0,-0.17,-0.12,-0.27,0.0,246.1983655,0.0,0.0,0.0,0.0,36.23374097,109.6959113,0.0,21.5742147,73.46217037,76.07416785,274.95614,0.5,[Rh(C2H4)2Cl]2,18.25910483,21.5742147,0.0,0.0,Lam,257.9989622,CC1(C)OB(/C=C/C2=CC=CC=C2)OC1(C)C,2.0,L3.69,1.5,3.3,dioxane/H2O,O=C1C=CCO1,25,72.0,52.0,1,1,72,fam6,1,8
256,256,94.5,7.049817963,CC(C)CC1=C[C@H]2C(CC(C)C)=C[C@@H]1C2,0.0,0.0,-0.12,0.0,0.0,-0.12,0.0,0.0,204.1878008,0.0,0.0,0.0,0.0,73.46217037,146.9243407,0.0,0.0,73.46217037,20.25598522,238.0104015,0.0,[Rh(C2H4)2Cl]2,22.51198396,21.5742147,0.0,0.0,Lam,134.6239983,OB(O)C1=CC=CC=C1,2.0,L3.7,1.5,3.3,dioxane,O=C1C=CCC1,25,16.0,73.0,1,1,23,fam1,1,7
257,257,0.4,-13.90696445,OC(C)(C)C1=C[C@@H]2C(C)=C[C@H]1[C@@H](C(C)C)C2,0.0,0.0,0.0,-0.17,0.0,0.0,-0.15,0.0,220.1827154,64.9564121,86.53062679,86.53062679,0.0,0.0,0.0,21.5742147,0.0,0.0,84.57992612,243.0006285,0.5,[Rh(C2H4)2Cl]2,22.51198396,19.43509996,0.0,0.0,Lam,170.1226604,OB(O)c1ccc(cc1)C(F)(F)F,1.5,L3.74,1.5,3.3,dioxane/water,O=C1CCCC=C1,30,1.0,97.0,1,2,8,fam7,0,1
258,258,96.5,8.911626353,CC(C)CC1=C[C@H]2C(CC3=CC=CC=C3)=C[C@]1(C)C[C@]2(C)OC,0.0,0.0,-0.09,0.0,-0.17,-0.12,-0.27,1.0,310.2296656,0.0,0.0,0.0,0.0,94.18429025,167.6464606,0.0,21.5742147,73.46217037,76.07416785,332.9066892,0.5,[Rh(C2H4)2Cl]2,27.7279827,0.0,17.90767349,0.0,Lam,134.6239983,OB(C1=CC=CC=C1)O,1.5,L3.70,1.5,3.3,MeOH/H2O,[H]C(/C=C/C1=CC=CO1)=O,50,1.25,63.0,1,1,73,fam6,1,7
259,259,94.5,7.640948096,CC(C)CC1=C[C@H]2C(CC3=CC=CC=C3)=C[C@]1(C)C[C@]2(C)OC,0.0,0.0,-0.09,0.0,-0.17,-0.12,-0.27,1.0,310.2296656,0.0,0.0,0.0,0.0,94.18429025,167.6464606,0.0,21.5742147,73.46217037,76.07416785,332.9066892,0.5,[Rh(C2H4)2Cl]2,27.7279827,0.0,19.22207626,0.0,Lam,184.1599637,O=C(OC)C1=CC=CC(B(O)O)=C1,2.0,L3.70,1.5,3.3,MeOH/H2O,[H]C(/C=C/C1=CC=CC=C1)=O,50,22.0,70.0,1,1,73,fam6,1,3
260,260,95.5,8.208398966,CC(C)CC1=C[C@H]2C(CC3=CC=CC=C3)=C[C@]1(C)C[C@]2(C)OC,0.0,0.0,-0.09,0.0,-0.17,-0.12,-0.27,1.0,310.2296656,0.0,0.0,0.0,0.0,94.18429025,167.6464606,0.0,21.5742147,73.46217037,76.07416785,332.9066892,0.5,[Rh(C2H4)2Cl]2,27.7279827,0.0,19.22207626,0.0,Lam,170.1226604,OB(C1=CC(C(F)(F)F)=CC=C1)O,2.0,L3.70,1.5,3.3,MeOH/H2O,[H]C(/C=C/C1=CC=CC=C1)=O,50,2.5,85.0,1,1,73,fam6,1,6
261,261,96.0,8.538892518,CC(C)CC1=C[C@H]2C(CC3=CC=CC=C3)=C[C@]1(C)C[C@]2(C)OC,0.0,0.0,-0.09,0.0,-0.17,-0.12,-0.27,1.0,310.2296656,0.0,0.0,0.0,0.0,94.18429025,167.6464606,0.0,21.5742147,73.46217037,76.07416785,332.9066892,0.5,[Rh(C2H4)2Cl]2,27.7279827,0.0,19.22207626,0.0,Lam,160.7102105,COC1=CC=C(B(O)O)C=C1,2.0,L3.70,1.5,3.3,dioxane/H2O,[H]C(/C=C/C1=CC=CC=C1)=O,50,1.25,43.0,1,1,73,fam6,1,7
262,262,96.5,8.911626353,CC(C)CC1=C[C@H]2C(CC3=CC=CC=C3)=C[C@]1(C)C[C@]2(C)OC,0.0,0.0,-0.09,0.0,-0.17,-0.12,-0.27,1.0,310.2296656,0.0,0.0,0.0,0.0,94.18429025,167.6464606,0.0,21.5742147,73.46217037,76.07416785,332.9066892,0.5,[Rh(C2H4)2Cl]2,27.7279827,0.0,19.22207626,0.0,Lam,140.6915573,FC1=CC=C(B(O)O)C=C1,1.5,L3.70,1.5,3.3,MeOH/H2O,[H]C(/C=C/C1=CC=CC=C1)=O,50,1.25,90.0,1,1,73,fam6,1,1
263,263,95.5,8.208398966,CC(C)CC1=C[C@H]2C(CC3=CC=CC=C3)=C[C@]1(C)C[C@]2(C)OC,0.0,0.0,-0.09,0.0,-0.17,-0.12,-0.27,1.0,310.2296656,0.0,0.0,0.0,0.0,94.18429025,167.6464606,0.0,21.5742147,73.46217037,76.07416785,332.9066892,0.5,[Rh(C2H4)2Cl]2,27.7279827,0.0,25.7436293,0.0,Lam,134.6239983,OB(C1=CC=CC=C1)O,1.2,L3.70,1.5,3.3,MeOH/H2O,[H]C(/C=C/C1=CC=CC=C1OC)=O,50,4.0,76.0,1,1,73,fam6,1,7
264,264,96.5,8.911626353,CC(C)CC1=C[C@H]2C(CC3=CC=CC=C3)=C[C@]1(C)C[C@]2(C)OC,0.0,0.0,-0.09,0.0,-0.17,-0.12,-0.27,1.0,310.2296656,0.0,0.0,0.0,0.0,94.18429025,167.6464606,0.0,21.5742147,73.46217037,76.07416785,332.9066892,0.5,[Rh(C2H4)2Cl]2,27.7279827,0.0,17.16241953,0.0,Lam,175.3697368,CC(C1=CC=C(B(O)O)C=C1)=O,1.5,L3.70,1.5,3.3,MeOH/H2O,[H]C(/C=C/C1=CC=C(OC)C=C1)=O,50,1.25,78.0,1,1,73,fam6,1,8
265,265,95.5,8.208398966,CC(C)CC1=C[C@H]2C(CC3=CC=CC=C3)=C[C@]1(C)C[C@]2(C)OC,0.0,0.0,-0.09,0.0,-0.17,-0.12,-0.27,1.0,310.2296656,0.0,0.0,0.0,0.0,94.18429025,167.6464606,0.0,21.5742147,73.46217037,76.07416785,332.9066892,0.5,[Rh(C2H4)2Cl]2,27.7279827,0.0,16.5911728,0.0,Lam,134.6239983,OB(C1=CC=CC=C1)O,1.2,L3.70,1.5,3.3,MeOH/H2O,[H]C(/C=C/C1=CC=C(F)C=C1)=O,50,1.25,87.0,1,1,73,fam6,1,5
266,266,95.0,7.91120897,CC(C)CC1=C[C@H]2C(CC3=CC=CC=C3)=C[C@]1(C)C[C@]2(C)OC,0.0,0.0,-0.09,0.0,-0.17,-0.12,-0.27,1.0,310.2296656,0.0,0.0,0.0,0.0,94.18429025,167.6464606,0.0,21.5742147,73.46217037,76.07416785,332.9066892,0.5,[Rh(C2H4)2Cl]2,27.7279827,0.0,24.11007225,0.0,Lam,134.6239983,OB(C1=CC=CC=C1)O,1.5,L3.70,1.5,3.3,MeOH/H2O,[H]C(/C=C/C1=CC(C)=CC=C1OCC2=CC=CC=C2)=O,50,1.25,78.0,1,1,73,fam6,1,4
267,267,95.5,8.208398966,CC(C)CC1=C[C@H]2C(CC3=CC=CC=C3)=C[C@]1(C)C[C@]2(C)OC,0.0,0.0,-0.09,0.0,-0.17,-0.12,-0.27,1.0,310.2296656,0.0,0.0,0.0,0.0,94.18429025,167.6464606,0.0,21.5742147,73.46217037,76.07416785,332.9066892,0.5,[Rh(C2H4)2Cl]2,26.42553764,0.0,17.90767349,0.0,Lam,175.3697368,CC(C1=CC=C(B(O)O)C=C1)=O,2.0,L3.70,1.5,3.3,MeOH/H2O,O=C(/C=C/C1=CC=CO1)OC(C)(C)C,50,14.0,68.0,1,1,73,fam6,1,2
268,268,96.0,8.538892518,CC(C)CC1=C[C@H]2C(CC3=CC=CC=C3)=C[C@]1(C)C[C@]2(C)OC,0.0,0.0,-0.09,0.0,-0.17,-0.12,-0.27,1.0,310.2296656,0.0,0.0,0.0,0.0,94.18429025,167.6464606,0.0,21.5742147,73.46217037,76.07416785,332.9066892,0.5,[Rh(C2H4)2Cl]2,26.42553764,0.0,17.90767349,0.0,Lam,160.7102105,COC1=CC=C(B(O)O)C=C1,2.0,L3.70,1.5,3.3,MeOH/H2O,O=C(/C=C/C1=CC=CO1)OC(C)(C)C,50,14.0,62.0,1,1,73,fam6,1,5
269,269,95.0,7.91120897,CC(C)CC1=C[C@H]2C(CC3=CC=CC=C3)=C[C@]1(C)C[C@]2(C)OC,0.0,0.0,-0.09,0.0,-0.17,-0.12,-0.27,1.0,310.2296656,0.0,0.0,0.0,0.0,94.18429025,167.6464606,0.0,21.5742147,73.46217037,76.07416785,332.9066892,0.5,[Rh(C2H4)2Cl]2,26.42553764,0.0,21.14727267,0.0,Lam,175.3697368,CC(C1=CC=C(B(O)O)C=C1)=O,1.5,L3.70,1.5,3.3,dioxane/H2O,O=C(/C=C/C1=CC=CS1)OC(C)(C)C,50,14.0,65.0,1,1,73,fam6,1,2
270,270,96.5,8.911626353,CC(C)CC1=C[C@H]2C(CC3=CC=CC=C3)=C[C@]1(C)C[C@]2(C)OC,0.0,0.0,-0.09,0.0,-0.17,-0.12,-0.27,1.0,310.2296656,0.0,0.0,0.0,0.0,94.18429025,167.6464606,0.0,21.5742147,73.46217037,76.07416785,332.9066892,0.5,[Rh(C2H4)2Cl]2,26.42553764,0.0,17.6472701,0.0,Lam,175.3697368,CC(C1=CC=C(B(O)O)C=C1)=O,2.0,L3.70,1.5,3.3,dioxane/H2O,O=C(/C=C/C1=CN=CC=C1)OC(C)(C)C,50,14.0,70.0,1,1,73,fam6,1,0
271,271,96.0,8.538892518,CC(C)CC1=C[C@H]2C(CC3=CC=CC=C3)=C[C@]1(C)C[C@]2(C)OC,0.0,0.0,-0.09,0.0,-0.17,-0.12,-0.27,1.0,310.2296656,0.0,0.0,0.0,0.0,94.18429025,167.6464606,0.0,21.5742147,73.46217037,76.07416785,332.9066892,0.5,[Rh(C2H4)2Cl]2,26.42553764,0.0,19.22207626,0.0,Lam,170.1226604,OB(C1=C(C(F)(F)F)C=CC=C1)O,2.5,L3.70,1.5,3.3,MeOH/H2O,O=C(/C=C/C1=CC=CC=C1)OC(C)(C)C,50,24.0,69.0,1,1,73,fam6,1,8
272,272,96.0,8.538892518,CC(C)CC1=C[C@H]2C(CC3=CC=CC=C3)=C[C@]1(C)C[C@]2(C)OC,0.0,0.0,-0.09,0.0,-0.17,-0.12,-0.27,1.0,310.2296656,0.0,0.0,0.0,0.0,94.18429025,167.6464606,0.0,21.5742147,73.46217037,76.07416785,332.9066892,0.5,[Rh(C2H4)2Cl]2,26.42553764,0.0,19.22207626,0.0,Lam,175.3697368,CC(C1=CC=C(B(O)O)C=C1)=O,1.5,L3.70,1.5,3.3,MeOH/H2O,O=C(/C=C/C1=CC=CC=C1)OC(C)(C)C,50,1.25,76.0,1,1,73,fam6,1,3
273,273,96.25,8.719284457,CC(C)CC1=C[C@H]2C(CC3=CC=CC=C3)=C[C@]1(C)C[C@]2(C)OC,0.0,0.0,-0.09,0.0,-0.17,-0.12,-0.27,1.0,310.2296656,0.0,0.0,0.0,0.0,94.18429025,167.6464606,0.0,21.5742147,73.46217037,76.07416785,332.9066892,0.5,[Rh(C2H4)2Cl]2,26.42553764,0.0,19.22207626,0.0,Lam,160.7102105,COC1=CC=C(B(O)O)C=C1,2.0,L3.70,1.5,3.3,MeOH/H2O,O=C(/C=C/C1=CC=CC=C1)OC(C)(C)C,50,1.25,85.0,1,1,73,fam6,1,4
274,274,96.0,8.538892518,CC(C)CC1=C[C@H]2C(CC3=CC=CC=C3)=C[C@]1(C)C[C@]2(C)OC,0.0,0.0,-0.09,0.0,-0.17,-0.12,-0.27,1.0,310.2296656,0.0,0.0,0.0,0.0,94.18429025,167.6464606,0.0,21.5742147,73.46217037,76.07416785,332.9066892,0.5,[Rh(C2H4)2Cl]2,26.42553764,0.0,25.70726514,0.0,Lam,134.6239983,OB(C1=CC=CC=C1)O,2.0,L3.70,1.5,3.3,MeOH/H2O,O=C(/C=C/C1=CC=CC=C1[N+]([O-])=O)OC(C)(C)C,50,1.25,78.0,1,1,73,fam6,1,5
275,275,96.0,8.538892518,CC(C)CC1=C[C@H]2C(CC3=CC=CC=C3)=C[C@]1(C)C[C@]2(C)OC,0.0,0.0,-0.09,0.0,-0.17,-0.12,-0.27,1.0,310.2296656,0.0,0.0,0.0,0.0,94.18429025,167.6464606,0.0,21.5742147,73.46217037,76.07416785,332.9066892,0.5,[Rh(C2H4)2Cl]2,26.42553764,0.0,25.70726514,0.0,Lam,160.7102105,COC1=CC=C(B(O)O)C=C1,2.0,L3.70,1.5,3.3,MeOH/H2O,O=C(/C=C/C1=CC=CC=C1[N+]([O-])=O)OC(C)(C)C,50,1.25,84.0,1,1,73,fam6,1,4
276,276,97.0,9.339688589,CC(C)CC1=C[C@H]2C(CC3=CC=CC=C3)=C[C@]1(C)C[C@]2(C)OC,0.0,0.0,-0.09,0.0,-0.17,-0.12,-0.27,1.0,310.2296656,0.0,0.0,0.0,0.0,94.18429025,167.6464606,0.0,21.5742147,73.46217037,76.07416785,332.9066892,0.5,[Rh(C2H4)2Cl]2,26.42553764,0.0,20.73896599,0.0,Lam,134.6239983,OB(C1=CC=CC=C1)O,2.0,L3.70,1.5,3.3,MeOH/H2O,O=C(/C=C/C1=CC=CC(F)=C1)OC(C)(C)C,50,1.5,95.0,1,1,73,fam6,1,3
277,277,96.5,8.911626353,CC(C)CC1=C[C@H]2C(CC3=CC=CC=C3)=C[C@]1(C)C[C@]2(C)OC,0.0,0.0,-0.09,0.0,-0.17,-0.12,-0.27,1.0,310.2296656,0.0,0.0,0.0,0.0,94.18429025,167.6464606,0.0,21.5742147,73.46217037,76.07416785,332.9066892,0.5,[Rh(C2H4)2Cl]2,26.42553764,0.0,20.73896599,0.0,Lam,160.7102105,COC1=CC=C(B(O)O)C=C1,2.0,L3.70,1.5,3.3,MeOH/H2O,O=C(/C=C/C1=CC=CC(F)=C1)OC(C)(C)C,50,2.0,93.0,1,1,73,fam6,1,1
278,278,95.5,8.208398966,CC(C)CC1=C[C@H]2C(CC3=CC=CC=C3)=C[C@]1(C)C[C@]2(C)OC,0.0,0.0,-0.09,0.0,-0.17,-0.12,-0.27,1.0,310.2296656,0.0,0.0,0.0,0.0,94.18429025,167.6464606,0.0,21.5742147,73.46217037,76.07416785,332.9066892,0.5,[Rh(C2H4)2Cl]2,26.42553764,0.0,17.16241953,0.0,Lam,134.6239983,OB(C1=CC=CC=C1)O,2.0,L3.70,1.5,3.3,MeOH/H2O,O=C(/C=C/C1=CC=C(OC)C=C1)OC(C)(C)C,50,18.5,95.0,1,1,73,fam6,1,5
279,279,74.0,2.810340399,C=CCC1=C[C@@]2(C)C(C3=CC=CC=C3)=C[C@@H]1[C@](OC)(C)C2,0.0,0.0,-0.16,0.0,-0.17,-0.01,-0.27,1.0,266.1670653,0.0,0.0,0.0,0.0,36.23374097,113.122046,0.0,21.5742147,76.88830503,76.07416785,278.3822746,0.5,[Rh(C2H4)2Cl]2,27.7279827,0.0,19.22207626,0.0,Lam,160.7102105,COC1=CC=C(B(O)O)C=C1,2.0,L3.71,1.5,3.3,dioxane/H2O,[H]C(/C=C/C1=CC=CC=C1)=O,50,1.25,43.0,1,1,74,fam6,1,1
280,280,59.5,1.033554812,C=CCC1=C[C@@]2(C)C(C3=CC=CC=C3)=C[C@@H]1[C@](OC)(C)C2,0.0,0.0,-0.16,0.0,-0.17,-0.01,-0.27,1.0,266.1670653,0.0,0.0,0.0,0.0,36.23374097,113.122046,0.0,21.5742147,76.88830503,76.07416785,278.3822746,0.5,[Rh(C2H4)2Cl]2,17.77754503,0.0,19.22207626,0.0,Lam,160.7102105,COC1=CC=C(B(O)O)C=C1,2.0,L3.71,1.5,3.3,dioxane/H2O,O=C(/C=C/C1=CC=CC=C1)OCC,50,18.0,71.0,1,1,74,fam6,1,9
281,281,95.5,8.208398966,C=CCC1=C[C@@]2(C)C(C3=CC=CC=C3)=C[C@@H]1[C@](OC)(C)C2,0.0,0.0,-0.16,0.0,-0.17,-0.01,-0.27,1.0,266.1670653,0.0,0.0,0.0,0.0,36.23374097,113.122046,0.0,21.5742147,76.88830503,76.07416785,278.3822746,0.5,[Rh(C2H4)2Cl]2,18.06061006,0.0,19.22207626,0.0,Lam,160.7102105,COC1=CC=C(B(O)O)C=C1,2.0,L3.71,1.5,3.3,dioxane/H2O,O=C(/C=C/C1=CC=CC=C1)OCC2=CC=CC=C2,50,18.0,85.0,1,1,74,fam6,1,5
282,282,80.0,3.724738214,C[C@]12C=C(CC3=CC=CC=C3)[C@@H]([C@](OC)(C)C2)C=C1C4=CC=CC=C4,0.0,0.0,-0.09,0.0,-0.17,-0.01,-0.27,1.0,330.1983655,0.0,0.0,0.0,0.0,94.18429025,171.0725953,0.0,21.5742147,76.88830503,76.07416785,336.3328239,0.5,[Rh(C2H4)2Cl]2,27.7279827,0.0,19.22207626,0.0,Lam,160.7102105,COC1=CC=C(B(O)O)C=C1,2.0,L3.72,1.5,3.3,dioxane/H2O,[H]C(/C=C/C1=CC=CC=C1)=O,50,1.25,45.0,1,1,75,fam6,1,9
283,283,0.5,-14.22221378,C1(CC2=CC=CC=C2)=C[C@@H]3C(CC4=CC=CC=C4)=C[C@H]1C3,-0.09,0.0,0.0,-0.09,0.0,0.0,0.0,0.0,272.1565006,94.18429025,188.3685805,188.3685805,0.0,0.0,0.0,94.18429025,0.0,0.0,20.25598522,279.4546413,1.0,[Rh(C2H4)2Cl]2,22.51198396,19.43509996,0.0,0.0,Lam,170.1226604,OB(O)c1ccc(cc1)C(F)(F)F,2.0,L3.1,1.5,3.0,dioxane/water,O=C1CCCC=C1,50,1.0,90.0,1,2,1,fam1,0,6
284,284,0.3,-15.60011097,OC(C)(C)C1=C[C@@H]2C(C)=C[C@H]1[C@@H](C(C)C)C2,0.0,0.0,0.0,-0.17,0.0,0.0,-0.15,1.0,220.1827154,64.9564121,86.53062679,86.53062679,0.0,0.0,0.0,21.5742147,0.0,0.0,84.57992612,243.0006285,0.5,[Rh(C2H4)2Cl]2,22.51198396,0.0,29.3978241,0.0,Lam,134.6239983,OB(O)C1=CC=CC=C1,1.5,L3.74,1.5,3.3,dioxane,CC(/C=C/[Si](C)(C)C1=CC=CC=C1)=O,50,3.0,97.0,1,2,8,fam7,0,6
285,285,13.0,-5.897830392,OC(C)(C)C1=C[C@@H]2C(C)=C[C@H]1[C@@H](C(C)C)C2,0.0,0.0,0.0,-0.17,0.0,0.0,-0.15,0.0,220.1827154,64.9564121,86.53062679,86.53062679,0.0,0.0,0.0,21.5742147,0.0,0.0,84.57992612,243.0006285,0.5,PI/CB Rh/Ag 9,22.51198396,21.5742147,0.0,0.0,Lam,134.6239983,OB(O)C1=CC=CC=C1,1.5,L3.74,0.75,1.0,toluene,O=C1C=CCC1,100,7.0,86.0,1,2,8,fam7,0,0
286,286,98.25,9.98503458,C[C@]1(OC)[C@@H]2C=C[C@@](C1)(C)C(C3=C(C)C=CC=C3C)=C2,0.0,0.0,0.0,0.0,-0.17,0.0,-0.27,0.0,268.1827154,0.0,0.0,0.0,0.0,0.0,111.4802755,0.0,21.5742147,111.4802755,76.07416785,281.0187336,0.5,[Rh(C2H4)2Cl]2,22.51198396,19.43509996,0.0,0.0,Lam,160.7102105,OB(O)C1=CC=C(OC)C=C1,2.0,L3.52,1.0,2.2,DCM,O=C1C=CCCC1,25,1.0,83.0,1,1,16,fam5,1,5
287,287,7.5,-6.750139815,ClC(C=C1)=CC=C1C2=C[C@@H]3C(C4=CC=C(Cl)C=C4)=C[C@@]2(C)C3(C)C,0.12,-0.17,0.0,0.12,0.0,0.0,-0.17,0.0,382.1255061,109.3953583,218.7907166,218.7907166,21.5742147,0.0,0.0,109.3953583,0.0,0.0,54.84795567,361.764733,1.0,[Rh(C2H4)2Cl]2,22.51198396,19.43509996,0.0,0.0,Lam,160.7102105,OB(O)C1=CC=C(OC)C=C1,1.5,L3.16,2.5,6.0,dioxane,O=C1C=CCCC1,50,3.0,98.0,1,2,35,fam2,0,5
288,288,0.2,-11.85029667,OC(C)(C)C1=C[C@@H]2C(C)=C[C@H]1[C@@H](C(C)C)C2,0.0,0.0,0.0,-0.17,0.0,0.0,-0.15,0.0,220.1827154,64.9564121,86.53062679,86.53062679,0.0,0.0,0.0,21.5742147,0.0,0.0,84.57992612,243.0006285,0.5,[Rh(C2H4)2Cl]2,22.51198396,19.43509996,0.0,0.0,Lam,160.7102105,OB(O)C1=CC=C(OC)C=C1,1.5,L3.74,1.5,3.3,dioxane,O=C1C=CCCC1,30,1.0,98.0,1,2,8,fam7,0,4
289,289,2.5,-9.234156144,C1(CC2=CC=CC=C2)=C[C@@H]3C(CC4=CC=CC=C4)=C[C@H]1C3,-0.09,0.0,0.0,-0.09,0.0,0.0,0.0,0.0,272.1565006,94.18429025,188.3685805,188.3685805,0.0,0.0,0.0,94.18429025,0.0,0.0,20.25598522,279.4546413,1.0,[Rh(C2H4)2Cl]2,22.51198396,19.43509996,0.0,0.0,Lam,426.2905738,COC(C=C1)=CC=C1B2OB(C3=CC=C(OC)C=C3)OB(C4=CC=C(OC)C=C4)O2,2.0,L3.1,1.5,3.0,dioxane,O=C1C=CCCC1,30,1.0,89.0,1,2,1,fam1,0,3
290,290,2.0,-9.809491361,C[C@@]1(C2(C)C)C=C(C3=CC=C([N+]([O-])=O)C=C3)[C@H]2C=C1C4=CC=C([N+]([O-])=O)C=C4,0.26,-0.17,0.0,0.26,0.0,0.0,-0.17,0.0,376.1423071,102.8290606,205.6581212,205.6581212,21.5742147,0.0,0.0,102.8290606,0.0,0.0,54.84795567,348.6321376,1.0,[Rh(C2H4)2Cl]2,22.51198396,19.43509996,0.0,0.0,Lam,170.1226604,FC(C1=CC(B(O)O)=CC=C1)(F)F,2.0,L3.14,1.5,3.6,EtOH,O=C1C=CCCC1,30,1.0,96.0,1,2,14,fam2,0,3
291,291,1.5,-10.54743293,C1(CC2=CC=CC=C2)=C[C@@H]3C(CC4=CC=CC=C4)=C[C@H]1C3,-0.09,0.0,0.0,-0.09,0.0,0.0,0.0,0.0,272.1565006,94.18429025,188.3685805,188.3685805,0.0,0.0,0.0,94.18429025,0.0,0.0,20.25598522,279.4546413,1.0,[Rh(C2H4)2Cl]2,22.51198396,19.43509996,0.0,0.0,Lam,426.2905738,COC1=CC(B2OB(C3=CC=CC(OC)=C3)OB(C4=CC(OC)=CC=C4)O2)=CC=C1,2.0,L3.1,1.5,3.0,dioxane/H2O,O=C1C=CCCC1,30,1.0,92.0,1,2,1,fam1,0,7
292,292,3.5,-8.911626353,C1(CC2=CC=CC=C2)=C[C@@H]3C(CC4=CC=CC=C4)=C[C@H]1C3,-0.09,0.0,0.0,-0.09,0.0,0.0,0.0,0.0,272.1565006,94.18429025,188.3685805,188.3685805,0.0,0.0,0.0,94.18429025,0.0,0.0,20.25598522,279.4546413,1.0,[Rh(C2H4)2Cl]2,22.51198396,19.43509996,0.0,0.0,Lam,393.6651414,ClC1=CC(B2OB(C3=CC=CC(Cl)=C3)OB(C4=CC(Cl)=CC=C4)O2)=CC=C1,2.0,L3.1,1.5,3.0,dioxane/H2O,O=C1C=CCCC1,50,1.0,92.0,1,2,1,fam1,0,2
293,293,2.0,-9.809491361,C1(CC2=CC=CC=C2)=C[C@@H]3C(CC4=CC=CC=C4)=C[C@H]1C3,-0.09,0.0,0.0,-0.09,0.0,0.0,0.0,0.0,272.1565006,94.18429025,188.3685805,188.3685805,0.0,0.0,0.0,94.18429025,0.0,0.0,20.25598522,279.4546413,1.0,[Rh(C2H4)2Cl]2,22.51198396,19.43509996,0.0,0.0,Lam,399.919893,CC(C=C1)=CC=C1B2OB(C3=CC=C(C)C=C3)OB(C4=CC=C(C)C=C4)O2,2.0,L3.1,1.5,3.0,dioxane/H2O,O=C1C=CCCC1,30,1.0,88.0,1,2,1,fam1,0,2
294,294,1.5,-12.98292792,OC(C)(C)C1=C[C@@H]2C(C)=C[C@H]1[C@@H](C(C)C)C2,0.0,0.0,0.0,-0.17,0.0,0.0,-0.15,0.0,220.1827154,64.9564121,86.53062679,86.53062679,0.0,0.0,0.0,21.5742147,0.0,0.0,84.57992612,243.0006285,0.5,PI/CB Rh/Ag 15,22.51198396,19.43509996,0.0,0.0,Lam,203.8079392,CC(C1=CC=C(B(O)O)C=C1)(C)C,1.5,L3.74,0.75,1.0,toluene/H2O,O=C1C=CCCC1,100,24.0,89.0,1,2,8,fam7,0,6
295,295,99.0,11.39115587,C[C@]1(OC)[C@@H]2C=C[C@@](C1)(C)C(C3=C(C)C=CC=C3C)=C2,0.0,0.0,0.0,0.0,-0.17,0.0,-0.27,0.0,268.1827154,0.0,0.0,0.0,0.0,0.0,111.4802755,0.0,21.5742147,111.4802755,76.07416785,281.0187336,0.5,[Rh(C2H4)2Cl]2,22.51198396,19.43509996,0.0,0.0,Lam,140.6915573,FC1=CC=C(B(O)O)C=C1,2.0,L3.52,1.0,2.2,MeOH/CH2Cl2,O=C1C=CCCC1,25,1.0,84.0,1,1,16,fam5,1,4
296,296,2.0,-8.286459846,OC(C)(C)C1=C[C@@H]2C(C)=C[C@H]1[C@@H](C(C)C)C2,0.0,0.0,0.0,-0.17,0.0,0.0,-0.15,1.0,220.1827154,64.9564121,86.53062679,86.53062679,0.0,0.0,0.0,21.5742147,0.0,0.0,84.57992612,243.0006285,0.5,[Rh(C2H4)2Cl]2,22.51198396,0.0,28.08309257,0.0,Lam,134.6239983,OB(C1=CC=CC=C1)O,1.5,L3.74,1.5,3.3,dioxane/H2O,CC(/C=C/C(C)C)=O,30,3.0,84.0,1,2,8,fam7,0,6
297,297,1.0,-12.34630897,OC(C)(C)C1=C[C@@H]2C(C)=C[C@H]1[C@@H](C(C)C)C2,0.0,0.0,0.0,-0.17,0.0,0.0,-0.15,0.0,220.1827154,64.9564121,86.53062679,86.53062679,0.0,0.0,0.0,21.5742147,0.0,0.0,84.57992612,243.0006285,0.5,[Rh(C2H4)2Cl]2,22.51198396,18.72206172,0.0,0.0,Lam,134.6239983,OB(C1=CC=CC=C1)O,1.5,L3.74,1.5,3.3,dioxane/H2O,O=C1C=CCCCC1,50,1.0,94.0,1,2,8,fam7,0,1
298,298,97.5,11.36640398,OC(C)(C)C1=C[C@@H]2C(C)=C[C@H]1[C@@H](C(C)C)C2,0.0,0.0,0.0,-0.17,0.0,0.0,-0.15,1.0,220.1827154,64.9564121,86.53062679,86.53062679,0.0,0.0,0.0,21.5742147,0.0,0.0,84.57992612,243.0006285,0.5,PI/CB Rh/Ag 8,22.51198396,0.0,18.15163112,0.0,Lam,134.6239983,OB(C1=CC=CC=C1)O,2.0,L3.74,1.5,2.0,toluene/H2O,CC(/C=C/CCCCC)=O,100,12.0,83.0,1,2,8,fam7,1,9
299,299,96.0,9.860088947,OC(C)(C)C1=C[C@@H]2C(C)=C[C@H]1[C@@H](C(C)C)C2,0.0,0.0,0.0,-0.17,0.0,0.0,-0.15,1.0,220.1827154,64.9564121,86.53062679,86.53062679,0.0,0.0,0.0,21.5742147,0.0,0.0,84.57992612,243.0006285,0.5,PI/CB Rh/Ag 15,20.06761165,0.0,21.5742147,0.0,Lam,134.6239983,OB(C1=CC=CC=C1)O,2.0,L3.74,1.5,2.0,toluene/H2O,C/C=C/C(C1=CC=CC=C1)=O,100,12.0,72.0,1,2,8,fam7,1,6
300,300,97.0,10.78478972,OC(C)(C)C1=C[C@@H]2C(C)=C[C@H]1[C@@H](C(C)C)C2,0.0,0.0,0.0,-0.17,0.0,0.0,-0.15,1.0,220.1827154,64.9564121,86.53062679,86.53062679,0.0,0.0,0.0,21.5742147,0.0,0.0,84.57992612,243.0006285,0.5,PI/CB Rh/Ag 15,20.06761165,0.0,18.72206172,0.0,Lam,134.6239983,OB(C1=CC=CC=C1)O,2.0,L3.74,1.5,2.0,toluene/H2O,O=C(/C=C/CCC)C1=CC=CC=C1,100,18.0,88.0,1,2,8,fam7,1,1
301,301,1.0,-14.25661517,OC(C)(C)C1=C[C@@H]2C(C)=C[C@H]1[C@@H](C(C)C)C2,0.0,0.0,0.0,-0.17,0.0,0.0,-0.15,0.0,220.1827154,64.9564121,86.53062679,86.53062679,0.0,0.0,0.0,21.5742147,0.0,0.0,84.57992612,243.0006285,0.5,PI/CB Rh/Ag 9,22.51198396,19.43509996,0.0,0.0,Lam,140.6915573,FC1=CC=C(B(O)O)C=C1,1.5,L3.74,0.75,1.0,toluene/H2O,O=C1C=CCCC1,100,24.0,87.0,1,2,8,fam7,0,3
302,302,1.5,-11.24328864,C1(CC2=CC=CC=C2)=C[C@@H]3C(CC4=CC=CC=C4)=C[C@H]1C3,-0.09,0.0,0.0,-0.09,0.0,0.0,0.0,0.0,272.1565006,94.18429025,188.3685805,188.3685805,0.0,0.0,0.0,94.18429025,0.0,0.0,20.25598522,279.4546413,1.0,[Rh(C2H4)2Cl]2,22.51198396,19.43509996,0.0,0.0,Lam,366.2346142,FC(C=C1)=CC=C1B2OB(C3=CC=C(F)C=C3)OB(C4=CC=C(F)C=C4)O2,2.0,L3.1,1.5,3.0,dioxane/H2O,O=C1C=CCCC1,50,1.0,91.0,1,2,1,fam1,0,7
303,303,96.5,8.222192162,C[C@]1(OC)[C@@H]2C=C[C@@](C1)(C)C(C3=C(C)C=CC=C3C)=C2,0.0,0.0,0.0,0.0,-0.17,0.0,-0.27,0.0,268.1827154,0.0,0.0,0.0,0.0,0.0,111.4802755,0.0,21.5742147,111.4802755,76.07416785,281.0187336,0.5,[Rh(C2H4)2Cl]2,22.51198396,19.43509996,0.0,0.0,Lam,149.8350664,ClC1=CC=C(B(O)O)C=C1,2.0,L3.52,1.0,2.2,MeOH/CH2Cl2,O=C1C=CCCC1,25,1.0,77.0,1,1,16,fam5,1,1
304,304,1.5,-12.98292792,OC(C)(C)C1=C[C@@H]2C(C)=C[C@H]1[C@@H](C(C)C)C2,0.0,0.0,0.0,-0.17,0.0,0.0,-0.15,0.0,220.1827154,64.9564121,86.53062679,86.53062679,0.0,0.0,0.0,21.5742147,0.0,0.0,84.57992612,243.0006285,0.5,PI/CB Rh/Ag 9,22.51198396,19.43509996,0.0,0.0,Lam,169.2159688,CC1=CC(B(O)O)=CC(C)=C1,1.5,L3.74,0.75,1.0,toluene/H2O,O=C1C=CCCC1,100,11.0,96.0,1,2,8,fam7,0,6
305,305,87.5,4.823849331,C[C@]1(OC)[C@@H]2C=C[C@@](C1)(C)C(C3=C(C)C=CC=C3C)=C2,0.0,0.0,0.0,0.0,-0.17,0.0,-0.27,0.0,268.1827154,0.0,0.0,0.0,0.0,0.0,111.4802755,0.0,21.5742147,111.4802755,76.07416785,281.0187336,0.5,[Rh(C2H4)2Cl]2,22.51198396,19.43509996,0.0,0.0,Lam,175.2785624,OB(C1=CC=CC2=C1C=CC=C2)O,2.0,L3.52,1.0,2.2,MeOH/CH2Cl2,O=C1C=CCCC1,25,1.0,45.0,1,1,16,fam5,1,7
306,306,2.5,-11.36640398,OC(C)(C)C1=C[C@@H]2C(C)=C[C@H]1[C@@H](C(C)C)C2,0.0,0.0,0.0,-0.17,0.0,0.0,-0.15,0.0,220.1827154,64.9564121,86.53062679,86.53062679,0.0,0.0,0.0,21.5742147,0.0,0.0,84.57992612,243.0006285,0.5,PI/CB Rh/Ag 9,22.51198396,19.43509996,0.0,0.0,Lam,175.2785624,OB(C1=CC2=C(C=CC=C2)C=C1)O,2.0,L3.74,1.5,2.0,toluene/H2O,O=C1C=CCCC1,100,12.0,90.0,1,2,8,fam7,0,0
307,307,2.0,-9.809491361,C1(CC2=CC=CC=C2)=C[C@@H]3C(CC4=CC=CC=C4)=C[C@H]1C3,-0.09,0.0,0.0,-0.09,0.0,0.0,0.0,0.0,272.1565006,94.18429025,188.3685805,188.3685805,0.0,0.0,0.0,94.18429025,0.0,0.0,20.25598522,279.4546413,1.0,[Rh(C2H4)2Cl]2,22.51198396,19.43509996,0.0,0.0,Lam,469.9956295,B1(C2=CC(C=CC=C3)=C3C=C2)OB(C4=CC=C(C=CC=C5)C5=C4)OB(C6=CC=C(C=CC=C7)C7=C6)O1,2.0,L3.1,1.5,3.0,dioxane/H2O,O=C1C=CCCC1,30,1.0,96.0,1,2,1,fam1,0,6
308,308,91.0,5.735427358,C1(C2CCCCC2)=C[C@H]3C(C4CCCCC4)=C[C@@H]1C3,0.0,0.0,-0.15,0.0,0.0,-0.15,0.0,0.0,256.2191009,0.0,0.0,0.0,0.0,95.69768187,191.3953637,0.0,0.0,95.69768187,20.25598522,282.4814245,0.0,[Rh(C2H4)2Cl]2,22.51198396,21.5742147,0.0,0.0,Lam,134.6239983,OB(O)C1=CC=CC=C1,2.0,L3.8,1.5,3.3,dioxane,O=C1C=CCC1,25,16.0,54.0,1,1,24,fam1,1,1
309,309,4.0,-8.538892518,OC(CC(C)C)(CC(C)C)C1=C[C@@H]2C=C[C@H]1CC2,0.0,0.0,0.0,0.0,0.0,0.0,0.0,0.0,248.2140155,168.7323234,168.7323234,168.7323234,0.0,0.0,0.0,0.0,0.0,0.0,32.69197045,277.5925989,0.5,[Rh(C2H4)2Cl]2,22.51198396,19.43509996,0.0,0.0,Lam,163.1533752,CCCC/C=C/B(O)O,2.0,L3.19,0.5,1.1,dioxane/H2O,O=C1C=CCCC1,50,2.0,90.0,1,2,9,fam3,0,5
310,310,5.0,-8.645655107,O=C(OC1=C(C=CC=C2)C2=CC=C1)C3=C[C@@H]4C(C)=C[C@H]3[C@@H](C(C)C)C4,0.44,0.0,0.0,-0.17,0.0,0.0,-0.15,1.0,332.17763,149.7828493,171.357064,171.357064,0.0,0.0,0.0,21.5742147,0.0,0.0,84.57992612,327.8270656,0.5,[Rh(C2H4)2Cl]2,20.21646842,0.0,18.72206172,0.0,Lam,234.8336777,CC1(C)OB(C2=CC=CC=C2O)OC1(C)C,2.0,L3.80,5.0,10.0,dioxane/H2O,ClC1=CC(C(F)(F)F)=CN=C1/C=C/CCC,80,16.0,41.0,1,2,76,fam7,0,6
311,311,98.0,12.07458915,O=C(OC1=CC(C=CC=C2)=C2C=C1)C3=C[C@@H]4C(C)=C[C@H]3[C@@H](C(C)C)C4,0.44,0.0,0.0,-0.17,0.0,0.0,-0.15,1.0,332.17763,149.7828493,171.357064,171.357064,0.0,0.0,0.0,21.5742147,0.0,0.0,84.57992612,327.8270656,0.5,PI/CB RhAg 15,20.77331772,0.0,21.5742147,0.0,Lam,134.6239983,OB(O)C1=CC=CC=C1,2.0,L3.81,1.5,2.0,toluene,CCC(/C=C/C)=O,100,12.0,82.0,1,2,70,fam7,1,1
312,312,2.0,-10.45666216,C1(CC2=CC=CC=C2)=C[C@@H]3C(CC4=CC=CC=C4)=C[C@H]1C3,-0.09,0.0,0.0,-0.09,0.0,0.0,0.0,0.0,272.1565006,94.18429025,188.3685805,188.3685805,0.0,0.0,0.0,94.18429025,0.0,0.0,20.25598522,279.4546413,1.0,[Rh(C2H4)2Cl]2,22.51198396,19.43509996,0.0,0.0,Lam,180.4493604,CCCCC/C=C/B(O)O,2.0,L3.1,5.0,11.0,dioxane/H2O,O=C1C=CCCC1,50,1.0,78.0,1,2,1,fam1,0,8
313,313,0.3,-14.63460821,OC(C)(C)C1=C[C@@H]2C(C)=C[C@H]1[C@@H](C(C)C)C2,0.0,0.0,0.0,-0.17,0.0,0.0,-0.15,0.0,220.1827154,64.9564121,86.53062679,86.53062679,0.0,0.0,0.0,21.5742147,0.0,0.0,84.57992612,243.0006285,0.5,[Rh(C2H4)2Cl]2,22.51198396,19.43509996,0.0,0.0,Lam,180.4493604,CCCCC/C=C/B(O)O,1.5,L3.74,1.5,3.3,dioxane/H2O,O=C1C=CCCC1,30,3.0,81.0,1,2,8,fam7,0,7
314,314,6.5,-7.828551917,O=C(N(C(C)C)C(C)C)C1=C[C@@H]2C(C)=C[C@H]1[C@@H](C(C)C)C2,0.36,0.0,0.0,-0.17,0.0,0.0,-0.15,1.0,289.2405646,142.5006546,164.0748693,164.0748693,0.0,0.0,0.0,21.5742147,0.0,0.0,84.57992612,320.544871,0.5,[Rh(C2H4)2Cl]2,17.13817676,0.0,18.58004591,0.0,Lam,134.6239983,OB(C1=CC=CC=C1)O,2.4,L3.82,2.5,6.0,dioxane/H2O,O=[N+](C1=CC=C(/C=C/CCC2=CC=CC=C2)C=C1)[O-],80,0.5,84.0,1,2,77,fam7,0,6
315,315,2.5,-10.75719031,O=C(NC1CCCCC1)C2=C[C@@H]3C(C)=C[C@H]2[C@@H](C(C)C)C3,0.36,0.0,0.0,-0.17,0.0,0.0,-0.15,1.0,287.2249145,130.1441957,151.7184104,151.7184104,0.0,0.0,0.0,21.5742147,0.0,0.0,84.57992612,308.1884121,0.5,[Rh(C2H4)2Cl]2,17.13817676,0.0,18.58004591,0.0,Lam,134.6239983,OB(C1=CC=CC=C1)O,2.4,L3.83,2.5,6.0,dioxane/H2O,O=[N+](C1=CC=C(/C=C/CCC2=CC=CC=C2)C=C1)[O-],80,0.5,24.0,1,2,78,fam7,0,8
316,316,5.0,-8.645655107,O=C(NCC1=CC=CC=C1)C2=C[C@@H]3C(C)=C[C@H]2[C@@H](C(C)C)C3,0.36,0.0,0.0,-0.17,0.0,0.0,-0.15,1.0,295.1936144,128.6308041,150.2050188,150.2050188,0.0,0.0,0.0,21.5742147,0.0,0.0,84.57992612,306.6750204,0.5,[Rh(C2H4)2Cl]2,17.13817676,0.0,18.58004591,0.0,Lam,134.6239983,OB(C1=CC=CC=C1)O,2.4,L3.84,2.5,6.0,dioxane/H2O,O=[N+](C1=CC=C(/C=C/CCC2=CC=CC=C2)C=C1)[O-],80,0.5,44.0,1,2,79,fam7,0,6
317,317,4.5,-8.970435076,O=C(N(CC1=CC=CC=C1)CC2=CC=CC=C2)C3=C[C@@H]4C(C)=C[C@H]3[C@@H](C(C)C)C4,0.36,0.0,0.0,-0.17,0.0,0.0,-0.15,1.0,385.2405646,218.5368649,240.1110795,240.1110795,0.0,0.0,0.0,21.5742147,0.0,0.0,84.57992612,396.5810812,0.5,[Rh(C2H4)2Cl]2,16.08830599,0.0,18.36554259,0.0,Lam,134.6239983,OB(C1=CC=CC=C1)O,2.4,L3.85,2.5,6.0,dioxane/H2O,CCCC/C=C/C1=NC=C([N+]([O-])=O)C=C1,80,0.5,91.0,1,2,80,fam7,0,7
318,318,2.5,-10.75719031,O=C(N(CC1=CC=CC=C1)CC2=CC=CC=C2)C3=C[C@@H]4C(C)=C[C@H]3[C@@H](C(C)C)C4,0.36,0.0,0.0,-0.17,0.0,0.0,-0.15,1.0,385.2405646,218.5368649,240.1110795,240.1110795,0.0,0.0,0.0,21.5742147,0.0,0.0,84.57992612,396.5810812,0.5,[Rh(C2H4)2Cl]2,20.21646842,0.0,18.72206172,0.0,Lam,234.8336777,CC1(C)OB(C2=CC=CC=C2O)OC1(C)C,2.0,L3.85,5.0,10.0,dioxane/H2O,ClC1=CC(C(F)(F)F)=CN=C1/C=C/CCC,80,16.0,72.0,1,2,80,fam7,0,9
319,319,2.5,-11.36640398,O=C(N(CC1=CC=CC=C1)CC2=CC=CC=C2)C3=C[C@@H]4C(C)=C[C@H]3[C@@H](C(C)C)C4,0.36,0.0,0.0,-0.17,0.0,0.0,-0.15,1.0,385.2405646,218.5368649,240.1110795,240.1110795,0.0,0.0,0.0,21.5742147,0.0,0.0,84.57992612,396.5810812,0.5,[Rh(C2H4)2Cl]2,20.21646842,0.0,18.72206172,0.0,Lam,252.1296629,CC1(C)OB(C2=CC(C)=CC=C2O)OC1(C)C,4.0,L3.85,5.0,10.0,dioxane/H2O,ClC1=CC(C(F)(F)F)=CN=C1/C=C/CCC,100,16.0,62.0,1,2,80,fam7,0,2
320,320,4.0,-9.860088947,O=C(N(CC1=CC=CC=C1)CC2=CC=CC=C2)C3=C[C@@H]4C(C)=C[C@H]3[C@@H](C(C)C)C4,0.36,0.0,0.0,-0.17,0.0,0.0,-0.15,1.0,385.2405646,218.5368649,240.1110795,240.1110795,0.0,0.0,0.0,21.5742147,0.0,0.0,84.57992612,396.5810812,0.5,[Rh(C2H4)2Cl]2,18.13666273,0.0,18.00902347,0.0,Lam,234.8336777,CC1(C)OB(C2=CC=CC=C2O)OC1(C)C,4.0,L3.85,5.0,10.0,dioxane/H2O,ClC1=CC(C#N)=CN=C1/C=C/CCCCCC,100,16.0,56.0,1,2,80,fam7,0,2
321,321,3.5,-9.738947383,O=C(N(CC1=CC=CC=C1)CC2=CC=CC=C2)C3=C[C@@H]4C(C)=C[C@H]3[C@@H](C(C)C)C4,0.36,0.0,0.0,-0.17,0.0,0.0,-0.15,1.0,385.2405646,218.5368649,240.1110795,240.1110795,0.0,0.0,0.0,21.5742147,0.0,0.0,84.57992612,396.5810812,0.5,[Rh(C2H4)2Cl]2,17.13817676,0.0,29.17730978,0.0,Lam,134.6239983,OB(C1=CC=CC=C1)O,2.4,L3.85,1.25,3.0,dioxane/H2O,C[Si](C(C)(C)C)(C)OCCC/C=C/C1=CC=C([N+]([O-])=O)C=C1,80,1.5,88.0,1,2,80,fam7,0,5
322,322,6.5,-7.828551917,O=C(N(CC1=CC=CC=C1)CC2=CC=CC=C2)C3=C[C@@H]4C(C)=C[C@H]3[C@@H](C(C)C)C4,0.36,0.0,0.0,-0.17,0.0,0.0,-0.15,1.0,385.2405646,218.5368649,240.1110795,240.1110795,0.0,0.0,0.0,21.5742147,0.0,0.0,84.57992612,396.5810812,0.5,[Rh(C2H4)2Cl]2,20.02084097,0.0,18.36554259,0.0,Lam,134.6239983,OB(C1=CC=CC=C1)O,2.4,L3.85,2.5,6.0,dioxane/H2O,CCCC/C=C/C1=CC(C)=C([N+]([O-])=O)C=C1,80,1.0,79.0,1,2,80,fam7,0,8
323,323,3.0,-10.20674927,O=C(N(CC1=CC=CC=C1)CC2=CC=CC=C2)C3=C[C@@H]4C(C)=C[C@H]3[C@@H](C(C)C)C4,0.36,0.0,0.0,-0.17,0.0,0.0,-0.15,1.0,385.2405646,218.5368649,240.1110795,240.1110795,0.0,0.0,0.0,21.5742147,0.0,0.0,84.57992612,396.5810812,0.5,[Rh(C2H4)2Cl]2,17.13817676,0.0,18.58004591,0.0,Lam,134.6239983,OB(C1=CC=CC=C1)O,2.4,L3.85,2.5,6.0,dioxane/H2O,O=[N+](C1=CC=C(/C=C/CCC2=CC=CC=C2)C=C1)[O-],80,0.5,95.0,1,2,80,fam7,0,3
324,324,1.0,-13.49249269,O=C(N[C@@H]1[C@@H](N2C(C)=CC=C2C)CCCC1)C3=C[C@@H]4C(C)=C[C@H]3[C@@H](C(C)C)C4,0.36,0.0,0.0,-0.17,0.0,0.0,-0.15,1.0,380.2827638,216.3874908,237.9617055,237.9617055,0.0,0.0,0.0,21.5742147,0.0,0.0,84.57992612,394.4317072,0.5,[Rh(C2H4)2Cl]2,16.07246394,0.0,31.15753054,0.0,Lam,134.6239983,OB(C1=CC=CC=C1)O,2.4,L3.86,2.5,6.0,dioxane/H2O,C[Si](C)(C(C)(C)C)OCC/C=C/C1=NC=CC=N1,80,0.5,72.0,1,2,81,fam7,0,1
325,325,1.5,-12.28707221,O=C(N[C@@H]1[C@@H](N2C(C)=CC=C2C)CCCC1)C3=C[C@@H]4C(C)=C[C@H]3[C@@H](C(C)C)C4,0.36,0.0,0.0,-0.17,0.0,0.0,-0.15,1.0,380.2827638,216.3874908,237.9617055,237.9617055,0.0,0.0,0.0,21.5742147,0.0,0.0,84.57992612,394.4317072,0.5,[Rh(C2H4)2Cl]2,16.07246394,0.0,31.15753054,0.0,Lam,140.6915573,FC(C=C1)=CC=C1B(O)O,2.4,L3.86,2.5,6.0,dioxane/H2O,C[Si](C)(C(C)(C)C)OCC/C=C/C1=NC=CC=N1,80,0.5,65.0,1,2,81,fam7,0,7
326,326,3.5,-9.738947383,O=C(N[C@@H]1[C@@H](N2C(C)=CC=C2C)CCCC1)C3=C[C@@H]4C(C)=C[C@H]3[C@@H](C(C)C)C4,0.36,0.0,0.0,-0.17,0.0,0.0,-0.15,1.0,380.2827638,216.3874908,237.9617055,237.9617055,0.0,0.0,0.0,21.5742147,0.0,0.0,84.57992612,394.4317072,0.5,[Rh(C2H4)2Cl]2,14.67972665,0.0,19.22207626,0.0,Lam,210.513249,ClC1=CC(B(O)O)=CC=C1OC(C)C,2.4,L3.86,2.5,6.0,dioxane/H2O,C12=CC=CC=C1OC(/C=C/C3=CC=CC=C3)=N2,80,0.5,69.0,1,2,81,fam7,0,7
327,327,3.5,-9.738947383,O=C(N[C@@H]1[C@@H](N2C(C)=CC=C2C)CCCC1)C3=C[C@@H]4C(C)=C[C@H]3[C@@H](C(C)C)C4,0.36,0.0,0.0,-0.17,0.0,0.0,-0.15,1.0,380.2827638,216.3874908,237.9617055,237.9617055,0.0,0.0,0.0,21.5742147,0.0,0.0,84.57992612,394.4317072,0.5,[Rh(C2H4)2Cl]2,14.67972665,0.0,19.22207626,0.0,Lam,175.2785624,OB(C1=CC=C(C=CC=C2)C2=C1)O,2.4,L3.86,2.5,6.0,dioxane/H2O,C12=CC=CC=C1OC(/C=C/C3=CC=CC=C3)=N2,80,0.5,78.0,1,2,81,fam7,0,7
328,328,2.5,-10.75719031,O=C(N[C@@H]1[C@@H](N2C(C)=CC=C2C)CCCC1)C3=C[C@@H]4C(C)=C[C@H]3[C@@H](C(C)C)C4,0.36,0.0,0.0,-0.17,0.0,0.0,-0.15,1.0,380.2827638,216.3874908,237.9617055,237.9617055,0.0,0.0,0.0,21.5742147,0.0,0.0,84.57992612,394.4317072,0.5,[Rh(C2H4)2Cl]2,18.54060741,0.0,18.36554259,0.0,Lam,134.6239983,OB(C1=CC=CC=C1)O,2.4,L3.86,2.5,6.0,dioxane/H2O,CCCC/C=C/C1=NC2=CC=CC=C2C=C1,80,0.5,56.0,1,2,81,fam7,0,5
329,329,3.25,-9.964145147,O=C(N[C@@H]1[C@@H](N2C(C)=CC=C2C)CCCC1)C3=C[C@@H]4C(C)=C[C@H]3[C@@H](C(C)C)C4,0.36,0.0,0.0,-0.17,0.0,0.0,-0.15,1.0,380.2827638,216.3874908,237.9617055,237.9617055,0.0,0.0,0.0,21.5742147,0.0,0.0,84.57992612,394.4317072,0.5,[Rh(C2H4)2Cl]2,18.54060741,0.0,18.36554259,0.0,Lam,151.9199836,CC1=CC(B(O)O)=CC=C1,2.4,L3.86,2.5,6.0,dioxane/H2O,CCCC/C=C/C1=NC2=CC=CC=C2C=C1,80,0.5,71.0,1,2,81,fam7,0,0
330,330,5.0,-8.645655107,O=C(N[C@@H]1[C@@H](N2C(C)=CC=C2C)CCCC1)C3=C[C@@H]4C(C)=C[C@H]3[C@@H](C(C)C)C4,0.36,0.0,0.0,-0.17,0.0,0.0,-0.15,1.0,380.2827638,216.3874908,237.9617055,237.9617055,0.0,0.0,0.0,21.5742147,0.0,0.0,84.57992612,394.4317072,0.5,[Rh(C2H4)2Cl]2,20.98888397,0.0,18.58004591,0.0,Lam,134.6239983,OB(C1=CC=CC=C1)O,2.0,L3.86,2.5,6.0,dioxane/H2O,C12=CC=CC=C1N=CC(/C=C/CCC3=CC=CC=C3)=N2,80,0.5,80.0,1,2,81,fam7,0,8
331,331,2.0,-11.42741835,O=C(N[C@@H]1[C@@H](N2C(C)=CC=C2C)CCCC1)C3=C[C@@H]4C(C)=C[C@H]3[C@@H](C(C)C)C4,0.36,0.0,0.0,-0.17,0.0,0.0,-0.15,1.0,380.2827638,216.3874908,237.9617055,237.9617055,0.0,0.0,0.0,21.5742147,0.0,0.0,84.57992612,394.4317072,0.5,[Rh(C2H4)2Cl]2,17.13817676,0.0,18.58004591,0.0,Lam,134.6239983,OB(C1=CC=CC=C1)O,2.4,L3.86,2.5,6.0,dioxane/H2O,O=[N+](C1=CC=C(/C=C/CCC2=CC=CC=C2)C=C1)[O-],80,0.5,35.0,1,2,81,fam7,0,0
332,332,15.0,-5.670143158,O=C(N1CCOCC1)C2=C[C@@H]3C(C)=C[C@H]2[C@@H](C(C)C)C3,0.36,0.0,0.0,-0.17,0.0,0.0,-0.15,1.0,275.188529,104.3424522,125.9166669,125.9166669,0.0,0.0,0.0,21.5742147,0.0,0.0,84.57992612,282.3866686,0.5,[Rh(C2H4)2Cl]2,17.13817676,0.0,18.58004591,0.0,Lam,134.6239983,OB(C1=CC=CC=C1)O,2.4,L3.87,2.5,6.0,dioxane/H2O,O=[N+](C1=CC=C(/C=C/CCC2=CC=CC=C2)C=C1)[O-],120,0.5,76.0,1,2,82,fam7,0,4
333,333,0.3,-14.63460821,OC(C)(C)C1=C[C@@H]2C(C)=C[C@H]1[C@@H](C(C)C)C2,0.0,0.0,0.0,-0.17,0.0,0.0,-0.15,0.0,220.1827154,64.9564121,86.53062679,86.53062679,0.0,0.0,0.0,21.5742147,0.0,0.0,84.57992612,243.0006285,0.5,[Rh(C2H4)2Cl]2,22.51198396,19.43509996,0.0,0.0,Lam,166.5795098,OB(/C=C/C1=CC=CC=C1)O,1.5,L3.74,1.5,3.3,dioxane/H2O,O=C1C=CCCC1,30,3.0,97.0,1,2,8,fam7,0,2
334,334,94.0,7.392909482,C1(CC2=CC=CC=C2)=C[C@H]3C(CC4=CC=CC=C4)=C[C@@H]1C3,0.0,0.0,-0.09,0.0,0.0,-0.09,0.0,,272.1565006,0.0,,,0.0,94.18429025,,0.0,0.0,94.18429025,20.25598522,279.4546413,1.0,[Rh(C2H4)2Cl]2,22.51198396,21.5742147,0.0,0.0,Lam,348.0319373,B1(C2=CC=CC=C2)OB(C3=CC=CC=C3)OB(C4=CC=CC=C4)O1,2.0,L3.1,1.5,3.0,dioxane,O=C1C=CCC1,50,1.0,88.0,0,1,1,fam1,1,4
335,335,97.66666667,9.412360425,C1(CC2=CC=CC=C2)=C[C@H]3C(CC4=CC=CC=C4)=C[C@@H]1C3,0.0,0.0,-0.09,0.0,0.0,-0.09,0.0,,272.1565006,0.0,,,0.0,94.18429025,,0.0,0.0,94.18429025,20.25598522,279.4546413,1.0,[Rh(C2H4)2Cl]2,22.51198396,19.43509996,0.0,0.0,Lam,134.6239983,OB(O)C1=CC=CC=C1,2.0,L3.1,1.5,3.0,dioxane,O=C1C=CCCC1,30,1.0,94.0,0,1,1,fam1,1,0
336,336,2.5,-9.081852728,C=CCC1=C[C@@]2(C)C(CC(C)C)=C[C@@H]1[C@](C)(OC)C2,0.0,0.0,0.07,0.0,-0.17,-0.12,-0.27,,246.1983655,0.0,,,0.0,36.23374097,,0.0,21.5742147,73.46217037,76.07416785,274.95614,0.5,[Rh(C2H4)2Cl]2,22.51198396,19.43509996,0.0,0.0,Lam,134.6239983,OB(O)C1=CC=CC=C1,2.0,L3.63,1.5,3.3,dioxane,O=C1C=CCCC1,25,1.0,87.0,0,1,3,fam6,0,9
337,337,4.25,-7.721543729,CC(C=C1C)=CC(C)=C1C2=C[C@@H]3C=C[C@@]2(C)C[C@]3(OC)C,0.0,0.0,0.0,0.0,-0.17,0.0,-0.27,,282.1983655,0.0,,,0.0,0.0,,128.7762607,21.5742147,0.0,76.07416785,298.3147188,0.5,[Rh(C2H4)2Cl]2,22.51198396,19.43509996,0.0,0.0,Lam,134.6239983,OB(O)C1=CC=CC=C1,2.0,L3.55,1.5,3.3,dioxane,O=C1C=CCCC1,25,1.0,91.0,0,2,5,fam5,0,0
338,338,98.75,13.37480636,CC1=C[C@H]2C(C(O)(C)C)=C[C@@H]1C[C@@H]2C(C)C,0.0,0.0,0.0,0.0,0.0,-0.17,-0.15,,220.1827154,0.0,,,0.0,64.9564121,,0.0,0.0,21.5742147,84.57992612,243.0006285,0.5,[Rh(C2H4)2Cl]2,22.51198396,19.43509996,0.0,0.0,Lam,151.9199836,CC1=CC=CC=C1B(O)O,1.5,L3.74,1.5,3.3,dioxane,O=C1C=CCCC1,95,1.0,95.0,0,1,8,fam7,1,7
339,339,97.75,9.506176263,C1(CC2=CC=CC=C2)=C[C@H]3C(CC4=CC=CC=C4)=C[C@@H]1C3,0.0,0.0,-0.09,0.0,0.0,-0.09,0.0,,272.1565006,0.0,,,0.0,94.18429025,,0.0,0.0,94.18429025,20.25598522,279.4546413,1.0,[Rh(C2H4)2Cl]2,22.51198396,0.0,28.08309257,0.0,Lam,134.6239983,OB(C1=CC=CC=C1)O,2.0,L3.1,1.5,3.0,dioxane/H2O,CC(/C=C/C(C)C)=O,30,3.0,81.0,0,1,1,fam1,1,6
340,340,95.25,8.056086687,C1(CC2=CC=CC=C2)=C[C@H]3C(CC4=CC=CC=C4)=C[C@@H]1C3,0.0,0.0,-0.09,0.0,0.0,-0.09,0.0,,272.1565006,0.0,,,0.0,94.18429025,,0.0,0.0,94.18429025,20.25598522,279.4546413,1.0,[Rh(C2H4)2Cl]2,22.51198396,18.72206172,0.0,0.0,Lam,134.6239983,OB(C1=CC=CC=C1)O,2.0,L3.1,1.5,3.0,dioxane/H2O,O=C1C=CCCCC1,50,1.0,81.0,0,1,1,fam1,1,7
341,341,97.5,9.234156144,C1(CC2=CC=CC=C2)=C[C@H]3C(CC4=CC=CC=C4)=C[C@@H]1C3,0.0,0.0,-0.09,0.0,0.0,-0.09,0.0,,272.1565006,0.0,,,0.0,94.18429025,,0.0,0.0,94.18429025,20.25598522,279.4546413,1.0,[Rh(C2H4)2Cl]2,22.51198396,0.0,18.15163112,0.0,Lam,134.6239983,OB(C1=CC=CC=C1)O,2.0,L3.1,1.5,3.3,dioxane/H2O,CC(/C=C/CCCCC)=O,30,1.0,84.0,0,1,1,fam1,1,8
342,342,95.0,7.91120897,C1(CC2=CC=CC=C2)=C[C@H]3C(CC4=CC=CC=C4)=C[C@@H]1C3,0.0,0.0,-0.09,0.0,0.0,-0.09,0.0,,272.1565006,0.0,,,0.0,94.18429025,,0.0,0.0,94.18429025,20.25598522,279.4546413,1.0,[Rh(C2H4)2Cl]2,26.42553764,0.0,26.42553764,0.0,Lam,134.6239983,OB(C1=CC=CC=C1)O,3.0,L3.1,2.5,5.5,dioxane/H2O,O=C(/C=C/C(OC(C)(C)C)=O)OC(C)(C)C,50,3.0,78.0,0,1,1,fam1,1,0
343,343,94.5,7.16804399,C1(CC2=CC=CC=C2)=C[C@H]3C(CC4=CC=CC=C4)=C[C@@H]1C3,0.0,0.0,-0.09,0.0,0.0,-0.09,0.0,,272.1565006,0.0,,,0.0,94.18429025,,0.0,0.0,94.18429025,20.25598522,279.4546413,1.0,[Rh(C2H4)2Cl]2,18.25910483,38.87019992,0.0,0.0,Lam,134.6239983,OB(C1=CC=CC=C1)O,2.0,L3.1,1.5,3.3,dioxane/H2O,O=C1C=CCCO1,30,3.0,44.0,0,1,1,fam1,1,3
344,344,95.0,7.91120897,C1(CC2=CC=CC=C2)=C[C@H]3C(CC4=CC=CC=C4)=C[C@@H]1C3,0.0,0.0,-0.09,0.0,0.0,-0.09,0.0,,272.1565006,0.0,,,0.0,94.18429025,,0.0,0.0,94.18429025,20.25598522,279.4546413,1.0,[Rh(C2H4)2Cl]2,22.10154133,0.0,18.72206172,0.0,Lam,348.0319373,C1(B2OB(C3=CC=CC=C3)OB(C4=CC=CC=C4)O2)=CC=CC=C1,2.0,L3.1,1.5,3.0,dioxane/H2O,O=C(/C=C/CCC)OC(C)C,50,1.0,73.0,0,1,1,fam1,1,1
345,345,85.0,4.660579325,C1(CC2=CC=CC=C2)=C[C@H]3C(CC4=CC=CC=C4)=C[C@@H]1C3,0.0,0.0,-0.09,0.0,0.0,-0.09,0.0,,272.1565006,0.0,,,0.0,94.18429025,,0.0,0.0,94.18429025,20.25598522,279.4546413,1.0,[Rh(C2H4)2Cl]2,18.67357617,13.86399135,0.0,0.0,Lam,134.6239983,OB(C1=CC=CC=C1)O,3.0,L3.1,2.5,5.5,dioxane/H2O,O=C(N1C)C=CC1=O,50,3.0,89.0,0,1,1,fam1,1,5
346,346,98.0,11.88043791,OC(CC(C)C)(C1=C[C@H]2C=C[C@@H]1CC2)CC(C)C,0.0,0.0,0.0,0.0,0.0,0.0,0.0,,248.2140155,0.0,,,0.0,168.7323234,,0.0,0.0,0.0,32.69197045,277.5925989,0.5,[Rh(C2H4)2Cl]2,22.51198396,19.43509996,0.0,0.0,Lam,151.9199836,CC1=CC=CC=C1B(O)O,2.0,L3.19,0.25,0.55,MeOH,O=C1C=CCCC1,94,2.0,94.0,0,1,9,fam3,1,2
347,347,96.5,8.222192162,C[C@@]1(C2(C)C)C(C3=CC=CC=C3)=C[C@H]2C(C4=CC=CC=C4)=C1,0.0,-0.17,-0.01,0.0,0.0,-0.01,-0.17,,286.1721507,0.0,,,21.5742147,76.88830503,,0.0,0.0,76.88830503,54.84795567,296.7506265,1.0,[Rh(C2H4)2Cl]2,22.51198396,0.0,28.08309257,0.0,Lam,134.6239983,OB(C1=CC=CC=C1)O,2.0,L3.10,1.5,3.6,dioxane,CC(/C=C/C(C)C)=O,25,1.0,91.0,0,1,10,fam2,1,7
348,348,67.0,1.961655384,C[C@@]1(C2(C)C)C(C3=CC=CC=C3)=C[C@H]2C(C4=CC=CC=C4)=C1,0.0,-0.17,-0.01,0.0,0.0,-0.01,-0.17,,286.1721507,0.0,,,21.5742147,76.88830503,,0.0,0.0,76.88830503,54.84795567,296.7506265,1.0,[Rh(C2H4)2Cl]2,17.93806496,0.0,17.93806496,0.0,Lam,134.6239983,OB(C1=CC=CC=C1)O,3.0,L3.10,2.5,6.0,MeOH/CH2Cl2,COC(/C=C/C(OC)=O)=O,60,1.0,89.0,0,1,10,fam2,1,5
349,349,88.5,5.652566142,C[C@@]1(C2(C)C)C(C3=CC=CC=C3)=C[C@H]2C(C4=CC=CC=C4)=C1,0.0,-0.17,-0.01,0.0,0.0,-0.01,-0.17,,286.1721507,0.0,,,21.5742147,76.88830503,,0.0,0.0,76.88830503,54.84795567,296.7506265,1.0,[Rh(C2H4)2Cl]2,17.77754503,0.0,17.77754503,0.0,Lam,134.6239983,OB(C1=CC=CC=C1)O,3.0,L3.10,2.5,6.0,MeOH/CH2Cl2,CCOC(/C=C/C(OCC)=O)=O,60,1.0,99.0,0,1,10,fam2,1,1
350,350,98.725,12.04771012,C[C@@]1(C2(C)C)C(C3=CC=CC=C3)=C[C@H]2C(C4=CC=CC=C4)=C1,0.0,-0.17,-0.01,0.0,0.0,-0.01,-0.17,,286.1721507,0.0,,,21.5742147,76.88830503,,0.0,0.0,76.88830503,54.84795567,296.7506265,1.0,[Rh(C2H4)2Cl]2,26.42553764,0.0,26.42553764,0.0,Lam,134.6239983,OB(C1=CC=CC=C1)O,3.0,L3.10,0.5,1.2,MeOH/CH2Cl2,O=C(/C=C/C(OC(C)(C)C)=O)OC(C)(C)C,60,1.0,92.0,0,1,10,fam2,1,9
351,351,98.16666667,11.0259738,C[C@@]1(C2(C)C)C(C3=CC=CC=C3)=C[C@H]2C(C4=CC=CC=C4)=C1,0.0,-0.17,-0.01,0.0,0.0,-0.01,-0.17,,286.1721507,0.0,,,21.5742147,76.88830503,,0.0,0.0,76.88830503,54.84795567,296.7506265,1.0,[Rh(C2H4)2Cl]2,26.42553764,0.0,26.42553764,0.0,Lam,151.9199836,CC1=C(B(O)O)C=CC=C1,3.0,L3.10,0.5,1.2,i-PrOH/CH2Cl2,O=C(/C=C/C(OC(C)(C)C)=O)OC(C)(C)C,60,1.0,99.0,0,1,10,fam2,1,6
352,352,98.33333333,11.29467953,C[C@@]1(C2(C)C)C(C3=CC=CC=C3)=C[C@H]2C(C4=CC=CC=C4)=C1,0.0,-0.17,-0.01,0.0,0.0,-0.01,-0.17,,286.1721507,0.0,,,21.5742147,76.88830503,,0.0,0.0,76.88830503,54.84795567,296.7506265,1.0,[Rh(C2H4)2Cl]2,26.42553764,0.0,26.42553764,0.0,Lam,170.1226604,OB(C1=C(C(F)(F)F)C=CC=C1)O,3.0,L3.10,0.5,1.2,i-PrOH/CH2Cl2,O=C(/C=C/C(OC(C)(C)C)=O)OC(C)(C)C,60,1.0,85.0,0,1,10,fam2,1,9
353,353,97.83333333,10.55381635,C[C@@]1(C2(C)C)C(C3=CC=CC=C3)=C[C@H]2C(C4=CC=CC=C4)=C1,0.0,-0.17,-0.01,0.0,0.0,-0.01,-0.17,,286.1721507,0.0,,,21.5742147,76.88830503,,0.0,0.0,76.88830503,54.84795567,296.7506265,1.0,[Rh(C2H4)2Cl]2,26.42553764,0.0,26.42553764,0.0,Lam,160.7102105,COC1=C(B(O)O)C=CC=C1,3.0,L3.10,0.5,1.2,i-PrOH/CH2Cl2,O=C(/C=C/C(OC(C)(C)C)=O)OC(C)(C)C,60,1.0,99.0,0,1,10,fam2,1,6
354,354,98.25,11.15718353,C[C@@]1(C2(C)C)C(C3=CC=CC=C3)=C[C@H]2C(C4=CC=CC=C4)=C1,0.0,-0.17,-0.01,0.0,0.0,-0.01,-0.17,,286.1721507,0.0,,,21.5742147,76.88830503,,0.0,0.0,76.88830503,54.84795567,296.7506265,1.0,[Rh(C2H4)2Cl]2,26.42553764,0.0,26.42553764,0.0,Lam,160.5647539,OB(C1=CC([N+]([O-])=O)=CC=C1)O,3.0,L3.10,0.5,1.2,i-PrOH/CH2Cl2,O=C(/C=C/C(OC(C)(C)C)=O)OC(C)(C)C,60,1.0,99.0,0,1,10,fam2,1,8
355,355,98.75,12.10326426,C[C@@]1(C2(C)C)C(C3=CC=CC=C3)=C[C@H]2C(C4=CC=CC=C4)=C1,0.0,-0.17,-0.01,0.0,0.0,-0.01,-0.17,,286.1721507,0.0,,,21.5742147,76.88830503,,0.0,0.0,76.88830503,54.84795567,296.7506265,1.0,[Rh(C2H4)2Cl]2,26.42553764,0.0,26.42553764,0.0,Lam,149.8350664,ClC1=CC=CC(B(O)O)=C1,3.0,L3.10,0.5,1.2,i-PrOH/CH2Cl2,O=C(/C=C/C(OC(C)(C)C)=O)OC(C)(C)C,60,1.0,99.0,0,1,10,fam2,1,2
356,356,98.0,10.78024756,C[C@@]1(C2(C)C)C(C3=CC=CC=C3)=C[C@H]2C(C4=CC=CC=C4)=C1,0.0,-0.17,-0.01,0.0,0.0,-0.01,-0.17,,286.1721507,0.0,,,21.5742147,76.88830503,,0.0,0.0,76.88830503,54.84795567,296.7506265,1.0,[Rh(C2H4)2Cl]2,26.42553764,0.0,26.42553764,0.0,Lam,203.8079392,CC(C)(C)C1=CC=C(B(O)O)C=C1,3.0,L3.10,0.5,1.2,i-PrOH/CH2Cl2,O=C(/C=C/C(OC(C)(C)C)=O)OC(C)(C)C,60,1.0,99.0,0,1,10,fam2,1,6
357,357,99.0,12.72837021,C[C@@]1(C2(C)C)C(C3=CC=CC=C3)=C[C@H]2C(C4=CC=CC=C4)=C1,0.0,-0.17,-0.01,0.0,0.0,-0.01,-0.17,,286.1721507,0.0,,,21.5742147,76.88830503,,0.0,0.0,76.88830503,54.84795567,296.7506265,1.0,[Rh(C2H4)2Cl]2,26.42553764,0.0,26.42553764,0.0,Lam,207.2340739,OB(C1=CC=C(C2=CC=CC=C2)C=C1)O,3.0,L3.10,0.5,1.2,i-PrOH/CH2Cl2,O=C(/C=C/C(OC(C)(C)C)=O)OC(C)(C)C,60,1.0,99.0,0,1,10,fam2,1,3
358,358,99.0,12.72837021,C[C@@]1(C2(C)C)C(C3=CC=CC=C3)=C[C@H]2C(C4=CC=CC=C4)=C1,0.0,-0.17,-0.01,0.0,0.0,-0.01,-0.17,,286.1721507,0.0,,,21.5742147,76.88830503,,0.0,0.0,76.88830503,54.84795567,296.7506265,1.0,[Rh(C2H4)2Cl]2,26.42553764,0.0,26.42553764,0.0,Lam,175.3697368,CC(C1=CC=C(B(O)O)C=C1)=O,3.0,L3.10,0.5,1.2,i-PrOH/CH2Cl2,O=C(/C=C/C(OC(C)(C)C)=O)OC(C)(C)C,60,1.0,99.0,0,1,10,fam2,1,7
359,359,99.5,14.6623256,C[C@@]1(C2(C)C)C(C3=CC=CC=C3)=C[C@H]2C(C4=CC=CC=C4)=C1,0.0,-0.17,-0.01,0.0,0.0,-0.01,-0.17,,286.1721507,0.0,,,21.5742147,76.88830503,,0.0,0.0,76.88830503,54.84795567,296.7506265,1.0,[Rh(C2H4)2Cl]2,26.42553764,0.0,26.42553764,0.0,Lam,140.6915573,FC1=CC=C(B(O)O)C=C1,3.0,L3.10,0.5,1.2,i-PrOH/CH2Cl2,O=C(/C=C/C(OC(C)(C)C)=O)OC(C)(C)C,60,1.0,99.0,0,1,10,fam2,1,5
360,360,98.5,11.5912165,C[C@@]1(C2(C)C)C(C3=CC=CC=C3)=C[C@H]2C(C4=CC=CC=C4)=C1,0.0,-0.17,-0.01,0.0,0.0,-0.01,-0.17,,286.1721507,0.0,,,21.5742147,76.88830503,,0.0,0.0,76.88830503,54.84795567,296.7506265,1.0,[Rh(C2H4)2Cl]2,26.42553764,0.0,26.42553764,0.0,Lam,146.7591162,FC1=CC=CC(F)=C1B(O)O,3.0,L3.10,0.5,1.2,i-PrOH/CH2Cl2,O=C(/C=C/C(OC(C)(C)C)=O)OC(C)(C)C,60,1.0,77.0,0,1,10,fam2,1,7
361,361,98.25,11.15718353,C[C@@]1(C2(C)C)C(C3=CC=CC=C3)=C[C@H]2C(C4=CC=CC=C4)=C1,0.0,-0.17,-0.01,0.0,0.0,-0.01,-0.17,,286.1721507,0.0,,,21.5742147,76.88830503,,0.0,0.0,76.88830503,54.84795567,296.7506265,1.0,[Rh(C2H4)2Cl]2,26.42553764,0.0,26.42553764,0.0,Lam,175.2785624,OB(C1=C2C(C=CC=C2)=CC=C1)O,3.0,L3.10,0.5,1.2,i-PrOH/CH2Cl2,O=C(/C=C/C(OC(C)(C)C)=O)OC(C)(C)C,60,1.0,99.0,0,1,10,fam2,1,5
362,362,99.0,12.72837021,C[C@@]1(C2(C)C)C(C3=CC=CC=C3)=C[C@H]2C(C4=CC=CC=C4)=C1,0.0,-0.17,-0.01,0.0,0.0,-0.01,-0.17,,286.1721507,0.0,,,21.5742147,76.88830503,,0.0,0.0,76.88830503,54.84795567,296.7506265,1.0,[Rh(C2H4)2Cl]2,26.42553764,26.42553764,0.0,0.0,Lam,134.6239983,OB(C1=CC=CC=C1)O,3.0,L3.10,2.5,6.0,MeOH/CH2Cl2,O=C(/C=C\C(OC(C)(C)C)=O)OC(C)(C)C,60,1.0,83.0,0,1,10,fam2,1,3
363,363,97.5,10.14797664,C[C@@]1(C2(C)C)C(C3=CC=CC=C3)=C[C@H]2C(C4=CC=CC=C4)=C1,0.0,-0.17,-0.01,0.0,0.0,-0.01,-0.17,,286.1721507,0.0,,,21.5742147,76.88830503,,0.0,0.0,76.88830503,54.84795567,296.7506265,1.0,[Rh(C2H4)2Cl]2,26.42553764,0.0,23.95337594,0.0,Lam,134.6239983,OB(C1=CC=CC=C1)O,3.0,L3.10,0.5,1.2,i-PrOH/CH2Cl2,O=C(/C=C/C(OC1=C(C)C=CC=C1C)=O)OC(C)(C)C,60,1.0,74.0,0,1,10,fam2,1,9
364,364,75.0,2.951785197,C[C@@]1(C2(C)C)C(C3=CC=CC=C3)=C[C@H]2C(C4=CC=CC=C4)=C1,0.0,-0.17,-0.01,0.0,0.0,-0.01,-0.17,,286.1721507,0.0,,,21.5742147,76.88830503,,0.0,0.0,76.88830503,54.84795567,296.7506265,1.0,[Rh(C2H4)2Cl]2,15.10949251,0.0,18.83685805,0.0,Lam,134.6239983,OB(C1=CC=CC=C1)O,1.5,L3.10,1.5,3.6,toluene/H2O,CC(C=C1)=CC=C1/C=C/[N+]([O-])=O,50,23.0,67.0,0,1,10,fam2,1,1
365,365,88.5,5.058720082,C[C@@]12C=C([C@H](C=C2C3=CC=C(C=C3)C)C1(C)C)C4=CC=C(C=C4)C,0.0,-0.17,-0.03,0.0,0.0,-0.03,-0.17,,314.2034508,0.0,,,21.5742147,94.18429025,,0.0,0.0,94.18429025,54.84795567,331.3425969,1.0,[Rh(C2H4)2Cl]2,22.51198396,0.0,28.08309257,0.0,Lam,134.6239983,OB(C1=CC=CC=C1)O,2.0,L3.11,1.5,3.6,dioxane,CC(/C=C/C(C)C)=O,25,1.0,90.0,0,1,11,fam2,1,1
366,366,77.0,3.246527613,C[C@@]12C=C([C@H](C=C2C3=CC=C(C=C3)C)C1(C)C)C4=CC=C(C=C4)C,0.0,-0.17,-0.03,0.0,0.0,-0.03,-0.17,,314.2034508,0.0,,,21.5742147,94.18429025,,0.0,0.0,94.18429025,54.84795567,331.3425969,1.0,[Rh(C2H4)2Cl]2,15.10949251,0.0,18.83685805,0.0,Lam,134.6239983,OB(C1=CC=CC=C1)O,1.5,L3.11,1.5,3.6,toluene/H2O,CC(C=C1)=CC=C1/C=C/[N+]([O-])=O,50,23.0,85.0,0,1,11,fam2,1,6
367,367,89.0,5.182880641,C[C@@]12C=C([C@H](C=C2C3=CC=C(C=C3)C(C)(C)C)C1(C)C)C4=CC=C(C=C4)C(C)(C)C,0.0,-0.17,-0.03,0.0,0.0,-0.03,-0.17,,398.2973512,0.0,,,21.5742147,146.0722459,,0.0,0.0,146.0722459,54.84795567,435.1185083,1.0,[Rh(C2H4)2Cl]2,22.51198396,0.0,28.08309257,0.0,Lam,134.6239983,OB(C1=CC=CC=C1)O,2.0,L3.12,1.5,3.6,dioxane,CC(/C=C/C(C)C)=O,25,1.0,72.0,0,1,12,fam2,1,4
368,368,91.5,5.890704668,C[C@@]12C=C([C@H](C=C2C3=CC=C(C=C3)C4=CC=CC=C4)C1(C)C)C5=CC=C(C=C5)C6=CC=CC=C6,0.0,-0.17,0.0,0.0,0.0,0.0,-0.17,,438.234751,0.0,,,21.5742147,149.4983806,,0.0,0.0,149.4983806,54.84795567,441.9707776,1.0,[Rh(C2H4)2Cl]2,22.51198396,0.0,28.08309257,0.0,Lam,134.6239983,OB(C1=CC=CC=C1)O,2.0,L3.13,1.5,3.6,dioxane,CC(/C=C/C(C)C)=O,25,1.0,100.0,0,1,13,fam2,1,3
369,369,77.5,3.322971764,C[C@@]12C=C([C@H](C=C2C3=CC=C(C=C3)C4=CC=CC=C4)C1(C)C)C5=CC=C(C=C5)C6=CC=CC=C6,0.0,-0.17,0.0,0.0,0.0,0.0,-0.17,,438.234751,0.0,,,21.5742147,149.4983806,,0.0,0.0,149.4983806,54.84795567,441.9707776,1.0,[Rh(C2H4)2Cl]2,15.10949251,0.0,18.83685805,0.0,Lam,134.6239983,OB(C1=CC=CC=C1)O,1.5,L3.13,1.5,3.6,toluene/H2O,CC(C=C1)=CC=C1/C=C/[N+]([O-])=O,50,23.0,56.0,0,1,13,fam2,1,5
370,370,96.83333333,8.621034954,C[C@@]1(C=C([C@@H]2C=C1C3=CC=C(C=C3)[N+]([O-])=O)C4=CC=C(C=C4)[N+]([O-])=O)C2(C)C,0.0,-0.17,0.26,0.0,0.0,0.26,-0.17,,376.1423071,0.0,,,21.5742147,102.8290606,,0.0,0.0,102.8290606,54.84795567,348.6321376,1.0,[Rh(C2H4)2Cl]2,22.51198396,19.43509996,0.0,0.0,Lam,151.9199836,CC1=CC=CC=C1B(O)O,2.0,L3.14,0.25,0.6,EtOH,O=C1C=CCCC1,30,1.0,99.0,0,1,14,fam2,1,2
371,371,98.0,11.10383296,CC1=C[C@H]2C(C(OC3=C(C(C)C)C=CC=C3C(C)C)=O)=C[C@@H]1C[C@@H]2C(C)C,0.0,0.0,0.44,0.0,0.0,-0.17,-0.15,,366.2558803,0.0,,,0.0,212.9041965,,0.0,0.0,21.5742147,84.57992612,390.9484129,0.5,[Rh(ligand)Cl]2,22.51198396,19.43509996,0.0,0.0,Lam,239.1895854,OB(O)C1=C(C=CC2=CC=CC=C2)C=CC=C1,2.0,L3.79,2.5,3.0,dioxane,O=C1C=CCCC1,70,4.0,92.0,0,1,15,fam7,1,0
372,372,96.0,8.010413947,C[C@@]1(C=C([C@@H]2C=C1C3=CC=C(C=C3)[N+]([O-])=O)C4=CC=C(C=C4)[N+]([O-])=O)C2(C)C,0.0,-0.17,0.26,0.0,0.0,0.26,-0.17,,376.1423071,0.0,,,21.5742147,102.8290606,,0.0,0.0,102.8290606,54.84795567,348.6321376,1.0,[Rh(C2H4)2Cl]2,22.51198396,19.43509996,0.0,0.0,Lam,160.7102105,OB(O)C1=CC=CC=C1OC,2.0,L3.14,1.5,3.6,EtOH,O=C1C=CCCC1,30,1.0,95.0,0,1,14,fam2,1,2
373,373,1.5,-11.24328864,C=CCC1=C[C@@]2(C)C(CC(C)C)=C[C@@H]1[C@](C)(OC)C2,0.0,0.0,0.07,0.0,-0.17,-0.12,-0.27,,246.1983655,0.0,,,0.0,36.23374097,,0.0,21.5742147,73.46217037,76.07416785,274.95614,0.5,[Rh(C2H4)2Cl]2,22.51198396,19.43509996,0.0,0.0,Lam,140.6915573,FC1=CC=CC=C1B(O)O,2.0,L3.63,1.5,3.3,dioxane,O=C1C=CCCC1,50,1.0,94.0,0,1,3,fam6,0,9
374,374,98.0,12.07458915,CC1=C[C@H]2C(C(O)(C)C)=C[C@@H]1C[C@@H]2C(C)C,0.0,0.0,0.0,0.0,0.0,-0.17,-0.15,,220.1827154,0.0,,,0.0,64.9564121,,0.0,0.0,21.5742147,84.57992612,243.0006285,0.5,PI/CB Rh/Ag 9,22.51198396,19.43509996,0.0,0.0,Lam,149.8350664,OB(O)C1=CC(C)=CC=C1,1.5,L3.74,0.75,1.0,toluene,O=C1C=CCCC1,100,9.0,99.0,0,1,8,fam7,1,3
375,375,2.5,-9.081852728,CC(C=CC=C1C)=C1C2=C[C@@H]3C=C[C@@]2(C)C[C@]3(OC)C,0.0,0.0,0.0,0.0,-0.17,0.0,-0.27,,268.1827154,0.0,,,0.0,0.0,,111.4802755,21.5742147,0.0,76.07416785,281.0187336,0.5,[Rh(C2H4)2Cl]2,22.51198396,19.43509996,0.0,0.0,Lam,160.5647539,OB(O)C1=CC=CC([N+]([O-])=O)=C1,2.0,L3.52,1.0,2.2,DCM,O=C1C=CCCC1,25,1.0,93.0,0,2,16,fam5,0,7
376,376,98.25,10.15248443,C1(C2=CC=CC=C2)=C[C@H]3C(C4=CC=CC=C4)=C[C@@H]1CC3,0.0,0.0,-0.01,0.0,0.0,-0.01,0.0,,258.1408506,0.0,,,0.0,76.88830503,,0.0,0.0,76.88830503,32.69197045,258.3586561,1.0,[Rh(C2H4)2Cl]2,22.51198396,19.43509996,0.0,0.0,Lam,134.6239983,OB(O)c1ccccc1,2.0,L3.20,1.5,3.3,dioxane/water ,O=C1CCCC=C1,30,1.0,97.0,0,1,17,fam3,1,6
377,377,91.5,5.989492269,CC1=C(C2=C[C@H]3C(C4=C(C=CC=C4)C)=C[C@@H]2CC3)C=CC=C1,0.0,0.0,-0.03,0.0,0.0,-0.03,0.0,,286.1721507,0.0,,,0.0,94.18429025,,0.0,0.0,94.18429025,32.69197045,292.9506265,1.0,[Rh(C2H4)2Cl]2,22.51198396,19.43509996,0.0,0.0,Lam,134.6239983,OB(O)c1ccccc1,2.0,L3.158,1.5,3.3,dioxane/water ,O=C1CCCC=C1,30,1.0,97.0,0,1,18,fam3,1,3
378,378,97.0,8.761648138,FC(F)(C1=CC=C(C2=C[C@H]3C(C4=CC=C(C=C4)C(F)(F)F)=C[C@@H]2CC3)C=C1)F,0.0,0.0,-0.09,0.0,0.0,-0.09,0.0,,394.1156198,0.0,,,0.0,112.3869671,,0.0,0.0,112.3869671,32.69197045,329.3559802,1.0,[Rh(C2H4)2Cl]2,22.51198396,19.43509996,0.0,0.0,Lam,134.6239983,OB(O)c1ccccc1,2.0,L3.159,1.5,3.3,dioxane/water ,O=C1CCCC=C1,30,1.0,96.0,0,1,19,fam3,1,8
379,379,97.5,9.234156144,COC1=CC=C(C2=C[C@H]3C(C4=CC=C(C=C4)OC)=C[C@@H]2CC3)C=C1,0.0,0.0,-0.08,0.0,0.0,-0.08,0.0,,318.1619799,0.0,,,0.0,102.9745172,,0.0,0.0,102.9745172,32.69197045,310.5310804,1.0,[Rh(C2H4)2Cl]2,22.51198396,19.43509996,0.0,0.0,Lam,134.6239983,OB(O)c1ccccc1,2.0,L3.160,1.5,3.3,dioxane/water ,O=C1CCCC=C1,30,1.0,99.0,0,1,20,fam3,1,3
380,380,90.5,5.681445004,CC1=CC(C)=CC(C2=C[C@H]3C(C4=CC(C)=CC(C)=C4)=C[C@@H]2CC3)=C1,0.0,0.0,-0.09,0.0,0.0,-0.09,0.0,,314.2034508,0.0,,,0.0,111.4802755,,0.0,0.0,111.4802755,32.69197045,327.5425969,1.0,[Rh(C2H4)2Cl]2,22.51198396,19.43509996,0.0,0.0,Lam,134.6239983,OB(O)c1ccccc1,2.0,L3.161,1.5,3.3,dioxane/water ,O=C1CCCC=C1,30,1.0,99.0,0,1,21,fam3,1,3
381,381,2.5,-9.234156144,C=CCC1=C[C@@H]2C(CC=C)=C[C@H]1C2,-0.16,0.0,0.0,-0.16,0.0,0.0,0.0,,144.0939004,36.23374097,,,0.0,0.0,,36.23374097,0.0,0.0,20.25598522,163.5535427,0.0,[Rh(C2H4)2Cl]2,22.51198396,19.43509996,0.0,0.0,Lam,134.6239983,OB(O)c1ccccc1,2.0,L3.6,1.5,3.3,dioxane/water ,O=C1CCCC=C1,30,4.5,72.0,0,2,22,fam1,0,4
382,382,2.5,-9.234156144,CC(CC1=C[C@@H]2C(CC(C)C)=C[C@H]1C2)C,-0.12,0.0,0.0,-0.12,0.0,0.0,0.0,,204.1878008,73.46217037,,,0.0,0.0,,73.46217037,0.0,0.0,20.25598522,238.0104015,0.0,[Rh(C2H4)2Cl]2,22.51198396,19.43509996,0.0,0.0,Lam,134.6239983,OB(O)c1ccccc1,2.0,L3.7,1.5,3.3,dioxane/water ,O=C1CCCC=C1,30,5.0,80.0,0,2,23,fam1,0,5
383,383,2.5,-9.234156144,C1(C2CCCCC2)=C[C@@H]3C(C4CCCCC4)=C[C@H]1C3,-0.15,0.0,0.0,-0.15,0.0,0.0,0.0,,256.2191009,95.69768187,,,0.0,0.0,,95.69768187,0.0,0.0,20.25598522,282.4814245,0.0,[Rh(C2H4)2Cl]2,22.51198396,19.43509996,0.0,0.0,Lam,134.6239983,OB(O)c1ccccc1,2.0,L3.8,1.5,3.3,dioxane/water ,O=C1CCCC=C1,30,16.0,94.0,0,2,24,fam1,0,8
384,384,2.0,-9.809491361,C1(CC2=CC=CC=C2)=C[C@@H]3C(CC4=CC=CC=C4)=C[C@H]1C3,-0.09,0.0,0.0,-0.09,0.0,0.0,0.0,,272.1565006,94.18429025,,,0.0,0.0,,94.18429025,0.0,0.0,20.25598522,279.4546413,0.0,[Rh(C2H4)2Cl]2,22.51198396,19.43509996,0.0,0.0,Lam,134.6239983,OB(O)c1ccccc1,2.0,L3.9,1.5,3.3,dioxane/water ,O=C1CCCC=C1,30,1.5,95.0,0,2,25,fam1,0,1
385,385,97.5,9.234156144,OCC1=C[C@H]2C(C)=C[C@@H]1[C@H](C2)C(C)C,0.0,0.0,0.0,0.0,0.0,-0.17,-0.15,,192.1514153,0.0,,,0.0,30.36444165,,0.0,0.0,21.5742147,84.57992612,208.408658,0.5,[Rh(C2H4)2Cl]2,22.51198396,19.43509996,0.0,0.0,Lam,134.6239983,OB(O)c1ccccc1,1.5,L3.73,1.5,3.3,dioxane/water ,O=C1CCCC=C1,30,1.0,96.0,0,1,26,fam7,1,6
386,386,99.7,11.9659036,CC1=C[C@H]2C(C(O)(C)C)=C[C@@H]1C[C@@H]2C(C)C,0.0,0.0,0.0,0.0,0.0,-0.17,-0.15,,220.1827154,0.0,,,0.0,64.9564121,,0.0,0.0,21.5742147,84.57992612,243.0006285,0.5,[Rh(C2H4)2Cl]2,22.51198396,19.43509996,0.0,0.0,Lam,134.6239983,OB(O)c1ccccc1,1.5,L3.74,1.5,3.3,dioxane/water ,O=C1CCCC=C1,30,1.0,90.0,0,1,8,fam7,1,2
387,387,97.0,8.761648138,CC1=C[C@H]2C(COC)=C[C@@H]1C[C@@H]2C(C)C,0.0,0.0,0.01,0.0,0.0,-0.17,-0.15,,206.1670653,0.0,,,0.0,47.66042687,,0.0,0.0,21.5742147,84.57992612,225.7046432,0.5,[Rh(C2H4)2Cl]2,22.51198396,19.43509996,0.0,0.0,Lam,134.6239983,OB(O)c1ccccc1,1.5,L3.75,1.5,3.3,dioxane/water ,O=C1CCCC=C1,30,1.0,88.0,0,1,27,fam7,1,4
388,388,99.6,13.90696445,CC1=C[C@H]2C(C(C)(C)OC)=C[C@@H]1C[C@@H]2C(C)C,0.0,0.0,0.0,0.0,0.0,-0.17,-0.15,,234.1983655,0.0,,,0.0,82.25239732,,0.0,0.0,21.5742147,84.57992612,260.2966137,0.5,[Rh(C2H4)2Cl]2,22.51198396,19.43509996,0.0,0.0,Lam,134.6239983,OB(O)c1ccccc1,1.5,L3.76,1.5,3.3,dioxane/water ,O=C1CCCC=C1,30,1.0,90.0,0,1,28,fam7,1,8
389,389,93.25,6.399971107,CC1=C[C@H]2C(C(OC)=O)=C[C@@H]1C[C@@H]2C(C)C,0.0,0.0,0.45,0.0,0.0,-0.17,-0.15,,220.1463299,0.0,,,0.0,53.81419488,,0.0,0.0,21.5742147,84.57992612,231.8584112,0.5,[Rh(C2H4)2Cl]2,22.51198396,19.43509996,0.0,0.0,Lam,134.6239983,OB(O)c1ccccc1,1.5,L3.77,1.5,3.3,dioxane/water ,O=C1CCCC=C1,20,3.0,93.0,0,1,29,fam7,1,2
390,390,98.0,9.809491361,C[C@@]1(C=C([C@@H]2C=C1C3=CC=C(C=C3)[N+]([O-])=O)C4=CC=C(C=C4)[N+]([O-])=O)C2(C)C,0.0,-0.17,0.26,0.0,0.0,0.26,-0.17,,376.1423071,0.0,,,21.5742147,102.8290606,,0.0,0.0,102.8290606,54.84795567,348.6321376,1.0,[Rh(C2H4)2Cl]2,22.51198396,0.0,28.08309257,0.0,Lam,134.6239983,OB(C1=CC=CC=C1)O,2.0,L3.14,1.5,3.6,EtOH,CC(C)\C=C\C(C)=O,30,2.0,89.0,0,1,14,fam2,1,1
391,391,98.0,9.809491361,C[C@@]1(C=C([C@@H]2C=C1C3=CC=C(C=C3)[N+]([O-])=O)C4=CC=C(C=C4)[N+]([O-])=O)C2(C)C,0.0,-0.17,0.26,0.0,0.0,0.26,-0.17,,376.1423071,0.0,,,21.5742147,102.8290606,,0.0,0.0,102.8290606,54.84795567,348.6321376,1.0,[Rh(C2H4)2Cl]2,22.51198396,0.0,28.08309257,0.0,Lam,151.9199836,CC1=CC=CC=C1B(O)O,2.0,L3.14,1.5,3.6,EtOH,CC(C)\C=C\C(C)=O,30,2.0,89.0,0,1,14,fam2,1,4
392,392,96.5,8.360079,C[C@@]1(C=C([C@@H]2C=C1C3=CC=C(C=C3)[N+]([O-])=O)C4=CC=C(C=C4)[N+]([O-])=O)C2(C)C,0.0,-0.17,0.26,0.0,0.0,0.26,-0.17,,376.1423071,0.0,,,21.5742147,102.8290606,,0.0,0.0,102.8290606,54.84795567,348.6321376,1.0,[Rh(C2H4)2Cl]2,22.51198396,0.0,28.08309257,0.0,Lam,160.7102105,OB(C1=CC=C(OC)C=C1)O,2.0,L3.14,1.5,3.6,EtOH,CC(C)\C=C\C(C)=O,30,8.0,99.0,0,1,14,fam2,1,3
393,393,97.5,9.234156144,C[C@@]1(C=C([C@@H]2C=C1C3=CC=C(C=C3)[N+]([O-])=O)C4=CC=C(C=C4)[N+]([O-])=O)C2(C)C,0.0,-0.17,0.26,0.0,0.0,0.26,-0.17,,376.1423071,0.0,,,21.5742147,102.8290606,,0.0,0.0,102.8290606,54.84795567,348.6321376,1.0,[Rh(C2H4)2Cl]2,22.51198396,18.72206172,0.0,0.0,Lam,134.6239983,OB(C1=CC=CC=C1)O,2.0,L3.14,0.25,0.6,EtOH,O=C1C=CCCCC1,30,1.5,100.0,0,1,14,fam2,1,7
394,394,94.5,7.16804399,C[C@@]1(C=C([C@@H]2C=C1C3=CC=C(C=C3)[N+]([O-])=O)C4=CC=C(C=C4)[N+]([O-])=O)C2(C)C,0.0,-0.17,0.26,0.0,0.0,0.26,-0.17,,376.1423071,0.0,,,21.5742147,102.8290606,,0.0,0.0,102.8290606,54.84795567,348.6321376,1.0,[Rh(C2H4)2Cl]2,22.51198396,18.72206172,0.0,0.0,Lam,151.9199836,CC1=CC=C(B(O)O)C=C1,2.0,L3.14,0.25,0.6,EtOH,O=C1C=CCCCC1,30,1.5,100.0,0,1,14,fam2,1,7
395,395,98.0,9.809491361,C[C@@]1(C=C([C@@H]2C=C1C3=CC=C(C=C3)[N+]([O-])=O)C4=CC=C(C=C4)[N+]([O-])=O)C2(C)C,0.0,-0.17,0.26,0.0,0.0,0.26,-0.17,,376.1423071,0.0,,,21.5742147,102.8290606,,0.0,0.0,102.8290606,54.84795567,348.6321376,1.0,[Rh(C2H4)2Cl]2,18.25910483,38.87019992,0.0,0.0,Lam,134.6239983,OB(C1=CC=CC=C1)O,2.0,L3.14,0.25,0.6,EtOH,O=C1C=CCCO1,30,2.0,43.0,0,1,14,fam2,1,6
396,396,94.25,7.049324582,C[C@@]1(C=C([C@@H]2C=C1C3=CC=C(C=C3)[N+]([O-])=O)C4=CC=C(C=C4)[N+]([O-])=O)C2(C)C,0.0,-0.17,0.26,0.0,0.0,0.26,-0.17,,376.1423071,0.0,,,21.5742147,102.8290606,,0.0,0.0,102.8290606,54.84795567,348.6321376,1.0,[Rh(C2H4)2Cl]2,18.25910483,38.87019992,0.0,0.0,Lam,151.9199836,CC1=CC=C(B(O)O)C=C1,2.0,L3.14,0.25,0.6,EtOH,O=C1C=CCCO1,30,2.0,38.0,0,1,14,fam2,1,1
397,397,72.0,2.537608422,C[C@@]1(C=C([C@@H]2C=C1C3=CC=C(C=C3)[N+]([O-])=O)C4=CC=C(C=C4)[N+]([O-])=O)C2(C)C,0.0,-0.17,0.26,0.0,0.0,0.26,-0.17,,376.1423071,0.0,,,21.5742147,102.8290606,,0.0,0.0,102.8290606,54.84795567,348.6321376,1.0,[Rh(C2H4)2Cl]2,15.10949251,0.0,18.83685805,0.0,Lam,134.6239983,OB(C1=CC=CC=C1)O,1.5,L3.14,1.5,3.6,toluene/H2O,CC(C=C1)=CC=C1/C=C/[N+]([O-])=O,50,23.0,98.0,0,1,14,fam2,1,0
398,398,95.5,7.573368874,FC1=CC=C(C2=C[C@H]3C(C4=CC=C(C=C4)F)=C[C@@]2(C3(C)C)C)C=C1,0.0,-0.17,-0.2,0.0,0.0,-0.2,-0.17,,322.1533071,0.0,,,21.5742147,82.95586398,,0.0,0.0,82.95586398,54.84795567,308.8857444,1.0,[Rh(C2H4)2Cl]2,22.51198396,0.0,28.08309257,0.0,Lam,134.6239983,OB(C1=CC=CC=C1)O,2.0,L3.15,1.5,3.6,dioxane,CC(/C=C/C(C)C)=O,25,1.0,85.0,0,1,30,fam2,1,3
399,399,72.5,2.604615153,FC1=CC=C(C2=C[C@H]3C(C4=CC=C(C=C4)F)=C[C@@]2(C3(C)C)C)C=C1,0.0,-0.17,-0.2,0.0,0.0,-0.2,-0.17,,322.1533071,0.0,,,21.5742147,82.95586398,,0.0,0.0,82.95586398,54.84795567,308.8857444,1.0,[Rh(C2H4)2Cl]2,15.10949251,0.0,18.83685805,0.0,Lam,134.6239983,OB(C1=CC=CC=C1)O,1.5,L3.15,1.5,3.6,toluene/H2O,CC(C=C1)=CC=C1/C=C/[N+]([O-])=O,50,23.0,90.0,0,1,30,fam2,1,5
400,400,96.375,8.131988717,CC1([C@@H]2C(C3=C4C=CC=CC4=CC=C3)=C[C@]1(C(C5=C6C=CC=CC6=CC=C5)=C2)C)C,0.0,-0.17,0.14,0.0,0.0,0.14,-0.17,,386.2034508,0.0,,,21.5742147,117.5428691,,0.0,0.0,117.5428691,54.84795567,378.0597546,1.0,[Rh(C2H4)2Cl]2,22.51198396,0.0,28.08309257,0.0,Lam,134.6239983,OB(C1=CC=CC=C1)O,2.0,L3.156,1.5,3.6,dioxane,CC(/C=C/C(C)C)=O,25,1.0,87.0,0,1,31,fam8,1,3
401,401,99.0,11.39115587,CC1([C@@H]2C(C3=C4C=CC=CC4=CC=C3)=C[C@]1(C(C5=C6C=CC=CC6=CC=C5)=C2)C)C,0.0,-0.17,0.14,0.0,0.0,0.14,-0.17,,386.2034508,0.0,,,21.5742147,117.5428691,,0.0,0.0,117.5428691,54.84795567,378.0597546,1.0,[Rh(C2H4)2Cl]2,22.51198396,0.0,28.08309257,0.0,Lam,151.9199836,CC1=CC=CC=C1B(O)O,2.0,L3.156,0.025,0.06,EtOH,CC(C)\C=C\C(C)=O,25,96.0,68.0,0,1,31,fam8,1,8
402,402,96.75,8.41231736,CC1([C@@H]2C(C3=C4C=CC=CC4=CC=C3)=C[C@]1(C(C5=C6C=CC=CC6=CC=C5)=C2)C)C,0.0,-0.17,0.14,0.0,0.0,0.14,-0.17,,386.2034508,0.0,,,21.5742147,117.5428691,,0.0,0.0,117.5428691,54.84795567,378.0597546,1.0,[Rh(C2H4)2Cl]2,22.51198396,0.0,28.08309257,0.0,Lam,160.7102105,OB(C1=CC=CC(OC)=C1)O,2.0,L3.156,0.025,0.06,EtOH,CC(C)\C=C\C(C)=O,25,11.0,86.0,0,1,31,fam8,1,6
403,403,98.5,10.37346901,CC1([C@@H]2C(C3=C4C=CC=CC4=CC=C3)=C[C@]1(C(C5=C6C=CC=CC6=CC=C5)=C2)C)C,0.0,-0.17,0.14,0.0,0.0,0.14,-0.17,,386.2034508,0.0,,,21.5742147,117.5428691,,0.0,0.0,117.5428691,54.84795567,378.0597546,1.0,[Rh(C2H4)2Cl]2,22.51198396,0.0,28.08309257,0.0,Lam,207.2340739,OB(C1=CC=C(C2=CC=CC=C2)C=C1)O,2.0,L3.156,0.025,0.06,EtOH,CC(C)\C=C\C(C)=O,25,5.5,72.0,0,1,31,fam8,1,4
404,404,98.0,9.647698662,CC1([C@@H]2C(C3=C4C=CC=CC4=CC=C3)=C[C@]1(C(C5=C6C=CC=CC6=CC=C5)=C2)C)C,0.0,-0.17,0.14,0.0,0.0,0.14,-0.17,,386.2034508,0.0,,,21.5742147,117.5428691,,0.0,0.0,117.5428691,54.84795567,378.0597546,1.0,[Rh(C2H4)2Cl]2,22.51198396,0.0,28.08309257,0.0,Lam,170.1226604,OB(C1=CC=C(C(F)(F)F)C=C1)O,2.0,L3.156,0.025,0.06,EtOH,CC(C)\C=C\C(C)=O,25,50.0,74.0,0,1,31,fam8,1,2
405,405,97.5,9.081852728,CC1([C@@H]2C(C3=C4C=CC=CC4=CC=C3)=C[C@]1(C(C5=C6C=CC=CC6=CC=C5)=C2)C)C,0.0,-0.17,0.14,0.0,0.0,0.14,-0.17,,386.2034508,0.0,,,21.5742147,117.5428691,,0.0,0.0,117.5428691,54.84795567,378.0597546,1.0,[Rh(C2H4)2Cl]2,22.51198396,0.0,28.08309257,0.0,Lam,175.2785624,OB(C1=CC=CC2=C1C=CC=C2)O,2.0,L3.156,0.025,0.06,EtOH,CC(C)\C=C\C(C)=O,25,25.0,77.0,0,1,31,fam8,1,2
406,406,95.0,7.299170523,CC1([C@@H]2C(C3=C4C=CC=CC4=CC=C3)=C[C@]1(C(C5=C6C=CC=CC6=CC=C5)=C2)C)C,0.0,-0.17,0.14,0.0,0.0,0.14,-0.17,,386.2034508,0.0,,,21.5742147,117.5428691,,0.0,0.0,117.5428691,54.84795567,378.0597546,1.0,[Rh(C2H4)2Cl]2,22.51198396,0.0,26.13389888,0.0,Lam,134.6239983,OB(C1=CC=CC=C1)O,2.0,L3.156,0.025,0.06,EtOH,CC(/C=C/C1CCCC1)=O,25,24.0,94.0,0,1,31,fam8,1,5
407,407,98.6,10.54701558,CC1([C@@H]2C(C3=C4C=CC=CC4=CC=C3)=C[C@]1(C(C5=C6C=CC=CC6=CC=C5)=C2)C)C,0.0,-0.17,0.14,0.0,0.0,0.14,-0.17,,386.2034508,0.0,,,21.5742147,117.5428691,,0.0,0.0,117.5428691,54.84795567,378.0597546,1.0,[Rh(C2H4)2Cl]2,22.51198396,0.0,26.13389888,0.0,Lam,151.9199836,CC1=C(B(O)O)C=CC=C1,2.0,L3.156,0.025,0.06,EtOH,CC(/C=C/C1CCCC1)=O,25,96.0,80.0,0,1,31,fam8,1,7
408,408,97.25,8.839217334,CC1([C@@H]2C(C3=C4C=CC=CC4=CC=C3)=C[C@]1(C(C5=C6C=CC=CC6=CC=C5)=C2)C)C,0.0,-0.17,0.14,0.0,0.0,0.14,-0.17,,386.2034508,0.0,,,21.5742147,117.5428691,,0.0,0.0,117.5428691,54.84795567,378.0597546,1.0,[Rh(C2H4)2Cl]2,22.51198396,0.0,26.13389888,0.0,Lam,149.8350664,ClC1=CC=CC(B(O)O)=C1,2.0,L3.156,0.025,0.06,EtOH,CC(/C=C/C1CCCC1)=O,25,16.0,99.0,0,1,31,fam8,1,6
409,409,99.7,14.39323251,CC1([C@@H]2C(C3=C4C=CC=CC4=CC=C3)=C[C@]1(C(C5=C6C=CC=CC6=CC=C5)=C2)C)C,0.0,-0.17,0.14,0.0,0.0,0.14,-0.17,,386.2034508,0.0,,,21.5742147,117.5428691,,0.0,0.0,117.5428691,54.84795567,378.0597546,1.0,[Rh(C2H4)2Cl]2,22.51198396,0.0,26.13389888,0.0,Lam,170.1226604,OB(C1=CC=C(C(F)(F)F)C=C1)O,2.0,L3.156,0.025,0.06,EtOH,CC(/C=C/C1CCCC1)=O,25,72.0,99.0,0,1,31,fam8,1,1
410,410,89.0,5.182880641,CC1([C@@H]2C(C3=C4C=CC=CC4=CC=C3)=C[C@]1(C(C5=C6C=CC=CC6=CC=C5)=C2)C)C,0.0,-0.17,0.14,0.0,0.0,0.14,-0.17,,386.2034508,0.0,,,21.5742147,117.5428691,,0.0,0.0,117.5428691,54.84795567,378.0597546,1.0,[Rh(C2H4)2Cl]2,22.51198396,0.0,17.16241953,0.0,Lam,134.6239983,OB(C1=CC=CC=C1)O,2.0,L3.156,0.025,0.06,EtOH,CC(/C=C/C1=CC=C(OC)C=C1)=O,25,27.0,98.0,0,1,31,fam8,1,8
411,411,97.0,8.617138025,CC1([C@@H]2C(C3=C4C=CC=CC4=CC=C3)=C[C@]1(C(C5=C6C=CC=CC6=CC=C5)=C2)C)C,0.0,-0.17,0.14,0.0,0.0,0.14,-0.17,,386.2034508,0.0,,,21.5742147,117.5428691,,0.0,0.0,117.5428691,54.84795567,378.0597546,1.0,[Rh(C2H4)2Cl]2,22.51198396,0.0,16.5911728,0.0,Lam,134.6239983,OB(C1=CC=CC=C1)O,2.0,L3.156,0.025,0.06,EtOH,CC(/C=C/C1=CC=C(F)C=C1)=O,25,16.0,95.0,0,1,31,fam8,1,4
412,412,99.0,12.72837021,CC1([C@@H]2C(C3=C4C=CC=CC4=CC=C3)=C[C@]1(C(C5=C6C=CC=CC6=CC=C5)=C2)C)C,0.0,-0.17,0.14,0.0,0.0,0.14,-0.17,,386.2034508,0.0,,,21.5742147,117.5428691,,0.0,0.0,117.5428691,54.84795567,378.0597546,1.0,[Rh(C2H4)2Cl]2,26.42553764,0.0,21.5742147,0.0,Lam,134.6239983,OB(C1=CC=CC=C1)O,2.0,L3.156,0.025,0.06,EtOH,O=C(/C=C/C)OC(C)(C)C,60,2.0,81.0,0,1,31,fam8,1,1
413,413,99.5,14.6623256,CC1([C@@H]2C(C3=C4C=CC=CC4=CC=C3)=C[C@]1(C(C5=C6C=CC=CC6=CC=C5)=C2)C)C,0.0,-0.17,0.14,0.0,0.0,0.14,-0.17,,386.2034508,0.0,,,21.5742147,117.5428691,,0.0,0.0,117.5428691,54.84795567,378.0597546,1.0,[Rh(C2H4)2Cl]2,26.42553764,0.0,19.22207626,0.0,Lam,160.7102105,COC1=CC=C(B(O)O)C=C1,2.0,L3.156,0.025,0.06,EtOH,O=C(/C=C/C1=CC=CC=C1)OC(C)(C)C,60,14.0,99.5,0,1,31,fam8,1,7
414,414,98.0,10.78024756,CC1([C@@H]2C(C3=C4C=CC=CC4=CC=C3)=C[C@]1(C(C5=C6C=CC=CC6=CC=C5)=C2)C)C,0.0,-0.17,0.14,0.0,0.0,0.14,-0.17,,386.2034508,0.0,,,21.5742147,117.5428691,,0.0,0.0,117.5428691,54.84795567,378.0597546,1.0,[Rh(C2H4)2Cl]2,26.42553764,0.0,21.46208822,0.0,Lam,134.6239983,OB(C1=CC=CC=C1)O,2.0,L3.156,0.25,0.6,EtOH,O=C(/C=C/C1=CC=C(Cl)C(Cl)=C1)OC(C)(C)C,60,23.0,88.0,0,1,31,fam8,1,6
415,415,91.875,6.516862742,CC1([C@@H]2C(C3=C4C=CC=CC4=CC=C3)=C[C@]1(C(C5=C6C=CC=CC6=CC=C5)=C2)C)C,0.0,-0.17,0.14,0.0,0.0,0.14,-0.17,,386.2034508,0.0,,,21.5742147,117.5428691,,0.0,0.0,117.5428691,54.84795567,378.0597546,1.0,[Rh(C2H4)2Cl]2,15.10949251,0.0,18.83685805,0.0,Lam,134.6239983,OB(C1=CC=CC=C1)O,1.5,L3.156,1.5,3.6,toluene/H2O,CC(C=C1)=CC=C1/C=C/[N+]([O-])=O,50,1.5,85.0,0,1,31,fam8,1,3
416,416,5.0,-7.299170523,C[C@]1(C[C@]2(OC)C)C(C3=CC=CC=C3)=C[C@@H]2C=C1,0.0,0.0,0.0,-0.01,-0.17,0.0,-0.27,,240.1514153,0.0,,,0.0,0.0,,76.88830503,21.5742147,0.0,76.07416785,246.4267631,0.5,[Rh(C2H4)2Cl]2,22.51198396,19.43509996,0.0,0.0,Lam,134.6239983,OB(O)c1ccccc1,2.0,L3.40,1.0,2.2,MeOH/CH2Cl2,O=C1CCCC=C1,25,20.0,90.0,0,2,32,fam5,0,5
417,417,89.0,5.269797976,CC1=C(C2=C[C@H]3C(C4=C(C=CC=C4)C)=C[C@@H]2CC3)C=CC=C1,0.0,0.0,-0.03,0.0,0.0,-0.03,0.0,,286.1721507,0.0,,,0.0,94.18429025,,0.0,0.0,94.18429025,32.69197045,292.9506265,1.0,[Rh(C2H4)2Cl]2,22.51198396,0.0,28.08309257,0.0,Lam,134.6239983,OB(C1=CC=CC=C1)O,2.0,L3.158,1.5,3.3,dioxane/H2O,CC(/C=C/C(C)C)=O,30,1.0,89.0,0,1,18,fam3,1,6
418,418,2.0,-9.647698662,CC(C=CC=C1)=C1C2=C[C@@H]3C=C[C@@]2(C)C[C@]3(OC)C,0.0,0.0,0.0,-0.01,-0.17,0.0,-0.27,,254.1670653,0.0,,,0.0,0.0,,94.18429025,21.5742147,0.0,76.07416785,263.7227483,0.5,[Rh(C2H4)2Cl]2,22.51198396,19.43509996,0.0,0.0,Lam,134.6239983,OB(O)c1ccccc1,2.0,L3.41,1.0,2.2,MeOH/CH2Cl2,O=C1CCCC=C1,25,20.0,88.0,0,2,33,fam5,0,5
419,419,96.0,8.010413947,FC(F)(C1=CC=C(C2=C[C@H]3C(C4=CC=C(C=C4)C(F)(F)F)=C[C@@H]2CC3)C=C1)F,0.0,0.0,-0.09,0.0,0.0,-0.09,0.0,,394.1156198,0.0,,,0.0,112.3869671,,0.0,0.0,112.3869671,32.69197045,329.3559802,1.0,[Rh(C2H4)2Cl]2,22.51198396,0.0,28.08309257,0.0,Lam,134.6239983,OB(C1=CC=CC=C1)O,2.0,L3.159,1.5,3.3,dioxane/H2O,CC(/C=C/C(C)C)=O,30,1.0,90.0,0,1,19,fam3,1,2
420,420,3.5,-8.222192162,O=CC(C=CC=C1)=C1C2=C[C@@H]3C=C[C@@]2(C)C[C@]3(OC)C,0.0,0.0,0.0,0.0,-0.17,0.0,-0.27,,268.1463299,0.0,,,0.0,0.0,,100.3380583,21.5742147,0.0,76.07416785,269.8765164,0.5,[Rh(C2H4)2Cl]2,22.51198396,19.43509996,0.0,0.0,Lam,134.6239983,OB(O)c1ccccc1,2.0,L3.42,1.0,2.2,MeOH/CH2Cl2,O=C1CCCC=C1,25,20.0,90.0,0,2,34,fam5,0,3
421,421,94.0,6.820968473,ClC1=CC=C(C2=C[C@H]3C(C4=CC=C(C=C4)Cl)=C[C@@]2(C3(C)C)C)C=C1,0.0,-0.17,0.12,0.0,0.0,0.12,-0.17,,382.1255061,0.0,,,21.5742147,109.3953583,,0.0,0.0,109.3953583,54.84795567,361.764733,1.0,[Rh(C2H4)2Cl]2,22.51198396,0.0,28.08309257,0.0,Lam,134.6239983,OB(C1=CC=CC=C1)O,2.0,L3.16,1.5,3.6,dioxane,CC(/C=C/C(C)C)=O,25,1.0,74.0,0,1,35,fam2,1,5
422,422,76.0,3.097054666,ClC1=CC=C(C2=C[C@H]3C(C4=CC=C(C=C4)Cl)=C[C@@]2(C3(C)C)C)C=C1,0.0,-0.17,0.12,0.0,0.0,0.12,-0.17,,382.1255061,0.0,,,21.5742147,109.3953583,,0.0,0.0,109.3953583,54.84795567,361.764733,1.0,[Rh(C2H4)2Cl]2,15.10949251,0.0,18.83685805,0.0,Lam,134.6239983,OB(C1=CC=CC=C1)O,1.5,L3.16,1.5,3.6,toluene/H2O,CC(C=C1)=CC=C1/C=C/[N+]([O-])=O,50,23.0,95.0,0,1,35,fam2,1,6
423,423,2.4,-9.185590382,CC(C=C1)=CC=C1C2=C[C@@H]3C=C[C@@]2(C)C[C@]3(OC)C,0.0,0.0,0.0,-0.03,-0.17,0.0,-0.27,,254.1670653,0.0,,,0.0,0.0,,94.18429025,21.5742147,0.0,76.07416785,263.7227483,0.5,[Rh(C2H4)2Cl]2,22.51198396,19.43509996,0.0,0.0,Lam,134.6239983,OB(O)c1ccccc1,2.0,L3.46,1.0,2.2,MeOH/CH2Cl2,O=C1CCCC=C1,25,20.0,81.0,0,2,36,fam5,0,9
424,424,89.0,5.269797976,COC1=CC=C(C2=C[C@H]3C(C4=CC=C(C=C4)OC)=C[C@@H]2CC3)C=C1,0.0,0.0,-0.08,0.0,0.0,-0.08,0.0,,318.1619799,0.0,,,0.0,102.9745172,,0.0,0.0,102.9745172,32.69197045,310.5310804,1.0,[Rh(C2H4)2Cl]2,22.51198396,0.0,28.08309257,0.0,Lam,134.6239983,OB(C1=CC=CC=C1)O,2.0,L3.160,1.5,3.3,dioxane/H2O,CC(/C=C/C(C)C)=O,30,1.0,91.0,0,1,20,fam3,1,3
425,425,4.5,-7.573368874,CC(C)(C)C(C=C1)=CC=C1C2=C[C@@H]3C=C[C@@]2(C)C[C@]3(OC)C,0.0,0.0,0.0,0.0,-0.17,0.0,-0.27,,296.2140155,0.0,,,0.0,0.0,,146.0722459,21.5742147,0.0,76.07416785,315.610704,0.5,[Rh(C2H4)2Cl]2,22.51198396,19.43509996,0.0,0.0,Lam,134.6239983,OB(O)c1ccccc1,2.0,L3.47,1.0,2.2,MeOH/CH2Cl2,O=C1CCCC=C1,25,20.0,87.0,0,2,37,fam5,0,4
426,426,92.5,6.332368513,CC1=CC(C)=CC(C2=C[C@H]3C(C4=CC(C)=CC(C)=C4)=C[C@@H]2CC3)=C1,0.0,0.0,-0.09,0.0,0.0,-0.09,0.0,,314.2034508,0.0,,,0.0,111.4802755,,0.0,0.0,111.4802755,32.69197045,327.5425969,1.0,[Rh(C2H4)2Cl]2,22.51198396,0.0,28.08309257,0.0,Lam,134.6239983,OB(C1=CC=CC=C1)O,2.0,L3.161,1.5,3.3,dioxane/H2O,CC(/C=C/C(C)C)=O,30,1.0,88.0,0,1,21,fam3,1,4
427,427,80.5,3.514786977,FC[C@@]12CC[C@](CF)(C(C3=CC=CC=C3)=C2)C=C1C4=CC=CC=C4,0.0,0.15,-0.01,0.0,0.15,-0.01,0.0,,322.1533071,0.0,,,27.64177365,76.88830503,,0.0,27.64177365,76.88830503,32.69197045,305.0857444,1.0,[Rh(C2H4)2Cl]2,22.51198396,0.0,18.15163112,0.0,Lam,134.6239983,OB(C1=CC=CC=C1)O,2.0,L3.163,1.5,3.3,dioxane/H2O,CC(/C=C/CCCCC)=O,25,3.0,95.0,0,1,38,fam4,1,6
428,428,7.5,-6.227925688,FC(F)(F)C(C=C1)=CC=C1C2=C[C@@H]3C=C[C@@]2(C)C[C@]3(OC)C,0.0,0.0,0.0,0.0,-0.17,0.0,-0.27,,308.1387999,0.0,,,0.0,0.0,,112.3869671,21.5742147,0.0,76.07416785,281.9254252,0.5,[Rh(C2H4)2Cl]2,22.51198396,19.43509996,0.0,0.0,Lam,134.6239983,OB(O)c1ccccc1,2.0,L3.48,1.0,2.2,MeOH/CH2Cl2,O=C1CCCC=C1,25,20.0,91.0,0,2,39,fam5,0,8
429,429,4.5,-7.573368874,C[C@]1(C[C@]2(OC)C)C(C3=CC=C(OC)C=C3)=C[C@@H]2C=C1,0.0,0.0,0.0,-0.08,-0.17,0.0,-0.27,,270.1619799,0.0,,,0.0,0.0,,102.9745172,21.5742147,0.0,76.07416785,272.5129753,0.5,[Rh(C2H4)2Cl]2,22.51198396,19.43509996,0.0,0.0,Lam,134.6239983,OB(O)c1ccccc1,2.0,L3.50,1.0,2.2,MeOH/CH2Cl2,O=C1CCCC=C1,25,20.0,93.0,0,2,40,fam5,0,0
430,430,94.5,7.049817963,OC(CC(C)C)(C1=C[C@H]2C=C[C@@H]1CC2)CC(C)C,0.0,0.0,0.0,0.0,0.0,0.0,0.0,,248.2140155,0.0,,,0.0,168.7323234,,0.0,0.0,0.0,32.69197045,277.5925989,0.5,[Rh(C2H4)2Cl]2,22.51198396,21.5742147,0.0,0.0,Lam,134.6239983,OB(O)C1=CC=CC=C1,2.0,L3.19,0.25,0.55,MeOH,O=C1C=CCC1,25,1.0,96.0,0,1,9,fam3,1,8
431,431,5.5,-7.049817963,FC(F)(F)C(C=C1)=CC=C1C2=C[C@@H]3C=C[C@@]2(C)C[C@]3(OC)C,0.0,0.0,0.0,0.0,-0.17,0.0,-0.27,,308.1387999,0.0,,,0.0,0.0,,112.3869671,21.5742147,0.0,76.07416785,281.9254252,0.5,[Rh(C2H4)2Cl]2,22.51198396,19.43509996,0.0,0.0,Lam,134.6239983,OB(O)c1ccccc1,2.0,L3.51,1.0,2.2,MeOH/CH2Cl2,O=C1CCCC=C1,25,20.0,99.0,0,2,41,fam5,0,1
432,432,2.5,-9.081852728,CC(C=CC=C1C)=C1C2=C[C@@H]3C=C[C@@]2(C)C[C@]3(OC)C,0.0,0.0,0.0,0.0,-0.17,0.0,-0.27,,268.1827154,0.0,,,0.0,0.0,,111.4802755,21.5742147,0.0,76.07416785,281.0187336,0.5,[Rh(C2H4)2Cl]2,22.51198396,19.43509996,0.0,0.0,Lam,134.6239983,OB(O)c1ccccc1,2.0,L3.52,1.0,2.2,MeOH/CH2Cl2,O=C1CCCC=C1,25,20.0,86.0,0,2,16,fam5,0,4
433,433,92.5,6.750139815,OC(CC(C)C)(C1=C[C@H]2C=C[C@@H]1CC2)CC(C)C,0.0,0.0,0.0,0.0,0.0,0.0,0.0,,248.2140155,0.0,,,0.0,168.7323234,,0.0,0.0,0.0,32.69197045,277.5925989,0.5,[Rh(C2H4)2Cl]2,22.51198396,18.72206172,0.0,0.0,Lam,134.6239983,OB(C1=CC=CC=C1)O,2.0,L3.19,0.25,0.55,MeOH/H2O,O=C1C=CCCCC1,50,1.0,90.0,0,1,9,fam3,1,1
434,434,95.0,7.91120897,OC(CC(C)C)(C1=C[C@H]2C=C[C@@H]1CC2)CC(C)C,0.0,0.0,0.0,0.0,0.0,0.0,0.0,,248.2140155,0.0,,,0.0,168.7323234,,0.0,0.0,0.0,32.69197045,277.5925989,0.5,[Rh(C2H4)2Cl]2,22.51198396,0.0,18.15163112,0.0,Lam,134.6239983,OB(C1=CC=CC=C1)O,2.0,L3.19,0.25,0.55,MeOH/H2O,CC(/C=C/CCCCC)=O,50,1.0,91.0,0,1,9,fam3,1,4
435,435,95.0,7.91120897,CC1=C(CC2=C[C@H]3C(CC4=C(C=C(C=C4C)C)C)=C[C@@H]2C3)C(C)=CC(C)=C1,0.0,0.0,-0.09,0.0,0.0,-0.09,0.0,,356.250401,0.0,,,0.0,146.0722459,,0.0,0.0,146.0722459,20.25598522,383.2305526,1.0,[Rh(C2H4)2Cl]2,26.42553764,0.0,26.42553764,0.0,Lam,134.6239983,OB(C1=CC=CC=C1)O,3.0,L3.2,2.5,5.5,dioxane/H2O,O=C(/C=C/C(OC(C)(C)C)=O)OC(C)(C)C,50,3.0,90.0,0,1,42,fam1,1,7
436,436,95.5,8.208398966,CC1=C(CC2=C[C@H]3C(CC4=C(C=C(C=C4C)C)C)=C[C@@H]2C3)C(C)=CC(C)=C1,0.0,0.0,-0.09,0.0,0.0,-0.09,0.0,,356.250401,0.0,,,0.0,146.0722459,,0.0,0.0,146.0722459,20.25598522,383.2305526,1.0,[Rh(C2H4)2Cl]2,26.42553764,0.0,26.42553764,0.0,Lam,151.9199836,CC1=C(B(O)O)C=CC=C1,3.0,L3.2,2.5,5.5,dioxane/H2O,O=C(/C=C/C(OC(C)(C)C)=O)OC(C)(C)C,50,3.0,80.0,0,1,42,fam1,1,4
437,437,93.0,6.949996276,CC1=C(CC2=C[C@H]3C(CC4=C(C=C(C=C4C)C)C)=C[C@@H]2C3)C(C)=CC(C)=C1,0.0,0.0,-0.09,0.0,0.0,-0.09,0.0,,356.250401,0.0,,,0.0,146.0722459,,0.0,0.0,146.0722459,20.25598522,383.2305526,1.0,[Rh(C2H4)2Cl]2,26.42553764,0.0,26.42553764,0.0,Lam,160.7102105,COC1=CC=C(B(O)O)C=C1,3.0,L3.2,2.5,5.5,dioxane/H2O,O=C(/C=C/C(OC(C)(C)C)=O)OC(C)(C)C,50,3.0,78.0,0,1,42,fam1,1,2
438,438,95.0,7.91120897,CC1=C(CC2=C[C@H]3C(CC4=C(C=C(C=C4C)C)C)=C[C@@H]2C3)C(C)=CC(C)=C1,0.0,0.0,-0.09,0.0,0.0,-0.09,0.0,,356.250401,0.0,,,0.0,146.0722459,,0.0,0.0,146.0722459,20.25598522,383.2305526,1.0,[Rh(C2H4)2Cl]2,26.42553764,0.0,26.42553764,0.0,Lam,140.6915573,FC1=CC=C(B(O)O)C=C1,3.0,L3.2,2.5,5.5,dioxane/H2O,O=C(/C=C/C(OC(C)(C)C)=O)OC(C)(C)C,50,3.0,85.0,0,1,42,fam1,1,7
439,439,93.5,7.163518483,CC1=C(CC2=C[C@H]3C(CC4=C(C=C(C=C4C)C)C)=C[C@@H]2C3)C(C)=CC(C)=C1,0.0,0.0,-0.09,0.0,0.0,-0.09,0.0,,356.250401,0.0,,,0.0,146.0722459,,0.0,0.0,146.0722459,20.25598522,383.2305526,1.0,[Rh(C2H4)2Cl]2,26.42553764,0.0,26.42553764,0.0,Lam,175.2785624,OB(C1=CC2=C(C=CC=C2)C=C1)O,3.0,L3.2,2.5,5.5,dioxane/H2O,O=C(/C=C/C(OC(C)(C)C)=O)OC(C)(C)C,50,3.0,91.0,0,1,42,fam1,1,1
440,440,92.5,-6.750139815,CC1=C(CC2=C[C@H]3C(CC4=C(C=C(C=C4C)C)C)=C[C@@H]2C3)C(C)=CC(C)=C1,0.0,0.0,-0.09,0.0,0.0,-0.09,0.0,,356.250401,0.0,,,0.0,146.0722459,,0.0,0.0,146.0722459,20.25598522,383.2305526,1.0,[Rh(C2H4)2Cl]2,18.67357617,13.86399135,0.0,0.0,Lam,134.6239983,OB(C1=CC=CC=C1)O,3.0,L3.2,2.5,5.5,dioxane/H2O,O=C(N1C)C=CC1=O,50,3.0,88.0,0,1,42,fam1,1,1
441,441,93.5,-7.163518483,CC1=C(CC2=C[C@H]3C(CC4=C(C=C(C=C4C)C)C)=C[C@@H]2C3)C(C)=CC(C)=C1,0.0,0.0,-0.09,0.0,0.0,-0.09,0.0,,356.250401,0.0,,,0.0,146.0722459,,0.0,0.0,146.0722459,20.25598522,383.2305526,1.0,[Rh(C2H4)2Cl]2,21.69069928,13.86399135,0.0,0.0,Lam,134.6239983,OB(C1=CC=CC=C1)O,3.0,L3.2,2.5,5.5,dioxane/H2O,O=C(N1C2CCCCC2)C=CC1=O,50,3.0,85.0,0,1,42,fam1,1,8
442,442,96.0,-8.538892518,CC1=C(CC2=C[C@H]3C(CC4=C(C=C(C=C4C)C)C)=C[C@@H]2C3)C(C)=CC(C)=C1,0.0,0.0,-0.09,0.0,0.0,-0.09,0.0,,356.250401,0.0,,,0.0,146.0722459,,0.0,0.0,146.0722459,20.25598522,383.2305526,1.0,[Rh(C2H4)2Cl]2,21.69069928,13.86399135,0.0,0.0,Lam,151.9199836,CC1=CC=CC=C1B(O)O,3.0,L3.2,2.5,5.5,dioxane/H2O,O=C(N1C2CCCCC2)C=CC1=O,50,3.0,95.0,0,1,42,fam1,1,7
443,443,91.0,-6.216345298,CC1=C(CC2=C[C@H]3C(CC4=C(C=C(C=C4C)C)C)=C[C@@H]2C3)C(C)=CC(C)=C1,0.0,0.0,-0.09,0.0,0.0,-0.09,0.0,,356.250401,0.0,,,0.0,146.0722459,,0.0,0.0,146.0722459,20.25598522,383.2305526,1.0,[Rh(C2H4)2Cl]2,21.69069928,13.86399135,0.0,0.0,Lam,149.8350664,ClC1=CC(B(O)O)=CC=C1,3.0,L3.2,2.5,5.5,dioxane/H2O,O=C(N1C2CCCCC2)C=CC1=O,50,3.0,92.0,0,1,42,fam1,1,0
444,444,92.0,-6.562172934,CC1=C(CC2=C[C@H]3C(CC4=C(C=C(C=C4C)C)C)=C[C@@H]2C3)C(C)=CC(C)=C1,0.0,0.0,-0.09,0.0,0.0,-0.09,0.0,,356.250401,0.0,,,0.0,146.0722459,,0.0,0.0,146.0722459,20.25598522,383.2305526,1.0,[Rh(C2H4)2Cl]2,21.69069928,13.86399135,0.0,0.0,Lam,160.7102105,COC(C=C1)=CC=C1B(O)O,3.0,L3.2,2.5,5.5,dioxane/H2O,O=C(N1C2CCCCC2)C=CC1=O,50,3.0,77.0,0,1,42,fam1,1,4
445,445,92.5,-6.750139815,CC1=C(CC2=C[C@H]3C(CC4=C(C=C(C=C4C)C)C)=C[C@@H]2C3)C(C)=CC(C)=C1,0.0,0.0,-0.09,0.0,0.0,-0.09,0.0,,356.250401,0.0,,,0.0,146.0722459,,0.0,0.0,146.0722459,20.25598522,383.2305526,1.0,[Rh(C2H4)2Cl]2,21.69069928,13.86399135,0.0,0.0,Lam,140.6915573,FC(C=C1)=CC=C1B(O)O,3.0,L3.2,2.5,5.5,dioxane/H2O,O=C(N1C2CCCCC2)C=CC1=O,50,3.0,88.0,0,1,42,fam1,1,7
446,446,92.0,-6.562172934,CC1=C(CC2=C[C@H]3C(CC4=C(C=C(C=C4C)C)C)=C[C@@H]2C3)C(C)=CC(C)=C1,0.0,0.0,-0.09,0.0,0.0,-0.09,0.0,,356.250401,0.0,,,0.0,146.0722459,,0.0,0.0,146.0722459,20.25598522,383.2305526,1.0,[Rh(C2H4)2Cl]2,21.69069928,13.86399135,0.0,0.0,Lam,175.2785624,OB(C1=CC=C(C=CC=C2)C2=C1)O,3.0,L3.2,2.5,5.5,dioxane/H2O,O=C(N1C2CCCCC2)C=CC1=O,50,3.0,93.0,0,1,42,fam1,1,8
447,447,98.5,11.24328864,C1(C2=CC=CC=C2)=C[C@H]3C(C4=CC=CC=C4)=C[C@@H]1CC3,0.0,0.0,-0.01,0.0,0.0,-0.01,0.0,,258.1408506,0.0,,,0.0,76.88830503,,0.0,0.0,76.88830503,32.69197045,258.3586561,1.0,[Rh(C2H4)2Cl]2,22.51198396,0.0,29.3978241,0.0,Lam,134.6239983,OB(O)C1=CC=CC=C1,1.5,L3.20,1.5,3.3,dioxane,CC(/C=C/[Si](C)(C)C1=CC=CC=C1)=O,50,6.0,90.0,0,1,17,fam3,1,4
448,448,99.5,14.22221378,C1(C2=CC=CC=C2)=C[C@H]3C(C4=CC=CC=C4)=C[C@@H]1CC3,0.0,0.0,-0.01,0.0,0.0,-0.01,0.0,,258.1408506,0.0,,,0.0,76.88830503,,0.0,0.0,76.88830503,32.69197045,258.3586561,1.0,[Rh(C2H4)2Cl]2,22.51198396,21.5742147,0.0,0.0,Lam,134.6239983,OB(O)C1=CC=CC=C1,2.0,L3.20,1.5,3.3,dioxane,O=C1C=CCC1,50,1.0,97.0,0,1,17,fam3,1,5
449,449,98.0,10.45666216,C1(C2=CC=CC=C2)=C[C@H]3C(C4=CC=CC=C4)=C[C@@H]1CC3,0.0,0.0,-0.01,0.0,0.0,-0.01,0.0,,258.1408506,0.0,,,0.0,76.88830503,,0.0,0.0,76.88830503,32.69197045,258.3586561,1.0,[Rh(C2H4)2Cl]2,22.51198396,21.5742147,0.0,0.0,Lam,151.9199836,OB(O)C1=C(C)C=CC=C1,2.0,L3.20,1.5,3.3,dioxane,O=C1C=CCC1,50,1.0,99.0,0,1,17,fam3,1,5
450,450,5.0,-7.299170523,C[C@]1(C[C@]2(OC)C)C(C3=C(C=CC=C4)C4=CC=C3)=C[C@@H]2C=C1,0.0,0.0,0.0,0.14,-0.17,0.0,-0.27,,290.1670653,0.0,,,0.0,0.0,,117.5428691,21.5742147,0.0,76.07416785,287.0813272,0.5,[Rh(C2H4)2Cl]2,22.51198396,19.43509996,0.0,0.0,Lam,134.6239983,OB(O)c1ccccc1,2.0,L3.57,1.0,2.2,MeOH/CH2Cl2,O=C1CCCC=C1,25,20.0,99.0,0,2,43,fam5,0,9
451,451,4.5,-7.573368874,C[C@]1(C[C@]2(OC)C)C(C3=CC(C=CC=C4)=C4C=C3)=C[C@@H]2C=C1,0.0,0.0,0.0,0.13,-0.17,0.0,-0.27,,290.1670653,0.0,,,0.0,0.0,,117.5428691,21.5742147,0.0,76.07416785,287.0813272,0.5,[Rh(C2H4)2Cl]2,22.51198396,19.43509996,0.0,0.0,Lam,134.6239983,OB(O)c1ccccc1,2.0,L3.58,1.0,2.2,MeOH/CH2Cl2,O=C1CCCC=C1,25,20.0,93.0,0,2,44,fam5,0,2
452,452,30.5,-2.04167836,C[C@]1(C[C@]2(OC)C)C(CC3=CC=CC=C3)=C[C@@H]2C=C1,0.0,0.0,0.0,-0.09,-0.17,0.0,-0.27,,254.1670653,0.0,,,0.0,0.0,,94.18429025,21.5742147,0.0,76.07416785,263.7227483,0.5,[Rh(C2H4)2Cl]2,22.51198396,19.43509996,0.0,0.0,Lam,134.6239983,OB(O)c1ccccc1,2.0,L3.59,1.0,2.2,MeOH/CH2Cl2,O=C1CCCC=C1,25,20.0,91.0,0,2,45,fam5,0,1
453,453,99.0,11.20012525,C1(C2=CC=CC=C2)=C[C@H]3C(C4=CC=CC=C4)=C[C@@H]1CC3,0.0,0.0,-0.01,0.0,0.0,-0.01,0.0,,258.1408506,0.0,,,0.0,76.88830503,,0.0,0.0,76.88830503,32.69197045,258.3586561,1.0,[Rh(C2H4)2Cl]2,22.51198396,26.22872177,0.0,0.0,Lam,134.6239983,OB(C1=CC=CC=C1)O,1.5,L3.20,3.0,6.6,dioxane/H2O,O=C1C=CC2(OCCO2)CC1,20,20.0,82.0,0,1,17,fam3,1,5
454,454,98.0,9.485905962,C1(C2=CC=CC=C2)=C[C@H]3C(C4=CC=CC=C4)=C[C@@H]1CC3,0.0,0.0,-0.01,0.0,0.0,-0.01,0.0,,258.1408506,0.0,,,0.0,76.88830503,,0.0,0.0,76.88830503,32.69197045,258.3586561,1.0,[Rh(C2H4)2Cl]2,22.51198396,26.22872177,0.0,0.0,Lam,160.7102105,OB(C1=CC=C(OC)C=C1)O,1.5,L3.20,3.0,6.6,dioxane/H2O,O=C1C=CC2(OCCO2)CC1,20,20.0,80.0,0,1,17,fam3,1,8
455,455,98.5,10.19950508,C1(C2=CC=CC=C2)=C[C@H]3C(C4=CC=CC=C4)=C[C@@H]1CC3,0.0,0.0,-0.01,0.0,0.0,-0.01,0.0,,258.1408506,0.0,,,0.0,76.88830503,,0.0,0.0,76.88830503,32.69197045,258.3586561,1.0,[Rh(C2H4)2Cl]2,22.51198396,26.22872177,0.0,0.0,Lam,140.6915573,FC1=CC=C(B(O)O)C=C1,1.5,L3.20,3.0,6.6,dioxane/H2O,O=C1C=CC2(OCCO2)CC1,20,20.0,75.0,0,1,17,fam3,1,3
456,456,92.5,6.332368513,C1(C2=CC=CC=C2)=C[C@H]3C(C4=CC=CC=C4)=C[C@@H]1CC3,0.0,0.0,-0.01,0.0,0.0,-0.01,0.0,,258.1408506,0.0,,,0.0,76.88830503,,0.0,0.0,76.88830503,32.69197045,258.3586561,1.0,[Rh(C2H4)2Cl]2,22.51198396,0.0,28.08309257,0.0,Lam,134.6239983,OB(C1=CC=CC=C1)O,2.0,L3.20,1.5,3.3,dioxane/H2O,CC(/C=C/C(C)C)=O,30,1.0,95.0,0,1,17,fam3,1,6
457,457,96.0,8.538892518,C1(C2=CC=CC=C2)=C[C@H]3C(C4=CC=CC=C4)=C[C@@H]1CC3,0.0,0.0,-0.01,0.0,0.0,-0.01,0.0,,258.1408506,0.0,,,0.0,76.88830503,,0.0,0.0,76.88830503,32.69197045,258.3586561,1.0,[Rh(C2H4)2Cl]2,22.51198396,18.72206172,0.0,0.0,Lam,134.6239983,OB(C1=CC=CC=C1)O,2.0,L3.20,1.5,3.3,dioxane/H2O,O=C1C=CCCCC1,50,1.0,95.0,0,1,17,fam3,1,0
458,458,94.25,7.049324582,C1(C2=CC=CC=C2)=C[C@H]3C(C4=CC=CC=C4)=C[C@@H]1CC3,0.0,0.0,-0.01,0.0,0.0,-0.01,0.0,,258.1408506,0.0,,,0.0,76.88830503,,0.0,0.0,76.88830503,32.69197045,258.3586561,1.0,[Rh(C2H4)2Cl]2,22.51198396,0.0,18.15163112,0.0,Lam,134.6239983,OB(C1=CC=CC=C1)O,2.0,L3.20,1.5,3.3,dioxane/H2O,CC(/C=C/CCCCC)=O,30,1.0,90.0,0,1,17,fam3,1,6
459,459,99.0,11.58218649,C1(C2=CC=CC=C2)=C[C@H]3C(C4=CC=CC=C4)=C[C@@H]1CC3,0.0,0.0,-0.01,0.0,0.0,-0.01,0.0,,258.1408506,0.0,,,0.0,76.88830503,,0.0,0.0,76.88830503,32.69197045,258.3586561,1.0,[Rh(C2H4)2Cl]2,22.51198396,0.0,18.15163112,0.0,Lam,151.9199836,CC1=C(B(O)O)C=CC=C1,2.0,L3.20,1.5,3.3,dioxane/H2O,CC(/C=C/CCCCC)=O,30,1.0,90.0,0,1,17,fam3,1,0
460,460,98.0,9.809491361,C1(C2=CC=CC=C2)=C[C@H]3C(C4=CC=CC=C4)=C[C@@H]1CC3,0.0,0.0,-0.01,0.0,0.0,-0.01,0.0,,258.1408506,0.0,,,0.0,76.88830503,,0.0,0.0,76.88830503,32.69197045,258.3586561,1.0,[Rh(C2H4)2Cl]2,22.51198396,0.0,18.15163112,0.0,Lam,170.1226604,OB(C1=CC=C(C(F)(F)F)C=C1)O,2.0,L3.20,1.5,3.3,dioxane/H2O,CC(/C=C/CCCCC)=O,30,3.0,93.0,0,1,17,fam3,1,1
461,461,97.5,9.234156144,C1(C2=CC=CC=C2)=C[C@H]3C(C4=CC=CC=C4)=C[C@@H]1CC3,0.0,0.0,-0.01,0.0,0.0,-0.01,0.0,,258.1408506,0.0,,,0.0,76.88830503,,0.0,0.0,76.88830503,32.69197045,258.3586561,1.0,[Rh(C2H4)2Cl]2,22.51198396,0.0,18.15163112,0.0,Lam,160.7102105,OB(C1=CC=C(OC)C=C1)O,2.0,L3.20,1.5,3.3,dioxane/H2O,CC(/C=C/CCCCC)=O,30,1.0,93.0,0,1,17,fam3,1,5
462,462,99.0,11.20012525,C1(C2=CC=CC=C2)=C[C@H]3C(C4=CC=CC=C4)=C[C@@H]1CC3,0.0,0.0,-0.01,0.0,0.0,-0.01,0.0,,258.1408506,0.0,,,0.0,76.88830503,,0.0,0.0,76.88830503,32.69197045,258.3586561,1.0,[Rh(C2H4)2Cl]2,20.06761165,26.22872177,0.0,0.0,Lam,134.6239983,OB(C1=CC=CC=C1)O,1.5,L3.20,1.5,3.3,dioxane/H2O,O=C1C=CC2(OCCO2)C3=CC=CC=C31,20,20.0,98.0,0,1,17,fam3,1,5
463,463,99.5,13.34199012,C1(C2=CC=CC=C2)=C[C@H]3C(C4=CC=CC=C4)=C[C@@H]1CC3,0.0,0.0,-0.01,0.0,0.0,-0.01,0.0,,258.1408506,0.0,,,0.0,76.88830503,,0.0,0.0,76.88830503,32.69197045,258.3586561,1.0,[Rh(C2H4)2Cl]2,20.06761165,26.22872177,0.0,0.0,Lam,151.9199836,CC1=C(B(O)O)C=CC=C1,1.5,L3.20,1.5,3.3,dioxane/H2O,O=C1C=CC2(OCCO2)C3=CC=CC=C31,30,20.0,96.0,0,1,17,fam3,1,3
464,464,99.5,12.90187829,C1(C2=CC=CC=C2)=C[C@H]3C(C4=CC=CC=C4)=C[C@@H]1CC3,0.0,0.0,-0.01,0.0,0.0,-0.01,0.0,,258.1408506,0.0,,,0.0,76.88830503,,0.0,0.0,76.88830503,32.69197045,258.3586561,1.0,[Rh(C2H4)2Cl]2,20.06761165,26.22872177,0.0,0.0,Lam,149.8350664,ClC1=CC=CC(B(O)O)=C1,1.5,L3.20,3.0,6.6,dioxane/H2O,O=C1C=CC2(OCCO2)C3=CC=CC=C31,20,20.0,95.0,0,1,17,fam3,1,7
465,465,99.5,12.90187829,C1(C2=CC=CC=C2)=C[C@H]3C(C4=CC=CC=C4)=C[C@@H]1CC3,0.0,0.0,-0.01,0.0,0.0,-0.01,0.0,,258.1408506,0.0,,,0.0,76.88830503,,0.0,0.0,76.88830503,32.69197045,258.3586561,1.0,[Rh(C2H4)2Cl]2,20.06761165,26.22872177,0.0,0.0,Lam,160.7102105,OB(C1=CC=C(OC)C=C1)O,1.5,L3.20,1.5,3.3,dioxane/H2O,O=C1C=CC2(OCCO2)C3=CC=CC=C31,20,20.0,94.0,0,1,17,fam3,1,0
466,466,99.0,11.58218649,C1(C2=CC=CC=C2)=C[C@H]3C(C4=CC=CC=C4)=C[C@@H]1CC3,0.0,0.0,-0.01,0.0,0.0,-0.01,0.0,,258.1408506,0.0,,,0.0,76.88830503,,0.0,0.0,76.88830503,32.69197045,258.3586561,1.0,[Rh(C2H4)2Cl]2,20.06761165,26.22872177,0.0,0.0,Lam,140.6915573,FC1=CC=C(B(O)O)C=C1,1.5,L3.20,3.0,6.6,dioxane/H2O,O=C1C=CC2(OCCO2)C3=CC=CC=C31,30,20.0,93.0,0,1,17,fam3,1,0
467,467,98.0,9.809491361,C1(C2=CC=CC=C2)=C[C@H]3C(C4=CC=CC=C4)=C[C@@H]1CC3,0.0,0.0,-0.01,0.0,0.0,-0.01,0.0,,258.1408506,0.0,,,0.0,76.88830503,,0.0,0.0,76.88830503,32.69197045,258.3586561,1.0,[Rh(C2H4)2Cl]2,20.06761165,26.22872177,0.0,0.0,Lam,157.1439785,OB(C1=CC=C2C(OCO2)=C1)O,1.5,L3.20,3.0,6.6,dioxane/H2O,O=C1C=CC2(OCCO2)C3=CC=CC=C31,30,20.0,95.0,0,1,17,fam3,1,7
468,468,98.75,11.01337104,C1(C2=CC=CC=C2)=C[C@H]3C(C4=CC=CC=C4)=C[C@@H]1CC3,0.0,0.0,-0.01,0.0,0.0,-0.01,0.0,,258.1408506,0.0,,,0.0,76.88830503,,0.0,0.0,76.88830503,32.69197045,258.3586561,1.0,[Rh(C2H4)2Cl]2,20.06761165,26.22872177,0.0,0.0,Lam,186.7964227,OB(C1=CC(OC)=C(OC)C=C1)O,1.5,L3.20,3.0,6.6,dioxane/H2O,O=C1C=CC2(OCCO2)C3=CC=CC=C31,30,20.0,94.0,0,1,17,fam3,1,4
469,469,99.0,11.20012525,C1(C2=CC=CC=C2)=C[C@H]3C(C4=CC=CC=C4)=C[C@@H]1CC3,0.0,0.0,-0.01,0.0,0.0,-0.01,0.0,,258.1408506,0.0,,,0.0,76.88830503,,0.0,0.0,76.88830503,32.69197045,258.3586561,1.0,[Rh(C2H4)2Cl]2,20.06761165,26.22872177,0.0,0.0,Lam,175.2785624,OB(C1=CC2=C(C=CC=C2)C=C1)O,1.5,L3.20,3.0,6.6,dioxane/H2O,O=C1C=CC2(OCCO2)C3=CC=CC=C31,20,20.0,97.0,0,1,17,fam3,1,4
470,470,99.0,11.20012525,C1(C2=CC=CC=C2)=C[C@H]3C(C4=CC=CC=C4)=C[C@@H]1CC3,0.0,0.0,-0.01,0.0,0.0,-0.01,0.0,,258.1408506,0.0,,,0.0,76.88830503,,0.0,0.0,76.88830503,32.69197045,258.3586561,1.0,[Rh(C2H4)2Cl]2,17.55114835,26.22872177,0.0,0.0,Lam,186.7964227,OB(C1=CC(OC)=C(OC)C=C1)O,1.5,L3.20,5.0,11.0,dioxane/H2O,O=C1C=CC2(OCCO2)C3=CC4=C(OCO4)C=C31,20,20.0,95.0,0,1,17,fam3,1,9
471,471,99.0,11.58218649,C1(C2=CC=CC=C2)=C[C@H]3C(C4=CC=CC=C4)=C[C@@H]1CC3,0.0,0.0,-0.01,0.0,0.0,-0.01,0.0,,258.1408506,0.0,,,0.0,76.88830503,,0.0,0.0,76.88830503,32.69197045,258.3586561,1.0,[Rh(C2H4)2Cl]2,20.06761165,26.22872177,0.0,0.0,Lam,121.1775113,OB(O)C1=CSC=C1,1.5,L3.20,3.0,6.6,dioxane/H2O,O=C1C=CC2(OCCO2)C3=CC=CC=C31,30,20.0,87.0,0,1,17,fam3,1,7
472,472,97.5,9.234156144,C1(C2=CC=CC=C2)=C[C@H]3C(C4=CC=CC=C4)=C[C@@H]1CC3,0.0,0.0,-0.01,0.0,0.0,-0.01,0.0,,258.1408506,0.0,,,0.0,76.88830503,,0.0,0.0,76.88830503,32.69197045,258.3586561,1.0,[Rh(C2H4)2Cl]2,18.25910483,38.87019992,0.0,0.0,Lam,134.6239983,OB(C1=CC=CC=C1)O,2.0,L3.20,1.5,3.3,dioxane/H2O,O=C1C=CCCO1,30,3.0,75.0,0,1,17,fam3,1,9
473,473,78.5,3.156538763,C1(C2=CC=CC=C2)=C[C@H]3C(C4=CC=CC=C4)=C[C@@H]1CC3,0.0,0.0,-0.01,0.0,0.0,-0.01,0.0,,258.1408506,0.0,,,0.0,76.88830503,,0.0,0.0,76.88830503,32.69197045,258.3586561,1.0,[Rh(C2H4)2Cl]2,17.93806496,0.0,17.16241953,0.0,Lam,134.6239983,OB(C1=CC=CC=C1)O,1.5,L3.20,1.5,3.3,dioxane,O=C(/C=C/C1=CC=C(OC)C=C1)OC,20,1.0,99.0,0,1,17,fam3,1,9
474,474,98.5,10.19950508,C1(C2=CC=CC=C2)=C[C@H]3C(C4=CC=CC=C4)=C[C@@H]1CC3,0.0,0.0,-0.01,0.0,0.0,-0.01,0.0,,258.1408506,0.0,,,0.0,76.88830503,,0.0,0.0,76.88830503,32.69197045,258.3586561,1.0,[Rh(C2H4)2Cl]2,17.93806496,0.0,19.22207626,13.6490287,Lam,151.9199836,CC1=CC=C(B(O)O)C=C1,1.5,L3.20,1.5,3.3,dioxane,O=C(/C(C#N)=C/C1=CC=CC=C1)OC,20,1.0,95.0,0,1,17,fam3,1,9
475,475,98.0,9.485905962,C1(C2=CC=CC=C2)=C[C@H]3C(C4=CC=CC=C4)=C[C@@H]1CC3,0.0,0.0,-0.01,0.0,0.0,-0.01,0.0,,258.1408506,0.0,,,0.0,76.88830503,,0.0,0.0,76.88830503,32.69197045,258.3586561,1.0,[Rh(C2H4)2Cl]2,17.93806496,0.0,19.22207626,13.6490287,Lam,153.9076176,BrC1=CC=C(B(O)O)C=C1,1.5,L3.20,1.5,3.3,dioxane,O=C(/C(C#N)=C/C1=CC=CC=C1)OC,20,1.0,96.0,0,1,17,fam3,1,6
476,476,99.5,12.90187829,C1(C2=CC=CC=C2)=C[C@H]3C(C4=CC=CC=C4)=C[C@@H]1CC3,0.0,0.0,-0.01,0.0,0.0,-0.01,0.0,,258.1408506,0.0,,,0.0,76.88830503,,0.0,0.0,76.88830503,32.69197045,258.3586561,1.0,[Rh(C2H4)2Cl]2,17.93806496,0.0,25.7436293,13.6490287,Lam,134.6239983,OB(C1=CC=CC=C1)O,1.5,L3.20,1.5,3.3,dioxane,O=C(/C(C#N)=C/C1=CC=CC=C1OC)OC,20,1.0,94.0,0,1,17,fam3,1,0
477,477,99.0,11.20012525,C1(C2=CC=CC=C2)=C[C@H]3C(C4=CC=CC=C4)=C[C@@H]1CC3,0.0,0.0,-0.01,0.0,0.0,-0.01,0.0,,258.1408506,0.0,,,0.0,76.88830503,,0.0,0.0,76.88830503,32.69197045,258.3586561,1.0,[Rh(C2H4)2Cl]2,17.93806496,0.0,20.59490344,13.6490287,Lam,134.6239983,OB(C1=CC=CC=C1)O,1.5,L3.20,1.5,3.3,dioxane,O=C(/C(C#N)=C/C1=CC=CC(OC)=C1)OC,20,1.0,99.0,0,1,17,fam3,1,5
478,478,93.75,6.600589848,C1(C2=CC=CC=C2)=C[C@H]3C(C4=CC=CC=C4)=C[C@@H]1CC3,0.0,0.0,-0.01,0.0,0.0,-0.01,0.0,,258.1408506,0.0,,,0.0,76.88830503,,0.0,0.0,76.88830503,32.69197045,258.3586561,1.0,[Rh(C2H4)2Cl]2,17.93806496,0.0,17.16241953,13.6490287,Lam,134.6239983,OB(C1=CC=CC=C1)O,1.5,L3.20,1.5,3.3,dioxane,O=C(/C(C#N)=C/C1=CC=C(OC)C=C1)OC,20,1.0,33.0,0,1,17,fam3,1,1
479,479,98.25,9.81758473,C1(C2=CC=CC=C2)=C[C@H]3C(C4=CC=CC=C4)=C[C@@H]1CC3,0.0,0.0,-0.01,0.0,0.0,-0.01,0.0,,258.1408506,0.0,,,0.0,76.88830503,,0.0,0.0,76.88830503,32.69197045,258.3586561,1.0,[Rh(C2H4)2Cl]2,17.93806496,0.0,17.16241953,13.6490287,Lam,151.9199836,CC1=C(B(O)O)C=CC=C1,1.5,L3.20,1.5,3.3,dioxane,O=C(/C(C#N)=C/C1=CC=C(OC)C=C1)OC,20,1.0,95.0,0,1,17,fam3,1,9
480,480,99.0,11.20012525,C1(C2=CC=CC=C2)=C[C@H]3C(C4=CC=CC=C4)=C[C@@H]1CC3,0.0,0.0,-0.01,0.0,0.0,-0.01,0.0,,258.1408506,0.0,,,0.0,76.88830503,,0.0,0.0,76.88830503,32.69197045,258.3586561,1.0,[Rh(C2H4)2Cl]2,17.93806496,0.0,17.16241953,13.6490287,Lam,153.9076176,BrC1=CC=C(B(O)O)C=C1,1.5,L3.20,1.5,3.3,dioxane,O=C(/C(C#N)=C/C1=CC=C(OC)C=C1)OC,20,1.0,92.0,0,1,17,fam3,1,4
481,481,98.0,9.485905962,C1(C2=CC=CC=C2)=C[C@H]3C(C4=CC=CC=C4)=C[C@@H]1CC3,0.0,0.0,-0.01,0.0,0.0,-0.01,0.0,,258.1408506,0.0,,,0.0,76.88830503,,0.0,0.0,76.88830503,32.69197045,258.3586561,1.0,[Rh(C2H4)2Cl]2,17.93806496,0.0,18.41987461,13.6490287,Lam,153.9076176,BrC1=CC=C(B(O)O)C=C1,1.5,L3.20,1.5,3.3,dioxane,O=C(/C(C#N)=C/C1=CC=C(Cl)C=C1)OC,20,1.0,90.0,0,1,17,fam3,1,4
482,482,99.0,12.34630897,C1(C2=CC=CC=C2)=C[C@H]3C(C4=CC=CC=C4)=C[C@@H]1CC3,0.0,0.0,-0.01,0.0,0.0,-0.01,0.0,,258.1408506,0.0,,,0.0,76.88830503,,0.0,0.0,76.88830503,32.69197045,258.3586561,1.0,[Rh(C2H4)2Cl]2,18.25910483,23.54607256,0.0,0.0,Lam,134.6239983,OB(C1=CC=CC=C1)O,2.0,L3.20,1.5,3.3,dioxane/H2O,O=C(O1)C=CC2=C1C=CC(C)=C2,50,6.0,32.0,0,1,17,fam3,1,3
483,483,98.0,9.485905962,C1(C2=CC=CC=C2)=C[C@H]3C(C4=CC=CC=C4)=C[C@@H]1CC3,0.0,0.0,-0.01,0.0,0.0,-0.01,0.0,,258.1408506,0.0,,,0.0,76.88830503,,0.0,0.0,76.88830503,32.69197045,258.3586561,1.0,[Rh(C2H4)2Cl]2,17.93806496,0.0,23.54607256,13.6490287,Lam,134.6239983,OB(C1=CC=CC=C1)O,1.5,L3.20,1.5,3.3,dioxane,O=C(/C(C#N)=C/C1=CC=CC=C1C)OC,20,1.0,92.0,0,1,17,fam3,1,0
484,484,99.0,11.58218649,C1(C2=CC=CC=C2)=C[C@H]3C(C4=CC=CC=C4)=C[C@@H]1CC3,0.0,0.0,-0.01,0.0,0.0,-0.01,0.0,,258.1408506,0.0,,,0.0,76.88830503,,0.0,0.0,76.88830503,32.69197045,258.3586561,1.0,[Rh(C2H4)2Cl]2,17.93806496,0.0,24.39278577,0.0,Lam,134.6239983,OB(C1=CC=CC=C1)O,1.5,L3.20,1.5,3.3,dioxane,O=C(/C(C#N)=C/C1=CC(C)=CC=C1OCOC)OC,30,2.0,96.0,0,1,17,fam3,1,2
485,485,99.0,11.58218649,C1(C2=CC=CC=C2)=C[C@H]3C(C4=CC=CC=C4)=C[C@@H]1CC3,0.0,0.0,-0.01,0.0,0.0,-0.01,0.0,,258.1408506,0.0,,,0.0,76.88830503,,0.0,0.0,76.88830503,32.69197045,258.3586561,1.0,[Rh(C2H4)2Cl]2,17.93806496,0.0,24.11007225,13.6490287,Lam,134.6239983,OB(C1=CC=CC=C1)O,1.5,L3.20,1.5,3.3,dioxane,O=C(/C(C#N)=C/C1=CC(C)=CC=C1OCC2=CC=CC=C2)OC,30,2.0,97.0,0,1,17,fam3,1,8
486,486,99.0,11.20012525,C1(C2=CC=CC=C2)=C[C@H]3C(C4=CC=CC=C4)=C[C@@H]1CC3,0.0,0.0,-0.01,0.0,0.0,-0.01,0.0,,258.1408506,0.0,,,0.0,76.88830503,,0.0,0.0,76.88830503,32.69197045,258.3586561,1.0,[Rh(C2H4)2Cl]2,17.93806496,0.0,19.59047818,13.6490287,Lam,134.6239983,OB(C1=CC=CC=C1)O,1.5,L3.20,1.5,3.3,dioxane,O=C(/C(C#N)=C/C1=CC=C(C=CC=C2)C2=C1)OC,20,1.0,91.0,0,1,17,fam3,1,5
487,487,85.0,4.660579325,C1(C2=CC=CC=C2)=C[C@H]3C(C4=CC=CC=C4)=C[C@@H]1CC3,0.0,0.0,-0.01,0.0,0.0,-0.01,0.0,,258.1408506,0.0,,,0.0,76.88830503,,0.0,0.0,76.88830503,32.69197045,258.3586561,1.0,[Rh(C2H4)2Cl]2,20.52673517,0.0,21.5742147,0.0,Lam,134.6239983,OB(C1=CC=CC=C1)O,2.0,L3.20,1.5,3.3,dioxane/H2O,O=C(/C=C/C)N(C)OC,50,20.0,75.0,0,1,17,fam3,1,8
488,488,99.5,14.6623256,C1(C2=CC=CC=C2)=C[C@H]3C(C4=CC=CC=C4)=C[C@@H]1CC3,0.0,0.0,-0.01,0.0,0.0,-0.01,0.0,,258.1408506,0.0,,,0.0,76.88830503,,0.0,0.0,76.88830503,32.69197045,258.3586561,1.0,[Rh(C2H4)2Cl]2,30.08645996,13.86399135,0.0,0.0,Lam,134.6239983,OB(C1=CC=CC=C1)O,3.0,L3.20,2.5,5.5,dioxane/H2O,O=C1C=CC(N1c2c(C(C)(C)C)cccc2)=O,60,5.0,99.0,0,1,17,fam3,1,5
489,489,99.0,12.72837021,C1(C2=CC=CC=C2)=C[C@H]3C(C4=CC=CC=C4)=C[C@@H]1CC3,0.0,0.0,-0.01,0.0,0.0,-0.01,0.0,,258.1408506,0.0,,,0.0,76.88830503,,0.0,0.0,76.88830503,32.69197045,258.3586561,1.0,[Rh(C2H4)2Cl]2,30.08645996,13.86399135,0.0,0.0,Lam,151.9199836,CC1=CC=CC=C1B(O)O,3.0,L3.20,2.5,5.5,dioxane/H2O,O=C1C=CC(N1c2c(C(C)(C)C)cccc2)=O,60,5.0,97.0,0,1,17,fam3,1,7
490,490,98.0,10.78024756,C1(C2=CC=CC=C2)=C[C@H]3C(C4=CC=CC=C4)=C[C@@H]1CC3,0.0,0.0,-0.01,0.0,0.0,-0.01,0.0,,258.1408506,0.0,,,0.0,76.88830503,,0.0,0.0,76.88830503,32.69197045,258.3586561,1.0,[Rh(C2H4)2Cl]2,30.08645996,13.86399135,0.0,0.0,Lam,149.8350664,ClC1=CC(B(O)O)=CC=C1,3.0,L3.20,2.5,5.5,dioxane/H2O,O=C1C=CC(N1c2c(C(C)(C)C)cccc2)=O,60,5.0,88.0,0,1,17,fam3,1,7
491,491,98.5,11.5912165,C1(C2=CC=CC=C2)=C[C@H]3C(C4=CC=CC=C4)=C[C@@H]1CC3,0.0,0.0,-0.01,0.0,0.0,-0.01,0.0,,258.1408506,0.0,,,0.0,76.88830503,,0.0,0.0,76.88830503,32.69197045,258.3586561,1.0,[Rh(C2H4)2Cl]2,30.08645996,13.86399135,0.0,0.0,Lam,160.7102105,COC(C=C1)=CC=C1B(O)O,3.0,L3.20,2.5,5.5,dioxane/H2O,O=C1C=CC(N1c2c(C(C)(C)C)cccc2)=O,60,5.0,95.0,0,1,17,fam3,1,9
492,492,99.5,14.6623256,C1(C2=CC=CC=C2)=C[C@H]3C(C4=CC=CC=C4)=C[C@@H]1CC3,0.0,0.0,-0.01,0.0,0.0,-0.01,0.0,,258.1408506,0.0,,,0.0,76.88830503,,0.0,0.0,76.88830503,32.69197045,258.3586561,1.0,[Rh(C2H4)2Cl]2,30.08645996,13.86399135,0.0,0.0,Lam,140.6915573,FC(C=C1)=CC=C1B(O)O,3.0,L3.20,2.5,5.5,dioxane/H2O,O=C1C=CC(N1c2c(C(C)(C)C)cccc2)=O,60,5.0,92.0,0,1,17,fam3,1,3
493,493,99.0,12.72837021,C1(C2=CC=CC=C2)=C[C@H]3C(C4=CC=CC=C4)=C[C@@H]1CC3,0.0,0.0,-0.01,0.0,0.0,-0.01,0.0,,258.1408506,0.0,,,0.0,76.88830503,,0.0,0.0,76.88830503,32.69197045,258.3586561,1.0,[Rh(C2H4)2Cl]2,30.08645996,13.86399135,0.0,0.0,Lam,153.9076176,BrC(C=C1)=CC=C1B(O)O,3.0,L3.20,2.5,5.5,dioxane/H2O,O=C1C=CC(N1c2c(C(C)(C)C)cccc2)=O,60,5.0,88.0,0,1,17,fam3,1,6
494,494,98.5,11.5912165,C1(C2=CC=CC=C2)=C[C@H]3C(C4=CC=CC=C4)=C[C@@H]1CC3,0.0,0.0,-0.01,0.0,0.0,-0.01,0.0,,258.1408506,0.0,,,0.0,76.88830503,,0.0,0.0,76.88830503,32.69197045,258.3586561,1.0,[Rh(C2H4)2Cl]2,30.08645996,13.86399135,0.0,0.0,Lam,175.2785624,OB(C1=CC=C(C=CC=C2)C2=C1)O,3.0,L3.20,2.5,5.5,dioxane/H2O,O=C1C=CC(N1c2c(C(C)(C)C)cccc2)=O,60,5.0,93.0,0,1,17,fam3,1,9
495,495,99.5,14.6623256,C1(C2=CC=CC=C2)=C[C@H]3C(C4=CC=CC=C4)=C[C@@H]1CC3,0.0,0.0,-0.01,0.0,0.0,-0.01,0.0,,258.1408506,0.0,,,0.0,76.88830503,,0.0,0.0,76.88830503,32.69197045,258.3586561,1.0,[Rh(C2H4)2Cl]2,25.82562149,13.86399135,0.0,0.0,Lam,134.6239983,OB(C1=CC=CC=C1)O,3.0,L3.20,2.5,5.5,dioxane/H2O,O=C1C=CC(N1c2c(C(COC)(C)C)cccc2)=O,60,5.0,96.0,0,1,17,fam3,1,0
496,496,99.5,14.6623256,C1(C2=CC=CC=C2)=C[C@H]3C(C4=CC=CC=C4)=C[C@@H]1CC3,0.0,0.0,-0.01,0.0,0.0,-0.01,0.0,,258.1408506,0.0,,,0.0,76.88830503,,0.0,0.0,76.88830503,32.69197045,258.3586561,1.0,[Rh(C2H4)2Cl]2,28.54319701,13.86399135,0.0,0.0,Lam,134.6239983,OB(C1=CC=CC=C1)O,3.0,L3.20,2.5,5.5,dioxane/H2O,O=C1C=CC(N1c2c(C(C)(C)C)cc(Br)cc2)=O,60,5.0,81.0,0,1,17,fam3,1,3
497,497,84.5,4.556627068,C1(C2=CC=CC=C2)=C[C@H]3C(C4=CC=CC=C4)=C[C@@H]1CC3,0.0,0.0,-0.01,0.0,0.0,-0.01,0.0,,258.1408506,0.0,,,0.0,76.88830503,,0.0,0.0,76.88830503,32.69197045,258.3586561,1.0,[Rh(C2H4)2Cl]2,18.37582915,13.86399135,0.0,0.0,Lam,134.6239983,OB(C1=CC=CC=C1)O,3.0,L3.20,2.5,5.5,dioxane/H2O,O=C(N1CC2=CC=CC=C2)C=CC1=O,50,3.0,88.0,0,1,17,fam3,1,8
498,498,76.0,2.809536052,C1(C2=CC=CC=C2)=C[C@H]3C(C4=CC=CC=C4)=C[C@@H]1CC3,0.0,0.0,-0.01,0.0,0.0,-0.01,0.0,,258.1408506,0.0,,,0.0,76.88830503,,0.0,0.0,76.88830503,32.69197045,258.3586561,1.0,[Rh(C2H4)2Cl]2,13.6490287,0.0,17.16241953,0.0,Lam,134.6239983,OB(C1=CC=CC=C1)O,1.5,L3.20,1.5,3.3,dioxane,COC1=CC=C(/C=C/C#N)C=C1,20,1.0,74.0,0,1,17,fam3,1,3
499,499,96.0,7.878294304,O=C(C1=CC=C(C2=C[C@H]3C(C4=CC=C(C=C4)C(OC)=O)=C[C@@H]2CC3)C=C1)OC,0.0,0.0,0.04,0.0,0.0,0.0,0.0,,374.1518092,0.0,,,0.0,126.4242704,,0.0,0.0,126.4242704,32.69197045,357.4305869,1.0,[Rh(C2H4)2Cl]2,22.51198396,0.0,18.15163112,0.0,Lam,134.6239983,OB(C1=CC=CC=C1)O,2.0,L3.21,1.5,3.3,dioxane/H2O,CC(/C=C/CCCCC)=O,25,3.0,99.0,0,1,46,fam3,1,9
500,500,91.5,5.890704668,COC1=C(C(OC)=CC(C2=C[C@H]3C(C4=CC(OC)=C(C(OC)=C4)OC)=C[C@@H]2CC3)=C1)OC,0.0,0.0,0.0,0.0,0.0,0.0,0.0,,438.2042387,0.0,,,0.0,155.1469416,,0.0,0.0,155.1469416,32.69197045,414.8759291,1.0,[Rh(C2H4)2Cl]2,22.51198396,0.0,18.15163112,0.0,Lam,134.6239983,OB(C1=CC=CC=C1)O,2.0,L3.22,1.5,3.3,dioxane/H2O,CC(/C=C/CCCCC)=O,25,3.0,98.0,0,1,47,fam3,1,0
501,501,99.5,14.22221378,C1(CC2=CC=CC=C2)=C[C@H]3C(CC4=CC=CC=C4)=C[C@@H]1CC3,0.0,0.0,-0.09,0.0,0.0,-0.09,0.0,,286.1721507,0.0,,,0.0,94.18429025,,0.0,0.0,94.18429025,32.69197045,292.9506265,1.0,[Rh(C2H4)2Cl]2,22.51198396,0.0,47.85432862,0.0,Lam,134.6239983,OB(O)C1=CC=CC=C1,1.5,L3.23,1.5,3.3,dioxane,CC(/C=C/[Si](C)(C(C)(C)C)C)=O,50,6.0,95.0,0,1,48,fam3,1,9
502,502,99.5,14.22221378,C1(CC2=CC=CC=C2)=C[C@H]3C(CC4=CC=CC=C4)=C[C@@H]1CC3,0.0,0.0,-0.09,0.0,0.0,-0.09,0.0,,286.1721507,0.0,,,0.0,94.18429025,,0.0,0.0,94.18429025,32.69197045,292.9506265,1.0,[Rh(C2H4)2Cl]2,22.51198396,0.0,29.3978241,0.0,Lam,134.6239983,OB(O)C1=CC=CC=C1,1.5,L3.23,1.5,3.3,dioxane,CC(/C=C/[Si](C)(C)C1=CC=CC=C1)=O,50,6.0,94.0,0,1,48,fam3,1,8
503,503,96.5,8.911626353,C1(CC2=CC=CC=C2)=C[C@H]3C(CC4=CC=CC=C4)=C[C@@H]1CC3,0.0,0.0,-0.09,0.0,0.0,-0.09,0.0,,286.1721507,0.0,,,0.0,94.18429025,,0.0,0.0,94.18429025,32.69197045,292.9506265,1.0,[Rh(C2H4)2Cl]2,22.51198396,0.0,29.3978241,0.0,Lam,151.9199836,OB(O)C1=C(C)C=CC=C1,1.5,L3.23,1.5,3.3,dioxane,CC(/C=C/[Si](C)(C)C1=CC=CC=C1)=O,50,6.0,90.0,0,1,48,fam3,1,8
504,504,97.5,9.843369811,C1(CC2=CC=CC=C2)=C[C@H]3C(CC4=CC=CC=C4)=C[C@@H]1CC3,0.0,0.0,-0.09,0.0,0.0,-0.09,0.0,,286.1721507,0.0,,,0.0,94.18429025,,0.0,0.0,94.18429025,32.69197045,292.9506265,1.0,[Rh(C2H4)2Cl]2,22.51198396,0.0,29.3978241,0.0,Lam,149.8350664,ClC1=CC(B(O)O)=CC=C1,1.5,L3.23,1.5,3.3,dioxane,CC(/C=C/[Si](C)(C)C1=CC=CC=C1)=O,50,6.0,92.0,0,1,48,fam3,1,6
505,505,97.5,9.843369811,C1(CC2=CC=CC=C2)=C[C@H]3C(CC4=CC=CC=C4)=C[C@@H]1CC3,0.0,0.0,-0.09,0.0,0.0,-0.09,0.0,,286.1721507,0.0,,,0.0,94.18429025,,0.0,0.0,94.18429025,32.69197045,292.9506265,1.0,[Rh(C2H4)2Cl]2,22.51198396,0.0,29.3978241,0.0,Lam,170.1226604,FC(C1=CC=C(B(O)O)C=C1)(F)F,1.5,L3.23,1.5,3.3,dioxane,CC(/C=C/[Si](C)(C)C1=CC=CC=C1)=O,50,6.0,94.0,0,1,48,fam3,1,5
506,506,98.0,10.45666216,C1(CC2=CC=CC=C2)=C[C@H]3C(CC4=CC=CC=C4)=C[C@@H]1CC3,0.0,0.0,-0.09,0.0,0.0,-0.09,0.0,,286.1721507,0.0,,,0.0,94.18429025,,0.0,0.0,94.18429025,32.69197045,292.9506265,1.0,[Rh(C2H4)2Cl]2,22.51198396,0.0,29.3978241,0.0,Lam,160.7102105,COC1=CC=C(B(O)O)C=C1,1.5,L3.23,1.5,3.3,dioxane,CC(/C=C/[Si](C)(C)C1=CC=CC=C1)=O,50,6.0,95.0,0,1,48,fam3,1,6
507,507,96.5,8.911626353,C1(CC2=CC=CC=C2)=C[C@H]3C(CC4=CC=CC=C4)=C[C@@H]1CC3,0.0,0.0,-0.09,0.0,0.0,-0.09,0.0,,286.1721507,0.0,,,0.0,94.18429025,,0.0,0.0,94.18429025,32.69197045,292.9506265,1.0,[Rh(C2H4)2Cl]2,22.51198396,0.0,29.3978241,0.0,Lam,175.2785624,OB(C1=CC=C2C=CC=CC2=C1)O,1.5,L3.23,1.5,3.3,dioxane,CC(/C=C/[Si](C)(C)C1=CC=CC=C1)=O,50,6.0,96.0,0,1,48,fam3,1,7
508,508,98.5,11.24328864,C1(CC2=CC=CC=C2)=C[C@H]3C(CC4=CC=CC=C4)=C[C@@H]1CC3,0.0,0.0,-0.09,0.0,0.0,-0.09,0.0,,286.1721507,0.0,,,0.0,94.18429025,,0.0,0.0,94.18429025,32.69197045,292.9506265,1.0,[Rh(C2H4)2Cl]2,22.51198396,0.0,51.52346023,0.0,Lam,134.6239983,OB(O)C1=CC=CC=C1,1.5,L3.23,2.5,5.5,dioxane,CC(/C=C/[Si](C1=CC=CC=C1)(C2=CC=CC=C2)C3=CC=CC=C3)=O,50,12.0,91.0,0,1,48,fam3,1,0
509,509,99.0,12.34630897,C1(CC2=CC=CC=C2)=C[C@H]3C(CC4=CC=CC=C4)=C[C@@H]1CC3,0.0,0.0,-0.09,0.0,0.0,-0.09,0.0,,286.1721507,0.0,,,0.0,94.18429025,,0.0,0.0,94.18429025,32.69197045,292.9506265,1.0,[Rh(C2H4)2Cl]2,20.77331772,0.0,29.3978241,0.0,Lam,134.6239983,OB(O)C1=CC=CC=C1,1.5,L3.23,1.5,3.3,dioxane,CCC(/C=C/[Si](C)(C)C1=CC=CC=C1)=O,50,6.0,89.0,0,1,48,fam3,1,3
510,510,93.0,6.949996276,C1(CC2=CC=CC=C2)=C[C@H]3C(CC4=CC=CC=C4)=C[C@@H]1CC3,0.0,0.0,-0.09,0.0,0.0,-0.09,0.0,,286.1721507,0.0,,,0.0,94.18429025,,0.0,0.0,94.18429025,32.69197045,292.9506265,1.0,[Rh(C2H4)2Cl]2,22.51198396,21.5742147,0.0,0.0,Lam,134.6239983,OB(O)C1=CC=CC=C1,2.0,L3.23,1.5,3.3,dioxane,O=C1C=CCC1,50,1.0,94.0,0,1,48,fam3,1,8
511,511,95.8,8.402198206,C1(CC2=CC=CC=C2)=C[C@H]3C(CC4=CC=CC=C4)=C[C@@H]1CC3,0.0,0.0,-0.09,0.0,0.0,-0.09,0.0,,286.1721507,0.0,,,0.0,94.18429025,,0.0,0.0,94.18429025,32.69197045,292.9506265,1.0,[Rh(C2H4)2Cl]2,20.06761165,0.0,29.3978241,0.0,Lam,152.7447171,O=C1C=CCC/C1=C(C)\C,1.5,L3.23,1.5,3.3,dioxane/H2O,O=C(/C=C/[Si](C)(C1=CC=CC=C1)C)C2=CC=CC=C2,50,6.0,94.0,0,1,48,fam3,1,8
512,512,93.5,6.498485048,C1(CC2=CC=CC=C2)=C[C@H]3C(CC4=CC=CC=C4)=C[C@@H]1CC3,0.0,0.0,-0.09,0.0,0.0,-0.09,0.0,,286.1721507,0.0,,,0.0,94.18429025,,0.0,0.0,94.18429025,32.69197045,292.9506265,1.0,[Rh(C2H4)2Cl]2,20.06761165,26.22872177,0.0,0.0,Lam,134.6239983,OB(C1=CC=CC=C1)O,1.5,L3.23,1.5,3.3,dioxane/H2O,O=C1C=CC2(OCCO2)C3=CC=CC=C31,20,20.0,91.0,0,1,48,fam3,1,0
513,513,97.5,9.843369811,C1(CC2=CC=CC=C2)=C[C@H]3C(CC4=CC=CC=C4)=C[C@@H]1CC3,0.0,0.0,-0.09,0.0,0.0,-0.09,0.0,,286.1721507,0.0,,,0.0,94.18429025,,0.0,0.0,94.18429025,32.69197045,292.9506265,1.0,[Rh(C2H4)2Cl]2,17.77754503,0.0,29.3978241,0.0,Lam,134.6239983,OB(C1=CC=CC=C1)O,1.5,L3.23,1.5,3.3,dioxane/H2O,CCOC(/C=C/[Si](C)(C)C1=CC=CC=C1)=O,50,6.0,88.0,0,1,48,fam3,1,9
514,514,82.5,3.908343849,C1(CC2=CC=CC=C2)=C[C@H]3C(CC4=CC=CC=C4)=C[C@@H]1CC3,0.0,0.0,-0.09,0.0,0.0,-0.09,0.0,,286.1721507,0.0,,,0.0,94.18429025,,0.0,0.0,94.18429025,32.69197045,292.9506265,1.0,[Rh(C2H4)2Cl]2,18.25910483,38.87019992,0.0,0.0,Lam,134.6239983,OB(C1=CC=CC=C1)O,2.0,L3.23,1.5,3.3,dioxane/H2O,O=C1C=CCCO1,30,3.0,79.0,0,1,48,fam3,1,8
515,515,96.0,8.803131804,C1(CC2=CC=CC=C2)=C[C@H]3C(CC4=CC=CC=C4)=C[C@@H]1CC3,0.0,0.0,-0.09,0.0,0.0,-0.09,0.0,,286.1721507,0.0,,,0.0,94.18429025,,0.0,0.0,94.18429025,32.69197045,292.9506265,1.0,[Rh(C2H4)2Cl]2,30.08645996,13.86399135,0.0,0.0,Lam,134.6239983,OB(C1=CC=CC=C1)O,3.0,L3.23,2.5,5.5,dioxane/H2O,O=C1C=CC(N1c2c(C(C)(C)C)cccc2)=O,60,5.0,99.0,0,1,48,fam3,1,6
516,516,5.0,-7.91120897,C1(CC2=CC=CC=C2)=C[C@@H]3C(CC4=CC=CC=C4)=C[C@H]1CC3,-0.09,0.0,0.0,-0.09,-0.09,0.0,0.0,,286.1721507,94.18429025,,,0.0,0.0,,94.18429025,0.0,0.0,32.69197045,292.9506265,0.0,[Rh(C2H4)2Cl]2,20.52673517,0.0,21.5742147,0.0,Lam,134.6239983,OB(C1=CC=CC=C1)O,2.0,L3.25,1.5,3.3,dioxane/H2O,O=C(/C=C/C)N(C)OC,50,20.0,92.0,0,2,49,fam3,0,0
517,517,5.5,-7.640948096,C1(CC2=CC=CC=C2)=C[C@@H]3C(CC4=CC=CC=C4)=C[C@H]1CC3,-0.09,0.0,0.0,-0.09,-0.09,0.0,0.0,,286.1721507,94.18429025,,,0.0,0.0,,94.18429025,0.0,0.0,32.69197045,292.9506265,0.0,[Rh(C2H4)2Cl]2,20.52673517,0.0,21.5742147,0.0,Lam,151.9199836,CC(C=C1)=CC=C1B(O)O,2.0,L3.25,1.5,3.3,dioxane/H2O,O=C(/C=C/C)N(C)OC,50,20.0,83.0,0,2,49,fam3,0,6
518,518,6.5,-7.163518483,C1(CC2=CC=CC=C2)=C[C@@H]3C(CC4=CC=CC=C4)=C[C@H]1CC3,-0.09,0.0,0.0,-0.09,-0.09,0.0,0.0,,286.1721507,94.18429025,,,0.0,0.0,,94.18429025,0.0,0.0,32.69197045,292.9506265,0.0,[Rh(C2H4)2Cl]2,20.52673517,0.0,21.5742147,0.0,Lam,160.7102105,COC(C=C1)=CC=C1B(O)O,2.0,L3.25,1.5,3.3,dioxane/H2O,O=C(/C=C/C)N(C)OC,50,20.0,93.0,0,2,49,fam3,0,4
519,519,4.0,-8.538892518,C1(CC2=CC=CC=C2)=C[C@@H]3C(CC4=CC=CC=C4)=C[C@H]1CC3,-0.09,0.0,0.0,-0.09,-0.09,0.0,0.0,,286.1721507,94.18429025,,,0.0,0.0,,94.18429025,0.0,0.0,32.69197045,292.9506265,0.0,[Rh(C2H4)2Cl]2,20.52673517,0.0,21.5742147,0.0,Lam,169.2159688,CC1=CC(C)=CC(B(O)O)=C1,2.0,L3.25,1.5,3.3,dioxane/H2O,O=C(/C=C/C)N(C)OC,50,20.0,84.0,0,2,49,fam3,0,7
520,520,5.5,-7.640948096,C1(CC2=CC=CC=C2)=C[C@@H]3C(CC4=CC=CC=C4)=C[C@H]1CC3,-0.09,0.0,0.0,-0.09,-0.09,0.0,0.0,,286.1721507,94.18429025,,,0.0,0.0,,94.18429025,0.0,0.0,32.69197045,292.9506265,0.0,[Rh(C2H4)2Cl]2,20.52673517,0.0,21.5742147,0.0,Lam,175.2785624,OB(C1=CC=C(C=CC=C2)C2=C1)O,2.0,L3.25,1.5,3.3,dioxane/H2O,O=C(/C=C/C)N(C)OC,50,20.0,83.0,0,2,49,fam3,0,4
521,521,7.5,-6.750139815,C1(CC2=CC=CC=C2)=C[C@@H]3C(CC4=CC=CC=C4)=C[C@H]1CC3,-0.09,0.0,0.0,-0.09,-0.09,0.0,0.0,,286.1721507,94.18429025,,,0.0,0.0,,94.18429025,0.0,0.0,32.69197045,292.9506265,0.0,[Rh(C2H4)2Cl]2,19.84482684,0.0,21.5742147,0.0,Lam,134.6239983,OB(C1=CC=CC=C1)O,2.0,L3.25,1.5,3.3,dioxane/H2O,O=C(/C=C/C)N1C=CC=C1,50,20.0,92.0,0,2,49,fam3,0,6
522,522,4.0,-8.538892518,C1(CC2=CC=CC=C2)=C[C@@H]3C(CC4=CC=CC=C4)=C[C@H]1CC3,-0.09,0.0,0.0,-0.09,-0.09,0.0,0.0,,286.1721507,94.18429025,,,0.0,0.0,,94.18429025,0.0,0.0,32.69197045,292.9506265,0.0,[Rh(C2H4)2Cl]2,18.37582915,0.0,21.5742147,0.0,Lam,134.6239983,OB(C1=CC=CC=C1)O,2.0,L3.25,1.5,3.3,dioxane/H2O,O=C(/C=C/C)NCC1=CC=CC=C1,50,20.0,92.0,0,2,49,fam3,0,6
523,523,6.5,-7.163518483,C1(CC2=CC=CC=C2)=C[C@@H]3C(CC4=CC=CC=C4)=C[C@H]1CC3,-0.09,0.0,0.0,-0.09,-0.09,0.0,0.0,,286.1721507,94.18429025,,,0.0,0.0,,94.18429025,0.0,0.0,32.69197045,292.9506265,0.0,[Rh(C2H4)2Cl]2,20.52673517,0.0,18.72206172,0.0,Lam,134.6239983,OB(C1=CC=CC=C1)O,2.0,L3.25,1.5,3.3,dioxane/H2O,CON(C)C(/C=C/CCC)=O,50,20.0,86.0,0,2,49,fam3,0,0
524,524,7.0,-6.949996276,C1(CC2=CC=CC=C2)=C[C@@H]3C(CC4=CC=CC=C4)=C[C@H]1CC3,-0.09,0.0,0.0,-0.09,-0.09,0.0,0.0,,286.1721507,94.18429025,,,0.0,0.0,,94.18429025,0.0,0.0,32.69197045,292.9506265,0.0,[Rh(C2H4)2Cl]2,20.52673517,0.0,28.08309257,0.0,Lam,134.6239983,OB(C1=CC=CC=C1)O,2.0,L3.25,1.5,3.3,dioxane/H2O,CON(C)C(/C=C/C(C)C)=O,50,20.0,74.0,0,2,49,fam3,0,4
525,525,10.0,-5.903570394,C1(CC2=CC=CC=C2)=C[C@@H]3C(CC4=CC=CC=C4)=C[C@H]1CC3,-0.09,0.0,0.0,-0.09,-0.09,0.0,0.0,,286.1721507,94.18429025,,,0.0,0.0,,94.18429025,0.0,0.0,32.69197045,292.9506265,0.0,[Rh(C2H4)2Cl]2,20.52673517,0.0,17.16241953,0.0,Lam,134.6239983,OB(C1=CC=CC=C1)O,2.0,L3.25,1.5,3.3,dioxane/H2O,CON(C)C(/C=C/C1=CC=C(OC)C=C1)=O,50,20.0,91.0,0,2,49,fam3,0,9
526,526,99.5,13.1219342,C[C@@]12CC[C@](C)(C(C3=CC=CC=C3)=C2)C=C1C4=CC=CC=C4,0.0,-0.17,-0.01,0.0,-0.17,-0.01,0.0,,286.1721507,0.0,,,21.5742147,76.88830503,,0.0,21.5742147,76.88830503,32.69197045,292.9506265,1.0,[Rh(C2H4)2Cl]2,22.51198396,21.5742147,0.0,0.0,Lam,134.6239983,OB(O)C1=CC=CC=C1,1.2,L3.26,0.9,2.0,DCM,O=C1C=CCC1,25,1.0,100.0,0,1,50,fam4,1,7
527,527,83.5,4.019612812,C[C@@]12CC[C@](C)(C(C3=CC=CC=C3)=C2)C=C1C4=CC=CC=C4,0.0,-0.17,-0.01,0.0,-0.17,-0.01,0.0,,286.1721507,0.0,,,21.5742147,76.88830503,,0.0,21.5742147,76.88830503,32.69197045,292.9506265,1.0,[Rh(C2H4)2Cl]2,20.77331772,0.0,21.5742147,0.0,Lam,134.6239983,OB(O)C1=CC=CC=C1,1.2,L3.26,0.9,2.0,DCM,CCC(/C=C/C)=O,25,1.0,99.0,0,1,50,fam4,1,4
528,528,76.0,2.857455821,C[C@@]12CC[C@](C)(C(C3=CC=CC=C3)=C2)C=C1C4=CC=CC=C4,0.0,-0.17,-0.01,0.0,-0.17,-0.01,0.0,,286.1721507,0.0,,,21.5742147,76.88830503,,0.0,21.5742147,76.88830503,32.69197045,292.9506265,1.0,[Rh(C2H4)2Cl]2,22.51198396,0.0,18.15163112,0.0,Lam,134.6239983,OB(C1=CC=CC=C1)O,1.2,L3.26,0.9,2.0,MeOH/CH2Cl2,CC(/C=C/CCCCC)=O,25,1.0,99.0,0,1,50,fam4,1,1
529,529,99.0,11.39115587,C[C@@]12CC[C@](C)(C(C3=CC=CC=C3)=C2)C=C1C4=CC=CC=C4,0.0,-0.17,-0.01,0.0,-0.17,-0.01,0.0,,286.1721507,0.0,,,21.5742147,76.88830503,,0.0,21.5742147,76.88830503,32.69197045,292.9506265,1.0,[Rh(C2H4)2Cl]2,18.25910483,21.5742147,0.0,0.0,Lam,134.6239983,OB(C1=CC=CC=C1)O,1.2,L3.26,0.9,2.0,MeOH/CH2Cl2,O=C1C=CCO1,25,1.0,95.0,0,1,50,fam4,1,3
530,530,99.0,11.58218649,C[C@@]12CC[C@](C)(C(C3=CC=CC=C3)=C2)C=C1C4=CC=CC=C4,0.0,-0.17,-0.01,0.0,-0.17,-0.01,0.0,,286.1721507,0.0,,,21.5742147,76.88830503,,0.0,21.5742147,76.88830503,32.69197045,292.9506265,1.0,[Rh(C2H4)2Cl]2,18.25910483,23.54607256,0.0,0.0,Lam,134.6239983,OB(C1=CC=CC=C1)O,2.0,L3.26,1.5,3.3,dioxane/H2O,O=C(O1)C=CC2=C1C=CC(C)=C2,30,24.0,63.0,0,1,50,fam4,1,2
531,531,97.5,9.081852728,C[C@@]12CC[C@](C)(C(C3=CC=CC=C3)=C2)C=C1C4=CC=CC=C4,0.0,-0.17,-0.01,0.0,-0.17,-0.01,0.0,,286.1721507,0.0,,,21.5742147,76.88830503,,0.0,21.5742147,76.88830503,32.69197045,292.9506265,1.0,[Rh(C2H4)2Cl]2,18.37582915,13.86399135,0.0,0.0,Lam,134.6239983,OB(C1=CC=CC=C1)O,1.1,L3.26,1.5,3.3,MeOH/CH2Cl2,O=C(N1CC2=CC=CC=C2)C=CC1=O,25,1.0,95.0,0,1,50,fam4,1,1
532,532,99.5,13.1219342,C[C@@]12CC[C@](C)(C(C3=CC=CC=C3)=C2)C=C1C4=CC=CC=C4,0.0,-0.17,-0.01,0.0,-0.17,-0.01,0.0,,286.1721507,0.0,,,21.5742147,76.88830503,,0.0,21.5742147,76.88830503,32.69197045,292.9506265,1.0,[Rh(C2H4)2Cl]2,18.37582915,13.86399135,0.0,0.0,Lam,170.1226604,OB(C1=CC=CC=C1C(F)(F)F)O,1.1,L3.26,1.5,3.3,MeOH/CH2Cl2,O=C(N1CC2=CC=CC=C2)C=CC1=O,25,1.0,98.0,0,1,50,fam4,1,6
533,533,99.5,13.1219342,C[C@@]12CC[C@](C)(C(C3=CC=CC=C3)=C2)C=C1C4=CC=CC=C4,0.0,-0.17,-0.01,0.0,-0.17,-0.01,0.0,,286.1721507,0.0,,,21.5742147,76.88830503,,0.0,21.5742147,76.88830503,32.69197045,292.9506265,1.0,[Rh(C2H4)2Cl]2,18.37582915,13.86399135,0.0,0.0,Lam,160.7102105,COC(C=C1)=CC=C1B(O)O,1.1,L3.26,1.5,3.3,MeOH/CH2Cl2,O=C(N1CC2=CC=CC=C2)C=CC1=O,25,1.0,92.0,0,1,50,fam4,1,0
534,534,99.5,13.1219342,C[C@@]12CC[C@](C)(C(C3=CC=CC=C3)=C2)C=C1C4=CC=CC=C4,0.0,-0.17,-0.01,0.0,-0.17,-0.01,0.0,,286.1721507,0.0,,,21.5742147,76.88830503,,0.0,21.5742147,76.88830503,32.69197045,292.9506265,1.0,[Rh(C2H4)2Cl]2,18.37582915,13.86399135,0.0,0.0,Lam,201.3647746,COC(C=CC1=C2C=CC=C1)=C2B(O)O,1.1,L3.26,1.5,3.3,MeOH/CH2Cl2,O=C(N1CC2=CC=CC=C2)C=CC1=O,25,1.0,98.0,0,1,50,fam4,1,0
535,535,99.0,11.58218649,C[C@@]12CC[C@](C)(C(C3=CC=C(C=C3)OC)=C2)C=C1C4=CC=C(C=C4)OC,0.0,-0.17,0.0,0.0,-0.17,0.0,0.0,,346.1932801,0.0,,,21.5742147,102.9745172,,0.0,21.5742147,102.9745172,32.69197045,345.1230509,1.0,[Rh(C2H4)2Cl]2,18.25910483,23.54607256,0.0,0.0,Lam,134.6239983,OB(C1=CC=CC=C1)O,1.2,L3.27,1.5,3.3,dioxane/H2O,O=C(O1)C=CC2=C1C=CC(C)=C2,30,3.0,95.0,0,1,51,fam4,1,2
536,536,98.0,9.809491361,FC(F)(C1=CC(C2=C[C@]3(C(C4=CC(C(F)(F)F)=CC(C(F)(F)F)=C4)=C[C@@]2(CC3)C)C)=CC(C(F)(F)F)=C1)F,0.0,-0.17,0.0,0.0,-0.17,0.0,0.0,,558.1216892,0.0,,,21.5742147,147.8856292,,0.0,21.5742147,147.8856292,32.69197045,434.9452748,1.0,[Rh(C2H4)2Cl]2,22.51198396,21.5742147,0.0,0.0,Lam,134.6239983,OB(O)C1=CC=CC=C1,2.0,L3.28,0.9,2.0,DCM,O=C1C=CCC1,30,3.0,80.0,0,1,52,fam4,1,2
537,537,97.5,9.234156144,FC(F)(C1=CC(C2=C[C@]3(C(C4=CC(C(F)(F)F)=CC(C(F)(F)F)=C4)=C[C@@]2(CC3)C)C)=CC(C(F)(F)F)=C1)F,0.0,-0.17,0.0,0.0,-0.17,0.0,0.0,,558.1216892,0.0,,,21.5742147,147.8856292,,0.0,21.5742147,147.8856292,32.69197045,434.9452748,1.0,[Rh(C2H4)2Cl]2,20.77331772,0.0,21.5742147,0.0,Lam,134.6239983,OB(O)C1=CC=CC=C1,2.0,L3.28,0.9,2.0,DCM,CCC(/C=C/C)=O,30,3.0,99.0,0,1,52,fam4,1,2
538,538,98.5,10.37346901,CC1=CC=CC(C)=C1C2=C[C@H]3C=C[C@@]2(C[C@@]3(OC)C)C,0.0,0.0,0.0,0.0,-0.17,0.0,-0.27,,268.1827154,0.0,,,0.0,0.0,,0.0,21.5742147,111.4802755,76.07416785,281.0187336,0.5,[Rh(C2H4)2Cl]2,22.51198396,19.43509996,0.0,0.0,Lam,134.6239983,OB(O)c1ccccc1,2.0,L3.60,1.0,2.2,MeOH/CH2Cl2,O=C1CCCC=C1,25,1.0,89.0,0,1,53,fam5,1,3
539,539,98.5,10.54743293,FC(F)(C1=CC(C2=C[C@]3(C(C4=CC(C(F)(F)F)=CC(C(F)(F)F)=C4)=C[C@@]2(CC3)C)C)=CC(C(F)(F)F)=C1)F,0.0,-0.17,0.0,0.0,-0.17,0.0,0.0,,558.1216892,0.0,,,21.5742147,147.8856292,,0.0,21.5742147,147.8856292,32.69197045,434.9452748,1.0,[Rh(C2H4)2Cl]2,22.51198396,0.0,18.15163112,0.0,Lam,134.6239983,OB(C1=CC=CC=C1)O,2.0,L3.28,0.9,2.0,MeOH/CH2Cl2,CC(/C=C/CCCCC)=O,30,3.0,99.0,0,1,52,fam4,1,5
540,540,96.0,8.010413947,FC(F)(C1=CC(C2=C[C@]3(C(C4=CC(C(F)(F)F)=CC(C(F)(F)F)=C4)=C[C@@]2(CC3)C)C)=CC(C(F)(F)F)=C1)F,0.0,-0.17,0.0,0.0,-0.17,0.0,0.0,,558.1216892,0.0,,,21.5742147,147.8856292,,0.0,21.5742147,147.8856292,32.69197045,434.9452748,1.0,[Rh(C2H4)2Cl]2,18.25910483,21.5742147,0.0,0.0,Lam,134.6239983,OB(C1=CC=CC=C1)O,3.0,L3.28,0.9,2.0,MeOH/CH2Cl2,O=C1C=CCO1,30,3.0,76.0,0,1,52,fam4,1,8
541,541,74.5,2.657753029,C[C@@]12CC[C@](C)(C(C3=CC(OC)=C(C(OC)=C3)OC)=C2)C=C1C4=CC(OC)=C(C(OC)=C4)OC,0.0,0.0,0.0,0.0,-0.17,0.0,0.0,,466.2355388,0.0,,,21.5742147,155.1469416,,0.0,21.5742147,155.1469416,32.69197045,449.4678996,1.0,[Rh(C2H4)2Cl]2,22.51198396,0.0,18.15163112,0.0,Lam,134.6239983,OB(C1=CC=CC=C1)O,2.0,L3.29,1.5,3.3,dioxane/H2O,CC(/C=C/CCCCC)=O,25,3.0,99.0,0,1,54,fam4,1,1
542,542,99.0,11.39115587,OC(C)(C1=C[C@H]2C=C[C@@H]1C2)C,0.0,0.0,-0.17,0.0,0.0,0.0,0.0,,150.1044651,0.0,,,0.0,64.9564121,,0.0,0.0,0.0,20.25598522,160.3207023,0.5,[Rh(C2H4)2Cl]2,22.51198396,19.43509996,0.0,0.0,Lam,134.6239983,OB(O)c1ccccc1,2.0,L3.3,1.5,3.3,MeOH/water,O=C1CCCC=C1,25,2.0,70.0,0,1,55,fam1,1,4
543,543,83.5,4.019612812,OC[C@@]12C=C([C@](CO)(C=C2C3=CC=CC=C3)CC1)C4=CC=CC=C4,0.0,0.0,-0.01,0.0,0.0,-0.01,0.0,,318.1619799,0.0,,,30.36444165,76.88830503,,0.0,30.36444165,76.88830503,32.69197045,310.5310804,1.0,[Rh(C2H4)2Cl]2,22.51198396,0.0,18.15163112,0.0,Lam,134.6239983,OB(C1=CC=CC=C1)O,2.0,L3.30,1.5,3.3,dioxane/H2O,CC(/C=C/CCCCC)=O,25,3.0,98.0,0,1,56,fam4,1,8
544,544,78.5,3.21037705,COC[C@@]12C=C([C@](COC)(C=C2C3=CC=CC=C3)CC1)C4=CC=CC=C4,0.0,0.0,-0.01,0.0,0.0,-0.01,0.0,,346.1932801,0.0,,,47.66042687,76.88830503,,0.0,47.66042687,76.88830503,32.69197045,345.1230509,1.0,[Rh(C2H4)2Cl]2,22.51198396,0.0,18.15163112,0.0,Lam,134.6239983,OB(C1=CC=CC=C1)O,2.0,L3.31,1.5,3.3,dioxane/H2O,CC(/C=C/CCCCC)=O,25,3.0,98.0,0,1,57,fam4,1,3
545,545,87.25,4.847620501,O=C([C@@]12CC[C@](C(OC)=O)(C(C3=CC=CC=C3)=C2)C=C1C4=CC=CC=C4)OC,0.0,0.45,-0.01,0.0,0.45,-0.01,0.0,,374.1518092,0.0,,,53.81419488,76.88830503,,0.0,53.81419488,76.88830503,32.69197045,357.4305869,1.0,[Rh(C2H4)2Cl]2,22.51198396,0.0,18.15163112,0.0,Lam,134.6239983,OB(C1=CC=CC=C1)O,2.0,L3.32,0.9,2.0,MeOH/CH2Cl2,CC(/C=C/CCCCC)=O,30,3.0,95.0,0,1,58,fam4,1,9
546,546,86.5,4.681790195,O=C([C@@]12CC[C@](C(OC)=O)(C(C3=CC(C)=CC=C3)=C2)C=C1C4=CC(C)=CC=C4)OC,0.0,0.45,-0.01,0.0,0.45,-0.01,0.0,,402.1831093,0.0,,,53.81419488,94.18429025,,0.0,53.81419488,94.18429025,32.69197045,392.0225573,1.0,[Rh(C2H4)2Cl]2,22.51198396,0.0,18.15163112,0.0,Lam,134.6239983,OB(C1=CC=CC=C1)O,2.0,L3.33,0.9,2.0,MeOH/CH2Cl2,CC(/C=C/CCCCC)=O,30,3.0,98.0,0,1,59,fam4,1,4
547,547,92.375,6.287297296,O=C([C@@]12CC[C@](C(OC)=O)(C(C3=CC(C(F)(F)F)=CC=C3)=C2)C=C1C4=CC(C(F)(F)F)=CC=C4)OC,0.0,0.45,0.0,0.0,0.45,0.0,0.0,,510.1265784,0.0,,,53.81419488,112.3869671,,0.0,53.81419488,112.3869671,32.69197045,428.427911,1.0,[Rh(C2H4)2Cl]2,22.51198396,0.0,18.15163112,0.0,Lam,134.6239983,OB(C1=CC=CC=C1)O,2.0,L3.34,0.9,2.0,MeOH/CH2Cl2,CC(/C=C/CCCCC)=O,30,3.0,93.0,0,1,60,fam4,1,5
548,548,87.5,4.904745681,O=C([C@@]12CC[C@](C(OC)=O)(C(C3=CC=C(C=C3)OC)=C2)C=C1C4=CC=C(C=C4)OC)OC,0.0,0.45,0.0,0.0,0.45,0.0,0.0,,434.1729386,0.0,,,53.81419488,102.9745172,,0.0,53.81419488,102.9745172,32.69197045,409.6030112,1.0,[Rh(C2H4)2Cl]2,22.51198396,0.0,18.15163112,0.0,Lam,134.6239983,OB(C1=CC=CC=C1)O,2.0,L3.36,0.9,2.0,MeOH/CH2Cl2,CC(/C=C/CCCCC)=O,30,3.0,99.0,0,1,61,fam4,1,1
549,549,85.25,4.421898015,O=C([C@@]12CC[C@](C(OC)=O)(C(C3=CC(C)=CC(C)=C3)=C2)C=C1C4=CC(C)=CC(C)=C4)OC,0.0,0.45,-0.09,0.0,0.45,-0.09,0.0,,430.2144094,0.0,,,53.81419488,111.4802755,,0.0,53.81419488,111.4802755,32.69197045,426.6145278,1.0,[Rh(C2H4)2Cl]2,22.51198396,0.0,18.15163112,0.0,Lam,134.6239983,OB(C1=CC=CC=C1)O,2.0,L3.37,0.9,2.0,MeOH/CH2Cl2,CC(/C=C/CCCCC)=O,30,3.0,96.0,0,1,62,fam4,1,9
550,550,93.75,6.825750682,O=C([C@@]12CC[C@](C(OC)=O)(C(C3=CC(C(F)(F)F)=CC(C(F)(F)F)=C3)=C2)C=C1C4=CC(C(F)(F)F)=CC(C(F)(F)F)=C4)OC,0.0,0.45,0.0,0.0,0.45,0.0,0.0,,646.1013477,0.0,,,53.81419488,147.8856292,,0.0,53.81419488,147.8856292,32.69197045,499.4252352,1.0,[Rh(C2H4)2Cl]2,22.51198396,0.0,18.15163112,0.0,Lam,134.6239983,OB(C1=CC=CC=C1)O,2.0,L3.38,0.9,2.0,MeOH/CH2Cl2,CC(/C=C/CCCCC)=O,30,3.0,43.0,0,1,63,fam4,1,9
551,551,86.0,4.500046056,O=C([C@@]12CC[C@](C(OC)=O)(C(C3=CC(OC)=C(C(OC)=C3)OC)=C2)C=C1C4=CC(OC)=C(C(OC)=C4)OC)OC,0.0,0.45,0.0,0.0,0.45,0.0,0.0,,554.2151973,0.0,,,53.81419488,155.1469416,,0.0,53.81419488,155.1469416,32.69197045,513.9478599,1.0,[Rh(C2H4)2Cl]2,22.51198396,0.0,18.15163112,0.0,Lam,134.6239983,OB(C1=CC=CC=C1)O,2.0,L3.39,1.5,3.3,dioxane/H2O,CC(/C=C/CCCCC)=O,25,3.0,98.0,0,1,64,fam4,1,5
552,552,98.0,9.647698662,CC(C1=C[C@H]2C=C[C@@H]1C2)(OC)C,0.0,0.0,0.0,0.0,0.0,0.0,0.0,,164.1201151,0.0,,,0.0,82.25239732,,0.0,0.0,0.0,20.25598522,177.6166876,0.5,[Rh(C2H4)2Cl]2,22.51198396,19.43509996,0.0,0.0,Lam,134.6239983,OB(O)c1ccccc1,2.0,L3.4,1.5,3.3,MeOH/water,O=C1CCCC=C1,25,2.0,90.0,0,1,65,fam1,1,3
553,553,98.0,9.647698662,CC(C1=C[C@H]2C=C[C@@H]1C2)(OCOCC3=CC=CC=C3)C,0.0,0.0,0.0,0.0,0.0,0.0,0.0,,270.1619799,0.0,,,0.0,180.948685,,0.0,0.0,0.0,20.25598522,276.3129753,0.5,[Rh(C2H4)2Cl]2,22.51198396,19.43509996,0.0,0.0,Lam,134.6239983,OB(O)c1ccccc1,2.0,L3.5,1.5,3.3,MeOH/water,O=C1CCCC=C1,25,2.0,95.0,0,1,66,fam1,1,0
554,554,97.5,9.081852728,OC(C)(C1=C[C@H]2C=C[C@@H]1CC2)C,0.0,0.0,-0.14,0.0,0.0,0.0,0.0,,164.1201151,0.0,,,0.0,64.9564121,,0.0,0.0,0.0,32.69197045,173.8166876,0.5,[Rh(C2H4)2Cl]2,22.51198396,19.43509996,0.0,0.0,Lam,134.6239983,OB(O)c1ccccc1,2.0,L3.17,1.5,3.3,MeOH/water,O=C1CCCC=C1,25,1.0,98.0,0,1,67,fam3,1,1
555,555,94.0,6.820968473,CC(C)(C1=C[C@H]2C=C[C@@H]1CC2)OCOCC3=CC=CC=C3,0.0,0.0,0.0,0.0,0.0,0.0,0.0,,270.1619799,0.0,,,0.0,163.6526998,,0.0,0.0,0.0,32.69197045,272.5129753,0.5,[Rh(C2H4)2Cl]2,22.51198396,19.43509996,0.0,0.0,Lam,134.6239983,OB(O)c1ccccc1,2.0,L3.18,1.5,3.3,MeOH/water,O=C1CCCC=C1,25,1.0,98.0,0,1,68,fam3,1,6
556,556,98.0,9.647698662,OC(CC(C)C)(C1=C[C@H]2C=C[C@@H]1CC2)CC(C)C,0.0,0.0,0.0,0.0,0.0,0.0,0.0,,248.2140155,0.0,,,0.0,168.7323234,,0.0,0.0,0.0,32.69197045,277.5925989,0.5,[Rh(C2H4)2Cl]2,22.51198396,19.43509996,0.0,0.0,Lam,134.6239983,OB(O)c1ccccc1,2.0,L3.19,1.5,3.3,MeOH/water,O=C1CCCC=C1,25,1.0,98.0,0,1,9,fam3,1,2
557,557,5.0,-7.299170523,CC(C=C1)=CC=C1C2=C[C@@H]3C=C[C@@]2(C)C[C@]3(OC)C,0.0,0.0,0.0,-0.03,-0.17,0.0,-0.27,,254.1670653,0.0,,,0.0,0.0,,94.18429025,21.5742147,0.0,76.07416785,263.7227483,0.5,[Rh(C2H4)2Cl]2,18.25910483,21.5742147,0.0,0.0,Lam,134.6239983,OB(C1=CC=CC=C1)O,2.0,L3.46,1.0,2.2,MeOH/CH2Cl2,O=C1C=CCO1,25,1.0,56.0,0,2,36,fam5,0,2
558,558,8.5,-5.890704668,CC(C)(C)C(C=C1)=CC=C1C2=C[C@@H]3C=C[C@@]2(C)C[C@]3(OC)C,0.0,0.0,0.0,0.0,-0.17,0.0,-0.27,,296.2140155,0.0,,,0.0,0.0,,146.0722459,21.5742147,0.0,76.07416785,315.610704,0.5,[Rh(C2H4)2Cl]2,18.25910483,21.5742147,0.0,0.0,Lam,134.6239983,OB(C1=CC=CC=C1)O,2.0,L3.47,1.0,2.2,MeOH/CH2Cl2,O=C1C=CCO1,25,1.0,58.0,0,2,37,fam5,0,7
559,559,15.0,5.093249539,CC(C)(C)C(C=C1)=CC=C1C2=C[C@@H]3C=C[C@@]2(C)C[C@]3(OC)C,0.0,0.0,0.0,0.0,-0.17,0.0,-0.27,,296.2140155,0.0,,,0.0,0.0,,146.0722459,21.5742147,0.0,76.07416785,315.610704,0.5,[Rh(C2H4)2Cl]2,20.21646842,0.0,18.72206172,0.0,Lam,234.8336777,CC1(C)OB(C2=CC=CC=C2O)OC1(C)C,2.0,L3.47,5.0,10.0,dioxane/H2O,ClC1=CC(C(F)(F)F)=CN=C1/C=C/CCC,80,16.0,73.0,0,2,37,fam5,0,6
560,560,98.5,10.37346901,CC(C1=C[C@H]2C=C[C@@H]1C2)(OCOCC3=CC=CC=C3)C,0.0,0.0,0.0,0.0,0.0,0.0,0.0,,270.1619799,0.0,,,0.0,180.948685,,0.0,0.0,0.0,20.25598522,276.3129753,0.5,[Rh(C2H4)2Cl]2,22.51198396,21.5742147,0.0,0.0,Lam,134.6239983,OB(O)C1=CC=CC=C1,2.0,L3.5,0.25,0.55,dioxane,O=C1C=CCC1,25,2.0,95.0,0,1,66,fam1,1,0
561,561,99.5,13.1219342,C[C@@]12CC[C@](C)(C(C3=CC=CC=C3)=C2)C=C1C4=CC=CC=C4,0.0,-0.17,-0.01,0.0,-0.17,-0.01,0.0,,286.1721507,0.0,,,21.5742147,76.88830503,,0.0,21.5742147,76.88830503,32.69197045,292.9506265,1.0,[Rh(C2H4)2Cl]2,22.51198396,19.43509996,0.0,0.0,Lam,134.6239983,OB(O)c1ccccc1,1.2,L3.26,0.9,2.0,MeOH/CH2Cl2,O=C1CCCC=C1,25,1.0,98.0,0,1,50,fam4,1,3
562,562,99.0,11.58218649,FC(F)(C1=CC(C2=C[C@]3(C(C4=CC(C(F)(F)F)=CC(C(F)(F)F)=C4)=C[C@@]2(CC3)C)C)=CC(C(F)(F)F)=C1)F,0.0,-0.17,0.0,0.0,-0.17,0.0,0.0,,558.1216892,0.0,,,21.5742147,147.8856292,,0.0,21.5742147,147.8856292,32.69197045,434.9452748,1.0,[Rh(C2H4)2Cl]2,22.51198396,19.43509996,0.0,0.0,Lam,134.6239983,OB(O)c1ccccc1,2.0,L3.28,0.9,2.0,MeOH/CH2Cl2,O=C1CCCC=C1,30,3.0,92.0,0,1,52,fam4,1,9
563,563,97.0,8.617138025,CC(C1=C[C@H]2C=C[C@@H]1C2)(OCOCC3=CC=CC=C3)C,0.0,0.0,0.0,0.0,0.0,0.0,0.0,,270.1619799,0.0,,,0.0,180.948685,,0.0,0.0,0.0,20.25598522,276.3129753,0.5,[Rh(C2H4)2Cl]2,22.51198396,18.72206172,0.0,0.0,Lam,134.6239983,OB(C1=CC=CC=C1)O,2.0,L3.5,1.5,3.3,dioxane/H2O,O=C1C=CCCCC1,25,2.0,83.0,0,1,66,fam1,1,9
564,564,93.0,6.412320563,CC(C1=C[C@H]2C=C[C@@H]1C2)(OCOCC3=CC=CC=C3)C,0.0,0.0,0.0,0.0,0.0,0.0,0.0,,270.1619799,0.0,,,0.0,180.948685,,0.0,0.0,0.0,20.25598522,276.3129753,0.5,[Rh(C2H4)2Cl]2,22.51198396,0.0,18.15163112,0.0,Lam,134.6239983,OB(C1=CC=CC=C1)O,2.0,L3.5,1.5,3.3,dioxane/H2O,CC(/C=C/CCCCC)=O,25,2.0,74.0,0,1,66,fam1,1,0
565,565,95.5,7.573368874,C[C@@]1(C2(C)C)C(C3=CC=CC=C3)=C[C@H]2C(C4=CC=CC=C4)=C1,0.0,-0.17,-0.01,0.0,0.0,-0.01,-0.17,,286.1721507,0.0,,,21.5742147,76.88830503,,0.0,0.0,76.88830503,54.84795567,296.7506265,1.0,[Rh(C2H4)2Cl]2,22.51198396,19.43509996,0.0,0.0,Lam,134.6239983,OB(O)c1ccccc1,2.0,L3.10,1.5,3.6,dioxane/water ,O=C1CCCC=C1,25,1.0,94.0,0,1,10,fam2,1,8
566,566,6.5,-6.609323954,C[C@]1(C[C@]2(OC)C)C(C3=CC=C(OC)C=C3)=C[C@@H]2C=C1,0.0,0.0,0.0,-0.08,-0.17,0.0,-0.27,,270.1619799,0.0,,,0.0,0.0,,102.9745172,21.5742147,0.0,76.07416785,272.5129753,0.5,[Rh(C2H4)2Cl]2,18.25910483,21.5742147,0.0,0.0,Lam,134.6239983,OB(C1=CC=CC=C1)O,2.0,L3.50,1.0,2.2,MeOH/CH2Cl2,O=C1C=CCO1,25,1.0,59.0,0,2,40,fam5,0,9
567,567,96.77777778,8.575751855,C[C@@]1(C=C([C@@H]2C=C1C3=CC=C(C=C3)[N+]([O-])=O)C4=CC=C(C=C4)[N+]([O-])=O)C2(C)C,0.0,-0.17,0.26,0.0,0.0,0.26,-0.17,,376.1423071,0.0,,,21.5742147,102.8290606,,0.0,0.0,102.8290606,54.84795567,348.6321376,1.0,[Rh(C2H4)2Cl]2,22.51198396,19.43509996,0.0,0.0,Lam,134.6239983,OB(O)c1ccccc1,2.0,L3.14,1.5,3.6,i-PrOH,O=C1CCCC=C1,30,1.0,96.0,0,1,14,fam2,1,9
568,568,2.0,-9.647698662,CC(C=CC=C1C)=C1C2=C[C@@H]3C=C[C@@]2(C)C[C@]3(OC)C,0.0,0.0,0.0,0.0,-0.17,0.0,-0.27,,268.1827154,0.0,,,0.0,0.0,,111.4802755,21.5742147,0.0,76.07416785,281.0187336,0.5,[Rh(C2H4)2Cl]2,22.51198396,21.5742147,0.0,0.0,Lam,160.7102105,OB(C1=CC=CC(OC)=C1)O,2.0,L3.52,1.0,2.2,DCM,O=C1C=CCC1,25,1.0,85.0,0,2,16,fam5,0,6
569,569,3.5,-8.222192162,CC(C=CC=C1C)=C1C2=C[C@@H]3C=C[C@@]2(C)C[C@]3(OC)C,0.0,0.0,0.0,0.0,-0.17,0.0,-0.27,,268.1827154,0.0,,,0.0,0.0,,111.4802755,21.5742147,0.0,76.07416785,281.0187336,0.5,[Rh(C2H4)2Cl]2,22.51198396,18.72206172,0.0,0.0,Lam,134.6239983,OB(C1=CC=CC=C1)O,3.0,L3.52,1.0,2.2,MeOH/CH2Cl2,O=C1C=CCCCC1,25,1.0,53.0,0,2,16,fam5,0,2
570,570,7.5,-6.227925688,CC(C=CC=C1C)=C1C2=C[C@@H]3C=C[C@@]2(C)C[C@]3(OC)C,0.0,0.0,0.0,0.0,-0.17,0.0,-0.27,,268.1827154,0.0,,,0.0,0.0,,111.4802755,21.5742147,0.0,76.07416785,281.0187336,0.5,[Rh(C2H4)2Cl]2,18.25910483,21.5742147,0.0,0.0,Lam,134.6239983,OB(C1=CC=CC=C1)O,2.0,L3.52,1.0,2.2,MeOH/CH2Cl2,O=C1C=CCO1,25,1.0,56.0,0,2,16,fam5,0,1
571,571,5.0,-7.299170523,CC(C=CC=C1C)=C1C2=C[C@@H]3C=C[C@@]2(C)C[C@]3(OC)C,0.0,0.0,0.0,0.0,-0.17,0.0,-0.27,,268.1827154,0.0,,,0.0,0.0,,111.4802755,21.5742147,0.0,76.07416785,281.0187336,0.5,[Rh(C2H4)2Cl]2,26.97717105,0.0,18.72206172,0.0,Lam,134.6239983,OB(C1=CC=CC=C1)O,2.0,L3.52,1.0,2.2,MeOH/CH2Cl2,CC(C)(C)NC(/C=C/CCC)=O,25,1.0,40.0,0,2,16,fam5,0,1
572,572,1.5,-10.37346901,C[C@]1(C[C@]2(OC)C)C(C3=CC(OC)=C(OC)C=C3)=C[C@@H]2C=C1,0.0,0.0,0.0,0.0,-0.17,0.0,-0.27,,300.1725446,0.0,,,0.0,0.0,,129.0607294,21.5742147,0.0,76.07416785,298.5991875,0.5,[Rh(C2H4)2Cl]2,18.25910483,38.87019992,0.0,0.0,Lam,134.6239983,OB(C1=CC=CC=C1)O,2.0,L3.54,1.0,2.2,MeOH/CH2Cl2,O=C1C=CCCO1,25,1.0,95.0,0,2,69,fam5,0,7
573,573,14.5,-4.398601125,C[C@]1(C[C@]2(OC)C)C(C3=CC(OC)=C(OC)C=C3)=C[C@@H]2C=C1,0.0,0.0,0.0,0.0,-0.17,0.0,-0.27,,300.1725446,0.0,,,0.0,0.0,,129.0607294,21.5742147,0.0,76.07416785,298.5991875,0.5,[Rh(C2H4)2Cl]2,18.25910483,38.87019992,0.0,0.0,Lam,160.7102105,COC1=CC=C(B(O)O)C=C1,2.0,L3.54,1.0,2.2,MeOH/CH2Cl2,O=C1C=CCCO1,25,1.0,95.0,0,2,69,fam5,0,7
574,574,7.0,-6.412320563,C[C@]1(C[C@]2(OC)C)C(C3=CC(OC)=C(OC)C=C3)=C[C@@H]2C=C1,0.0,0.0,0.0,0.0,-0.17,0.0,-0.27,,300.1725446,0.0,,,0.0,0.0,,129.0607294,21.5742147,0.0,76.07416785,298.5991875,0.5,[Rh(C2H4)2Cl]2,18.25910483,38.87019992,0.0,0.0,Lam,175.2785624,OB(C1=C2C(C=CC=C2)=CC=C1)O,2.0,L3.54,1.0,2.2,MeOH/CH2Cl2,O=C1C=CCCO1,25,1.0,95.0,0,2,69,fam5,0,6
575,575,5.0,-7.299170523,C=CCC1=C[C@@H]2C(CC=C)=C[C@H]1C2,-0.16,0.0,0.0,-0.16,0.0,0.0,0.0,,144.0939004,36.23374097,,,0.0,0.0,,36.23374097,0.0,0.0,20.25598522,163.5535427,0.0,[Rh(C2H4)2Cl]2,22.51198396,21.5742147,0.0,0.0,Lam,134.6239983,OB(O)C1=CC=CC=C1,2.0,L3.6,1.5,3.3,dioxane,O=C1C=CCC1,25,16.0,44.0,0,2,22,fam1,0,8
576,576,1.5,-10.37346901,C=CCC1=C[C@@]2(C)C(CC(C)C)=C[C@@H]1[C@](C)(OC)C2,0.0,0.0,0.07,0.0,-0.17,-0.12,-0.27,,246.1983655,0.0,,,0.0,36.23374097,,0.0,21.5742147,73.46217037,76.07416785,274.95614,0.5,[Rh(C2H4)2Cl]2,22.51198396,21.5742147,0.0,0.0,Lam,348.0319373,B1(C2=CC=CC=C2)OB(C3=CC=CC=C3)OB(C4=CC=CC=C4)O1,2.0,L3.63,1.5,3.3,dioxane,O=C1C=CCC1,25,1.0,95.0,0,1,3,fam6,0,3
577,577,90.0,6.817011582,CC1=C[C@H]2C(C(OC3=CC4=C(C=CC=C4)C=C3)=O)=C[C@@H]1C[C@@H]2C(C)C,0.0,0.0,0.44,0.0,0.0,-0.17,-0.15,,332.17763,0.0,,,0.0,149.7828493,,0.0,0.0,21.5742147,84.57992612,327.8270656,0.5,Rh 7,22.51198396,19.43509996,0.0,0.0,Lam,134.6239983,OB(O)c1ccccc1,1.5,L3.81,0.75,1.0,dioxane/water ,O=C1CCCC=C1,100,16.0,72.0,0,1,70,fam7,1,9
578,578,5.0,-7.299170523,C=CCC1=C[C@@]2(C)C(CC(C)C)=C[C@@H]1[C@](C)(OC)C2,0.0,0.0,0.07,0.0,-0.17,-0.12,-0.27,,246.1983655,0.0,,,0.0,36.23374097,,0.0,21.5742147,73.46217037,76.07416785,274.95614,0.5,[Rh(C2H4)2Cl]2,22.51198396,0.0,19.22207626,0.0,Lam,160.7102105,OB(C1=CC=C(OC)C=C1)O,2.0,L3.63,1.5,3.3,dioxane/H2O,CC(/C=C/C1=CC=CC=C1)=O,25,0.1,68.0,0,1,3,fam6,0,3
579,579,5.5,-7.049817963,C=CCC1=C[C@@]2(C)C(CC(C)C)=C[C@@H]1[C@](C)(OC)C2,0.0,0.0,0.07,0.0,-0.17,-0.12,-0.27,,246.1983655,0.0,,,0.0,36.23374097,,0.0,21.5742147,73.46217037,76.07416785,274.95614,0.5,[Rh(C2H4)2Cl]2,22.51198396,0.0,21.5742147,0.0,Lam,166.5795098,OB(/C=C/C1=CC=CC=C1)O,2.0,L3.63,1.5,3.3,dioxane/H2O,CC(/C=C/C)=O,25,1.0,78.0,0,1,3,fam6,0,8
580,580,6.0,-6.820968473,C=CCC1=C[C@@]2(C)C(CC(C)C)=C[C@@H]1[C@](C)(OC)C2,0.0,0.0,0.07,0.0,-0.17,-0.12,-0.27,,246.1983655,0.0,,,0.0,36.23374097,,0.0,21.5742147,73.46217037,76.07416785,274.95614,0.5,[Rh(C2H4)2Cl]2,17.93806496,0.0,21.5742147,0.0,Lam,134.6239983,OB(C1=CC=CC=C1)O,2.0,L3.63,1.5,3.3,dioxane/H2O,COC(/C=C/C)=O,25,1.0,93.0,0,1,3,fam6,0,9
581,581,4.5,-7.573368874,C=CCC1=C[C@@]2(C)C(CC(C)C)=C[C@@H]1[C@](C)(OC)C2,0.0,0.0,0.07,0.0,-0.17,-0.12,-0.27,,246.1983655,0.0,,,0.0,36.23374097,,0.0,21.5742147,73.46217037,76.07416785,274.95614,0.5,[Rh(C2H4)2Cl]2,18.25910483,21.5742147,0.0,0.0,Lam,134.6239983,OB(C1=CC=CC=C1)O,2.0,L3.63,1.5,3.3,dioxane/H2O,O=C1C=CCO1,25,1.0,80.0,0,1,3,fam6,0,8
582,582,95.5,7.573368874,CC(C)CC1=C[C@H]2C(CC3=CC=CC=C3)=C[C@]1(C)C[C@]2(OC)C,0.0,0.0,-0.09,0.0,-0.17,-0.12,-0.27,,310.2296656,0.0,,,0.0,94.18429025,,0.0,21.5742147,73.46217037,76.07416785,332.9066892,0.5,[Rh(C2H4)2Cl]2,22.51198396,0.0,18.15163112,0.0,Lam,134.6239983,OB(C1=CC=CC=C1)O,2.0,L3.64,1.5,3.3,dioxane/H2O,CC(/C=C/CCCCC)=O,25,3.0,99.0,0,1,71,fam6,1,8
583,583,99.0,11.58218649,CC(C)CC1=C[C@H]2C(CC3=CC=CC=C3)=C[C@]1(C)C[C@]2(OC)C,0.0,0.0,-0.09,0.0,-0.17,-0.12,-0.27,,310.2296656,0.0,,,0.0,94.18429025,,0.0,21.5742147,73.46217037,76.07416785,332.9066892,0.5,[Rh(C2H4)2Cl]2,18.25910483,23.54607256,0.0,0.0,Lam,134.6239983,OB(C1=CC=CC=C1)O,2.0,L3.64,1.5,3.3,dioxane/H2O,O=C(O1)C=CC2=C1C=CC(C)=C2,30,24.0,20.0,0,1,71,fam6,1,0
584,584,2.0,-9.647698662,C=CCC1=C[C@@]2(C)C(CC(C)C)=C[C@@H]1[C@](C)(OC)C2,0.0,0.0,0.07,0.0,-0.17,-0.12,-0.27,,246.1983655,0.0,,,0.0,36.23374097,,0.0,21.5742147,73.46217037,76.07416785,274.95614,0.5,[Rh(C2H4)2Cl]2,22.51198396,19.43509996,0.0,0.0,Lam,156.8595098,C1COB(O1)c1ccccc1,2.0,L3.63,1.5,3.3,dioxane/water ,O=C1CCCC=C1,25,18.0,83.0,0,1,3,fam6,0,0
585,585,99.0,14.25661517,CC1=C[C@H]2C(C(O)(C)C)=C[C@@H]1C[C@@H]2C(C)C,0.0,0.0,0.0,0.0,0.0,-0.17,-0.15,,220.1827154,0.0,,,0.0,64.9564121,,0.0,0.0,21.5742147,84.57992612,243.0006285,0.5,Rh:Ag (1:1) 9,22.51198396,19.43509996,0.0,0.0,Lam,207.2340739,OB(O)c1ccc(cc1)-c1ccccc1,1.5,L3.74,0.75,1.0,toluene/water,O=C1CCCC=C1,100,10.0,99.0,0,1,8,fam7,1,6
586,586,1.5,-11.24328864,C=CCC1=C[C@@]2(C)C(CC(C)C)=C[C@@H]1[C@](C)(OC)C2,0.0,0.0,0.07,0.0,-0.17,-0.12,-0.27,,246.1983655,0.0,,,0.0,36.23374097,,0.0,21.5742147,73.46217037,76.07416785,274.95614,0.5,[Rh(C2H4)2Cl]2,22.51198396,19.43509996,0.0,0.0,Lam,175.3697368,CC(=O)c1ccc(cc1)B(O)O,2.0,L3.63,1.5,3.3,dioxane/water,O=C1CCCC=C1,50,1.0,96.0,0,1,3,fam6,0,1
587,587,1.0,-11.39115587,CC(C=CC=C1C)=C1C2=C[C@@H]3C=C[C@@]2(C)C[C@]3(OC)C,0.0,0.0,0.0,0.0,-0.17,0.0,-0.27,,268.1827154,0.0,,,0.0,0.0,,111.4802755,21.5742147,0.0,76.07416785,281.0187336,0.5,[Rh(C2H4)2Cl]2,22.51198396,19.43509996,0.0,0.0,Lam,170.1226604,OB(O)c1ccc(cc1)C(F)(F)F,2.0,L3.52,1.0,2.2,MeOH/CH2Cl2,O=C1CCCC=C1,25,1.0,66.0,0,2,16,fam5,0,0
588,588,8.5,-6.384642675,C[C@]1(C[C@@]2(OC)C)C(CC(C)C)=C[C@@H]2C(CC=C)=C1,0.07,0.0,0.0,-0.12,-0.17,0.0,-0.27,,246.1983655,36.23374097,,,0.0,0.0,,73.46217037,21.5742147,0.0,76.07416785,274.95614,0.5,[Rh(C2H4)2Cl]2,27.7279827,0.0,19.22207626,0.0,Lam,160.7102105,COC1=CC=C(B(O)O)C=C1,2.0,L3.69,1.5,3.3,dioxane/H2O,[H]C(/C=C/C1=CC=CC=C1)=O,50,1.25,50.0,0,2,72,fam6,0,5
589,589,10.0,-5.446849801,C[C@]1(C[C@@]2(OC)C)C(CC(C)C)=C[C@@H]2C(CC=C)=C1,0.07,0.0,0.0,-0.12,-0.17,0.0,-0.27,,246.1983655,36.23374097,,,0.0,0.0,,73.46217037,21.5742147,0.0,76.07416785,274.95614,0.5,[Rh(C2H4)2Cl]2,18.25910483,21.5742147,0.0,0.0,Lam,257.9989622,CC1(C)OB(/C=C/C2=CC=CC=C2)OC1(C)C,2.0,L3.69,1.5,3.3,dioxane/H2O,O=C1C=CCO1,25,72.0,52.0,0,2,72,fam6,0,6
590,590,5.5,-7.049817963,CC(CC1=C[C@@H]2C(CC(C)C)=C[C@H]1C2)C,-0.12,0.0,0.0,-0.12,0.0,0.0,0.0,,204.1878008,73.46217037,,,0.0,0.0,,73.46217037,0.0,0.0,20.25598522,238.0104015,0.0,[Rh(C2H4)2Cl]2,22.51198396,21.5742147,0.0,0.0,Lam,134.6239983,OB(O)C1=CC=CC=C1,2.0,L3.7,1.5,3.3,dioxane,O=C1C=CCC1,25,16.0,73.0,0,2,23,fam1,0,4
591,591,99.6,13.90696445,CC1=C[C@H]2C(C(O)(C)C)=C[C@@H]1C[C@@H]2C(C)C,0.0,0.0,0.0,0.0,0.0,-0.17,-0.15,,220.1827154,0.0,,,0.0,64.9564121,,0.0,0.0,21.5742147,84.57992612,243.0006285,0.5,[Rh(C2H4)2Cl]2,22.51198396,19.43509996,0.0,0.0,Lam,170.1226604,OB(O)c1ccc(cc1)C(F)(F)F,1.5,L3.74,1.5,3.3,dioxane/water,O=C1CCCC=C1,30,1.0,97.0,0,1,8,fam7,1,2
592,592,3.5,-8.911626353,C[C@]1(C[C@@]2(OC)C)C(CC(C)C)=C[C@@H]2C(CC3=CC=CC=C3)=C1,-0.09,0.0,0.0,-0.12,-0.17,0.0,-0.27,,310.2296656,94.18429025,,,0.0,0.0,,73.46217037,21.5742147,0.0,76.07416785,332.9066892,0.5,[Rh(C2H4)2Cl]2,27.7279827,0.0,17.90767349,0.0,Lam,134.6239983,OB(C1=CC=CC=C1)O,1.5,L3.70,1.5,3.3,MeOH/H2O,[H]C(/C=C/C1=CC=CO1)=O,50,1.25,63.0,0,2,73,fam6,0,8
593,593,5.5,-7.640948096,C[C@]1(C[C@@]2(OC)C)C(CC(C)C)=C[C@@H]2C(CC3=CC=CC=C3)=C1,-0.09,0.0,0.0,-0.12,-0.17,0.0,-0.27,,310.2296656,94.18429025,,,0.0,0.0,,73.46217037,21.5742147,0.0,76.07416785,332.9066892,0.5,[Rh(C2H4)2Cl]2,27.7279827,0.0,19.22207626,0.0,Lam,184.1599637,O=C(OC)C1=CC=CC(B(O)O)=C1,2.0,L3.70,1.5,3.3,MeOH/H2O,[H]C(/C=C/C1=CC=CC=C1)=O,50,22.0,70.0,0,2,73,fam6,0,7
594,594,4.5,-8.208398966,C[C@]1(C[C@@]2(OC)C)C(CC(C)C)=C[C@@H]2C(CC3=CC=CC=C3)=C1,-0.09,0.0,0.0,-0.12,-0.17,0.0,-0.27,,310.2296656,94.18429025,,,0.0,0.0,,73.46217037,21.5742147,0.0,76.07416785,332.9066892,0.5,[Rh(C2H4)2Cl]2,27.7279827,0.0,19.22207626,0.0,Lam,170.1226604,OB(C1=CC(C(F)(F)F)=CC=C1)O,2.0,L3.70,1.5,3.3,MeOH/H2O,[H]C(/C=C/C1=CC=CC=C1)=O,50,2.5,85.0,0,2,73,fam6,0,0
595,595,4.0,-8.538892518,C[C@]1(C[C@@]2(OC)C)C(CC(C)C)=C[C@@H]2C(CC3=CC=CC=C3)=C1,-0.09,0.0,0.0,-0.12,-0.17,0.0,-0.27,,310.2296656,94.18429025,,,0.0,0.0,,73.46217037,21.5742147,0.0,76.07416785,332.9066892,0.5,[Rh(C2H4)2Cl]2,27.7279827,0.0,19.22207626,0.0,Lam,160.7102105,COC1=CC=C(B(O)O)C=C1,2.0,L3.70,1.5,3.3,dioxane/H2O,[H]C(/C=C/C1=CC=CC=C1)=O,50,1.25,43.0,0,2,73,fam6,0,0
596,596,3.5,-8.911626353,C[C@]1(C[C@@]2(OC)C)C(CC(C)C)=C[C@@H]2C(CC3=CC=CC=C3)=C1,-0.09,0.0,0.0,-0.12,-0.17,0.0,-0.27,,310.2296656,94.18429025,,,0.0,0.0,,73.46217037,21.5742147,0.0,76.07416785,332.9066892,0.5,[Rh(C2H4)2Cl]2,27.7279827,0.0,19.22207626,0.0,Lam,140.6915573,FC1=CC=C(B(O)O)C=C1,1.5,L3.70,1.5,3.3,MeOH/H2O,[H]C(/C=C/C1=CC=CC=C1)=O,50,1.25,90.0,0,2,73,fam6,0,6
597,597,4.5,-8.208398966,C[C@]1(C[C@@]2(OC)C)C(CC(C)C)=C[C@@H]2C(CC3=CC=CC=C3)=C1,-0.09,0.0,0.0,-0.12,-0.17,0.0,-0.27,,310.2296656,94.18429025,,,0.0,0.0,,73.46217037,21.5742147,0.0,76.07416785,332.9066892,0.5,[Rh(C2H4)2Cl]2,27.7279827,0.0,25.7436293,0.0,Lam,134.6239983,OB(C1=CC=CC=C1)O,1.2,L3.70,1.5,3.3,MeOH/H2O,[H]C(/C=C/C1=CC=CC=C1OC)=O,50,4.0,76.0,0,2,73,fam6,0,0
598,598,3.5,-8.911626353,C[C@]1(C[C@@]2(OC)C)C(CC(C)C)=C[C@@H]2C(CC3=CC=CC=C3)=C1,-0.09,0.0,0.0,-0.12,-0.17,0.0,-0.27,,310.2296656,94.18429025,,,0.0,0.0,,73.46217037,21.5742147,0.0,76.07416785,332.9066892,0.5,[Rh(C2H4)2Cl]2,27.7279827,0.0,17.16241953,0.0,Lam,175.3697368,CC(C1=CC=C(B(O)O)C=C1)=O,1.5,L3.70,1.5,3.3,MeOH/H2O,[H]C(/C=C/C1=CC=C(OC)C=C1)=O,50,1.25,78.0,0,2,73,fam6,0,4
599,599,4.5,-8.208398966,C[C@]1(C[C@@]2(OC)C)C(CC(C)C)=C[C@@H]2C(CC3=CC=CC=C3)=C1,-0.09,0.0,0.0,-0.12,-0.17,0.0,-0.27,,310.2296656,94.18429025,,,0.0,0.0,,73.46217037,21.5742147,0.0,76.07416785,332.9066892,0.5,[Rh(C2H4)2Cl]2,27.7279827,0.0,16.5911728,0.0,Lam,134.6239983,OB(C1=CC=CC=C1)O,1.2,L3.70,1.5,3.3,MeOH/H2O,[H]C(/C=C/C1=CC=C(F)C=C1)=O,50,1.25,87.0,0,2,73,fam6,0,1
600,600,5.0,-7.91120897,C[C@]1(C[C@@]2(OC)C)C(CC(C)C)=C[C@@H]2C(CC3=CC=CC=C3)=C1,-0.09,0.0,0.0,-0.12,-0.17,0.0,-0.27,,310.2296656,94.18429025,,,0.0,0.0,,73.46217037,21.5742147,0.0,76.07416785,332.9066892,0.5,[Rh(C2H4)2Cl]2,27.7279827,0.0,24.11007225,0.0,Lam,134.6239983,OB(C1=CC=CC=C1)O,1.5,L3.70,1.5,3.3,MeOH/H2O,[H]C(/C=C/C1=CC(C)=CC=C1OCC2=CC=CC=C2)=O,50,1.25,78.0,0,2,73,fam6,0,2
601,601,4.5,-8.208398966,C[C@]1(C[C@@]2(OC)C)C(CC(C)C)=C[C@@H]2C(CC3=CC=CC=C3)=C1,-0.09,0.0,0.0,-0.12,-0.17,0.0,-0.27,,310.2296656,94.18429025,,,0.0,0.0,,73.46217037,21.5742147,0.0,76.07416785,332.9066892,0.5,[Rh(C2H4)2Cl]2,26.42553764,0.0,17.90767349,0.0,Lam,175.3697368,CC(C1=CC=C(B(O)O)C=C1)=O,2.0,L3.70,1.5,3.3,MeOH/H2O,O=C(/C=C/C1=CC=CO1)OC(C)(C)C,50,14.0,68.0,0,2,73,fam6,0,1
602,602,4.0,-8.538892518,C[C@]1(C[C@@]2(OC)C)C(CC(C)C)=C[C@@H]2C(CC3=CC=CC=C3)=C1,-0.09,0.0,0.0,-0.12,-0.17,0.0,-0.27,,310.2296656,94.18429025,,,0.0,0.0,,73.46217037,21.5742147,0.0,76.07416785,332.9066892,0.5,[Rh(C2H4)2Cl]2,26.42553764,0.0,17.90767349,0.0,Lam,160.7102105,COC1=CC=C(B(O)O)C=C1,2.0,L3.70,1.5,3.3,MeOH/H2O,O=C(/C=C/C1=CC=CO1)OC(C)(C)C,50,14.0,62.0,0,2,73,fam6,0,2
603,603,5.0,-7.91120897,C[C@]1(C[C@@]2(OC)C)C(CC(C)C)=C[C@@H]2C(CC3=CC=CC=C3)=C1,-0.09,0.0,0.0,-0.12,-0.17,0.0,-0.27,,310.2296656,94.18429025,,,0.0,0.0,,73.46217037,21.5742147,0.0,76.07416785,332.9066892,0.5,[Rh(C2H4)2Cl]2,26.42553764,0.0,21.14727267,0.0,Lam,175.3697368,CC(C1=CC=C(B(O)O)C=C1)=O,1.5,L3.70,1.5,3.3,dioxane/H2O,O=C(/C=C/C1=CC=CS1)OC(C)(C)C,50,14.0,65.0,0,2,73,fam6,0,7
604,604,3.5,-8.911626353,C[C@]1(C[C@@]2(OC)C)C(CC(C)C)=C[C@@H]2C(CC3=CC=CC=C3)=C1,-0.09,0.0,0.0,-0.12,-0.17,0.0,-0.27,,310.2296656,94.18429025,,,0.0,0.0,,73.46217037,21.5742147,0.0,76.07416785,332.9066892,0.5,[Rh(C2H4)2Cl]2,26.42553764,0.0,17.6472701,0.0,Lam,175.3697368,CC(C1=CC=C(B(O)O)C=C1)=O,2.0,L3.70,1.5,3.3,dioxane/H2O,O=C(/C=C/C1=CN=CC=C1)OC(C)(C)C,50,14.0,70.0,0,2,73,fam6,0,1
605,605,4.0,-8.538892518,C[C@]1(C[C@@]2(OC)C)C(CC(C)C)=C[C@@H]2C(CC3=CC=CC=C3)=C1,-0.09,0.0,0.0,-0.12,-0.17,0.0,-0.27,,310.2296656,94.18429025,,,0.0,0.0,,73.46217037,21.5742147,0.0,76.07416785,332.9066892,0.5,[Rh(C2H4)2Cl]2,26.42553764,0.0,19.22207626,0.0,Lam,170.1226604,OB(C1=C(C(F)(F)F)C=CC=C1)O,2.5,L3.70,1.5,3.3,MeOH/H2O,O=C(/C=C/C1=CC=CC=C1)OC(C)(C)C,50,24.0,69.0,0,2,73,fam6,0,0
606,606,4.0,-8.538892518,C[C@]1(C[C@@]2(OC)C)C(CC(C)C)=C[C@@H]2C(CC3=CC=CC=C3)=C1,-0.09,0.0,0.0,-0.12,-0.17,0.0,-0.27,,310.2296656,94.18429025,,,0.0,0.0,,73.46217037,21.5742147,0.0,76.07416785,332.9066892,0.5,[Rh(C2H4)2Cl]2,26.42553764,0.0,19.22207626,0.0,Lam,175.3697368,CC(C1=CC=C(B(O)O)C=C1)=O,1.5,L3.70,1.5,3.3,MeOH/H2O,O=C(/C=C/C1=CC=CC=C1)OC(C)(C)C,50,1.25,76.0,0,2,73,fam6,0,9
607,607,3.75,-8.719284457,C[C@]1(C[C@@]2(OC)C)C(CC(C)C)=C[C@@H]2C(CC3=CC=CC=C3)=C1,-0.09,0.0,0.0,-0.12,-0.17,0.0,-0.27,,310.2296656,94.18429025,,,0.0,0.0,,73.46217037,21.5742147,0.0,76.07416785,332.9066892,0.5,[Rh(C2H4)2Cl]2,26.42553764,0.0,19.22207626,0.0,Lam,160.7102105,COC1=CC=C(B(O)O)C=C1,2.0,L3.70,1.5,3.3,MeOH/H2O,O=C(/C=C/C1=CC=CC=C1)OC(C)(C)C,50,1.25,85.0,0,2,73,fam6,0,1
608,608,4.0,-8.538892518,C[C@]1(C[C@@]2(OC)C)C(CC(C)C)=C[C@@H]2C(CC3=CC=CC=C3)=C1,-0.09,0.0,0.0,-0.12,-0.17,0.0,-0.27,,310.2296656,94.18429025,,,0.0,0.0,,73.46217037,21.5742147,0.0,76.07416785,332.9066892,0.5,[Rh(C2H4)2Cl]2,26.42553764,0.0,25.70726514,0.0,Lam,134.6239983,OB(C1=CC=CC=C1)O,2.0,L3.70,1.5,3.3,MeOH/H2O,O=C(/C=C/C1=CC=CC=C1[N+]([O-])=O)OC(C)(C)C,50,1.25,78.0,0,2,73,fam6,0,9
609,609,4.0,-8.538892518,C[C@]1(C[C@@]2(OC)C)C(CC(C)C)=C[C@@H]2C(CC3=CC=CC=C3)=C1,-0.09,0.0,0.0,-0.12,-0.17,0.0,-0.27,,310.2296656,94.18429025,,,0.0,0.0,,73.46217037,21.5742147,0.0,76.07416785,332.9066892,0.5,[Rh(C2H4)2Cl]2,26.42553764,0.0,25.70726514,0.0,Lam,160.7102105,COC1=CC=C(B(O)O)C=C1,2.0,L3.70,1.5,3.3,MeOH/H2O,O=C(/C=C/C1=CC=CC=C1[N+]([O-])=O)OC(C)(C)C,50,1.25,84.0,0,2,73,fam6,0,5
610,610,3.0,-9.339688589,C[C@]1(C[C@@]2(OC)C)C(CC(C)C)=C[C@@H]2C(CC3=CC=CC=C3)=C1,-0.09,0.0,0.0,-0.12,-0.17,0.0,-0.27,,310.2296656,94.18429025,,,0.0,0.0,,73.46217037,21.5742147,0.0,76.07416785,332.9066892,0.5,[Rh(C2H4)2Cl]2,26.42553764,0.0,20.73896599,0.0,Lam,134.6239983,OB(C1=CC=CC=C1)O,2.0,L3.70,1.5,3.3,MeOH/H2O,O=C(/C=C/C1=CC=CC(F)=C1)OC(C)(C)C,50,1.5,95.0,0,2,73,fam6,0,9
611,611,3.5,-8.911626353,C[C@]1(C[C@@]2(OC)C)C(CC(C)C)=C[C@@H]2C(CC3=CC=CC=C3)=C1,-0.09,0.0,0.0,-0.12,-0.17,0.0,-0.27,,310.2296656,94.18429025,,,0.0,0.0,,73.46217037,21.5742147,0.0,76.07416785,332.9066892,0.5,[Rh(C2H4)2Cl]2,26.42553764,0.0,20.73896599,0.0,Lam,160.7102105,COC1=CC=C(B(O)O)C=C1,2.0,L3.70,1.5,3.3,MeOH/H2O,O=C(/C=C/C1=CC=CC(F)=C1)OC(C)(C)C,50,2.0,93.0,0,2,73,fam6,0,6
612,612,4.5,-8.208398966,C[C@]1(C[C@@]2(OC)C)C(CC(C)C)=C[C@@H]2C(CC3=CC=CC=C3)=C1,-0.09,0.0,0.0,-0.12,-0.17,0.0,-0.27,,310.2296656,94.18429025,,,0.0,0.0,,73.46217037,21.5742147,0.0,76.07416785,332.9066892,0.5,[Rh(C2H4)2Cl]2,26.42553764,0.0,17.16241953,0.0,Lam,134.6239983,OB(C1=CC=CC=C1)O,2.0,L3.70,1.5,3.3,MeOH/H2O,O=C(/C=C/C1=CC=C(OC)C=C1)OC(C)(C)C,50,18.5,95.0,0,2,73,fam6,0,2
613,613,26.0,-2.810340399,C[C@]1(C[C@@]2(OC)C)C(C3=CC=CC=C3)=C[C@@H]2C(CC=C)=C1,-0.16,0.0,0.0,-0.01,-0.17,0.0,-0.27,,266.1670653,36.23374097,,,0.0,0.0,,76.88830503,21.5742147,0.0,76.07416785,278.3822746,0.5,[Rh(C2H4)2Cl]2,27.7279827,0.0,19.22207626,0.0,Lam,160.7102105,COC1=CC=C(B(O)O)C=C1,2.0,L3.71,1.5,3.3,dioxane/H2O,[H]C(/C=C/C1=CC=CC=C1)=O,50,1.25,43.0,0,2,74,fam6,0,1
614,614,40.5,-1.033554812,C[C@]1(C[C@@]2(OC)C)C(C3=CC=CC=C3)=C[C@@H]2C(CC=C)=C1,-0.16,0.0,0.0,-0.01,-0.17,0.0,-0.27,,266.1670653,36.23374097,,,0.0,0.0,,76.88830503,21.5742147,0.0,76.07416785,278.3822746,0.5,[Rh(C2H4)2Cl]2,17.77754503,0.0,19.22207626,0.0,Lam,160.7102105,COC1=CC=C(B(O)O)C=C1,2.0,L3.71,1.5,3.3,dioxane/H2O,O=C(/C=C/C1=CC=CC=C1)OCC,50,18.0,71.0,0,2,74,fam6,0,9
615,615,4.5,-8.208398966,C[C@]1(C[C@@]2(OC)C)C(C3=CC=CC=C3)=C[C@@H]2C(CC=C)=C1,-0.16,0.0,0.0,-0.01,-0.17,0.0,-0.27,,266.1670653,36.23374097,,,0.0,0.0,,76.88830503,21.5742147,0.0,76.07416785,278.3822746,0.5,[Rh(C2H4)2Cl]2,18.06061006,0.0,19.22207626,0.0,Lam,160.7102105,COC1=CC=C(B(O)O)C=C1,2.0,L3.71,1.5,3.3,dioxane/H2O,O=C(/C=C/C1=CC=CC=C1)OCC2=CC=CC=C2,50,18.0,85.0,0,2,74,fam6,0,0
616,616,20.0,-3.724738214,C[C@]1(C[C@@]2(OC)C)C(C3=CC=CC=C3)=C[C@@H]2C(CC4=CC=CC=C4)=C1,-0.09,0.0,0.0,-0.01,-0.17,0.0,-0.27,,330.1983655,94.18429025,,,0.0,0.0,,76.88830503,21.5742147,0.0,76.07416785,336.3328239,0.5,[Rh(C2H4)2Cl]2,27.7279827,0.0,19.22207626,0.0,Lam,160.7102105,COC1=CC=C(B(O)O)C=C1,2.0,L3.72,1.5,3.3,dioxane/H2O,[H]C(/C=C/C1=CC=CC=C1)=O,50,1.25,45.0,0,2,75,fam6,0,8
617,617,99.5,14.22221378,C1(CC2=CC=CC=C2)=C[C@H]3C(CC4=CC=CC=C4)=C[C@@H]1C3,0.0,0.0,-0.09,0.0,0.0,-0.09,0.0,,272.1565006,0.0,,,0.0,94.18429025,,0.0,0.0,94.18429025,20.25598522,279.4546413,1.0,[Rh(C2H4)2Cl]2,22.51198396,19.43509996,0.0,0.0,Lam,170.1226604,OB(O)c1ccc(cc1)C(F)(F)F,2.0,L3.1,1.5,3.0,dioxane/water,O=C1CCCC=C1,50,1.0,90.0,0,1,1,fam1,1,7
618,618,99.7,15.60011097,CC1=C[C@H]2C(C(O)(C)C)=C[C@@H]1C[C@@H]2C(C)C,0.0,0.0,0.0,0.0,0.0,-0.17,-0.15,,220.1827154,0.0,,,0.0,64.9564121,,0.0,0.0,21.5742147,84.57992612,243.0006285,0.5,[Rh(C2H4)2Cl]2,22.51198396,0.0,29.3978241,0.0,Lam,134.6239983,OB(O)C1=CC=CC=C1,1.5,L3.74,1.5,3.3,dioxane,CC(/C=C/[Si](C)(C)C1=CC=CC=C1)=O,50,3.0,97.0,0,1,8,fam7,1,4
619,619,87.0,5.897830392,CC1=C[C@H]2C(C(O)(C)C)=C[C@@H]1C[C@@H]2C(C)C,0.0,0.0,0.0,0.0,0.0,-0.17,-0.15,,220.1827154,0.0,,,0.0,64.9564121,,0.0,0.0,21.5742147,84.57992612,243.0006285,0.5,PI/CB Rh/Ag 9,22.51198396,21.5742147,0.0,0.0,Lam,134.6239983,OB(O)C1=CC=CC=C1,1.5,L3.74,0.75,1.0,toluene,O=C1C=CCC1,100,7.0,86.0,0,1,8,fam7,1,2
620,620,1.75,-9.98503458,CC(C=CC=C1C)=C1C2=C[C@@H]3C=C[C@@]2(C)C[C@]3(OC)C,0.0,0.0,0.0,0.0,-0.17,0.0,-0.27,,268.1827154,0.0,,,0.0,0.0,,111.4802755,21.5742147,0.0,76.07416785,281.0187336,0.5,[Rh(C2H4)2Cl]2,22.51198396,19.43509996,0.0,0.0,Lam,160.7102105,OB(O)C1=CC=C(OC)C=C1,2.0,L3.52,1.0,2.2,DCM,O=C1C=CCCC1,25,1.0,83.0,0,2,16,fam5,0,5
621,621,92.5,6.750139815,ClC1=CC=C(C2=C[C@H]3C(C4=CC=C(C=C4)Cl)=C[C@@]2(C3(C)C)C)C=C1,0.0,-0.17,0.12,0.0,0.0,0.12,-0.17,,382.1255061,0.0,,,21.5742147,109.3953583,,0.0,0.0,109.3953583,54.84795567,361.764733,1.0,[Rh(C2H4)2Cl]2,22.51198396,19.43509996,0.0,0.0,Lam,160.7102105,OB(O)C1=CC=C(OC)C=C1,1.5,L3.16,2.5,6.0,dioxane,O=C1C=CCCC1,50,3.0,98.0,0,1,35,fam2,1,3
622,622,99.1,11.85029667,CC1=C[C@H]2C(C(O)(C)C)=C[C@@H]1C[C@@H]2C(C)C,0.0,0.0,0.0,0.0,0.0,-0.17,-0.15,,220.1827154,0.0,,,0.0,64.9564121,,0.0,0.0,21.5742147,84.57992612,243.0006285,0.5,[Rh(C2H4)2Cl]2,22.51198396,19.43509996,0.0,0.0,Lam,160.7102105,OB(O)C1=CC=C(OC)C=C1,1.5,L3.74,1.5,3.3,dioxane,O=C1C=CCCC1,30,1.0,98.0,0,1,8,fam7,1,6
623,623,97.5,9.234156144,C1(CC2=CC=CC=C2)=C[C@H]3C(CC4=CC=CC=C4)=C[C@@H]1C3,0.0,0.0,-0.09,0.0,0.0,-0.09,0.0,,272.1565006,0.0,,,0.0,94.18429025,,0.0,0.0,94.18429025,20.25598522,279.4546413,1.0,[Rh(C2H4)2Cl]2,22.51198396,19.43509996,0.0,0.0,Lam,426.2905738,COC(C=C1)=CC=C1B2OB(C3=CC=C(OC)C=C3)OB(C4=CC=C(OC)C=C4)O2,2.0,L3.1,1.5,3.0,dioxane,O=C1C=CCCC1,30,1.0,89.0,0,1,1,fam1,1,0
624,624,98.0,9.809491361,C[C@@]1(C=C([C@@H]2C=C1C3=CC=C(C=C3)[N+]([O-])=O)C4=CC=C(C=C4)[N+]([O-])=O)C2(C)C,0.0,-0.17,0.26,0.0,0.0,0.26,-0.17,,376.1423071,0.0,,,21.5742147,102.8290606,,0.0,0.0,102.8290606,54.84795567,348.6321376,1.0,[Rh(C2H4)2Cl]2,22.51198396,19.43509996,0.0,0.0,Lam,170.1226604,FC(C1=CC(B(O)O)=CC=C1)(F)F,2.0,L3.14,1.5,3.6,EtOH,O=C1C=CCCC1,30,1.0,96.0,0,1,14,fam2,1,3
625,625,98.5,10.54743293,C1(CC2=CC=CC=C2)=C[C@H]3C(CC4=CC=CC=C4)=C[C@@H]1C3,0.0,0.0,-0.09,0.0,0.0,-0.09,0.0,,272.1565006,0.0,,,0.0,94.18429025,,0.0,0.0,94.18429025,20.25598522,279.4546413,1.0,[Rh(C2H4)2Cl]2,22.51198396,19.43509996,0.0,0.0,Lam,426.2905738,COC1=CC(B2OB(C3=CC=CC(OC)=C3)OB(C4=CC(OC)=CC=C4)O2)=CC=C1,2.0,L3.1,1.5,3.0,dioxane/H2O,O=C1C=CCCC1,30,1.0,92.0,0,1,1,fam1,1,2
626,626,96.5,8.911626353,C1(CC2=CC=CC=C2)=C[C@H]3C(CC4=CC=CC=C4)=C[C@@H]1C3,0.0,0.0,-0.09,0.0,0.0,-0.09,0.0,,272.1565006,0.0,,,0.0,94.18429025,,0.0,0.0,94.18429025,20.25598522,279.4546413,1.0,[Rh(C2H4)2Cl]2,22.51198396,19.43509996,0.0,0.0,Lam,393.6651414,ClC1=CC(B2OB(C3=CC=CC(Cl)=C3)OB(C4=CC(Cl)=CC=C4)O2)=CC=C1,2.0,L3.1,1.5,3.0,dioxane/H2O,O=C1C=CCCC1,50,1.0,92.0,0,1,1,fam1,1,9
627,627,98.0,9.809491361,C1(CC2=CC=CC=C2)=C[C@H]3C(CC4=CC=CC=C4)=C[C@@H]1C3,0.0,0.0,-0.09,0.0,0.0,-0.09,0.0,,272.1565006,0.0,,,0.0,94.18429025,,0.0,0.0,94.18429025,20.25598522,279.4546413,1.0,[Rh(C2H4)2Cl]2,22.51198396,19.43509996,0.0,0.0,Lam,399.919893,CC(C=C1)=CC=C1B2OB(C3=CC=C(C)C=C3)OB(C4=CC=C(C)C=C4)O2,2.0,L3.1,1.5,3.0,dioxane/H2O,O=C1C=CCCC1,30,1.0,88.0,0,1,1,fam1,1,4
628,628,98.5,12.98292792,CC1=C[C@H]2C(C(O)(C)C)=C[C@@H]1C[C@@H]2C(C)C,0.0,0.0,0.0,0.0,0.0,-0.17,-0.15,,220.1827154,0.0,,,0.0,64.9564121,,0.0,0.0,21.5742147,84.57992612,243.0006285,0.5,PI/CB Rh/Ag 15,22.51198396,19.43509996,0.0,0.0,Lam,203.8079392,CC(C1=CC=C(B(O)O)C=C1)(C)C,1.5,L3.74,0.75,1.0,toluene/H2O,O=C1C=CCCC1,100,24.0,89.0,0,1,8,fam7,1,8
629,629,1.0,-11.39115587,CC(C=CC=C1C)=C1C2=C[C@@H]3C=C[C@@]2(C)C[C@]3(OC)C,0.0,0.0,0.0,0.0,-0.17,0.0,-0.27,,268.1827154,0.0,,,0.0,0.0,,111.4802755,21.5742147,0.0,76.07416785,281.0187336,0.5,[Rh(C2H4)2Cl]2,22.51198396,19.43509996,0.0,0.0,Lam,140.6915573,FC1=CC=C(B(O)O)C=C1,2.0,L3.52,1.0,2.2,MeOH/CH2Cl2,O=C1C=CCCC1,25,1.0,84.0,0,2,16,fam5,0,3
630,630,96.4,8.286459846,CC1=C[C@H]2C(C(O)(C)C)=C[C@@H]1C[C@@H]2C(C)C,0.0,0.0,0.0,0.0,0.0,-0.17,-0.15,,220.1827154,0.0,,,0.0,64.9564121,,0.0,0.0,21.5742147,84.57992612,243.0006285,0.5,[Rh(C2H4)2Cl]2,22.51198396,0.0,28.08309257,0.0,Lam,134.6239983,OB(C1=CC=CC=C1)O,1.5,L3.74,1.5,3.3,dioxane/H2O,CC(/C=C/C(C)C)=O,30,3.0,84.0,0,1,8,fam7,1,0
631,631,99.0,12.34630897,CC1=C[C@H]2C(C(O)(C)C)=C[C@@H]1C[C@@H]2C(C)C,0.0,0.0,0.0,0.0,0.0,-0.17,-0.15,,220.1827154,0.0,,,0.0,64.9564121,,0.0,0.0,21.5742147,84.57992612,243.0006285,0.5,[Rh(C2H4)2Cl]2,22.51198396,18.72206172,0.0,0.0,Lam,134.6239983,OB(C1=CC=CC=C1)O,1.5,L3.74,1.5,3.3,dioxane/H2O,O=C1C=CCCCC1,50,1.0,94.0,0,1,8,fam7,1,1
632,632,2.5,-11.36640398,CC1=C[C@H]2C(C(O)(C)C)=C[C@@H]1C[C@@H]2C(C)C,0.0,0.0,0.0,0.0,0.0,-0.17,-0.15,,220.1827154,0.0,,,0.0,64.9564121,,0.0,0.0,21.5742147,84.57992612,243.0006285,0.5,PI/CB Rh/Ag 8,22.51198396,0.0,18.15163112,0.0,Lam,134.6239983,OB(C1=CC=CC=C1)O,2.0,L3.74,1.5,2.0,toluene/H2O,CC(/C=C/CCCCC)=O,100,12.0,83.0,0,1,8,fam7,0,0
633,633,4.0,-9.860088947,CC1=C[C@H]2C(C(O)(C)C)=C[C@@H]1C[C@@H]2C(C)C,0.0,0.0,0.0,0.0,0.0,-0.17,-0.15,,220.1827154,0.0,,,0.0,64.9564121,,0.0,0.0,21.5742147,84.57992612,243.0006285,0.5,PI/CB Rh/Ag 15,20.06761165,0.0,21.5742147,0.0,Lam,134.6239983,OB(C1=CC=CC=C1)O,2.0,L3.74,1.5,2.0,toluene/H2O,C/C=C/C(C1=CC=CC=C1)=O,100,12.0,72.0,0,1,8,fam7,0,1
634,634,3.0,-10.78478972,CC1=C[C@H]2C(C(O)(C)C)=C[C@@H]1C[C@@H]2C(C)C,0.0,0.0,0.0,0.0,0.0,-0.17,-0.15,,220.1827154,0.0,,,0.0,64.9564121,,0.0,0.0,21.5742147,84.57992612,243.0006285,0.5,PI/CB Rh/Ag 15,20.06761165,0.0,18.72206172,0.0,Lam,134.6239983,OB(C1=CC=CC=C1)O,2.0,L3.74,1.5,2.0,toluene/H2O,O=C(/C=C/CCC)C1=CC=CC=C1,100,18.0,88.0,0,1,8,fam7,0,7
635,635,99.0,14.25661517,CC1=C[C@H]2C(C(O)(C)C)=C[C@@H]1C[C@@H]2C(C)C,0.0,0.0,0.0,0.0,0.0,-0.17,-0.15,,220.1827154,0.0,,,0.0,64.9564121,,0.0,0.0,21.5742147,84.57992612,243.0006285,0.5,PI/CB Rh/Ag 9,22.51198396,19.43509996,0.0,0.0,Lam,140.6915573,FC1=CC=C(B(O)O)C=C1,1.5,L3.74,0.75,1.0,toluene/H2O,O=C1C=CCCC1,100,24.0,87.0,0,1,8,fam7,1,4
636,636,98.5,11.24328864,C1(CC2=CC=CC=C2)=C[C@H]3C(CC4=CC=CC=C4)=C[C@@H]1C3,0.0,0.0,-0.09,0.0,0.0,-0.09,0.0,,272.1565006,0.0,,,0.0,94.18429025,,0.0,0.0,94.18429025,20.25598522,279.4546413,1.0,[Rh(C2H4)2Cl]2,22.51198396,19.43509996,0.0,0.0,Lam,366.2346142,FC(C=C1)=CC=C1B2OB(C3=CC=C(F)C=C3)OB(C4=CC=C(F)C=C4)O2,2.0,L3.1,1.5,3.0,dioxane/H2O,O=C1C=CCCC1,50,1.0,91.0,0,1,1,fam1,1,2
637,637,3.5,-8.222192162,CC(C=CC=C1C)=C1C2=C[C@@H]3C=C[C@@]2(C)C[C@]3(OC)C,0.0,0.0,0.0,0.0,-0.17,0.0,-0.27,,268.1827154,0.0,,,0.0,0.0,,111.4802755,21.5742147,0.0,76.07416785,281.0187336,0.5,[Rh(C2H4)2Cl]2,22.51198396,19.43509996,0.0,0.0,Lam,149.8350664,ClC1=CC=C(B(O)O)C=C1,2.0,L3.52,1.0,2.2,MeOH/CH2Cl2,O=C1C=CCCC1,25,1.0,77.0,0,2,16,fam5,0,2
638,638,98.5,12.98292792,CC1=C[C@H]2C(C(O)(C)C)=C[C@@H]1C[C@@H]2C(C)C,0.0,0.0,0.0,0.0,0.0,-0.17,-0.15,,220.1827154,0.0,,,0.0,64.9564121,,0.0,0.0,21.5742147,84.57992612,243.0006285,0.5,PI/CB Rh/Ag 9,22.51198396,19.43509996,0.0,0.0,Lam,169.2159688,CC1=CC(B(O)O)=CC(C)=C1,1.5,L3.74,0.75,1.0,toluene/H2O,O=C1C=CCCC1,100,11.0,96.0,0,1,8,fam7,1,6
639,639,12.5,-4.823849331,CC(C=CC=C1C)=C1C2=C[C@@H]3C=C[C@@]2(C)C[C@]3(OC)C,0.0,0.0,0.0,0.0,-0.17,0.0,-0.27,,268.1827154,0.0,,,0.0,0.0,,111.4802755,21.5742147,0.0,76.07416785,281.0187336,0.5,[Rh(C2H4)2Cl]2,22.51198396,19.43509996,0.0,0.0,Lam,175.2785624,OB(C1=CC=CC2=C1C=CC=C2)O,2.0,L3.52,1.0,2.2,MeOH/CH2Cl2,O=C1C=CCCC1,25,1.0,45.0,0,2,16,fam5,0,5
640,640,97.5,11.36640398,CC1=C[C@H]2C(C(O)(C)C)=C[C@@H]1C[C@@H]2C(C)C,0.0,0.0,0.0,0.0,0.0,-0.17,-0.15,,220.1827154,0.0,,,0.0,64.9564121,,0.0,0.0,21.5742147,84.57992612,243.0006285,0.5,PI/CB Rh/Ag 9,22.51198396,19.43509996,0.0,0.0,Lam,175.2785624,OB(C1=CC2=C(C=CC=C2)C=C1)O,2.0,L3.74,1.5,2.0,toluene/H2O,O=C1C=CCCC1,100,12.0,90.0,0,1,8,fam7,1,5
641,641,98.0,9.809491361,C1(CC2=CC=CC=C2)=C[C@H]3C(CC4=CC=CC=C4)=C[C@@H]1C3,0.0,0.0,-0.09,0.0,0.0,-0.09,0.0,,272.1565006,0.0,,,0.0,94.18429025,,0.0,0.0,94.18429025,20.25598522,279.4546413,1.0,[Rh(C2H4)2Cl]2,22.51198396,19.43509996,0.0,0.0,Lam,469.9956295,B1(C2=CC(C=CC=C3)=C3C=C2)OB(C4=CC=C(C=CC=C5)C5=C4)OB(C6=CC=C(C=CC=C7)C7=C6)O1,2.0,L3.1,1.5,3.0,dioxane/H2O,O=C1C=CCCC1,30,1.0,96.0,0,1,1,fam1,1,0
642,642,9.0,-5.735427358,C1(C2CCCCC2)=C[C@@H]3C(C4CCCCC4)=C[C@H]1C3,-0.15,0.0,0.0,-0.15,0.0,0.0,0.0,,256.2191009,95.69768187,,,0.0,0.0,,95.69768187,0.0,0.0,20.25598522,282.4814245,0.0,[Rh(C2H4)2Cl]2,22.51198396,21.5742147,0.0,0.0,Lam,134.6239983,OB(O)C1=CC=CC=C1,2.0,L3.8,1.5,3.3,dioxane,O=C1C=CCC1,25,16.0,54.0,0,2,24,fam1,0,1
643,643,96.0,8.538892518,OC(CC(C)C)(C1=C[C@H]2C=C[C@@H]1CC2)CC(C)C,0.0,0.0,0.0,0.0,0.0,0.0,0.0,,248.2140155,0.0,,,0.0,168.7323234,,0.0,0.0,0.0,32.69197045,277.5925989,0.5,[Rh(C2H4)2Cl]2,22.51198396,19.43509996,0.0,0.0,Lam,163.1533752,CCCC/C=C/B(O)O,2.0,L3.19,0.5,1.1,dioxane/H2O,O=C1C=CCCC1,50,2.0,90.0,0,1,9,fam3,1,2
644,644,95.0,8.645655107,CC1=C[C@H]2C(C(OC3=C4C(C=CC=C4)=CC=C3)=O)=C[C@@H]1C[C@@H]2C(C)C,0.0,0.0,0.44,0.0,0.0,-0.17,-0.15,,332.17763,0.0,,,0.0,149.7828493,,0.0,0.0,21.5742147,84.57992612,327.8270656,0.5,[Rh(C2H4)2Cl]2,20.21646842,0.0,18.72206172,0.0,Lam,234.8336777,CC1(C)OB(C2=CC=CC=C2O)OC1(C)C,2.0,L3.80,5.0,10.0,dioxane/H2O,ClC1=CC(C(F)(F)F)=CN=C1/C=C/CCC,80,16.0,41.0,0,1,76,fam7,1,7
645,645,2.0,-12.07458915,CC1=C[C@H]2C(C(OC3=CC4=C(C=CC=C4)C=C3)=O)=C[C@@H]1C[C@@H]2C(C)C,0.0,0.0,0.44,0.0,0.0,-0.17,-0.15,,332.17763,0.0,,,0.0,149.7828493,,0.0,0.0,21.5742147,84.57992612,327.8270656,0.5,PI/CB RhAg 15,20.77331772,0.0,21.5742147,0.0,Lam,134.6239983,OB(O)C1=CC=CC=C1,2.0,L3.81,1.5,2.0,toluene,CCC(/C=C/C)=O,100,12.0,82.0,0,1,70,fam7,0,1
646,646,98.0,10.45666216,C1(CC2=CC=CC=C2)=C[C@H]3C(CC4=CC=CC=C4)=C[C@@H]1C3,0.0,0.0,-0.09,0.0,0.0,-0.09,0.0,,272.1565006,0.0,,,0.0,94.18429025,,0.0,0.0,94.18429025,20.25598522,279.4546413,1.0,[Rh(C2H4)2Cl]2,22.51198396,19.43509996,0.0,0.0,Lam,180.4493604,CCCCC/C=C/B(O)O,2.0,L3.1,5.0,11.0,dioxane/H2O,O=C1C=CCCC1,50,1.0,78.0,0,1,1,fam1,1,0
647,647,99.7,14.63460821,CC1=C[C@H]2C(C(O)(C)C)=C[C@@H]1C[C@@H]2C(C)C,0.0,0.0,0.0,0.0,0.0,-0.17,-0.15,,220.1827154,0.0,,,0.0,64.9564121,,0.0,0.0,21.5742147,84.57992612,243.0006285,0.5,[Rh(C2H4)2Cl]2,22.51198396,19.43509996,0.0,0.0,Lam,180.4493604,CCCCC/C=C/B(O)O,1.5,L3.74,1.5,3.3,dioxane/H2O,O=C1C=CCCC1,30,3.0,81.0,0,1,8,fam7,1,4
648,648,93.5,7.828551917,CC1=C[C@H]2C(C(N(C(C)C)C(C)C)=O)=C[C@@H]1C[C@@H]2C(C)C,0.0,0.0,0.36,0.0,0.0,-0.17,-0.15,,289.2405646,0.0,,,0.0,142.5006546,,0.0,0.0,21.5742147,84.57992612,320.544871,0.5,[Rh(C2H4)2Cl]2,17.13817676,0.0,18.58004591,0.0,Lam,134.6239983,OB(C1=CC=CC=C1)O,2.4,L3.82,2.5,6.0,dioxane/H2O,O=[N+](C1=CC=C(/C=C/CCC2=CC=CC=C2)C=C1)[O-],80,0.5,84.0,0,1,77,fam7,1,8
649,649,97.5,10.75719031,CC1=C[C@H]2C(C(NC3CCCCC3)=O)=C[C@@H]1C[C@@H]2C(C)C,0.0,0.0,0.36,0.0,0.0,-0.17,-0.15,,287.2249145,0.0,,,0.0,130.1441957,,0.0,0.0,21.5742147,84.57992612,308.1884121,0.5,[Rh(C2H4)2Cl]2,17.13817676,0.0,18.58004591,0.0,Lam,134.6239983,OB(C1=CC=CC=C1)O,2.4,L3.83,2.5,6.0,dioxane/H2O,O=[N+](C1=CC=C(/C=C/CCC2=CC=CC=C2)C=C1)[O-],80,0.5,24.0,0,1,78,fam7,1,1
650,650,95.0,8.645655107,CC1=C[C@H]2C(C(NCC3=CC=CC=C3)=O)=C[C@@H]1C[C@@H]2C(C)C,0.0,0.0,0.36,0.0,0.0,-0.17,-0.15,,295.1936144,0.0,,,0.0,128.6308041,,0.0,0.0,21.5742147,84.57992612,306.6750204,0.5,[Rh(C2H4)2Cl]2,17.13817676,0.0,18.58004591,0.0,Lam,134.6239983,OB(C1=CC=CC=C1)O,2.4,L3.84,2.5,6.0,dioxane/H2O,O=[N+](C1=CC=C(/C=C/CCC2=CC=CC=C2)C=C1)[O-],80,0.5,44.0,0,1,79,fam7,1,1
651,651,95.5,8.970435076,CC1=C[C@H]2C(C(N(CC3=CC=CC=C3)CC4=CC=CC=C4)=O)=C[C@@H]1C[C@@H]2C(C)C,0.0,0.0,0.36,0.0,0.0,-0.17,-0.15,,385.2405646,0.0,,,0.0,218.5368649,,0.0,0.0,21.5742147,84.57992612,396.5810812,0.5,[Rh(C2H4)2Cl]2,16.08830599,0.0,18.36554259,0.0,Lam,134.6239983,OB(C1=CC=CC=C1)O,2.4,L3.85,2.5,6.0,dioxane/H2O,CCCC/C=C/C1=NC=C([N+]([O-])=O)C=C1,80,0.5,91.0,0,1,80,fam7,1,6
652,652,97.5,10.75719031,CC1=C[C@H]2C(C(N(CC3=CC=CC=C3)CC4=CC=CC=C4)=O)=C[C@@H]1C[C@@H]2C(C)C,0.0,0.0,0.36,0.0,0.0,-0.17,-0.15,,385.2405646,0.0,,,0.0,218.5368649,,0.0,0.0,21.5742147,84.57992612,396.5810812,0.5,[Rh(C2H4)2Cl]2,20.21646842,0.0,18.72206172,0.0,Lam,234.8336777,CC1(C)OB(C2=CC=CC=C2O)OC1(C)C,2.0,L3.85,5.0,10.0,dioxane/H2O,ClC1=CC(C(F)(F)F)=CN=C1/C=C/CCC,80,16.0,72.0,0,1,80,fam7,1,2
653,653,97.5,11.36640398,CC1=C[C@H]2C(C(N(CC3=CC=CC=C3)CC4=CC=CC=C4)=O)=C[C@@H]1C[C@@H]2C(C)C,0.0,0.0,0.36,0.0,0.0,-0.17,-0.15,,385.2405646,0.0,,,0.0,218.5368649,,0.0,0.0,21.5742147,84.57992612,396.5810812,0.5,[Rh(C2H4)2Cl]2,20.21646842,0.0,18.72206172,0.0,Lam,252.1296629,CC1(C)OB(C2=CC(C)=CC=C2O)OC1(C)C,4.0,L3.85,5.0,10.0,dioxane/H2O,ClC1=CC(C(F)(F)F)=CN=C1/C=C/CCC,100,16.0,62.0,0,1,80,fam7,1,9
654,654,96.0,9.860088947,CC1=C[C@H]2C(C(N(CC3=CC=CC=C3)CC4=CC=CC=C4)=O)=C[C@@H]1C[C@@H]2C(C)C,0.0,0.0,0.36,0.0,0.0,-0.17,-0.15,,385.2405646,0.0,,,0.0,218.5368649,,0.0,0.0,21.5742147,84.57992612,396.5810812,0.5,[Rh(C2H4)2Cl]2,18.13666273,0.0,18.00902347,0.0,Lam,234.8336777,CC1(C)OB(C2=CC=CC=C2O)OC1(C)C,4.0,L3.85,5.0,10.0,dioxane/H2O,ClC1=CC(C#N)=CN=C1/C=C/CCCCCC,100,16.0,56.0,0,1,80,fam7,1,1
655,655,96.5,9.738947383,CC1=C[C@H]2C(C(N(CC3=CC=CC=C3)CC4=CC=CC=C4)=O)=C[C@@H]1C[C@@H]2C(C)C,0.0,0.0,0.36,0.0,0.0,-0.17,-0.15,,385.2405646,0.0,,,0.0,218.5368649,,0.0,0.0,21.5742147,84.57992612,396.5810812,0.5,[Rh(C2H4)2Cl]2,17.13817676,0.0,29.17730978,0.0,Lam,134.6239983,OB(C1=CC=CC=C1)O,2.4,L3.85,1.25,3.0,dioxane/H2O,C[Si](C(C)(C)C)(C)OCCC/C=C/C1=CC=C([N+]([O-])=O)C=C1,80,1.5,88.0,0,1,80,fam7,1,5
656,656,93.5,7.828551917,CC1=C[C@H]2C(C(N(CC3=CC=CC=C3)CC4=CC=CC=C4)=O)=C[C@@H]1C[C@@H]2C(C)C,0.0,0.0,0.36,0.0,0.0,-0.17,-0.15,,385.2405646,0.0,,,0.0,218.5368649,,0.0,0.0,21.5742147,84.57992612,396.5810812,0.5,[Rh(C2H4)2Cl]2,20.02084097,0.0,18.36554259,0.0,Lam,134.6239983,OB(C1=CC=CC=C1)O,2.4,L3.85,2.5,6.0,dioxane/H2O,CCCC/C=C/C1=CC(C)=C([N+]([O-])=O)C=C1,80,1.0,79.0,0,1,80,fam7,1,2
657,657,97.0,10.20674927,CC1=C[C@H]2C(C(N(CC3=CC=CC=C3)CC4=CC=CC=C4)=O)=C[C@@H]1C[C@@H]2C(C)C,0.0,0.0,0.36,0.0,0.0,-0.17,-0.15,,385.2405646,0.0,,,0.0,218.5368649,,0.0,0.0,21.5742147,84.57992612,396.5810812,0.5,[Rh(C2H4)2Cl]2,17.13817676,0.0,18.58004591,0.0,Lam,134.6239983,OB(C1=CC=CC=C1)O,2.4,L3.85,2.5,6.0,dioxane/H2O,O=[N+](C1=CC=C(/C=C/CCC2=CC=CC=C2)C=C1)[O-],80,0.5,95.0,0,1,80,fam7,1,0
658,658,99.0,13.49249269,O=C(C1=C[C@H]2C(C)=C[C@@H]1[C@H](C2)C(C)C)N[C@@H]3[C@H](CCCC3)N4C(C)=CC=C4C,0.0,0.0,0.36,0.0,0.0,-0.17,-0.15,,380.2827638,0.0,,,0.0,216.3874908,,0.0,0.0,21.5742147,84.57992612,394.4317072,0.5,[Rh(C2H4)2Cl]2,16.07246394,0.0,31.15753054,0.0,Lam,134.6239983,OB(C1=CC=CC=C1)O,2.4,L3.86,2.5,6.0,dioxane/H2O,C[Si](C)(C(C)(C)C)OCC/C=C/C1=NC=CC=N1,80,0.5,72.0,0,1,81,fam7,1,8
659,659,98.5,12.28707221,O=C(C1=C[C@H]2C(C)=C[C@@H]1[C@H](C2)C(C)C)N[C@@H]3[C@H](CCCC3)N4C(C)=CC=C4C,0.0,0.0,0.36,0.0,0.0,-0.17,-0.15,,380.2827638,0.0,,,0.0,216.3874908,,0.0,0.0,21.5742147,84.57992612,394.4317072,0.5,[Rh(C2H4)2Cl]2,16.07246394,0.0,31.15753054,0.0,Lam,140.6915573,FC(C=C1)=CC=C1B(O)O,2.4,L3.86,2.5,6.0,dioxane/H2O,C[Si](C)(C(C)(C)C)OCC/C=C/C1=NC=CC=N1,80,0.5,65.0,0,1,81,fam7,1,2
660,660,96.5,9.738947383,O=C(C1=C[C@H]2C(C)=C[C@@H]1[C@H](C2)C(C)C)N[C@@H]3[C@H](CCCC3)N4C(C)=CC=C4C,0.0,0.0,0.36,0.0,0.0,-0.17,-0.15,,380.2827638,0.0,,,0.0,216.3874908,,0.0,0.0,21.5742147,84.57992612,394.4317072,0.5,[Rh(C2H4)2Cl]2,14.67972665,0.0,19.22207626,0.0,Lam,210.513249,ClC1=CC(B(O)O)=CC=C1OC(C)C,2.4,L3.86,2.5,6.0,dioxane/H2O,C12=CC=CC=C1OC(/C=C/C3=CC=CC=C3)=N2,80,0.5,69.0,0,1,81,fam7,1,9
661,661,96.5,9.738947383,O=C(C1=C[C@H]2C(C)=C[C@@H]1[C@H](C2)C(C)C)N[C@@H]3[C@H](CCCC3)N4C(C)=CC=C4C,0.0,0.0,0.36,0.0,0.0,-0.17,-0.15,,380.2827638,0.0,,,0.0,216.3874908,,0.0,0.0,21.5742147,84.57992612,394.4317072,0.5,[Rh(C2H4)2Cl]2,14.67972665,0.0,19.22207626,0.0,Lam,175.2785624,OB(C1=CC=C(C=CC=C2)C2=C1)O,2.4,L3.86,2.5,6.0,dioxane/H2O,C12=CC=CC=C1OC(/C=C/C3=CC=CC=C3)=N2,80,0.5,78.0,0,1,81,fam7,1,5
662,662,97.5,10.75719031,O=C(C1=C[C@H]2C(C)=C[C@@H]1[C@H](C2)C(C)C)N[C@@H]3[C@H](CCCC3)N4C(C)=CC=C4C,0.0,0.0,0.36,0.0,0.0,-0.17,-0.15,,380.2827638,0.0,,,0.0,216.3874908,,0.0,0.0,21.5742147,84.57992612,394.4317072,0.5,[Rh(C2H4)2Cl]2,18.54060741,0.0,18.36554259,0.0,Lam,134.6239983,OB(C1=CC=CC=C1)O,2.4,L3.86,2.5,6.0,dioxane/H2O,CCCC/C=C/C1=NC2=CC=CC=C2C=C1,80,0.5,56.0,0,1,81,fam7,1,0
663,663,96.75,9.964145147,O=C(C1=C[C@H]2C(C)=C[C@@H]1[C@H](C2)C(C)C)N[C@@H]3[C@H](CCCC3)N4C(C)=CC=C4C,0.0,0.0,0.36,0.0,0.0,-0.17,-0.15,,380.2827638,0.0,,,0.0,216.3874908,,0.0,0.0,21.5742147,84.57992612,394.4317072,0.5,[Rh(C2H4)2Cl]2,18.54060741,0.0,18.36554259,0.0,Lam,151.9199836,CC1=CC(B(O)O)=CC=C1,2.4,L3.86,2.5,6.0,dioxane/H2O,CCCC/C=C/C1=NC2=CC=CC=C2C=C1,80,0.5,71.0,0,1,81,fam7,1,1
664,664,95.0,8.645655107,O=C(C1=C[C@H]2C(C)=C[C@@H]1[C@H](C2)C(C)C)N[C@@H]3[C@H](CCCC3)N4C(C)=CC=C4C,0.0,0.0,0.36,0.0,0.0,-0.17,-0.15,,380.2827638,0.0,,,0.0,216.3874908,,0.0,0.0,21.5742147,84.57992612,394.4317072,0.5,[Rh(C2H4)2Cl]2,20.98888397,0.0,18.58004591,0.0,Lam,134.6239983,OB(C1=CC=CC=C1)O,2.0,L3.86,2.5,6.0,dioxane/H2O,C12=CC=CC=C1N=CC(/C=C/CCC3=CC=CC=C3)=N2,80,0.5,80.0,0,1,81,fam7,1,1
665,665,98.0,11.42741835,O=C(C1=C[C@H]2C(C)=C[C@@H]1[C@H](C2)C(C)C)N[C@@H]3[C@H](CCCC3)N4C(C)=CC=C4C,0.0,0.0,0.36,0.0,0.0,-0.17,-0.15,,380.2827638,0.0,,,0.0,216.3874908,,0.0,0.0,21.5742147,84.57992612,394.4317072,0.5,[Rh(C2H4)2Cl]2,17.13817676,0.0,18.58004591,0.0,Lam,134.6239983,OB(C1=CC=CC=C1)O,2.4,L3.86,2.5,6.0,dioxane/H2O,O=[N+](C1=CC=C(/C=C/CCC2=CC=CC=C2)C=C1)[O-],80,0.5,35.0,0,1,81,fam7,1,6
666,666,85.0,5.670143158,O=C(C1=C[C@H]2C(C)=C[C@@H]1[C@H](C2)C(C)C)N3CCOCC3,0.0,0.0,0.36,0.0,0.0,-0.17,-0.15,,275.188529,0.0,,,0.0,104.3424522,,0.0,0.0,21.5742147,84.57992612,282.3866686,0.5,[Rh(C2H4)2Cl]2,17.13817676,0.0,18.58004591,0.0,Lam,134.6239983,OB(C1=CC=CC=C1)O,2.4,L3.87,2.5,6.0,dioxane/H2O,O=[N+](C1=CC=C(/C=C/CCC2=CC=CC=C2)C=C1)[O-],120,0.5,76.0,0,1,82,fam7,1,9
667,667,99.7,14.63460821,CC1=C[C@H]2C(C(O)(C)C)=C[C@@H]1C[C@@H]2C(C)C,0.0,0.0,0.0,0.0,0.0,-0.17,-0.15,,220.1827154,0.0,,,0.0,64.9564121,,0.0,0.0,21.5742147,84.57992612,243.0006285,0.5,[Rh(C2H4)2Cl]2,22.51198396,19.43509996,0.0,0.0,Lam,166.5795098,OB(/C=C/C1=CC=CC=C1)O,1.5,L3.74,1.5,3.3,dioxane/H2O,O=C1C=CCCC1,30,3.0,97.0,0,1,8,fam7,1,3
