,Entry,Sub,Product,Precat,equiv1,temp,temp/Celsius,additive1,equiv2,additive2,equiv3,Solvent1,Solvent2,v/v,conc,m-CPBA(eq),yield (%),ee (%),er,K,ddG/kcal/mol,ddG,fold
0,R1365,CC(C=C1Br)=C(F)C=C1O,BrC(C(C=C1F)=O)=C[C@@]1(O)C,IC1=C2C(CC(C)(C)[C@@H]2OCC3=CC=CC=C3)=CC=C1O[C@@H](C)C(NC4=C(C5=CC=CC=C5)C=CC=C4C6=CC=CC=C6)=O,0.1,283.15,10,O=C(C)CC,0.0,O=C(C)CC,0,CCC(=O)C,O,2,0.167,2.2,67,81.0,90.5,9.526315789,1.268312068,5.306617691,6
1,R0104,OC1=C(CCC(O)=O)C2=C(C=CC=C2F)C=C1,O=C1[C@@]2(OC(CC2)=O)C3=C(C=CC=C3F)C=C1,IC1=C(O[C@@H](C)CNC(C2=C(C=CC=C3)C3=CC4=C2C=CC=C4)=O)C=CC=C1O[C@@H](C)CNC(C5=C(C=CC=C6)C6=CC7=C5C=CC=C7)=O,0.05,253.15,-20,OC(C(F)(F)F)C(F)(F)F,50.0,OC(C(F)(F)F)C(F)(F)F,0,C(CCl)Cl,C(CCl)Cl,0,0.02,1.2,83,95.0,97.5,39.0,1.843002385,7.711121979,1
2,R2411,OC1=C(CCC(O)=O)C=C(C2CCCCC2)C3=CC=CC=C31,O=C1[C@@]2(CCC(O2)=O)C=C(C3CCCCC3)C4=CC=CC=C41,O=C(OI1C2=CC=CC3=C2C4(CCC5=C4C(I(OC(C)=O)O1)=CC=C5)CC3)C,0.55,223.15,-50,ClC(Cl)Cl,0.0,ClC(Cl)Cl,0,C(Cl)(Cl)Cl,C(Cl)(Cl)Cl,0,0.02,0.0,80,81.0,90.5,9.526315789,0.999554434,4.18213575,1
3,R0531,OC1=C(CCCO)C=CC2=CC=CC=C21,O=C1[C@@]2(OCCC2)C=CC3=CC=CC=C31,IC1=C(O[C@@H](C)CNC(C2=C(C)C=C(C)C=C2C)=O)C=CC=C1O[C@@H](C)CNC(C3=C(C)C=C(C)C=C3C)=O,0.1,253.15,-20,ClCCl,0.0,ClCCl,0,C(Cl)Cl,C(Cl)Cl,0,0.02,1.3,46,90.0,95.0,19.0,1.481238365,6.197501317,6
4,R1333,OC1=CC=C(C)C=C1Br,O=C1C=C[C@@](O)(C)C=C1Br,IC1=C2C(CC(C)(C)[C@@H]2OCC3=CC=CC=C3)=CC=C1O[C@@H](CC4=CC=CC=C4)C(OC)=O,0.1,283.15,10,CC(C)=O,0.0,CC(C)=O,0,CC(=O)C,O,2,0.165,2.2,46,65.0,82.5,4.714285714,0.872489246,3.650495005,6
5,R2526,OC1=C(CCC(O)=O)C=C(Br)C2=CC=CC=C21,O=C1[C@@]2(CCC(O2)=O)C=C(Br)C3=CC=CC=C31,IC1=C(CCC2=CC=C(CC3)C=C2)C=CC3=C1OCC(OCC)=O,0.15,273.15,0,ClCCl,0.0,ClCCl,0,C(Cl)Cl,C(Cl)Cl,0,0.02,1.3,66,54.0,77.0,3.347826087,0.655880124,2.744202437,9
6,R1202,OC1=CC=C(C)C=C1C,O=C1C=C[C@@](O)(C)C=C1C,IC1=C(O[C@H](C)C(NC2=C(C(C)C)C=CC=C2C(C)C)=O)C=CC=C1O[C@H](C)C(NC3=C(C(C)C)C=CC=C3C(C)C)=O,0.15,297.15,24,CC#N,0.0,CC#N,0,CC#N,O,9,0.16,2.2,51,30.0,65.0,1.857142857,0.3655429,1.529431495,1
7,R0601,OC1=C(OCC(O)=O)C=CC2=C1C=CC=C2,O=C1[C@@]2(CCC(O2)=O)C=CC3=C1C=CC=C3,IC1=C(O[C@H](C)C(OCC)=O)C=CC=C1O[C@H](C)C(OCC)=O,0.15,273.15,0,ClCCl,0.0,ClCCl,0,C(Cl)Cl,C(Cl)Cl,0,0.2,1.3,27,23.0,61.5,1.597402597,0.254239497,1.063738053,3
8,R2510,OC1=C(CCC(O)=O)C=CC2=CC=CC=C21,O=C1[C@@]2(CCC(O2)=O)C=CC3=CC=CC=C31,IC1=C(CCC2=CC=C(CC3)C=C2)C=CC3=C1OC(C(OCC)=O)C(OCC)=O,0.15,273.15,0,ClCCl,0.0,ClCCl,0,C(Cl)Cl,C(Cl)Cl,0,0.02,1.3,18,39.0,69.5,2.278688525,0.447056116,1.870482791,9
9,R0380,OC1=C(Br)C=C(OC(C(O)=O)(C)C)C=C1Br,OC1C(Br)=C[C@@]2(OC(C(C)(C)O2)=O)C=C1Br,CC([C@@H](C(NC(C(C1=CC=C(C2=CC(C(F)(F)F)=CC(C(F)(F)F)=C2)C=C1)=CC=C3)=C3C4=CC=C(C5=CC(C(F)(F)F)=CC(C(F)(F)F)=C5)C=C4)=O)OC(C=CC=C6O[C@H](C(NC(C(C7=CC=C(C8=CC(C(F)(F)F)=CC(C(F)(F)F)=C8)C=C7)=CC=C9)=C9C%10=CC=C(C%11=CC(C(F)(F)F)=CC(C(F)(F)F)=C%11)C=C%10)=O)C(C)C)=C6I)C,0.1,273.15,0,CO,10.0,CO,0,C(Cl)Cl,C(Cl)Cl,0,0.02,1.2,82,65.0,82.5,4.714285714,0.84167557,3.521570583,7
10,R1201,OC1=CC=C(C)C=C1C,O=C1C=C[C@@](O)(C)C=C1C,IC1=C(O[C@H](C)C(NC2=C(C(C)C)C=CC=C2C(C)C)=O)C=CC=C1O[C@H](C)C(NC3=C(C(C)C)C=CC=C3C(C)C)=O,0.1,297.15,24,CC#N,0.0,CC#N,0,CC#N,O,9,0.16,2.2,27,32.0,66.0,1.941176471,0.391675501,1.638770296,6
11,R0541,OC1=C(CCCNS(C)(=O)=O)C=CC2=CC=CC=C21,O=C1[C@@]2(N(S(C)(=O)=O)CCC2)C=CC3=CC=CC=C31,IC1=C(OC[C@H](C(C)(C)C)NC(C2=C(C)C=C(C)C=C2C)=O)C=CC=C1OC[C@H](C(C)(C)C)NC(C3=C(C)C=C(C)C=C3C)=O,0.2,253.15,-20,ClCCl,0.0,ClCCl,0,C(Cl)Cl,C(Cl)Cl,0,0.02,1.3,20,67.0,83.5,5.060606061,0.81570977,3.412929678,4
12,R0153,OC1=C(CCC(O)=O)C=CC2=C1C=CC=C2,O=C1[C@@]2(OC(CC2)=O)C=CC3=C1C=CC=C3,IC1=C(O[C@@H](C)CNC(C2=C(C)C=C(C)C=C2C)=O)C=CC=C1O[C@@H](C)CNC(C3=C(C)C=C(C)C=C3C)=O,0.05,273.15,0,CCO,34.0,CCO,0,C(CCl)Cl,C(CCl)Cl,0,0.02,1.2,71,97.0,98.5,65.66666667,2.271426713,9.503649367,6
13,R0804,OC1=C(C(N(C)C2=CC(C=CC=C3)=C3C=C2)=O)C=CC4=CC=CC=C41,O=C1[C@@]2(C(C(C=CC=C3)=C3C=C4)=C4N(C)C2=O)C=CC5=CC=CC=C51,IC1=C(O[C@H](C)C(NC2=C(C)C=C(C)C=C2C)=O)C=CC=C1O[C@H](C)C(NC3=C(C)C=C(C)C=C3C)=O,0.1,273.15,0,OCC(F)(F)F,50.0,OCC(F)(F)F,0,C[N+](=O)[O-],C[N+](=O)[O-],0,0.07,1.3,48,50.0,75.0,3.0,0.596334752,2.495064603,8
14,R1423,O=C(C1=CC=C([N+]([O-])=O)C=C1)NCC2=C(O)C=CC3=C2C=CC=C3,O=C1C=CC2=C(C=CC=C2)[C@]13CN=C(C4=CC=C([N+]([O-])=O)C=C4)O3,IC1=C([C@@H](O[Si](C(C)C)(C(C)C)C(C)C)C2=CN(CC3=CC=CC=C3)N=N2)C=CC=C1OC(C)C,0.1,273.15,0,CC#N,0.0,CC#N,0,CC#N,C(C(F)(F)F)(C(F)(F)F)O,3,0.05,1.5,64,91.0,95.5,21.22222222,1.658302768,6.938338782,3
15,R0343,OC1=C(OC(CCC)(CCC)CO)C=C(C(C)C)C=C1[Si](C)(C)C,O=C1[C@@]2(OC(C(CCC)(CCC)O2)=O)C=C(C(C)C)C=C1[Si](C)(C)C,IC1=C(O[C@@H](C)CNC(C2=C(C)C=C(C(F)(F)F)C=C2C)=O)C=CC=C1O[C@@H](C)CNC(C3=C(C)C=C(C(F)(F)F)C=C3C)=O,0.1,273.15,0,ClC(Cl)Cl,0.0,ClC(Cl)Cl,0,C(Cl)(Cl)Cl,O,5,0.02,1.2,54,78.0,89.0,8.090909091,1.134869496,4.74829397,1
16,R2501,OC1=C(CCC(O)=O)C=CC2=CC=CC=C21,O=C1[C@@]2(CCC(O2)=O)C=CC3=CC=CC=C31,IC1=C(CCC2=CC=C(CC3)C=C2)C=CC3=C1OCC4=CC=CC=C4,0.15,273.15,0,ClCCl,0.0,ClCCl,0,C(Cl)Cl,C(Cl)Cl,0,0.02,1.3,33,47.0,73.5,2.773584906,0.553739788,2.316847273,0
17,R0613,OC1=C(OCC(O)=O)C=CC2=C1C=CC=C2,O=C1[C@@]2(CCC(O2)=O)C=CC3=C1C=CC=C3,IC1=C(O[C@H](C)C(NC2=C(C)C=C(C)C=C2C)=O)C=CC=C1O[C@H](C)C(NC3=C(C)C=C(C)C=C3C)=O,0.15,273.15,0,ClCCl,0.0,ClCCl,0,C(Cl)Cl,C(Cl)Cl,0,0.02,1.3,56,88.0,94.0,15.66666667,1.493553409,6.249027465,8
18,R0934,OC1=C(CCC(O)=O)C=C(C)C2=CC=CC=C21,O=C1[C@]2(CCC(O2)=O)C=C(C)C3=CC=CC=C31,IC1=CC=CC=C1[C@@H](O[Si](C(C)C)(C(C)C)C(C)C)C2=CN(CC3=CC=CC=C3)N=N2,1.0,253.15,-20,ClCCl,0.0,ClCCl,0,C(Cl)Cl,C(Cl)Cl,0,0.02,1.3,67,76.0,88.0,7.333333333,1.002317935,4.193698242,3
19,R1029,CC1=CC=C(O)C=C1C,O=C1C=C[C@@](O)(C)C(C)=C1,IC1=C2C(CCCC23O[C@@H](C(NC4=C(C)C=C(C)C=C4C)=O)[C@H](C(NC5=C(C)C=C(C)C=C5C)=O)O3)=CC=C1,0.1,273.15,0,CC#N,0.0,CC#N,0,CC#N,O,2,0.16,2.2,23,6.0,53.0,1.127659574,0.065215208,0.272860428,0
20,R1701,OC1=C(CCC(O)=O)C=CC2=CC=CC=C21,O=C1[C@@]2(OC(CC2)=O)C=CC3=CC=CC=C31,IC1=C(O[C@H](C)C(NC2=C(C)C=C(C)C=C2C)=O)C=CC=C1O[C@H](C)C(NC3=C(C)C=C(C)C=C3C)=O,0.15,253.15,-20,ClC(Cl)Cl,0.0,ClC(Cl)Cl,0,C(Cl)(Cl)Cl,C(Cl)(Cl)Cl,0,0.02,1.3,66,89.0,94.5,17.18181818,1.430636645,5.985783724,9
21,R1923,OC1=C(CCC(O)=O)C=CC2=C1C=CC=C2,O=C1[C@@]2(OC(CC2)=O)C=CC3=C1C=CC=C3,IC1=C(O[C@H](C)C(NC2=C(C)C=C(C)C=C2C)=O)C=CC=C1O[C@H](C)C(NC3=C(C)C=C(C)C=C3C)=O,0.15,273.15,0,OCC(F)(F)F,0.0,OCC(F)(F)F,0,OCC(F)(F)F,OCC(F)(F)F,0,0.02,1.3,66,70.0,85.0,5.666666667,0.941554087,3.939462301,9
22,R1929,OC1=C(CCC(O)=O)C=C(C2=CC=CC=C2)C3=C1C=CC=C3,O=C1[C@@]2(OC(CC2)=O)C=C(C3=CC=CC=C3)C4=C1C=CC=C4,IC1=C(O[C@H](C)C(NC2=C(C)C=C(C)C=C2C)=O)C=CC=C1O[C@H](C)C(NC3=C(C)C=C(C)C=C3C)=O,0.1,273.15,0,ClC(Cl)Cl,0.0,ClC(Cl)Cl,0,C(Cl)(Cl)Cl,C(Cl)(Cl)Cl,0,0.02,1.3,62,87.0,93.5,14.38461538,1.447210666,6.055129424,8
23,R2507,OC1=C(CCC(O)=O)C=CC2=CC=CC=C21,O=C1[C@@]2(CCC(O2)=O)C=CC3=CC=CC=C31,IC1=C(CCC2=CC=C(CC3)C=C2)C=CC3=C1OCC(OCC)=O,0.15,273.15,0,ClCCl,0.0,ClCCl,0,C(Cl)Cl,C(Cl)Cl,0,0.02,1.3,69,72.0,86.0,6.142857143,0.985352616,4.122715345,4
24,R1940,OC1=C(CCC(O)=O)C(COCC2=CC=CC=C2)=CC3=C1C=CC=C3,O=C1[C@@]2(OC(CC2)=O)C(COCC3=CC=CC=C3)=CC4=C1C=CC=C4,O=C(NC1=C(C)C=C(C)C=C1C)[C@@H](C)OC2=CC=CC(O[C@H](C)C(NC3=C(C)C=C(C)C=C3C)=O)=C2I(OC(C)=O)OC(C)=O,1.0,253.15,-20,ClC(Cl)Cl,0.0,ClC(Cl)Cl,0,C(Cl)(Cl)Cl,C(Cl)(Cl)Cl,0,0.02,0.0,75,94.0,97.0,32.33333333,1.748696704,7.31654701,0
25,R1016,CC1=CC=C(O)C(C)=C1,O=C1C=C[C@@](O)(C)C=C1C,IC1=C(C2(C3=CC=CC=C3)O[C@@H](C(O)=O)[C@H](C(O)=O)O2)C=CC=C1,0.1,298.15,25,CC#N,0.0,CC#N,0,CC#N,O,2,0.16,2.2,28,6.0,53.0,1.127659574,0.071184017,0.297833924,8
26,R0517,OC1=C(CCCO)C=C(C2=CC=C(C(C)=O)C=C2)C3=CC=CC=C31,O=C1[C@@]2(OCCC2)C=C(C3=CC=C(C(C)=O)C=C3)C4=CC=CC=C41,IC1=C(OC[C@H](C(C)(C)C)NC(C2=C(C)C=C(C)C=C2C)=O)C=CC=C1OC[C@H](C(C)(C)C)NC(C3=C(C)C=C(C)C=C3C)=O,0.2,253.15,-20,ClCCl,0.0,ClCCl,0,C(Cl)Cl,C(Cl)Cl,0,0.02,1.3,75,88.0,94.0,15.66666667,1.384195664,5.791474658,8
27,R1326,OC1=CC=C(C)C=C1Br,O=C1C=C[C@@](O)(C)C=C1Br,IC1=C2C(CC(C)(C)[C@@H]2OCC3=CC=CC=C3)=CC=C1OCC4=CC=CC=C4,0.1,283.15,10,CC(C)=O,0.0,CC(C)=O,0,CC(=O)C,O,2,0.165,2.2,63,57.0,78.5,3.651162791,0.728695552,3.048862189,6
28,R0240,BrC1=CC(CCC(O)=O)=C(O)C=C1C(C)C,BrC1=C[C@]2(OC(CC2)=O)C(C=C1C(C)C)=O,IC1=C(O[C@@H](C)CNC(C2=C(C)C=C(C)C=C2C)=O)C=CC=C1O[C@@H](C)CNC(C3=C(C)C=C(C)C=C3C)=O,0.1,253.15,-20,CC(OCC)=O,0.0,CC(OCC)=O,0,CCOC(=O)C,C(C(F)(F)F)(C(F)(F)F)O,9,0.02,1.2,10,24.0,62.0,1.631578947,0.246273609,1.030408778,4
29,R0132,OC1=C(CCC(O)=O)C2=C(C=CC=C2)C=C1,O=C1[C@@]2(OC(CC2)=O)C3=C(C=CC=C3)C=C1,IC1=C(O[C@@H](C)CNC(C2=C(C=CC=C3)C3=CC4=C2C=CC=C4)=O)C=CC=C1O[C@@H](C)CNC(C5=C(C=CC=C6)C6=CC7=C5C=CC=C7)=O,0.1,253.15,-20,CCO,6.0,CCO,0,C(CCl)Cl,C(CCl)Cl,0,0.02,1.2,72,76.0,88.0,7.333333333,1.002317935,4.193698242,8
30,R0369,OC1=CC=C(OC(C(O)=O)(C)C)C=C1[Si](C2=CC=CC=C2)(C(C)(C)C)C3=CC=CC=C3,O=C1C=C[C@@]2(OC(C(C)(C)O2)=O)C=C1[Si](C3=CC=CC=C3)(C(C)(C)C)C4=CC=CC=C4,CC([C@@H](C(NC(C(C1=CC=CC=C1)=CC=C2)=C2C3=CC=CC=C3)=O)OC(C=CC=C4O[C@H](C(NC(C(C5=CC=CC=C5)=CC=C6)=C6C7=CC=CC=C7)=O)C(C)C)=C4I)C,0.1,273.15,0,CC(O)C,10.0,CC(O)C,0,C(Cl)Cl,C(Cl)Cl,0,0.02,1.2,86,83.0,91.5,10.76470588,1.289858189,5.396766661,3
31,R0937,OC1=C(CCC(O)=O)C=C(CCC)C2=CC=CC=C21,O=C1[C@]2(CCC(O2)=O)C=C(CCC)C3=CC=CC=C31,IC1=CC=CC=C1[C@@H](O[Si](C(C)C)(C(C)C)C(C)C)C2=CN(CC3=CC=CC=C3)N=N2,1.0,273.15,0,ClCCl,0.0,ClCCl,0,C(Cl)Cl,C(Cl)Cl,0,0.02,1.3,65,72.0,86.0,6.142857143,0.985352616,4.122715345,3
32,R2529,OC1=C(CCC(O)=O)C=CC2=C(OC)C=CC=C21,O=C1[C@@]2(CCC(O2)=O)C=CC3=C(OC)C=CC=C31,IC1=C(CCC2=CC=C(CC3)C=C2)C=CC3=C1OCC(OCC)=O,0.15,273.15,0,ClCCl,0.0,ClCCl,0,C(Cl)Cl,C(Cl)Cl,0,0.02,1.3,54,64.0,82.0,4.555555556,0.823084462,3.443785389,6
33,R0137,OC1=C(CCC(O)=O)C2=C(C=CC=C2)C=C1,O=C1[C@@]2(OC(CC2)=O)C3=C(C=CC=C3)C=C1,IC1=C(O[C@@H](C)CNC(C2=C(C)C=C(C)C=C2C)=O)C=CC=C1O[C@@H](C)CNC(C3=C(C)C=C(C)C=C3C)=O,0.05,253.15,-20,OC(C(F)(F)F)C(F)(F)F,50.0,OC(C(F)(F)F)C(F)(F)F,0,C(Cl)Cl,C(Cl)Cl,0,0.02,1.2,89,94.0,97.0,32.33333333,1.748696704,7.31654701,1
34,R0750,OC1=C(CCCNS(=O)(C)=O)C=CC2=C1C=CC=C2,O=C1[C@]2(N(S(=O)(C)=O)CCC2)C=CC3=C1C=CC=C3,IC1=C(O[C@@H](C)CNC(C2=C(OC)C=C(OC)C=C2OC)=O)C=CC=C1O[C@@H](C)CNC(C3=C(OC)C=C(OC)C=C3OC)=O,0.2,253.15,-20,ClCCl,0.0,ClCCl,0,C(Cl)Cl,C(Cl)Cl,0,0.02,1.3,15,15.0,57.5,1.352941176,0.152066328,0.636245517,9
35,R2036,OC1=C(CCCO)C=C(CC2=CC=CC=C2)C3=CC=CC=C31,O=C1[C@]2(OCCC2)C=C(CC3=CC=CC=C3)C4=CC=CC=C41,IC1=C(C=CC=C1O[C@@H]([C@@H](NC(C2=C(C)C=C(C)C=C2C)=O)CO[Si](C3=CC=CC=C3)(C(C)(C)C)C4=CC=CC=C4)C5=CC=C([N+]([O-])=O)C=C5)O[C@@H]([C@H](CO[Si](C6=CC=CC=C6)(C(C)(C)C)C7=CC=CC=C7)NC(C8=C(C)C=C(C)C=C8C)=O)C9=CC=C([N+]([O-])=O)C=C9,0.15,253.15,-20,CCO,5.0,CCO,0,C(Cl)Cl,C(Cl)Cl,0,0.02,1.5,71,92.0,96.0,24.0,1.598761357,6.689217518,8
36,R1363,OC1=CC=C(CCC(OCC)=O)C=C1Br,O=C1C=C[C@](CCC(OCC)=O)(O)C=C1Br,IC1=C2C(CC(C)(C)[C@@H]2OCC3=CC=CC=C3)=CC=C1O[C@@H](C)C(NC4=C(C5=CC=CC=C5)C=CC=C4C6=CC=CC=C6)=O,0.1,283.15,10,O=C(C)CC,0.0,O=C(C)CC,0,CCC(=O)C,O,2,0.167,2.2,51,63.0,81.5,4.405405405,0.834359205,3.490958915,1
37,R0931,OC1=C(CCC(O)=O)C=C(C2=CC=CC=C2)C3=CC=CC=C31,O=C1[C@]2(CCC(O2)=O)C=C(C3=CC=CC=C3)C4=CC=CC=C41,IC1=CC=CC=C1[C@@H](O[Si](C(C)C)(C(C)C)C(C)C)C2=CN(CC3=CC=CC=C3)N=N2,1.0,253.15,-20,ClCCl,0.0,ClCCl,0,C(Cl)Cl,C(Cl)Cl,0,0.02,1.3,63,82.0,91.0,10.11111111,1.163904174,4.869775065,4
38,R2218,OC1=C(CCC(O)=O)C=C(C2=CC=CC=C2)C3=CC=CC=C31,O=C1[C@@]2(CCC(O2)=O)C=C(C3=CC=CC=C3)C4=CC=CC=C41,IC1=C(CC)C=CC2=C1[C@]3(CCC4=C3C(I)=C(CC)C=C4)CC2,0.15,273.15,0,ClC(Cl)Cl,0.0,ClC(Cl)Cl,0,C(Cl)(Cl)Cl,CCCCCC,1,0.02,1.3,64,83.0,91.5,10.76470588,1.289858189,5.396766661,2
39,R2527,OC1=C(CCC(O)=O)C=C(C2=CC=CC=C2)C3=CC=CC=C31,O=C1[C@@]2(CCC(O2)=O)C=C(C3=CC=CC=C3)C4=CC=CC=C41,IC1=C(CCC2=CC=C(CC3)C=C2)C=CC3=C1OCC(OCC)=O,0.15,273.15,0,ClCCl,0.0,ClCCl,0,C(Cl)Cl,C(Cl)Cl,0,0.02,1.3,53,54.0,77.0,3.347826087,0.655880124,2.744202437,2
40,R1635,OC1=CC(C2=C(C)C=CC=C2C(O)=O)=CC=C1,O=C1C=C[C@]2(OC)C(C3=C(C)C=CC=C3C(O2)=O)=C1,IC1=C(O[C@H](C)C(NC2=CC=C(C)C=C2)=O)C=CC=C1O[C@H](C)C(NC3=CC=C(C)C=C3)=O,0.2,293.15,20,CO,0.0,CO,0,CO,CO,0,0.3,1.2,31,11.0,55.5,1.247191011,0.128682043,0.538405669,3
41,R0608,OC1=C(OCC(O)=O)C=CC2=C1C=CC=C2,O=C1[C@@]2(CCC(O2)=O)C=CC3=C1C=CC=C3,IC1=C(O[C@H](C)C(N2CCCC2)=O)C=CC=C1O[C@H](C)C(N3CCCC3)=O,0.15,273.15,0,ClCCl,0.0,ClCCl,0,C(Cl)Cl,C(Cl)Cl,0,0.2,1.3,37,51.0,75.5,3.081632653,0.610907635,2.556037545,6
42,R0603,OC1=C(OCC(O)=O)C=CC2=C1C=CC=C2,O=C1[C@@]2(CCC(O2)=O)C=CC3=C1C=CC=C3,IC1=C(O[C@H](C)C(N)=O)C=CC=C1O[C@H](C)C(N)=O,0.15,273.15,0,ClCCl,0.0,ClCCl,0,C(Cl)Cl,C(Cl)Cl,0,0.2,1.3,40,70.0,85.0,5.666666667,0.941554087,3.939462301,1
43,R0107,OC1=C(CCC(O)=O)C2=C(C=CC(OC)=C2)C=C1,O=C1[C@@]2(OC(CC2)=O)C3=C(C=CC(OC)=C3)C=C1,IC1=C(O[C@@H](C)CNC(C2=C(C)C=C(C)C=C2C)=O)C=CC=C1O[C@@H](C)CNC(C3=C(C)C=C(C)C=C3C)=O,0.05,253.15,-20,OC(C(F)(F)F)C(F)(F)F,50.0,OC(C(F)(F)F)C(F)(F)F,0,C(CCl)Cl,C(CCl)Cl,0,0.02,1.2,85,91.0,95.5,21.22222222,1.536882101,6.430314709,9
44,R1319,OC1=CC=C(C)C=C1Br,O=C1C=C[C@@](O)(C)C=C1Br,COC1=CC=C(CC(C)(C)[C@@H]2OC3=CC=C([N+]([O-])=O)C=C3)C2=C1I,0.1,283.15,10,CC(C)=O,0.0,CC(C)=O,0,CC(=O)C,O,2,0.165,2.2,36,57.0,78.5,3.651162791,0.728695552,3.048862189,5
45,R1004,CC1=CC=C(O)C(C)=C1,O=C1C=C[C@@](O)(C)C=C1C,IC1=C2C(CCCC23O[C@@H](C(NCC4=CC=CC=C4)=O)[C@H](C(NCC5=CC=CC=C5)=O)O3)=CC=C1,0.1,298.15,25,CC#N,0.0,CC#N,0,CC#N,O,3,0.16,2.2,34,22.0,61.0,1.564102564,0.265026949,1.108872753,2
46,R1226,OC1=CC=C(C)C=C1C(C)(C)C,O=C1C=C[C@@](O)(C)C=C1C(C)(C)C,IC1=C(O[C@H](C)C(NC2=C(C(C)C)C=CC=C2C(C)C)=O)C=C(C)C=C1O[C@H](C)C(NC3=C(C(C)C)C=CC=C3C(C)C)=O,0.1,268.15,-5,CC#N,0.0,CC#N,0,CC#N,O,9,0.16,1.8,93,44.0,72.0,2.571428571,0.503276408,2.105708489,9
47,R0922,OC1=C(CCC(O)=O)C=C(Br)C2=CC=CC=C21,O=C1[C@]2(CCC(O2)=O)C=C(Br)C3=CC=CC=C31,IC1=CC=CC=C1[C@@H](O[Si](C(C)C)(C(C)C)C(C)C)C2=CN(CC3=CC=CC=C3)N=N2,1.0,253.15,-20,ClCCl,0.0,ClCCl,0,C(Cl)Cl,C(Cl)Cl,0,0.02,1.3,72,78.0,89.0,8.090909091,1.05177453,4.400624633,2
48,R0355,OC1=CC=C(OC(C(O)=O)(C)C)C=C1Br,O=C1C=C[C@@]2(OC(C(C)(C)O2)=O)C=C1Br,IC1=C(O[C@@H](C)C(NC2=C(C)C=C(C)C=C2C)=O)C=CC=C1O[C@@H](C)C(NC3=C(C)C=C(C)C=C3C)=O,0.1,273.15,0,OC(C(F)(F)F)C(F)(F)F,50.0,OC(C(F)(F)F)C(F)(F)F,0,C(Cl)Cl,C(Cl)Cl,0,0.02,1.2,78,13.0,56.5,1.298850575,0.141933086,0.593848031,1
49,R0504,OC1=C(CCCO)C=C(Cl)C2=CC=CC=C21,O=C1[C@@]2(OCCC2)C=C(Cl)C3=CC=CC=C31,IC1=C(O[C@@H](C)CNC(C2=C(C)C=C(C)C=C2C)=O)C=CC=C1O[C@@H](C)CNC(C3=C(C)C=C(C)C=C3C)=O,0.2,253.15,-20,ClCCl,0.0,ClCCl,0,C(Cl)Cl,C(Cl)Cl,0,0.02,1.3,65,90.0,95.0,19.0,1.481238365,6.197501317,3
50,R0326,OC1=C(OC(CCC)(CCC)CO)C=C(Br)C2=C1C=CC=C2,O=C1[C@@]2(OC(C(CCC)(CCC)O2)=O)C=C(Br)C3=C1C=CC=C3,IC1=C(O[C@@H](C)CNC(C2=C(C)C=C(C)C=C2C)=O)C=CC=C1O[C@@H](C)CNC(C3=C(C)C=C(C)C=C3C)=O,0.1,273.15,0,ClC(Cl)Cl,0.0,ClC(Cl)Cl,0,C(Cl)(Cl)Cl,C(Cl)(Cl)Cl,0,0.02,1.2,87,17.0,58.5,1.409638554,0.186363831,0.779746267,5
51,R0609,OC1=C(OCC(O)=O)C=CC2=C1C=CC=C2,O=C1[C@@]2(CCC(O2)=O)C=CC3=C1C=CC=C3,IC1=C(O[C@H](C)C(N(C2=CC=CC=C2)C3=CC=CC=C3)=O)C=CC=C1O[C@H](C)C(N(C4=CC=CC=C4)C5=CC=CC=C5)=O,0.15,273.15,0,ClCCl,0.0,ClCCl,0,C(Cl)Cl,C(Cl)Cl,0,0.2,1.3,39,52.0,76.0,3.166666667,0.625682834,2.617856977,7
52,R1924,OC1=C(CCC(O)=O)C=CC2=C1C=CC=C2,O=C1[C@@]2(OC(CC2)=O)C=CC3=C1C=CC=C3,IC1=C(O[C@H](C)C(NC2=C(C)C=C(C)C=C2C)=O)C=CC=C1O[C@H](C)C(NC3=C(C)C=C(C)C=C3C)=O,0.15,273.15,0,OC(C(F)(F)F)C(F)(F)F,0.0,OC(C(F)(F)F)C(F)(F)F,0,C(C(F)(F)F)(C(F)(F)F)O,C(C(F)(F)F)(C(F)(F)F)O,0,0.02,1.3,63,41.0,70.5,2.389830508,0.47290589,1.978638242,2
53,R2503,OC1=C(CCC(O)=O)C=CC2=CC=CC=C21,O=C1[C@@]2(CCC(O2)=O)C=CC3=CC=CC=C31,IC1=C(CCC2=CC=C(CC3)C=C2)C=CC3=C1OCC(OC)=O,0.15,273.15,0,ClCCl,0.0,ClCCl,0,C(Cl)Cl,C(Cl)Cl,0,0.02,1.3,59,64.0,82.0,4.555555556,0.823084462,3.443785389,9
54,R0711,OC1=C(CCCNS(C)(=O)=O)C=C(C2=CC=C(C(F)(F)F)C=C2)C3=C1C=CC=C3,O=C1[C@]2(N(S(=O)(C)=O)CCC2)C=C(C3=CC=C(C(F)(F)F)C=C3)C4=C1C=CC=C4,IC1=C(OC[C@H](C(C)(C)C)NC(C2=C(C)C=C(C)C=C2C)=O)C=CC=C1OC[C@H](C(C)(C)C)NC(C3=C(C)C=C(C)C=C3C)=O,0.2,253.15,-20,ClCCl,0.0,ClCCl,0,C(Cl)Cl,C(Cl)Cl,0,0.02,1.3,23,28.0,64.0,1.777777778,0.289444424,1.211035471,6
55,R1914,OC1=C(CCC(O)=O)C=CC2=C1C=CC=C2,O=C1[C@@]2(OC(CC2)=O)C=CC3=C1C=CC=C3,IC1=C(O[C@H](C)C(NC2=C(C)C=C(C)C=C2C)=O)C=CC=C1,0.15,273.15,0,ClCCl,0.0,ClCCl,0,C(Cl)Cl,C(Cl)Cl,0,0.2,1.3,42,32.0,66.0,1.941176471,0.360040932,1.506411262,7
56,R1928,OC1=C(CCC(O)=O)C=C(Br)C2=C1C=CC=C2,O=C1[C@@]2(OC(CC2)=O)C=C(Br)C3=C1C=CC=C3,IC1=C(O[C@H](C)C(NC2=C(C)C=C(C)C=C2C)=O)C=CC=C1O[C@H](C)C(NC3=C(C)C=C(C)C=C3C)=O,0.1,273.15,0,ClC(Cl)Cl,0.0,ClC(Cl)Cl,0,C(Cl)(Cl)Cl,C(Cl)(Cl)Cl,0,0.02,1.3,67,85.0,92.5,12.33333333,1.363697792,5.705711559,8
57,R1010,CC1=CC=C(O)C([Si](C)(C)C)=C1,O=C1C=C[C@@](O)(C)C=C1[Si](C)(C)C,IC1=C2C(CCCC23O[C@@H](C(NC4=C(Br)C=C(C(C)C)C=C4Br)=O)[C@H](C(NC5=C(Br)C=C(C(C)C)C=C5Br)=O)O3)=CC=C1,0.1,298.15,25,CC#N,0.0,CC#N,0,CC#N,O,9,0.16,2.2,94,44.0,72.0,2.571428571,0.559581805,2.34129027,8
58,R1612,OC1=CC(C2=CC=CC=C2C(O)=O)=CC=C1,O=C1C=C[C@]2(OC)C(C3=CC=CC=C3C(O2)=O)=C1,IC1=C(O[C@H](C)C(NC2=CC=C(C)C=C2)=O)C=CC=C1O[C@H](C)C(NC3=CC=C(C)C=C3)=O,0.2,293.15,20,CO,0.0,CO,0,CO,CO,0,0.3,1.5,22,41.0,70.5,2.389830508,0.507531984,2.123513823,8
59,R0239,BrC1=CC(CCC(O)=O)=C(O)C=C1C(C)C,BrC1=C[C@]2(OC(CC2)=O)C(C=C1C(C)C)=O,IC1=C(O[C@@H](C)CNC(C2=C(C)C=C(C)C=C2C)=O)C=CC=C1O[C@@H](C)CNC(C3=C(C)C=C(C)C=C3C)=O,0.1,253.15,-20,COCCOC,0.0,COCCOC,0,COCCOC,C(C(F)(F)F)(C(F)(F)F)O,9,0.02,1.2,6,36.0,68.0,2.125,0.379194719,1.586550705,4
60,R1617,OC1=CC(C2=CC=CC=C2C(O)=O)=CC=C1,O=C1C=C[C@]2(OC)C(C3=CC=CC=C3C(O2)=O)=C1,IC1=C(O[C@H](C)C(NC2=CC=C(C)C=C2)=O)C=CC=C1O[C@H](C)C(NC3=CC=C(C)C=C3)=O,0.15,293.15,20,CO,0.0,CO,0,CO,CO,0,0.3,1.5,18,39.0,69.5,2.278688525,0.479789495,2.007439246,6
61,R0505,OC1=C(CCCO)C=C(Cl)C2=CC=CC=C21,O=C1[C@@]2(OCCC2)C=C(Cl)C3=CC=CC=C31,IC1=C(O[C@@H](C)CNC(C2=CC(OC)=CC(OC)=C2)=O)C=CC=C1O[C@@H](C)CNC(C3=CC(OC)=CC(OC)=C3)=O,0.2,253.15,-20,ClCCl,0.0,ClCCl,0,C(Cl)Cl,C(Cl)Cl,0,0.02,1.3,52,64.0,82.0,4.555555556,0.762818347,3.191631965,5
62,R0208,OC1=C(CCC(O)=O)C=C(C(C)(C)C)C=C1C(C)(C)C,O=C1[C@@]2(OC(CC2)=O)C=C(C(C)(C)C)C=C1C(C)(C)C,IC1=C(O[C@@H](C)CNC(C2=C(C)C=C(C)C=C2C)=O)C=CC=C1O[C@@H](C)CNC(C3=C(C)C=C(C)C=C3C)=O,0.1,263.15,-10,CC(O)=O,10.0,CC(O)=O,0,C(Cl)(Cl)Cl,C(Cl)(Cl)Cl,0,0.02,1.2,12,61.0,80.5,4.128205128,0.741439797,3.102184112,9
63,R1920,OC1=C(CCC(O)=O)C=CC2=C1C=CC=C2,O=C1[C@@]2(OC(CC2)=O)C=CC3=C1C=CC=C3,IC1=C(O[C@H](C)C(NC2=C(C)C=C(C)C=C2C)=O)C=CC=C1O[C@H](C)C(NC3=C(C)C=C(C)C=C3C)=O,0.15,273.15,0,CC#N,0.0,CC#N,0,CC#N,CC#N,0,0.02,1.3,23,83.0,91.5,10.76470588,1.289858189,5.396766661,9
64,R0808,OC1=C(C(N(C)C2=CC(C=CC=C3)=C3C=C2)=O)C=CC4=CC=CC=C41,O=C1[C@@]2(C(C(C=CC=C3)=C3C=C4)=C4N(C)C2=O)C=CC5=CC=CC=C51,IC1=C(O[C@H](C)C(NC2=CC(OC)=C(OC)C(OC)=C2)=O)C=CC=C1O[C@H](C)C(NC3=CC(OC)=C(OC)C(OC)=C3)=O,0.1,273.15,0,OCC(F)(F)F,50.0,OCC(F)(F)F,0,C[N+](=O)[O-],C[N+](=O)[O-],0,0.07,1.3,24,51.0,75.5,3.081632653,0.610907635,2.556037545,9
65,R0149,OC1=C(CCC(O)=O)C=CC2=C1C=CC=C2,O=C1[C@@]2(OC(CC2)=O)C=CC3=C1C=CC=C3,IC1=C(O[C@@H](C)CNC(C2=C(C)C=C(C)C=C2C)=O)C=CC=C1O[C@@H](C)CNC(C3=C(C)C=C(C)C=C3C)=O,0.05,273.15,0,ClCCCl,0.0,ClCCCl,0,C(CCl)Cl,C(CCl)Cl,0,0.02,1.2,88,93.0,96.5,27.57142857,1.800372364,7.532757971,0
66,R1936,OC1=C(CCC(O)=O)C=CC2=C1C=CC=C2,O=C1[C@@]2(OC(CC2)=O)C=CC3=C1C=CC=C3,O=C(NC1=C(C)C=C(C)C=C1C)[C@@H](C)OC2=CC=CC(O[C@H](C)C(NC3=C(C)C=C(C)C=C3C)=O)=C2I(OC(C)=O)OC(C)=O,1.0,253.15,-20,ClC(Cl)Cl,0.0,ClC(Cl)Cl,0,C(Cl)(Cl)Cl,C(Cl)(Cl)Cl,0,0.02,0.0,70,90.0,95.0,19.0,1.481238365,6.197501317,1
67,R0117,OC1=C(CCC(O)=O)C=CC2=C1C=CC=C2NS(C3=CC=C(C)C=C3)(=O)=O,O=C1[C@@]2(OC(CC2)=O)C=CC3=C1C=CC=C3NS(C4=CC=C(C)C=C4)(=O)=O,IC1=C(O[C@@H](C)CNC(C2=C(C)C=C(C)C=C2C)=O)C=CC=C1O[C@@H](C)CNC(C3=C(C)C=C(C)C=C3C)=O,0.05,253.15,-20,CCO,6.0,CCO,0,C(CCl)Cl,C(CCl)Cl,0,0.02,1.2,56,91.0,95.5,21.22222222,1.536882101,6.430314709,0
68,R1329,OC1=CC=C(C)C=C1Br,O=C1C=C[C@@](O)(C)C=C1Br,IC1=C2C(CC(C)(C)[C@@H]2OCC3=CC=CC=C3)=CC=C1O[C@H](C)C(OC)=O,0.1,283.15,10,CC(C)=O,0.0,CC(C)=O,0,CC(=O)C,O,2,0.165,2.2,66,41.0,70.5,2.389830508,0.490218937,2.051076032,9
69,R2502,OC1=C(CCC(O)=O)C=CC2=CC=CC=C21,O=C1[C@@]2(CCC(O2)=O)C=CC3=CC=CC=C31,IC1=C(CCC2=CC=C(CC3)C=C2)C=CC3=C1OC(C4=CC=CC=C4)=O,0.15,273.15,0,ClCCl,0.0,ClCCl,0,C(Cl)Cl,C(Cl)Cl,0,0.02,1.3,26,16.0,58.0,1.380952381,0.175203748,0.733052483,2
70,R1103,OC1=C(C)C=CC2=C1C=CC=C2,O=C1[C@@](C)(O)C=CC2=C1C=CC=C2,COC1=CC=C2C(C=CC=C2)=C1C3=C(I)C(C(O)=O)=CC4=CC=CC=C43,1.0,298.15,25,ClCCl,0.0,ClCCl,0,C(Cl)Cl,C(Cl)Cl,0,0.33,1.0,67,45.0,72.5,2.636363636,0.574357823,2.40311313,2
71,R1813,OC1=C(CCC(O)=O)C=CC2=CC=CC=C21,O=C1[C@@]2(CCC(O2)=O)C=CC3=CC=CC=C31,IC1=C(C=CC=C1OC[C@@H]2[C@@H](OCC3=CC=CC=C3)[C@H](OCC4=CC=CC=C4)[C@@H](OCC5=CC=CC=C5)[C@@H](OC)O2)OC[C@H]6O[C@H](OC)[C@H](OCC7=CC=CC=C7)[C@@H](OCC8=CC=CC=C8)[C@@H]6OCC9=CC=CC=C9,0.15,223.15,-50,ClCCl,0.0,ClCCl,0,C(Cl)Cl,C(Cl)Cl,0,0.05,1.3,73,56.0,78.0,3.545454545,0.56125548,2.34829293,4
72,R0370,OC1=CC=C(OC(C(O)=O)(C)C)C=C1[Si](C2=CC=CC=C2)(C(C)(C)C)C3=CC=CC=C3,O=C1C=C[C@@]2(OC(C(C)(C)O2)=O)C=C1[Si](C3=CC=CC=C3)(C(C)(C)C)C4=CC=CC=C4,CC([C@@H](C(NC(C(C1=CC=CC=C1)=CC=C2)=C2C3=CC=CC=C3)=O)OC(C=CC=C4O[C@H](C(NC(C(C5=CC=CC=C5)=CC=C6)=C6C7=CC=CC=C7)=O)C(C)C)=C4I)C,0.1,273.15,0,[H]O[H],10.0,[H]O[H],0,C(Cl)Cl,C(Cl)Cl,0,0.02,1.2,93,76.0,88.0,7.333333333,1.081505606,4.525019454,5
73,R0367,OC1=CC=C(OC(C(O)=O)(C)C)C=C1[Si](C2=CC=CC=C2)(C(C)(C)C)C3=CC=CC=C3,O=C1C=C[C@@]2(OC(C(C)(C)O2)=O)C=C1[Si](C3=CC=CC=C3)(C(C)(C)C)C4=CC=CC=C4,CC([C@@H](C(NC(C(C1=CC=CC=C1)=CC=C2)=C2C3=CC=CC=C3)=O)OC(C=CC=C4O[C@H](C(NC(C(C5=CC=CC=C5)=CC=C6)=C6C7=CC=CC=C7)=O)C(C)C)=C4I)C,0.1,273.15,0,CCO,10.0,CCO,0,C(Cl)Cl,C(Cl)Cl,0,0.02,1.2,94,83.0,91.5,10.76470588,1.289858189,5.396766661,5
74,R0328,OC1=C(OC(CCC)(CCC)CO)C=C(Br)C2=C1C=CC=C2,O=C1[C@@]2(OC(C(CCC)(CCC)O2)=O)C=C(Br)C3=C1C=CC=C3,IC1=C(O[C@@H](C)CNC(C2=C(C)C=C(C)C=C2C)=O)C=CC=C1O[C@@H](C)CNC(C3=C(C)C=C(C)C=C3C)=O,0.1,253.15,-20,ClC(Cl)Cl,0.0,ClC(Cl)Cl,0,C(Cl)(Cl)Cl,C(Cl)(Cl)Cl,0,0.02,1.2,81,23.0,61.5,1.597402597,0.235624121,0.985851321,7
75,R0754,OC1=C(CCCNS(=O)(C)=O)C=CC2=C1C=CC=C2,O=C1[C@]2(N(S(=O)(C)=O)CCC2)C=CC3=C1C=CC=C3,IC1=C(OC[C@H](C(C)(C)C)NC(C2=C(C)C=C(C)C=C2C)=O)C=CC=C1OC[C@H](C(C)(C)C)NC(C3=C(C)C=C(C)C=C3C)=O,0.2,253.15,-20,ClCCl,0.0,ClCCl,0,C(Cl)Cl,C(Cl)Cl,0,0.02,1.3,20,67.0,83.5,5.060606061,0.81570977,3.412929678,2
76,R0360,OC1=CC=C(OC(C(O)=O)(C)C)C=C1[Si](C)(C(C)(C)C)C,O=C1C=C[C@@]2(OC(C(C)(C)O2)=O)C=C1[Si](C)(C(C)(C)C)C,IC1=C(O[C@@H](C)C(NC2=C(C)C=C(C)C=C2C)=O)C=CC=C1O[C@@H](C)C(NC3=C(C)C=C(C)C=C3C)=O,0.1,273.15,0,CO,10.0,CO,0,C(Cl)Cl,C(Cl)Cl,0,0.02,1.2,64,36.0,68.0,2.125,0.409152825,1.711895418,2
77,R2222,OC1=C(CCC(O)=O)C=CC2=C(Br)C=CC=C21,O=C1[C@@]2(CCC(O2)=O)C=CC3=C(Br)C=CC=C31,IC1=C(CC)C=CC2=C1[C@]3(CCC4=C3C(I)=C(CC)C=C4)CC2,0.1,273.15,0,CC(O)=O,1.0,ClC(Cl)Cl,0,C(Cl)(Cl)Cl,C(Cl)(Cl)Cl,0,0.05,1.3,70,80.0,90.0,9.0,1.192669505,4.990129207,5
78,R2204,OC1=C(CCC(O)=O)C=C(OC)C2=CC=CC=C21,O=C1[C@@]2(CCC(O2)=O)C=C(OC)C3=CC=CC=C31,IC1=CC=CC2=C1[C@]3(CCC4=C3C(I)=CC=C4)CC2,0.15,273.15,0,CC(O)=O,1.0,CC(O)=O,0,C(Cl)Cl,C(Cl)Cl,0,0.05,1.3,13,0.0,50.0,1.0,0.0,0.0,7
79,R0721,OC1=C(CCCNS(C)(=O)=O)C2=CC=CC=C2C=C1,O=C1C=CC2=CC=CC=C2[C@@]13CCCN3S(C)(=O)=O,IC1=C(O[C@H](C)C(OC)=O)C=CC=C1O[C@H](C)C(OC)=O,0.4,253.15,-20,ClCCl,0.0,ClCCl,0,C(Cl)Cl,C(Cl)Cl,0,0.02,1.3,26,24.0,62.0,1.631578947,0.246273609,1.030408778,7
80,R0134,OC1=C(CCC(O)=O)C2=C(C=CC=C2)C=C1,O=C1[C@@]2(OC(CC2)=O)C3=C(C=CC=C3)C=C1,IC1=C(O[C@@H](C)CNC(C2=C(C=CC=C3)C3=CC4=C2C=CC=C4)=O)C=CC=C1O[C@@H](C)CNC(C5=C(C=CC=C6)C6=CC7=C5C=CC=C7)=O,0.05,253.15,-20,ClCCCl,0.0,ClCCCl,0,C(CCl)Cl,C(CCl)Cl,0,0.02,1.2,63,89.0,94.5,17.18181818,1.430636645,5.985783724,5
81,R1020,CC1=CC=C(O)C(C)=C1,O=C1C=C[C@@](O)(C)C=C1C,IC1=C2C(CCCC23O[C@@H](C(NC4=C(C)C=C(C)C=C4C)=O)[C@H](C(NC5=C(C)C=C(C)C=C5C)=O)O3)=CC=C1,0.1,298.15,25,CC#N,0.0,CC#N,0,CC#N,O,9,0.16,2.2,52,24.0,62.0,1.631578947,0.29005126,1.21357447,5
82,R1505,OC1=C(CCC(O)=O)C=CC2=CC=CC=C21,O=C1[C@@]2(OC(CC2)=O)C=CC3=CC=CC=C31,IC1=C([C@@H](O[Si](C(C)C)(C(C)C)C(C)C)C2=CN(CC3=CC=CC=C3)N=N2)C=CC=C1OC,0.1,273.15,0,ClCCl,0.0,ClCCl,0,C(Cl)Cl,C(Cl)(Cl)Cl,1,0.02,1.3,85,97.0,98.5,65.66666667,2.271426713,9.503649367,5
83,R0734,OC1=C(CCCNS(=O)(C)=O)C=CC2=C1C=CC=C2,O=C1[C@]2(N(S(=O)(C)=O)CCC2)C=CC3=C1C=CC=C3,IC1=C(O[C@H](C)C(OC)=O)C=CC=C1O[C@H](C)C(OC)=O,0.2,253.15,-20,OC(C(F)(F)F)=O,1.1,ClCCl,0,C(Cl)Cl,C(Cl)Cl,0,0.02,1.3,29,0.0,50.0,1.0,0.0,0.0,6
84,R2122,OC1=C(CCC(O)=O)C=C(C2=CC=CC=C2)C3=CC=CC=C31,O=C1[C@@]2(CCC(O2)=O)C=C(C3=CC=CC=C3)C4=CC=CC=C41,CC1=C2C([C@@H]3CC[C@H]2C3)=C(I)C4=C1[C@H]5CC[C@@H]4C5,0.1,253.15,-20,ClC(Cl)Cl,0.0,ClC(Cl)Cl,0,C(Cl)(Cl)Cl,OCC(F)(F)F,2,0.13,1.5,65,18.0,59.0,1.43902439,0.183097522,0.766080031,6
85,R1413,O=C(C1=CC=CC=C1)NCC2=C(O)C(C(OC)=O)=CC3=CC=CC=C32,O=C1C(C(OC)=O)=CC2=CC=CC=C2[C@]13CN=C(C4=CC=CC=C4)O3,IC1=C([C@@H](O[Si](C(C)C)(C(C)C)C(C)C)C2=CN(CC3=CC=CC=C3)N=N2)C=CC=C1OC(C)C,0.1,273.15,0,CC#N,0.0,CC#N,0,CC#N,C(C(F)(F)F)(C(F)(F)F)O,3,0.05,1.5,86,88.0,94.0,15.66666667,1.493553409,6.249027465,7
86,R0310,OC1=C(OCC(O)=O)C(C)=CC=C1C(C)C,O=C1[C@@]2(OC(CO2)=O)C(C)=CC=C1C(C)C,IC1=C(O[C@@H](C)CNC(C2=C(C)C=C(C)C=C2C)=O)C=CC=C1O[C@@H](C)CNC(C3=C(C)C=C(C)C=C3C)=O,0.1,253.15,-20,ClCCl,0.0,ClCCl,0,C(Cl)Cl,C(Cl)Cl,0,0.02,1.2,77,33.0,66.5,1.985074627,0.344928434,1.443180568,1
87,R0605,OC1=C(OCC(O)=O)C=CC2=C1C=CC=C2,O=C1[C@@]2(CCC(O2)=O)C=CC3=C1C=CC=C3,IC1=C(O[C@H](C)C(NC2=CC(C(F)(F)F)=CC(C(F)(F)F)=C2)=O)C=CC=C1O[C@H](C)C(NC3=CC(C(F)(F)F)=CC(C(F)(F)F)=C3)=O,0.15,273.15,0,ClCCl,0.0,ClCCl,0,C(Cl)Cl,C(Cl)Cl,0,0.2,1.3,53,75.0,87.5,7.0,1.056254202,4.419367583,9
88,R1102,OC1=C(C)C=CC2=C1C=CC=C2,O=C1[C@@](C)(O)C=CC2=C1C=CC=C2,O=C(O)[C@H](C(C)(C)C)C1=CC=CC=C1I,1.0,298.15,25,ClCCl,0.0,ClCCl,0,C(Cl)Cl,C(Cl)Cl,0,0.33,1.0,72,23.0,61.5,1.597402597,0.277508717,1.161096469,9
89,R0522,OC1=C(CCCO)C=C(C2=CC(C(F)(F)F)=CC(C(F)(F)F)=C2)C3=CC=CC=C31,O=C1[C@@]2(OCCC2)C=C(C3=CC(C(F)(F)F)=CC(C(F)(F)F)=C3)C4=CC=CC=C41,IC1=C(OC[C@H](C(C)(C)C)NC(C2=C(C)C=C(C)C=C2C)=O)C=CC=C1OC[C@H](C(C)(C)C)NC(C3=C(C)C=C(C)C=C3C)=O,0.2,253.15,-20,ClCCl,0.0,ClCCl,0,C(Cl)Cl,C(Cl)Cl,0,0.02,1.3,47,93.0,96.5,27.57142857,1.668549383,6.981210618,5
90,R1227,OC1=CC=C(C(C)(C)C)C=C1C(C)(C)C,O=C1C=C[C@](C(C)(C)C)(O)C=C1C(C)(C)C,IC1=C(O[C@H](C)C(NC2=C(C(C)C)C=CC=C2C(C)C)=O)C=C(C)C=C1O[C@H](C)C(NC3=C(C(C)C)C=CC=C3C(C)C)=O,0.1,268.15,-5,CC#N,0.0,CC#N,0,CC#N,O,9,0.16,2.2,25,26.0,63.0,1.702702703,0.283603022,1.186595043,8
91,R0538,OC1=C(CC(C)(C)CO)C=C(C2=CC=CC=C2)C3=CC=CC=C31,O=C1[C@@]2(OCC(C)(C)C2)C=C(C3=CC=CC=C3)C4=CC=CC=C41,IC1=C(OC[C@H](C(C)(C)C)NC(C2=C(C)C=C(C)C=C2C)=O)C=CC=C1OC[C@H](C(C)(C)C)NC(C3=C(C)C=C(C)C=C3C)=O,0.2,253.15,-20,ClCCl,0.0,ClCCl,0,C(Cl)Cl,C(Cl)Cl,0,0.02,1.8,50,90.0,95.0,19.0,1.481238365,6.197501317,2
92,R2212,OC1=C(CCC(O)=O)C=CC2=CC=CC=C21,O=C1[C@@]2(CCC(O2)=O)C=CC3=CC=CC=C31,IC1=C(Cl)C=C(Cl)C2=C1[C@]3(CCC4=C3C(I)=C(Cl)C=C4Cl)CC2,0.15,273.15,0,CC(O)=O,1.0,CC(O)=O,0,C(Cl)Cl,C(Cl)Cl,0,0.05,1.3,15,77.0,88.5,7.695652174,1.107682678,4.634544325,8
93,R1337,OC1=CC=C(C)C=C1Br,O=C1C=C[C@@](O)(C)C=C1Br,IC1=C2C(CC(C)(C)[C@@H]2OCC3=CC=CC=C3)=CC=C1O[C@@H](C)C(N(C4=CC=CC=C4)C5=CC=CC=C5)=O,0.1,283.15,10,CC(C)=O,0.0,CC(C)=O,0,CC(=O)C,O,2,0.165,2.2,43,74.0,87.0,6.692307692,1.069630365,4.475333447,4
94,R0207,OC1=C(CCC(O)=O)C=C(C(C)(C)C)C=C1C(C)(C)C,O=C1[C@@]2(OC(CC2)=O)C=C(C(C)(C)C)C=C1C(C)(C)C,IC1=C(O[C@@H](C)CNC(C2=C(C)C=C(C)C=C2C)=O)C=CC=C1O[C@@H](C)CNC(C3=C(C)C=C(C)C=C3C)=O,0.1,263.15,-10,OC(C(F)(F)F)C(F)(F)F,10.0,OC(C(F)(F)F)C(F)(F)F,0,C(Cl)(Cl)Cl,C(Cl)(Cl)Cl,0,0.02,1.2,16,68.0,84.0,5.25,0.867145751,3.628137822,7
95,R0525,OC1=C(CCCO)C=CC2=CC=CC=C21,O=C1[C@@]2(OCCC2)C=CC3=CC=CC=C31,IC1=C(OC[C@H](C(C)(C)C)NC(C2=C(C)C=C(C)C=C2C)=O)C=CC=C1OC[C@H](C(C)(C)C)NC(C3=C(C)C=C(C)C=C3C)=O,0.1,253.15,-20,ClCCl,0.0,ClCCl,0,C(Cl)Cl,C(Cl)Cl,0,0.02,1.3,50,96.0,98.0,49.0,1.957830872,8.191564368,1
96,R0606,OC1=C(OCC(O)=O)C=CC2=C1C=CC=C2,O=C1[C@@]2(CCC(O2)=O)C=CC3=C1C=CC=C3,IC1=C(O[C@H](C)C(NC2=CC(C(C)(C)C)=CC(C(C)(C)C)=C2)=O)C=CC=C1O[C@H](C)C(NC3=CC(C(C)(C)C)=CC(C(C)(C)C)=C3)=O,0.15,273.15,0,ClCCl,0.0,ClCCl,0,C(Cl)Cl,C(Cl)Cl,0,0.2,1.3,36,84.0,92.0,11.5,1.32572376,5.546828212,5
97,R0514,OC1=C(CCCO)C=C(C2=CC=CC=C2)C3=CC=CC=C31,O=C1[C@@]2(OCCC2)C=C(C3=CC=CC=C3)C4=CC=CC=C41,IC1=C(OC[C@H](C(C)(C)C)NC(C2=C(C)C=C(C)C=C2C)=O)C=CC=C1OC[C@H](C(C)(C)C)NC(C3=C(C)C=C(C)C=C3C)=O,0.2,253.15,-20,ClCCl,0.0,ClCCl,0,C(Cl)Cl,C(Cl)Cl,0,0.02,1.3,63,80.0,90.0,9.0,1.105342431,4.624752732,1
98,R1803,OC1=C(CCC(O)=O)C=CC2=CC=CC=C21,O=C1[C@@]2(CCC(O2)=O)C=CC3=CC=CC=C31,IC1=C(C=CC=C1OC[C@@H]2[C@@H](OC(C3=CC=CC=C3)=O)[C@H](OC(C4=CC=CC=C4)=O)[C@@H](OC(C5=CC=CC=C5)=O)[C@@H](OC)O2)OC[C@H]6O[C@H](OC)[C@H](OC(C7=CC=CC=C7)=O)[C@@H](OC(C8=CC=CC=C8)=O)[C@@H]6OC(C9=CC=CC=C9)=O,0.15,298.15,25,ClCCl,0.0,ClCCl,0,C(Cl)Cl,C(Cl)Cl,0,0.05,1.3,19,2.0,51.0,1.040816327,0.023702665,0.099171952,1
99,R2406,OC1=C(CCC(O)=O)C=CC2=CC=CC=C21,O=C1[C@@]2(CCC(O2)=O)C=CC3=CC=CC=C31,O=C(OI1C2=CC=CC3=C2C4(CCC5=C4C(I(OC(C)=O)O1)=CC=C5)CC3)C,0.55,273.15,0,CC#N,0.0,CC#N,0,CC#N,CC(=O)O,10,0.02,0.0,77,16.0,58.0,1.380952381,0.175203748,0.733052483,6
100,R1366,CC(C=C1Br)=C(C)C=C1O,BrC(C(C=C1C)=O)=C[C@@]1(O)C,IC1=C2C(CC(C)(C)[C@@H]2OCC3=CC=CC=C3)=CC=C1O[C@@H](C)C(NC4=C(C5=CC=CC=C5)C=CC=C4C6=CC=CC=C6)=O,0.1,283.15,10,O=C(C)CC,0.0,O=C(C)CC,0,CCC(=O)C,O,2,0.167,2.2,59,75.0,87.5,7.0,1.094923586,4.581160282,6
101,R0822,OC1=C(C(N(C)C2=CC(C)=CC(C)=C2)=O)C=CC3=CC=CC=C31,O=C1[C@@]2(C(C(C)=CC(C)=C3)=C3N(C)C2=O)C=CC4=CC=CC=C41,IC1=C(O[C@H](C)C(NC2=C(C)C=C(C)C=C2C)=O)C=CC=C1O[C@H](C)C(NC3=C(C)C=C(C)C=C3C)=O,0.15,243.15,-30,OCC(F)(F)F,50.0,[H]O[H],10,C[N+](=O)[O-],C[N+](=O)[O-],0,0.07,1.3,61,86.0,93.0,13.28571429,1.249864721,5.229433993,2
102,R0707,OC1=C(CCCNS(C)(=O)=O)C=C(C2=CC=CC=C2)C3=C1C=CC=C3,O=C1[C@]2(N(S(=O)(C)=O)CCC2)C=C(C3=CC=CC=C3)C4=C1C=CC=C4,IC1=C(OC[C@H](C(C)(C)C)NC(C2=C(C)C=C(C)C=C2C)=O)C=CC=C1OC[C@H](C(C)(C)C)NC(C3=C(C)C=C(C)C=C3C)=O,0.2,253.15,-20,ClCCl,0.0,ClCCl,0,C(Cl)Cl,C(Cl)Cl,0,0.02,1.3,31,24.0,62.0,1.631578947,0.246273609,1.030408778,5
103,R1013,CC1=CC=C(O)C(Br)=C1,O=C1C=C[C@@](O)(C)C=C1Br,IC1=C2C(CCCC23O[C@@H](C(NC4=CC=CC5=C4C=CC=C5)=O)[C@H](C(NC6=C(C=CC=C7)C7=CC=C6)=O)O3)=CC=C1,0.1,298.15,25,CC#N,0.0,CC#N,0,CC#N,O,9,0.16,2.2,52,20.0,60.0,1.5,0.240233054,1.005135099,7
104,R2227,OC1=C(CCC(O)=O)C=CC2=CC=CC(C)=C21,O=C1[C@@]2(CCC(O2)=O)C=CC3=CC=CC(C)=C31,IC1=C(CC)C=CC2=C1[C@]3(CCC4=C3C(I)=C(CC)C=C4)CC2,0.1,273.15,0,ClC(Cl)Cl,0.0,ClC(Cl)Cl,0,C(Cl)(Cl)Cl,C(Cl)(Cl)Cl,0,0.02,1.3,20,40.0,70.0,2.333333333,0.45991945,1.924302979,5
105,R0919,OC1=C(CCC(O)=O)C=C(Cl)C2=CC=CC=C21,O=C1[C@]2(CCC(O2)=O)C=C(Cl)C3=CC=CC=C31,IC1=CC=CC=C1[C@@H](O[Si](C(C)C)(C(C)C)C(C)C)C2=CN(CC3=CC=CC=C3)N=N2,1.0,253.15,-20,ClCCl,0.0,ClCCl,0,C(Cl)Cl,C(Cl)Cl,0,0.02,1.3,77,80.0,90.0,9.0,1.105342431,4.624752732,2
106,R1418,O=C(C1=CC=C(F)C=C1)NCC2=C(O)C=CC3=C2C=CC=C3,O=C1C=CC2=C(C=CC=C2)[C@]13CN=C(C4=CC=C(F)C=C4)O3,IC1=C([C@@H](O[Si](C(C)C)(C(C)C)C(C)C)C2=CN(CC3=CC=CC=C3)N=N2)C=CC=C1OC(C)C,0.1,273.15,0,CC#N,0.0,CC#N,0,CC#N,C(C(F)(F)F)(C(F)(F)F)O,3,0.05,1.5,70,76.0,88.0,7.333333333,1.081505606,4.525019454,0
107,R0534,OC1=C(CCCO)C=CC2=CC=CC=C21,O=C1[C@@]2(OCCC2)C=CC3=CC=CC=C31,IC1=C(O[C@@H](C)CNC(C2=C(C)C=C(C)C=C2C)=O)C=CC=C1O[C@@H](C)CNC(C3=C(C)C=C(C)C=C3C)=O,0.05,298.15,25,ClCCl,0.0,ClCCl,0,C(Cl)Cl,C(Cl)Cl,0,0.02,1.3,23,82.0,91.0,10.11111111,1.370800038,5.735427358,1
108,R0103,OC1=C(CCC(O)=O)C2=C(C=C(Br)C=C2)C=C1,O=C1[C@@]2(OC(CC2)=O)C3=C(C=C(Br)C=C3)C=C1,IC1=C(O[C@@H](C)CNC(C2=C(C)C=C(C)C=C2C)=O)C=CC=C1O[C@@H](C)CNC(C3=C(C)C=C(C)C=C3C)=O,0.05,253.15,-20,OC(C(F)(F)F)C(F)(F)F,50.0,OC(C(F)(F)F)C(F)(F)F,0,C(CCl)Cl,C(CCl)Cl,0,0.02,1.2,92,95.0,97.5,39.0,1.843002385,7.711121979,4
109,R0371,OC1=CC=C(OC(C(O)=O)(C)C)C=C1[Si](C2=CC=CC=C2)(C(C)(C)C)C3=CC=CC=C3,O=C1C=C[C@@]2(OC(C(C)(C)O2)=O)C=C1[Si](C3=CC=CC=C3)(C(C)(C)C)C4=CC=CC=C4,CC([C@@H](C(NC(C(C1=CC=CC=C1)=CC=C2)=C2C3=CC=CC=C3)=O)OC(C=CC=C4O[C@H](C(NC(C(C5=CC=CC=C5)=CC=C6)=C6C7=CC=CC=C7)=O)C(C)C)=C4I)C,0.1,273.15,0,ClCCl,0.0,ClCCl,0,C(Cl)Cl,C(Cl)Cl,0,0.02,1.2,59,38.0,69.0,2.225806452,0.434310584,1.817155484,4
110,R0518,OC1=C(CCCO)C=C(C2=CC=C(F)C=C2)C3=CC=CC=C31,O=C1[C@@]2(OCCC2)C=C(C3=CC=C(F)C=C3)C4=CC=CC=C41,IC1=C(OC[C@H](C(C)(C)C)NC(C2=C(C)C=C(C)C=C2C)=O)C=CC=C1OC[C@H](C(C)(C)C)NC(C3=C(C)C=C(C)C=C3C)=O,0.2,253.15,-20,ClCCl,0.0,ClCCl,0,C(Cl)Cl,C(Cl)Cl,0,0.02,1.3,64,83.0,91.5,10.76470588,1.195414975,5.001616256,7
111,R1215,OC1=CC=C(C)C=C1C,O=C1C=C[C@@](O)(C)C=C1C,IC1=C(O[C@H](C)C(NC2=C(C(C)C)C=CC=C2C(C)C)=O)C=C(C)C=C1O[C@H](C)C(NC3=C(C(C)C)C=CC=C3C(C)C)=O,0.1,268.15,-5,CC#N,0.0,CC#N,0,CC#N,O,2,0.16,2.2,52,46.0,73.0,2.703703704,0.530005743,2.217544028,2
112,R0809,OC1=C(C(N(C)C2=CC(C=CC=C3)=C3C=C2)=O)C=CC4=CC=CC=C41,O=C1[C@@]2(C(C(C=CC=C3)=C3C=C4)=C4N(C)C2=O)C=CC5=CC=CC=C51,IC1=C(O[C@H](C)C(N(CC)CC)=O)C=CC=C1O[C@H](C)C(N(CC)CC)=O,0.1,273.15,0,OCC(F)(F)F,50.0,OCC(F)(F)F,0,C[N+](=O)[O-],C[N+](=O)[O-],0,0.07,1.3,46,47.0,73.5,2.773584906,0.553739788,2.316847273,5
113,R0376,OC1=CC=C(OC(C(O)=O)(C)C)C=C1[Si](C2=CC=CC=C2)(C(C)(C)C)C3=CC=CC=C3,O=C1C=C[C@@]2(OC(C(C)(C)O2)=O)C=C1[Si](C3=CC=CC=C3)(C(C)(C)C)C4=CC=CC=C4,CC([C@@H](C(NC(C(C1=CC=C(C2=CC(C(F)(F)F)=CC(C(F)(F)F)=C2)C=C1)=CC=C3)=C3C4=CC=C(C5=CC(C(F)(F)F)=CC(C(F)(F)F)=C5)C=C4)=O)OC(C=CC=C6O[C@H](C(NC(C(C7=CC=C(C8=CC(C(F)(F)F)=CC(C(F)(F)F)=C8)C=C7)=CC=C9)=C9C%10=CC=C(C%11=CC(C(F)(F)F)=CC(C(F)(F)F)=C%11)C=C%10)=O)C(C)C)=C6I)C,0.1,273.15,0,CCO,10.0,CCO,0,C(CCl)Cl,C(CCl)Cl,0,0.02,1.2,87,89.0,94.5,17.18181818,1.543663439,6.45868783,7
114,R1620,OC1=CC(C2=CC=CC=C2C(O)=O)=CC=C1,O=C1C=C[C@]2(OC)C(C3=CC=CC=C3C(O2)=O)=C1,IC1=C(O[C@H](C)C(NC2=CC=C(C)C=C2)=O)C=CC=C1O[C@H](C)C(NC3=CC=C(C)C=C3)=O,0.2,293.15,20,CO,0.0,CO,0,CO,CO,0,0.3,1.0,6,36.0,68.0,2.125,0.43911093,1.837240131,3
115,R1005,CC1=CC=C(O)C(C)=C1,O=C1C=C[C@@](O)(C)C=C1C,IC1=C2C(CCCC23O[C@@H](C(NC4=C(C)C=C(C)C=C4C)=O)[C@H](C(NC5=C(C)C=C(C)C=C5C)=O)O3)=CC=C1,0.1,298.15,25,CC#N,0.0,CC#N,0,CC#N,O,2,0.16,2.2,47,26.0,63.0,1.702702703,0.31533187,1.319348544,9
116,R1019,CC1=CC=C(O)C(C)=C1,O=C1C=C[C@@](O)(C)C=C1C,IC1=C2C(CCCC23O[C@@H](C(NC4=C(C)C=C(C)C=C4C)=O)[C@H](C(NC5=C(C)C=C(C)C=C5C)=O)O3)=CC=C1,0.1,298.15,25,CC#N,0.0,CC#N,0,CC#N,O,2,0.16,2.2,47,24.0,62.0,1.631578947,0.29005126,1.21357447,3
117,R0710,OC1=C(CCCNS(C)(=O)=O)C=C(C2=CC=C(F)C=C2)C3=C1C=CC=C3,O=C1[C@]2(N(S(=O)(C)=O)CCC2)C=C(C3=CC=C(F)C=C3)C4=C1C=CC=C4,IC1=C(O[C@@H](C)CNC(C2=C(C)C=C(C)C=C2C)=O)C=CC=C1O[C@@H](C)CNC(C3=C(C)C=C(C)C=C3C)=O,0.2,253.15,-20,ClCCl,0.0,ClCCl,0,C(Cl)Cl,C(Cl)Cl,0,0.02,1.3,25,24.0,62.0,1.631578947,0.246273609,1.030408778,8
118,R1205,OC1=CC=C(C)C=C1C,O=C1C=C[C@@](O)(C)C=C1C,IC1=C(O[C@H](C)C(NC2=C(C(C)C)C=CC=C2C(C)C)=O)C=C(C)C=C1O[C@H](C)C(NC3=C(C(C)C)C=CC=C3C(C)C)=O,0.15,297.15,24,CC#N,0.0,CC#N,0,CC#N,O,9,0.16,2.2,76,28.0,64.0,1.777777778,0.339752758,1.421525539,4
119,R1210,OC1=CC=C(C)C=C1C,O=C1C=C[C@@](O)(C)C=C1C,IC1=C(O[C@H](C)C(NC2=C(C(C)C)C=CC=C2C(C)C)=O)C=CC=C1O[C@H](C)C(NC3=C(C(C)C)C=CC=C3C(C)C)=O,0.1,268.15,-5,CC#N,0.0,CC#N,0,CC#N,O,9,0.16,2.2,54,50.0,75.0,3.0,0.585418868,2.449392544,5
120,R1921,OC1=C(CCC(O)=O)C=CC2=C1C=CC=C2,O=C1[C@@]2(OC(CC2)=O)C=CC3=C1C=CC=C3,IC1=C(O[C@H](C)C(NC2=C(C)C=C(C)C=C2C)=O)C=CC=C1O[C@H](C)C(NC3=C(C)C=C(C)C=C3C)=O,0.15,273.15,0,C[N+]([O-])=O,0.0,C[N+]([O-])=O,0,C[N+](=O)[O-],C[N+](=O)[O-],0,0.02,1.3,82,85.0,92.5,12.33333333,1.363697792,5.705711559,3
121,R2311,OC1=C(CCC(O)=O)C=C(OC)C2=CC=CC=C21,O=C1[C@@]2(CCC(O2)=O)C=C(OC)C3=CC=CC=C31,IC1=C(C(C2=C(C)C=CC3=C2C(I)=CC=C3)=C(C)C=C4)C4=CC=C1,1.0,233.15,-40,ClC(Cl)Cl,0.0,ClC(Cl)Cl,0,C(Cl)(Cl)Cl,C(Cl)(Cl)Cl,0,0.01,2.0,56,0.0,50.0,1.0,0.0,0.0,2
122,R1913,OC1=C(CCC(O)=O)C=CC2=C1C=CC=C2,O=C1[C@@]2(OC(CC2)=O)C=CC3=C1C=CC=C3,IC1=C(O[C@H](C)C(OC)=O)C=CC=C1,0.15,273.15,0,ClCCl,0.0,ClCCl,0,C(Cl)Cl,C(Cl)Cl,0,0.2,1.3,24,13.0,56.5,1.298850575,0.141933086,0.593848031,4
123,R0736,OC1=C(CCCNS(=O)(C)=O)C=CC2=C1C=CC=C2,O=C1[C@]2(N(S(=O)(C)=O)CCC2)C=CC3=C1C=CC=C3,IC1=C(O[C@H](C)C(OC)=O)C=CC=C1O[C@H](C)C(OC)=O,0.2,253.15,-20,C[Si](C)(OS(=O)(C(F)(F)F)=O)C(C)(C)C,1.1,ClCCl,0,C(Cl)Cl,C(Cl)Cl,0,0.02,1.3,20,0.0,50.0,1.0,0.0,0.0,0
124,R0168,OC1=C(CCC(O)=O)C=CC2=C1C=CC=C2,O=C1[C@@]2(OC(CC2)=O)C=CC3=C1C=CC=C3,IC1=C(O[C@@H](C)CNC(C2=C(C=CC=C3)C3=CC4=C2C=CC=C4)=O)C=CC=C1O[C@@H](C)CNC(C5=C(C=CC=C6)C6=CC7=C5C=CC=C7)=O,0.05,273.15,0,OC(C(F)(F)F)C(F)(F)F,6.0,OC(C(F)(F)F)C(F)(F)F,0,C(CCl)Cl,C(CCl)Cl,0,0.02,1.2,49,78.0,89.0,8.090909091,1.134869496,4.74829397,8
125,R1507,OC1=C(Br)C=C(C)C=C1,O=C1C(Br)=C[C@](C)(O)C=C1,IC1=C([C@@H](O[Si](C(C)C)(C(C)C)C(C)C)C2=CN(CC3=CC=CC=C3)N=N2)C=CC=C1,0.1,273.15,0,CC(C)=O,0.0,CC(C)=O,0,CC(=O)C,O,2,1.64,2.2,65,76.0,88.0,7.333333333,1.081505606,4.525019454,2
126,R2108,OC1=C(CCC(O)=O)C=CC2=CC=CC=C21,O=C1[C@@]2(CCC(O2)=O)C=CC3=CC=CC=C31,CC1=C2C([C@@H]3CC[C@H]2C3)=C(I)C4=C1[C@H]5CC[C@@H]4C5,0.1,253.15,-20,ClC(Cl)Cl,0.0,ClC(Cl)Cl,0,C(Cl)(Cl)Cl,C[N+](=O)[O-],2,0.13,1.5,44,39.0,69.5,2.278688525,0.414322738,1.733526335,2
127,R0150,OC1=C(CCC(O)=O)C=CC2=C1C=CC=C2,O=C1[C@@]2(OC(CC2)=O)C=CC3=C1C=CC=C3,IC1=C(O[C@@H](C)CNC(C2=C(C)C=C(C)C=C2C)=O)C=CC=C1O[C@@H](C)CNC(C3=C(C)C=C(C)C=C3C)=O,0.05,273.15,0,CCO,1.0,CCO,0,C(CCl)Cl,C(CCl)Cl,0,0.02,1.2,81,93.0,96.5,27.57142857,1.800372364,7.532757971,1
128,R1419,O=C(C1=C(Br)C=CC=C1)NCC2=C(O)C=CC3=C2C=CC=C3,O=C1C=CC2=C(C=CC=C2)[C@]13CN=C(C4=C(Br)C=CC=C4)O3,IC1=C([C@@H](O[Si](C(C)C)(C(C)C)C(C)C)C2=CN(CC3=CC=CC=C3)N=N2)C=CC=C1OC(C)C,0.1,273.15,0,CC#N,0.0,CC#N,0,CC#N,C(C(F)(F)F)(C(F)(F)F)O,3,0.05,1.5,87,91.0,95.5,21.22222222,1.658302768,6.938338782,6
129,R0742,OC1=C(CCCNS(=O)(C)=O)C=CC2=C1C=CC=C2,O=C1[C@]2(N(S(=O)(C)=O)CCC2)C=CC3=C1C=CC=C3,IC1=C(O[C@H](C)C(OC)=O)C=CC=C1,0.4,253.15,-20,ClCCl,0.0,ClCCl,0,C(Cl)Cl,C(Cl)Cl,0,0.02,1.3,15,17.0,58.5,1.409638554,0.1727183,0.722653368,5
130,R0617,OC1=C(OCC(O)=O)C=C(C)C2=C1C=CC=C2,O=C1[C@@]2(CCC(O2)=O)C=C(C)C3=C1C=CC=C3,IC1=C(O[C@H](C)C(NC2=C(C)C=C(C)C=C2C)=O)C=CC=C1O[C@H](C)C(NC3=C(C)C=C(C)C=C3C)=O,0.1,273.15,0,ClC(Cl)Cl,0.0,ClC(Cl)Cl,0,C(Cl)(Cl)Cl,C[N+](=O)[O-],2,0.02,1.3,59,84.0,92.0,11.5,1.32572376,5.546828212,0
131,R0229,OC1=C(CCC(O)=O)C=C(C(C)(C)C)C=C1C(C)(C)C,O=C1[C@@]2(OC(CC2)=O)C=C(C(C)(C)C)C=C1C(C)(C)C,IC1=C(O[C@@H](C)COC(C2=C(C)C=C(C)C=C2C)=O)C=CC=C1O[C@@H](C)COC(C3=C(C)C=C(C)C=C3C)=O,0.1,263.15,-10,CO,25.0,CO,0,C(Cl)Cl,C(Cl)Cl,0,0.02,1.2,36,3.0,51.5,1.06185567,0.031385527,0.131317045,1
132,R1357,OC1=CC=C(C)C=C1[Si](C)(C)C,OC1C=C[C@@](O)(C)C=C1[Si](C)(C)C,IC1=C2C(CC(C)(C)[C@@H]2OCC3=CC=CC=C3)=CC=C1O[C@@H](C)C(NC4=C(C5=CC=CC=C5)C=C(C)C=C4C6=CC=CC=C6)=O,0.1,283.15,10,O=C(C)CC,0.0,O=C(C)CC,0,CCC(=O)C,O,2,0.167,2.2,60,72.0,86.0,6.142857143,1.021426298,4.273647629,7
133,R0704,OC1=C(CCCNS(C)(=O)=O)C=C(Cl)C2=C1C=CC=C2,O=C1[C@]2(N(S(=O)(C)=O)CCC2)C=C(Cl)C3=C1C=CC=C3,IC1=C(O[C@@H](C)CNC(C2=C(C)C=C(C)C=C2C)=O)C=CC=C1O[C@@H](C)CNC(C3=C(C)C=C(C)C=C3C)=O,0.2,253.15,-20,ClCCl,0.0,ClCCl,0,C(Cl)Cl,C(Cl)Cl,0,0.02,1.3,16,37.0,68.5,2.174603175,0.390802595,1.635118058,7
134,R2109,OC1=C(CCC(O)=O)C=CC2=CC=CC=C21,O=C1[C@@]2(CCC(O2)=O)C=CC3=CC=CC=C31,CC1=C2C([C@@H]3CC[C@H]2C3)=C(I)C4=C1[C@H]5CC[C@@H]4C5,0.1,253.15,-20,ClC(Cl)Cl,0.0,ClC(Cl)Cl,0,C(Cl)(Cl)Cl,OCC(F)(F)F,2,0.13,1.5,38,37.0,68.5,2.174603175,0.390802595,1.635118058,7
135,R0814,OC1=C(C(N(C)C2=CC(C=C(OC)C=C3)=C3C=C2)=O)C=CC4=CC=CC=C41,O=C1[C@@]2(C(C(C=C(OC)C=C3)=C3C=C4)=C4N(C)C2=O)C=CC5=CC=CC=C51,IC1=C(O[C@H](C)C(NC2=C(C)C=C(C)C=C2C)=O)C=CC=C1O[C@H](C)C(NC3=C(C)C=C(C)C=C3C)=O,0.15,243.15,-30,OCC(F)(F)F,50.0,[H]O[H],10,C[N+](=O)[O-],C[N+](=O)[O-],0,0.07,1.3,74,84.0,92.0,11.5,1.180119833,4.93762138,7
136,R2016,OC1=C(CCC(O)=O)C=CC2=CC=CC=C21,O=C1[C@]2(OC(CC2)=O)C=CC3=CC=CC=C31,IC1=C(C=CC=C1O[C@@H]([C@@H](NC(C2=C(C)C=C(C)C=C2C)=O)CO[Si](C3=CC=CC=C3)(C(C)(C)C)C4=CC=CC=C4)C5=CC=C([N+]([O-])=O)C=C5)O[C@@H]([C@H](CO[Si](C6=CC=CC=C6)(C(C)(C)C)C7=CC=CC=C7)NC(C8=C(C)C=C(C)C=C8C)=O)C9=CC=C([N+]([O-])=O)C=C9,0.15,253.15,-20,CCO,5.0,CCO,0,C(Cl)Cl,C(Cl)Cl,0,0.04,1.5,92,96.0,98.0,49.0,1.957830872,8.191564368,8
137,R0120,OC1=C(CCC(O)=O)C2=C(C=CC=C2)C=C1,O=C1[C@@]2(OC(CC2)=O)C3=C(C=CC=C3)C=C1,IC1=C(O[C@@H](C)CNC(C2=C(C)C=C(C)C=C2C)=O)C=CC=C1O[C@@H](C)CNC(C3=C(C)C=C(C)C=C3C)=O,0.1,273.15,0,ClC(Cl)Cl,0.0,ClC(Cl)Cl,0,C(Cl)(Cl)Cl,C(Cl)(Cl)Cl,0,0.02,1.2,42,84.0,92.0,11.5,1.32572376,5.546828212,9
138,R0342,OC1=C(OC(CCC)(CCC)CO)C=C(C(C)C)C=C1[Si](C)(C)C,O=C1[C@@]2(OC(C(CCC)(CCC)O2)=O)C=C(C(C)C)C=C1[Si](C)(C)C,IC1=C(O[C@@H](C)CNC(C2=C(C)C=C(C)C=C2C)=O)C=CC=C1O[C@@H](C)CNC(C3=C(C)C=C(C)C=C3C)=O,0.1,273.15,0,ClC(Cl)Cl,0.0,ClC(Cl)Cl,0,C(Cl)(Cl)Cl,O,5,0.02,1.2,54,75.0,87.5,7.0,1.056254202,4.419367583,8
139,R1804,OC1=C(CCC(O)=O)C=CC2=CC=CC=C21,O=C1[C@@]2(CCC(O2)=O)C=CC3=CC=CC=C31,IC1=C(C=CC=C1OC[C@@H]2[C@@H](OC(C3=CC=CC=C3)=O)[C@H](OC(C4=CC=CC=C4)=O)[C@@H](OC(C5=CC=CC=C5)=O)[C@@H](OC)O2)OC[C@H]6O[C@H](OC)[C@H](OC(C7=CC=CC=C7)=O)[C@@H](OC(C8=CC=CC=C8)=O)[C@@H]6OC(C9=CC=CC=C9)=O,0.15,273.15,0,ClCCl,0.0,ClCCl,0,C(Cl)Cl,C(Cl)Cl,0,0.05,1.3,22,6.0,53.0,1.127659574,0.065215208,0.272860428,6
140,R0224,OC1=C(CCC(O)=O)C=C(Br)C2=C1CCCC2,BrC1=C[C@]2(OC(CC2)=O)C(C3=C1CCCC3)=O,IC1=C(O[C@@H](C)CNC(C2=C(C)C=C(C)C=C2C)=O)C=CC=C1O[C@@H](C)CNC(C3=C(C)C=C(C)C=C3C)=O,0.1,253.15,-20,CO,10.0,CO,0,C(Cl)Cl,C(Cl)Cl,0,0.02,1.2,81,98.0,99.0,99.0,2.311634868,9.671880289,8
141,R0530,OC1=C(CCCO)C=CC2=CC=CC=C21,O=C1[C@@]2(OCCC2)C=CC3=CC=CC=C31,IC1=C(O[C@@H](C)CNC(C2=C(C)C=C(C)C=C2C)=O)C=CC=C1O[C@@H](C)CNC(C3=C(C)C=C(C)C=C3C)=O,0.2,298.15,25,ClCCl,0.0,ClCCl,0,C(Cl)Cl,C(Cl)Cl,0,0.02,1.3,43,86.0,93.0,13.28571429,1.532581396,6.412320563,1
142,R0701,OC1=C(CCCNS(C)(=O)=O)C=CC2=C1C=CC=C2,O=C1[C@]2(N(S(=O)(C)=O)CCC2)C=CC3=C1C=CC=C3,IC1=C(OC[C@H](C(C)(C)C)NC(C2=C(C)C=C(C)C=C2C)=O)C=CC=C1OC[C@H](C(C)(C)C)NC(C3=C(C)C=C(C)C=C3C)=O,0.2,253.15,-20,ClCCl,0.0,ClCCl,0,C(Cl)Cl,C(Cl)Cl,0,0.02,1.3,20,67.0,83.5,5.060606061,0.81570977,3.412929678,5
143,R2221,OC1=C(CCC(O)=O)C=CC2=C(C3=CC=CC=C3)C=CC=C21,O=C1[C@@]2(CCC(O2)=O)C=CC3=C(C4=CC=CC=C4)C=CC=C31,IC1=C(CC)C=CC2=C1[C@]3(CCC4=C3C(I)=C(CC)C=C4)CC2,0.1,273.15,0,CC(O)=O,1.0,ClC(Cl)Cl,0,C(Cl)(Cl)Cl,C(Cl)(Cl)Cl,0,0.05,1.3,94,85.0,92.5,12.33333333,1.363697792,5.705711559,2
144,R2053,OC1=C(C(N(CC)C2=CC=CC=C2)=O)C=CC3=CC=CC=C31,O=C1[C@@]2(C(C=CC=C3)=C3N(CC)C2=O)C=CC4=CC=CC=C41,IC1=C(C=CC=C1O[C@@H]([C@@H](NC(C2=CC=C([N+]([O-])=O)C=C2)=O)CO[Si](C3=CC=CC=C3)(C(C)(C)C)C4=CC=CC=C4)C(C=C5)=CC=C5[N+]([O-])=O)O[C@@H]([C@H](CO[Si](C6=CC=CC=C6)(C(C)(C)C)C7=CC=CC=C7)NC(C8=CC=C([N+]([O-])=O)C=C8)=O)C(C=C9)=CC=C9[N+]([O-])=O,0.15,263.15,-10,OCC(F)(F)F,50.0,[H]O[H],10,C[N+](=O)[O-],C[N+](=O)[O-],0,0.067,1.3,54,95.0,97.5,39.0,1.915805165,8.015728812,6
145,R2014,OC1=C(CCC(O)=O)C=CC2=CC=CC=C21,O=C1[C@]2(OC(CC2)=O)C=CC3=CC=CC=C31,IC1=C(C=CC=C1O[C@@H]([C@@H](NC(C2=C(C)C=C(C)C=C2C)=O)CO[Si](C3=CC=CC=C3)(C(C)(C)C)C4=CC=CC=C4)C5=CC=C([N+]([O-])=O)C=C5)O[C@@H]([C@H](CO[Si](C6=CC=CC=C6)(C(C)(C)C)C7=CC=CC=C7)NC(C8=C(C)C=C(C)C=C8C)=O)C9=CC=C([N+]([O-])=O)C=C9,0.1,253.15,-20,CCO,5.0,CCO,0,C(Cl)Cl,C(Cl)Cl,0,0.02,1.5,80,98.0,99.0,99.0,2.311634868,9.671880289,2
146,R1506,OC1=C(CCC(O)=O)C=CC2=CC=CC=C21,O=C1[C@@]2(OC(CC2)=O)C=CC3=CC=CC=C31,IC1=C([C@@H](O[Si](C(C)C)(C(C)C)C(C)C)C2=CN(CC3=CC=CC=C3)N=N2)C=CC=C1OC,0.1,263.15,-10,CCO,6.0,CCO,0,C(Cl)Cl,C(Cl)(Cl)Cl,1,0.02,1.3,85,99.0,99.5,199.0,2.768055162,11.5815428,5
147,R1361,OC1=CC=C(CC)C=C1Br,O=C1C=C[C@](CC)(O)C=C1Br,IC1=C2C(CC(C)(C)[C@@H]2OCC3=CC=CC=C3)=CC=C1O[C@@H](C)C(NC4=C(C5=CC=CC=C5)C=CC=C4C6=CC=CC=C6)=O,0.1,283.15,10,O=C(C)CC,0.0,O=C(C)CC,0,CCC(=O)C,O,2,0.167,2.2,47,84.0,92.0,11.5,1.374258403,5.749897157,6
148,R0717,OC1=C(CCCNS(C2=CC=C([N+]([O-])=O)C=C2)(=O)=O)C=C(Br)C3=C1C=CC=C3,O=C1[C@]2(N(S(C3=CC=C([N+]([O-])=O)C=C3)(=O)=O)CCC2)C=C(Br)C4=C1C=CC=C4,IC1=C(OC[C@H](C(C)(C)C)NC(C2=C(C)C=C(C)C=C2C)=O)C=CC=C1OC[C@H](C(C)(C)C)NC(C3=C(C)C=C(C)C=C3C)=O,0.2,253.15,-20,ClCCl,0.0,ClCCl,0,C(Cl)Cl,C(Cl)Cl,0,0.02,1.3,13,11.0,55.5,1.247191011,0.111123518,0.464940799,2
149,R1930,OC1=C(CCC(O)=O)C=C(C(C2=CC=CC=C2)=O)C3=C1C=CC=C3,O=C1[C@@]2(OC(CC2)=O)C=C(C(C3=CC=CC=C3)=O)C4=C1C=CC=C4,IC1=C(O[C@H](C)C(NC2=C(C)C=C(C)C=C2C)=O)C=CC=C1O[C@H](C)C(NC3=C(C)C=C(C)C=C3C)=O,0.1,273.15,0,ClC(Cl)Cl,0.0,ClC(Cl)Cl,0,C(Cl)(Cl)Cl,C[N+](=O)[O-],2,0.02,1.3,94,83.0,91.5,10.76470588,1.289858189,5.396766661,4
150,R0508,OC1=C(CCCO)C=C(Cl)C2=CC=CC=C21,O=C1[C@@]2(OCCC2)C=C(Cl)C3=CC=CC=C31,IC1=C(OC[C@H](C(C)(C)C)NC(C2=C(C)C=C(C)C=C2C)=O)C=CC=C1OC[C@H](C(C)(C)C)NC(C3=C(C)C=C(C)C=C3C)=O,0.2,253.15,-20,ClCCl,0.0,ClCCl,0,C(Cl)Cl,C(Cl)Cl,0,0.02,1.3,79,93.0,96.5,27.57142857,1.668549383,6.981210618,6
151,R0925,OC1=C(CCC(O)=O)C=C(C(C2=CC=CC=C2)=O)C3=CC=CC=C31,O=C1[C@]2(CCC(O2)=O)C=C(C(C3=CC=CC=C3)=O)C4=CC=CC=C41,IC1=CC=CC=C1[C@@H](O[Si](C(C)C)(C(C)C)C(C)C)C2=CN(CC3=CC=CC=C3)N=N2,1.0,253.15,-20,ClCCl,0.0,ClCCl,0,C(Cl)Cl,C(Cl)Cl,0,0.02,1.3,60,80.0,90.0,9.0,1.105342431,4.624752732,1
152,R0116,OC1=C(CCC(O)=O)C=CC2=C1C=CC(OC)=C2,COC1=CC(C=C[C@]23OC(CC3)=O)=C(C=C1)C2=O,IC1=C(O[C@@H](C)CNC(C2=C(C)C=C(C)C=C2C)=O)C=CC=C1O[C@@H](C)CNC(C3=C(C)C=C(C)C=C3C)=O,0.1,253.15,-20,CCO,6.0,CCO,0,C(CCl)Cl,C(CCl)Cl,0,0.02,1.2,73,97.0,98.5,65.66666667,2.105113207,8.807793657,1
153,R0214,OC1=C(CCC(O)=O)C=C(C(C)(C)C)C=C1C(C)(C)C,O=C1[C@@]2(OC(CC2)=O)C=C(C(C)(C)C)C=C1C(C)(C)C,IC1=C(O[C@@H](C)CNC(C2=C(C)C=C(C)C=C2C)=O)C=CC=C1O[C@@H](C)CNC(C3=C(C)C=C(C)C=C3C)=O,0.1,263.15,-10,CO,0.0,CO,0,CO,CO,0,0.02,1.2,5,63.0,81.5,4.405405405,0.775425128,3.244378734,3
154,R0410,OC(C(Cl)=C(OC)C=C1C(OC)=O)=C1OC2=C(C(O)=O)C(O)=CC(C)=C2,O=C1[C@]2(OC(C(C(O)=CC(C)=C3)=C3O2)=O)C(C(OC)=O)=CC(OC)=C1Cl,IC1=C(O[C@H](C)CNC(C2=C(C)C=C(C)C=C2C)=O)C=CC=C1O[C@H](C)CNC(C3=C(C)C=C(C)C=C3C)=O,0.2,298.15,25,CO,25.0,CO,0,C(Cl)(Cl)Cl,C(Cl)(Cl)Cl,0,0.01,1.5,75,98.0,99.0,99.0,2.722551594,11.39115587,7
155,R1408,O=C(C1=CC=CC=C1)NCC2=C(O)C=CC3=CC=CC=C32,O=C1C=CC2=CC=CC=C2[C@]13CN=C(C4=CC=CC=C4)O3,IC1=C([C@@H](O[Si](C(C)C)(C(C)C)C(C)C)C2=CN(CC3=CC=CC=C3)N=N2)C=CC=C1OC(C)C,0.1,298.15,25,CC#N,0.0,CC#N,0,CC#N,C(C(F)(F)F)(C(F)(F)F)O,3,0.05,1.5,80,90.0,95.0,19.0,1.744543624,7.299170523,2
156,R1622,OC1=CC(C2=CC=CC=C2C(O)=O)=CC=C1,O=C1C=C[C@]2(OC)C(C3=CC=CC=C3C(O2)=O)=C1,IC1=C(O[C@H](C)C(NC2=CC=C(C)C=C2)=O)C=CC=C1O[C@H](C)C(NC3=CC=C(C)C=C3)=O,0.2,293.15,20,CO,0.0,CO,0,CO,CO,0,0.3,2.0,25,37.0,68.5,2.174603175,0.452552956,1.893481567,0
157,R1001,CC1=CC=C(O)C(C)=C1,O=C1C=C[C@@](O)(C)C=C1C,IC1=C2C(CCCC23O[C@@H](C(O)=O)[C@H](C(O)=O)O3)=CC=C1,0.1,298.15,25,CC#N,0.0,CC#N,0,CC#N,O,2,0.16,2.2,36,20.0,60.0,1.5,0.240233054,1.005135099,3
158,R1903,OC1=C(CCC(O)=O)C=CC2=C1C=CC=C2,O=C1[C@@]2(OC(CC2)=O)C=CC3=C1C=CC=C3,IC1=C(O[C@H](C)C(N)=O)C=CC=C1O[C@H](C)C(N)=O,0.15,273.15,0,ClCCl,0.0,ClCCl,0,C(Cl)Cl,C(Cl)Cl,0,0.2,1.3,40,70.0,85.0,5.666666667,0.941554087,3.939462301,6
159,R0519,OC1=C(CCCO)C=C(C2=CC=C(C#N)C=C2)C3=CC=CC=C31,O=C1[C@@]2(OCCC2)C=C(C3=CC=C(C#N)C=C3)C4=CC=CC=C41,IC1=C(OC[C@H](C(C)(C)C)NC(C2=C(C)C=C(C)C=C2C)=O)C=CC=C1OC[C@H](C(C)(C)C)NC(C3=C(C)C=C(C)C=C3C)=O,0.2,253.15,-20,ClCCl,0.0,ClCCl,0,C(Cl)Cl,C(Cl)Cl,0,0.02,1.3,71,92.0,96.0,24.0,1.598761357,6.689217518,5
160,R0356,OC1=CC=C(OC(C(O)=O)(C)C)C=C1Br,O=C1C=C[C@@]2(OC(C(C)(C)O2)=O)C=C1Br,CC([C@@H](C(NC(C(C)=CC(C)=C1)=C1C)=O)OC(C=CC=C2O[C@H](C(NC(C(C)=CC(C)=C3)=C3C)=O)C(C)C)=C2I)C,0.1,273.15,0,CO,10.0,CO,0,C(Cl)Cl,C(Cl)Cl,0,0.02,1.2,39,10.0,55.0,1.222222222,0.108925515,0.455744355,7
161,R0535,OC1=C(CC(C)(C)CO)C=CC2=CC=CC=C21,O=C1[C@@]2(OCC(C)(C)C2)C=CC3=CC=CC=C31,IC1=C(OC[C@H](C(C)(C)C)NC(C2=C(C)C=C(C)C=C2C)=O)C=CC=C1OC[C@H](C(C)(C)C)NC(C3=C(C)C=C(C)C=C3C)=O,0.2,253.15,-20,ClCCl,0.0,ClCCl,0,C(Cl)Cl,C(Cl)Cl,0,0.02,1.3,61,98.0,99.0,99.0,2.311634868,9.671880289,4
162,R0350,OC1=CC=C(OC(C(O)=O)(C)C)C=C1Br,O=C1C=C[C@@]2(OC(C(C)(C)O2)=O)C=C1Br,IC1=C(O[C@@H](C)C(NC2=C(C)C=C(C)C=C2C)=O)C=CC=C1O[C@@H](C)C(NC3=C(C)C=C(C)C=C3C)=O,0.1,273.15,0,ClCCl,0.0,ClCCl,0,C(Cl)Cl,C(Cl)Cl,0,0.02,1.2,67,29.0,64.5,1.816901408,0.324127885,1.356151071,9
163,R0620,OC1=C(OCC(O)=O)C=C(C2=CC=CC=C2)C3=C1C=CC=C3,O=C1[C@@]2(CCC(O2)=O)C=C(C3=CC=CC=C3)C4=C1C=CC=C4,IC1=C(O[C@H](C)C(NC2=C(C)C=C(C)C=C2C)=O)C=CC=C1O[C@H](C)C(NC3=C(C)C=C(C)C=C3C)=O,0.1,273.15,0,ClC(Cl)Cl,0.0,ClC(Cl)Cl,0,C(Cl)(Cl)Cl,C(Cl)(Cl)Cl,0,0.02,1.3,62,87.0,93.5,14.38461538,1.447210666,6.055129424,2
164,R1022,CC1=CC=C(O)C(Br)=C1,O=C1C=C[C@@](O)(C)C=C1Br,IC1=C2C(CCCC23O[C@@H](C(NC4=C(C)C=C(C)C=C4C)=O)[C@H](C(NC5=C(C)C=C(C)C=C5C)=O)O3)=CC=C1,0.1,298.15,25,CC#N,0.0,CC#N,0,CC#N,O,2,0.16,2.2,45,30.0,65.0,1.857142857,0.366773063,1.534578497,6
165,R1312,OC1=CC=C(C)C=C1Br,O=C1C=C[C@@](O)(C)C=C1Br,COC1=CC=C(CC(C)(C)[C@@H]2OCC3=C(C)C=C(C)C=C3C)C2=C1I,0.1,283.15,10,CC(C)=O,0.0,CC(C)=O,0,CC(=O)C,O,2,0.165,2.2,51,41.0,70.5,2.389830508,0.490218937,2.051076032,5
166,R2522,OC1=C(CCC(O)=O)C=CC2=CC=CC=C21,O=C1[C@@]2(CCC(O2)=O)C=CC3=CC=CC=C31,IC1=C(CCC2=CC=C(CC3)C=C2)C=CC3=C1OCC(OCC)=O,0.15,298.15,25,ClCCl,0.0,ClCCl,0,C(Cl)Cl,C(Cl)Cl,0,0.02,1.3,68,63.0,81.5,4.405405405,0.878559764,3.675894051,3
167,R1310,OC1=CC=C(C)C=C1Br,O=C1C=C[C@@](O)(C)C=C1Br,COC1=CC=C(CC(C)(C)[C@@H]2OCC3=CC=CC=C3)C2=C1I,0.1,273.15,0,CC(C)=O,0.0,CC(C)=O,0,CC(=O)C,O,9,0.165,2.2,31,63.0,81.5,4.405405405,0.804892167,3.367668825,5
168,R2049,OC1=C(C(N(C)C2=CC=CC=C2)=O)C=CC3=CC=CC=C31,O=C1[C@@]2(C(C=CC=C3)=C3N(C)C2=O)C=CC4=CC=CC=C41,IC1=C(C=CC=C1O[C@@H]([C@@H](NC(C2=CC=C([N+]([O-])=O)C=C2)=O)CO[Si](C3=CC=CC=C3)(C(C)(C)C)C4=CC=CC=C4)C(C=C5)=CC=C5[N+]([O-])=O)O[C@@H]([C@H](CO[Si](C6=CC=CC=C6)(C(C)(C)C)C7=CC=CC=C7)NC(C8=CC=C([N+]([O-])=O)C=C8)=O)C(C=C9)=CC=C9[N+]([O-])=O,0.15,263.15,-10,OCC(F)(F)F,50.0,[H]O[H],10,C[N+](=O)[O-],C[N+](=O)[O-],0,0.067,1.3,57,94.0,97.0,32.33333333,1.817774196,7.605567236,0
169,R0722,OC1=C(CCCNS(C)(=O)=O)C2=CC(OC)=CC=C2C=C1,O=C1C=CC2=CC=C(OC)C=C2[C@@]13CCCN3S(C)(=O)=O,IC1=C(O[C@@H](C)CNC(C2=C(C)C=C(C)C=C2C)=O)C=CC=C1O[C@@H](C)CNC(C3=C(C)C=C(C)C=C3C)=O,0.2,253.15,-20,ClCCl,0.0,ClCCl,0,C(Cl)Cl,C(Cl)Cl,0,0.02,1.3,22,30.0,65.0,1.857142857,0.311415734,1.302963429,2
170,R0363,OC1=CC=C(OC(C(O)=O)(C)C)C=C1[Si](C)(C(C)(C)C)C,O=C1C=C[C@@]2(OC(C(C)(C)O2)=O)C=C1[Si](C)(C(C)(C)C)C,CC([C@@H](C(NC(C(C1=CC(C)=CC(C)=C1)=CC=C2)=C2C3=CC(C)=CC(C)=C3)=O)OC(C=CC=C4O[C@H](C(NC(C(C5=CC(C)=CC(C)=C5)=CC=C6)=C6C7=CC(C)=CC(C)=C7)=O)C(C)C)=C4I)C,0.1,273.15,0,CCO,10.0,CCO,0,C(CCl)Cl,C(CCl)Cl,0,0.02,1.2,82,63.0,81.5,4.405405405,0.804892167,3.367668825,4
171,R0604,OC1=C(OCC(O)=O)C=CC2=C1C=CC=C2,O=C1[C@@]2(CCC(O2)=O)C=CC3=C1C=CC=C3,IC1=C(O[C@H](C)C(NC2=CC=CC=C2)=O)C=CC=C1O[C@H](C)C(NC3=CC=CC=C3)=O,0.15,273.15,0,ClCCl,0.0,ClCCl,0,C(Cl)Cl,C(Cl)Cl,0,0.2,1.3,25,77.0,88.5,7.695652174,1.107682678,4.634544325,4
172,R1422,O=C(C1=CC=C(C(F)(F)F)C=C1)NCC2=C(O)C=CC3=C2C=CC=C3,O=C1C=CC2=C(C=CC=C2)[C@]13CN=C(C4=CC=C(C(F)(F)F)C=C4)O3,IC1=C([C@@H](O[Si](C(C)C)(C(C)C)C(C)C)C2=CN(CC3=CC=CC=C3)N=N2)C=CC=C1OC(C)C,0.1,273.15,0,CC#N,0.0,CC#N,0,CC#N,C(C(F)(F)F)(C(F)(F)F)O,3,0.05,1.5,68,94.0,97.0,32.33333333,1.886851688,7.894587461,0
173,R1032,OC1=CC=C(C(C)C)C=C1[Si](C)(C)C,O=C1C=C[C@](C(C)C)(O)C=C1[Si](C)(C)C,IC1=C2C(CCCC23O[C@@H](C(NC4=C(C)C=C(C)C=C4C)=O)[C@H](C(NC5=C(C)C=C(C)C=C5C)=O)O3)=CC=C1,0.1,298.15,25,CC#N,0.0,CC#N,0,CC#N,O,9,0.16,2.2,53,34.0,67.0,2.03030303,0.419590875,1.75556822,1
174,R2515,OC1=C(CCC(O)=O)C=CC2=CC=CC=C21,O=C1[C@@]2(CCC(O2)=O)C=CC3=CC=CC=C31,IC1=C(CCC2=CC=C(CC3)C=C2)C=CC3=C1OCC(OCC)=O,0.15,273.15,0,ClC(Cl)Cl,0.0,ClC(Cl)Cl,0,C(Cl)(Cl)Cl,C(Cl)(Cl)Cl,0,0.02,1.3,63,48.0,74.0,2.846153846,0.56775935,2.375505121,7
175,R1350,OC1=CC=C(C)C=C1Br,O=C1C=C[C@@](O)(C)C=C1Br,IC1=C2C(CC(C)(C)[C@@H]2OCC3=CC=CC=C3)=CC=C1O[C@@H](C)C(NC4=C(C5=CC=CC=C5)C=CC=C4C6=CC=CC=C6)=O,0.1,283.15,10,COCCOC,0.0,COCCOC,0,COCCOC,O,2,0.165,2.2,44,52.0,76.0,3.166666667,0.648589033,2.713696515,4
176,R0366,OC1=CC=C(OC(C(O)=O)(C)C)C=C1[Si](C2=CC=CC=C2)(C(C)(C)C)C3=CC=CC=C3,O=C1C=C[C@@]2(OC(C(C)(C)O2)=O)C=C1[Si](C3=CC=CC=C3)(C(C)(C)C)C4=CC=CC=C4,CC([C@@H](C(NC(C(C1=CC=CC=C1)=CC=C2)=C2C3=CC=CC=C3)=O)OC(C=CC=C4O[C@H](C(NC(C(C5=CC=CC=C5)=CC=C6)=C6C7=CC=CC=C7)=O)C(C)C)=C4I)C,0.1,273.15,0,CO,10.0,CO,0,Cc1ccccc1,Cc1ccccc1,0,0.02,1.2,66,64.0,82.0,4.555555556,0.823084462,3.443785389,0
177,R1807,OC1=C(CCC(O)=O)C=CC2=CC=CC=C21,O=C1[C@@]2(CCC(O2)=O)C=CC3=CC=CC=C31,IC1=C(C=CC=C1OC[C@@H]2[C@@H](OCC3=CC=CC=C3)[C@H](OCC4=CC=CC=C4)[C@@H](OCC5=CC=CC=C5)[C@@H](OC)O2)OC[C@H]6O[C@H](OC)[C@H](OCC7=CC=CC=C7)[C@@H](OCC8=CC=CC=C8)[C@@H]6OCC9=CC=CC=C9,0.15,298.15,25,ClCCl,0.0,ClCCl,0,C(Cl)Cl,C(Cl)Cl,0,0.05,1.3,65,50.0,75.0,3.0,0.650914173,2.7234249,9
178,R1610,OC1=CC(C2=CC=CC=C2C(O)=O)=CC=C1,O=C1C=C[C@]2(OC)C(C3=CC=CC=C3C(O2)=O)=C1,IC1=C(O[C@H](C)C(NC2=C(C)C=C(C)C=C2C)=O)C=CC=C1O[C@H](C)C(NC3=C(C)C=C(C)C=C3C)=O,0.2,293.15,20,CO,0.0,CO,0,CO,CO,0,0.3,1.5,15,15.0,57.5,1.352941176,0.17609419,0.736778089,5
179,R1424,O=C(C1=CC=C(OC)C=C1)NCC2=C(O)C=CC3=C2C=CC=C3,O=C1C=CC2=C(C=CC=C2)[C@]13CN=C(C4=CC=C(OC)C=C4)O3,IC1=C([C@@H](O[Si](C(C)C)(C(C)C)C(C)C)C2=CN(CC3=CC=CC=C3)N=N2)C=CC=C1OC(C)C,0.1,273.15,0,CC#N,0.0,CC#N,0,CC#N,C(C(F)(F)F)(C(F)(F)F)O,3,0.05,1.5,91,95.0,97.5,39.0,1.988607946,8.320335645,0
180,R1705,OC1=C(CCC(O)=O)C=C(C)C2=CC=CC=C21,O=C1[C@@]2(OC(CC2)=O)C=C(C)C3=CC=CC=C31,IC1=C(O[C@H](C)C(NC2=C(F)C(F)=C(F)C(F)=C2F)=O)C=CC=C1O[C@H](C)C(NC3=C(F)C(F)=C(F)C(F)=C3F)=O,0.15,253.15,-20,ClCCl,0.0,ClCCl,0,C(Cl)Cl,C(Cl)Cl,0,0.02,1.3,70,83.0,91.5,10.76470588,1.195414975,5.001616256,1
181,R2504,OC1=C(CCC(O)=O)C=CC2=CC=CC=C21,O=C1[C@@]2(CCC(O2)=O)C=CC3=CC=CC=C31,IC1=C(CCC2=CC=C(CC3)C=C2)C=CC3=C1OCC(NC4=CC=CC=C4)=O,0.15,273.15,0,ClCCl,0.0,ClCCl,0,C(Cl)Cl,C(Cl)Cl,0,0.02,1.3,21,38.0,69.0,2.225806452,0.434310584,1.817155484,0
182,R1805,OC1=C(CCC(O)=O)C=CC2=CC=CC=C21,O=C1[C@@]2(CCC(O2)=O)C=CC3=CC=CC=C31,IC1=C(C=CC=C1OC[C@@H]2[C@@H](OC)[C@H](OC)[C@@H](OC)[C@@H](OC)O2)OC[C@H]3O[C@H](OC)[C@H](OC)[C@@H](OC)[C@@H]3OC,0.15,298.15,25,ClCCl,0.0,ClCCl,0,C(Cl)Cl,C(Cl)Cl,0,0.05,1.3,60,34.0,67.0,2.03030303,0.419590875,1.75556822,0
183,R1634,OC1=CC(C2=CC(C)=CC=C2C(O)=O)=CC=C1,O=C1C=C[C@]2(OC)C(C3=CC(C)=CC=C3C(O2)=O)=C1,IC1=C(O[C@H](C)C(NC2=CC=C(C)C=C2)=O)C=CC=C1O[C@H](C)C(NC3=CC=C(C)C=C3)=O,0.2,293.15,20,CO,0.0,CO,0,CO,CO,0,0.3,1.2,42,15.0,57.5,1.352941176,0.17609419,0.736778089,1
184,R0337,OC1=C(OC(CCC)(CCC)CO)C=C(C2=CC=CC=C2)C3=C1C=CC=C3,O=C1[C@@]2(OC(C(CCC)(CCC)O2)=O)C=C(C3=CC=CC=C3)C4=C1C=CC=C4,IC1=C(O[C@@H](C)CNC(C2=C(C)C=C(C)C=C2C)=O)C=CC=C1O[C@@H](C)CNC(C3=C(C)C=C(C)C=C3C)=O,0.1,273.15,0,CC1=CC=CC=C1,0.0,CC1=CC=CC=C1,0,Cc1ccccc1,O,5,0.02,1.2,61,89.0,94.5,17.18181818,1.543663439,6.45868783,2
185,R0318,OC1=C(OCC(O)=O)C(C)=CC=C1C(C)C,O=C1[C@@]2(OC(CO2)=O)C(C)=CC=C1C(C)C,IC1=C(O[C@@H](C)CNC(C2=C(C)C=C(C)C=C2C)=O)C=CC=C1O[C@@H](C)CNC(C3=C(C)C=C(C)C=C3C)=O,0.1,253.15,-20,CO,100.0,CO,0,C(Cl)(Cl)Cl,C(Cl)(Cl)Cl,0,0.02,1.2,99,91.0,95.5,21.22222222,1.536882101,6.430314709,9
186,R1509,OC1=C(Br)C=C(C)C=C1,O=C1C(Br)=C[C@](C)(O)C=C1,IC1=C([C@@H](O[Si](C(C)C)(C(C)C)C(C)C)C2=CN(CC3=CC=CC=C3)N=N2)C=CC=C1C,0.1,273.15,0,CC(C)=O,0.0,CC(C)=O,0,CC(=O)C,O,2,1.64,2.2,70,88.0,94.0,15.66666667,1.493553409,6.249027465,8
187,R1901,OC1=C(CCC(O)=O)C=CC2=C1C=CC=C2,O=C1[C@@]2(OC(CC2)=O)C=CC3=C1C=CC=C3,IC1=C(O[C@H](C)C(OCC)=O)C=CC=C1O[C@H](C)C(OCC)=O,0.15,273.15,0,ClCCl,0.0,ClCCl,0,C(Cl)Cl,C(Cl)Cl,0,0.2,1.3,27,23.0,61.5,1.597402597,0.254239497,1.063738053,3
188,R1919,OC1=C(CCC(O)=O)C=CC2=C1C=CC=C2,O=C1[C@@]2(OC(CC2)=O)C=CC3=C1C=CC=C3,IC1=C(O[C@H](C)C(NC2=C(C)C=C(C)C=C2C)=O)C=CC=C1O[C@H](C)C(NC3=C(C)C=C(C)C=C3C)=O,0.15,273.15,0,CC1=CC=CC=C1,0.0,CC1=CC=CC=C1,0,Cc1ccccc1,Cc1ccccc1,0,0.02,1.3,46,77.0,88.5,7.695652174,1.107682678,4.634544325,1
189,R0314,OC1=C(OCC(O)=O)C(C)=CC=C1C(C)C,O=C1[C@@]2(OC(CO2)=O)C(C)=CC=C1C(C)C,IC1=C(O[C@@H](C)CNC(C2=C(C)C=C(C)C=C2C)=O)C=CC=C1O[C@@H](C)CNC(C3=C(C)C=C(C)C=C3C)=O,0.1,253.15,-20,CO,5.0,CO,0,C(Cl)(Cl)Cl,C(Cl)(Cl)Cl,0,0.02,1.2,77,62.0,81.0,4.263157895,0.729446498,3.052004146,1
190,R2043,OC1=C(C(N(C)C2=CC=CC=C2)=O)C=CC3=CC=CC=C31,O=C1[C@@]2(C(C=CC=C3)=C3N(C)C2=O)C=CC4=CC=CC=C41,IC1=C(C=C(C)C=C1O[C@@H]([C@@H](NC(C2=C(C)C=C(C)C=C2C)=O)COC(C3=C(C)C=C(C)C=C3C)=O)C4=CC=C([N+]([O-])=O)C=C4)O[C@@H]([C@H](COC(C5=C(C)C=C(C)C=C5C)=O)NC(C6=C(C)C=C(C)C=C6C)=O)C7=CC=C([N+]([O-])=O)C=C7,0.15,253.15,-20,OCC(F)(F)F,50.0,[H]O[H],10,C[N+](=O)[O-],C[N+](=O)[O-],0,0.067,1.3,33,55.0,77.5,3.444444444,0.622169542,2.603157364,1
191,R1426,O=C(C1=CC(OC)=C(OC)C(OC)=C1)NCC2=C(O)C=CC3=C2C=CC=C3,O=C1C=CC2=C(C=CC=C2)[C@]13CN=C(C4=CC(OC)=C(OC)C(OC)=C4)O3,IC1=C([C@@H](O[Si](C(C)C)(C(C)C)C(C)C)C2=CN(CC3=CC=CC=C3)N=N2)C=CC=C1OC(C)C,0.1,273.15,0,CC#N,0.0,CC#N,0,CC#N,C(C(F)(F)F)(C(F)(F)F)O,3,0.05,1.5,91,70.0,85.0,5.666666667,0.941554087,3.939462301,3
192,R1209,OC1=CC=C(C)C=C1C,O=C1C=C[C@@](O)(C)C=C1C,IC1=C(O[C@H](C)C(NC2=C(C3=CC=CC=C3)C=CC=C2)=O)C=C(C)C=C1O[C@H](C)C(NC4=CC=CC=C4C5=CC=CC=C5)=O,0.1,273.15,0,CC#N,0.0,CC#N,0,CC#N,O,9,0.16,2.2,45,38.0,69.0,2.225806452,0.434310584,1.817155484,2
193,R0738,OC1=C(CCCNS(=O)(C)=O)C=CC2=C1C=CC=C2,O=C1[C@]2(N(S(=O)(C)=O)CCC2)C=CC3=C1C=CC=C3,IC1=C(O[C@H](C)C(OC)=O)C=CC=C1O[C@H](C)C(OC)=O,0.2,253.15,-20,O=S(O[Yb](OS(=O)(C(F)(F)F)=O)OS(=O)(C(F)(F)F)=O)(C(F)(F)F)=O,1.1,ClCCl,0,C(Cl)Cl,C(Cl)Cl,0,0.02,1.3,24,0.0,50.0,1.0,0.0,0.0,0
194,R1810,OC1=C(CCC(O)=O)C=CC2=CC=CC=C21,O=C1[C@@]2(CCC(O2)=O)C=CC3=CC=CC=C31,IC1=C(C=CC=C1OC[C@@H]2[C@@H](OCC3=CC=CC=C3)[C@H](OCC4=CC=CC=C4)[C@@H](OCC5=CC=CC=C5)[C@@H](OC)O2)OC[C@H]6O[C@H](OC)[C@H](OCC7=CC=CC=C7)[C@@H](OCC8=CC=CC=C8)[C@@H]6OCC9=CC=CC=C9,0.15,273.15,0,ClC(Cl)Cl,0.0,ClC(Cl)Cl,0,C(Cl)(Cl)Cl,C(Cl)(Cl)Cl,0,0.05,1.3,55,58.0,79.0,3.761904762,0.719179165,3.009045628,7
195,R0338,OC1=C(OC(CCC)(CCC)CO)C=C(C)C2=C1C=CC=C2,O=C1[C@@]2(OC(C(CCC)(CCC)O2)=O)C=C(C)C3=C1C=CC=C3,IC1=C(O[C@@H](C)CNC(C2=C(C)C=C(C)C=C2C)=O)C=CC=C1O[C@@H](C)CNC(C3=C(C)C=C(C)C=C3C)=O,0.1,273.15,0,CC1=CC=CC=C1,0.0,CC1=CC=CC=C1,0,Cc1ccccc1,O,5,0.02,1.2,66,82.0,91.0,10.11111111,1.255857891,5.254509417,3
196,R1223,OC1=CC=C(C)C=C1[Si](C(C)C)(C(C)C)C(C)C,O=C1C=C[C@@](O)(C)C=C1[Si](C(C)C)(C(C)C)C(C)C,IC1=C(O[C@H](C)C(NC2=C(C(C)C)C=CC=C2C(C)C)=O)C=C(C)C=C1O[C@H](C)C(NC3=C(C(C)C)C=CC=C3C(C)C)=O,0.1,268.15,-5,CC#N,0.0,CC#N,0,CC#N,O,9,0.16,2.2,63,38.0,69.0,2.225806452,0.426360546,1.783892524,4
197,R0335,OC1=C(OC(CCC)(CCC)CO)C=C(Cl)C2=C1C=CC=C2,O=C1[C@@]2(OC(C(CCC)(CCC)O2)=O)C=C(Cl)C3=C1C=CC=C3,IC1=C(O[C@@H](C)CNC(C2=C(C)C=C(C)C=C2C)=O)C=CC=C1O[C@@H](C)CNC(C3=C(C)C=C(C)C=C3C)=O,0.1,273.15,0,ClC(Cl)Cl,0.0,ClC(Cl)Cl,0,C(Cl)(Cl)Cl,O,5,0.02,1.2,78,91.0,95.5,21.22222222,1.658302768,6.938338782,7
198,R0624,OC1=C(OCC(O)=O)C=CC2=C1C=CC(OC)=C2,O=C1[C@@]2(CCC(O2)=O)C=CC3=C1C=CC(OC)=C3,IC1=C(O[C@H](C)C(NC2=C(C)C=C(C)C=C2C)=O)C=CC=C1O[C@H](C)C(NC3=C(C)C=C(C)C=C3C)=O,0.1,273.15,0,ClC(Cl)Cl,0.0,ClC(Cl)Cl,0,C(Cl)(Cl)Cl,C[N+](=O)[O-],2,0.02,1.3,40,87.0,93.5,14.38461538,1.447210666,6.055129424,5
199,R1330,OC1=CC=C(C)C=C1Br,O=C1C=C[C@@](O)(C)C=C1Br,IC1=C2C(CC(C)(C)[C@@H]2OCC3=CC=CC=C3)=CC=C1OCC(OC)=O,0.1,283.15,10,CC(C)=O,0.0,CC(C)=O,0,CC(=O)C,O,2,0.165,2.2,58,60.0,80.0,4.0,0.780039301,3.263684435,8
200,R0125,OC1=C(CCC(O)=O)C2=C(C=CC=C2)C=C1,O=C1[C@@]2(OC(CC2)=O)C3=C(C=CC=C3)C=C1,IC1=C(O[C@@H](C)CNC(C2=C(C)C=C(C)C=C2C)=O)C=CC=C1O[C@@H](C)CNC(C3=C(C)C=C(C)C=C3C)=O,0.1,273.15,0,CC(OCC)=O,0.0,CC(OCC)=O,0,CCOC(=O)C,CCOC(=O)C,0,0.02,1.2,84,2.0,51.0,1.040816327,0.021715187,0.090856343,2
201,R2019,OC1=C(CCC(O)=O)C=C(C(C2=CC=CC=C2)=O)C3=CC=CC=C31,O=C1[C@]2(OC(CC2)=O)C=C(C(C3=CC=CC=C3)=O)C4=CC=CC=C41,IC1=C(C=CC=C1O[C@@H]([C@@H](NC(C2=C(C)C=C(C)C=C2C)=O)CO[Si](C3=CC=CC=C3)(C(C)(C)C)C4=CC=CC=C4)C5=CC=C([N+]([O-])=O)C=C5)O[C@@H]([C@H](CO[Si](C6=CC=CC=C6)(C(C)(C)C)C7=CC=CC=C7)NC(C8=C(C)C=C(C)C=C8C)=O)C9=CC=C([N+]([O-])=O)C=C9,0.15,253.15,-20,CCO,5.0,CCO,0,C(Cl)Cl,C(Cl)Cl,0,0.02,1.5,92,85.0,92.5,12.33333333,1.263848054,5.287940257,4
202,R0339,OC1=C(OC(CCC)(CCC)CO)C=CC2=C1C=CC(OC)=C2,O=C1[C@@]2(OC(C(CCC)(CCC)O2)=O)C=CC3=C1C=CC(OC)=C3,IC1=C(O[C@@H](C)CNC(C2=C(C)C=C(C)C=C2C)=O)C=CC=C1O[C@@H](C)CNC(C3=C(C)C=C(C)C=C3C)=O,0.1,273.15,0,CC1=CC=CC=C1,0.0,CC1=CC=CC=C1,0,Cc1ccccc1,O,5,0.02,1.2,53,84.0,92.0,11.5,1.32572376,5.546828212,8
203,R0346,OC1=C(OC(CCC)(CCC)CO)C=C(Br)C2=C1CCCC2,O=C1[C@@]2(OC(C(CCC)(CCC)O2)=O)C=C(Br)C3=C1CCCC3,IC1=C(O[C@@H](C)CNC(C2=C(C)C=C(C)C=C2C)=O)C=CC=C1O[C@@H](C)CNC(C3=C(C)C=C(C)C=C3C)=O,0.1,273.15,0,ClC(Cl)Cl,0.0,ClC(Cl)Cl,0,C(Cl)(Cl)Cl,O,5,0.02,1.2,80,90.0,95.0,19.0,1.598262924,6.687132075,7
204,R0739,OC1=C(CCCNS(=O)(C)=O)C=CC2=C1C=CC=C2,O=C1[C@]2(N(S(=O)(C)=O)CCC2)C=CC3=C1C=CC=C3,IC1=C(O[C@H](C)C(OC)=O)C=CC=C1O[C@H](C)C(OC)=O,0.2,253.15,-20,C[Si](C)(OS(=O)(C(F)(F)F)=O)C,1.1,ClCCl,0,C(Cl)Cl,C(Cl)Cl,0,0.02,1.3,17,0.0,50.0,1.0,0.0,0.0,0
205,R1707,OC1=C(CCC(O)=O)C=C(Br)C2=CC=CC=C21,O=C1[C@@]2(OC(CC2)=O)C=C(Br)C3=CC=CC=C31,IC1=C(O[C@H](C)C(NC2=C(F)C(F)=C(F)C(F)=C2F)=O)C=CC=C1O[C@H](C)C(NC3=C(F)C(F)=C(F)C(F)=C3F)=O,0.15,253.15,-20,ClCCl,0.0,ClCCl,0,C(Cl)Cl,C(Cl)Cl,0,0.02,1.3,67,77.0,88.5,7.695652174,1.026578327,4.295203719,1
206,R0231,BrC1=CC(CCC(O)=O)=C(O)C=C1C(C)C,BrC1=C[C@]2(OC(CC2)=O)C(C=C1C(C)C)=O,IC1=C(O[C@@H](C)CNC(C2=C(C)C=C(C)C=C2C)=O)C=CC=C1O[C@@H](C)CNC(C3=C(C)C=C(C)C=C3C)=O,0.05,253.15,-20,ClCCl,0.0,ClCCl,0,C(Cl)Cl,C(Cl)Cl,0,0.02,1.2,8,60.0,80.0,4.0,0.697393428,2.917894101,2
207,R0741,OC1=C(CCCNS(=O)(C)=O)C=CC2=C1C=CC=C2,O=C1[C@]2(N(S(=O)(C)=O)CCC2)C=CC3=C1C=CC=C3,IC1=C(O[C@H](C)C(OC)=O)C=CC=C1O[C@H](C)C(OC)=O,0.2,253.15,-20,O=S(C(F)(F)F)(O)=O,1.1,ClCCl,0,C(Cl)Cl,C(Cl)Cl,0,0.02,1.3,15,0.0,50.0,1.0,0.0,0.0,9
208,R0301,OC1=C(OCC(O)=O)C=CC2=C1C=CC=C2,O=C1[C@@]2(OC(CO2)=O)C=CC3=C1C=CC=C3,IC1=C(O[C@@H](C)CNC(C2=C(C)C=C(C)C=C2C)=O)C=CC=C1O[C@@H](C)CNC(C3=C(C)C=C(C)C=C3C)=O,0.1,253.15,-20,ClC(Cl)Cl,0.0,ClC(Cl)Cl,0,C(Cl)(Cl)Cl,C(Cl)(Cl)Cl,0,0.02,1.2,88,86.0,93.0,13.28571429,1.301267753,5.444504278,6
209,R2409,OC1=C(CCC(O)=O)C=C(OC)C2=CC=CC=C21,O=C1[C@@]2(CCC(O2)=O)C=C(OC)C3=CC=CC=C31,O=C(OI1C2=CC=CC3=C2C4(CCC5=C4C(I(OC(C)=O)O1)=CC=C5)CC3)C,0.55,223.15,-50,ClC(Cl)Cl,0.0,ClC(Cl)Cl,0,C(Cl)(Cl)Cl,C(Cl)(Cl)Cl,0,0.02,0.0,30,0.0,50.0,1.0,0.0,0.0,4
210,R1325,OC1=CC=C(C)C=C1Br,O=C1C=C[C@@](O)(C)C=C1Br,IC1=C2C(CC(C)(C)[C@@H]2OCC3=CC=CC=C3)=CC=C1OCC4=CC=CC=N4,0.1,283.15,10,CC(C)=O,0.0,CC(C)=O,0,CC(=O)C,O,2,0.165,2.2,47,59.0,79.5,3.87804878,0.762617494,3.190791595,4
211,R0313,OC1=C(OCC(O)=O)C(C)=CC=C1C(C)C,O=C1[C@@]2(OC(CO2)=O)C(C)=CC=C1C(C)C,IC1=C(O[C@@H](C)CNC(C2=C(C)C=C(C)C=C2C)=O)C=CC=C1O[C@@H](C)CNC(C3=C(C)C=C(C)C=C3C)=O,0.1,253.15,-20,C[N+]([O-])=O,0.0,C[N+]([O-])=O,0,C[N+](=O)[O-],C[N+](=O)[O-],0,0.02,1.2,35,19.0,59.5,1.469135802,0.193515434,0.809668577,6
212,R2030,OC1=C(CCC(O)=O)C2=CC=C(Br)C=C2C=C1,O=C1C=CC2=CC(Br)=CC=C2[C@]13CCC(O3)=O,IC1=C(C=CC=C1O[C@@H]([C@@H](NC(C2=C(C)C=C(C)C=C2C)=O)CO[Si](C3=CC=CC=C3)(C(C)(C)C)C4=CC=CC=C4)C5=CC=C([N+]([O-])=O)C=C5)O[C@@H]([C@H](CO[Si](C6=CC=CC=C6)(C(C)(C)C)C7=CC=CC=C7)NC(C8=C(C)C=C(C)C=C8C)=O)C9=CC=C([N+]([O-])=O)C=C9,0.15,253.15,-20,CCO,5.0,CCO,0,C(Cl)Cl,C(Cl)Cl,0,0.04,1.5,61,93.0,96.5,27.57142857,1.668549383,6.981210618,8
213,R1214,OC1=CC=C(C)C=C1C,O=C1C=C[C@@](O)(C)C=C1C,IC1=C(O[C@H](C)C(NC2=C(C(C)C)C=CC=C2C(C)C)=O)C=C(C)C=C1O[C@H](C)C(NC3=C(C(C)C)C=CC=C3C(C)C)=O,0.1,268.15,-5,CC#N,0.0,CC#N,0,CC#N,O,9,0.16,3.0,87,48.0,74.0,2.846153846,0.557366538,2.332021594,3
214,R0236,BrC1=CC(CCC(O)=O)=C(O)C=C1C(C)C,BrC1=C[C@]2(OC(CC2)=O)C(C=C1C(C)C)=O,IC1=C(O[C@@H](C)CNC(C2=C(C)C=C(C)C=C2C)=O)C=CC=C1O[C@@H](C)CNC(C3=C(C)C=C(C)C=C3C)=O,0.1,253.15,-20,ClCCCl,0.0,ClCCCl,0,C(CCl)Cl,CC(=O)O,9,0.02,1.2,7,30.0,65.0,1.857142857,0.311415734,1.302963429,5
215,R1358,OC1=C(C#C[Si](C2=CC=CC=C2)(C(C)(C)C)C3=CC=CC=C3)C=C(C)C=C1,O=C1C(C#C[Si](C2=CC=CC=C2)(C(C)(C)C)C3=CC=CC=C3)=C[C@@](O)(C)C=C1,IC1=C2C(CC(C)(C)[C@@H]2OCC3=CC=CC=C3)=CC=C1O[C@@H](C)C(NC4=C(C5=CC=CC=C5)C=CC=C4C6=CC=CC=C6)=O,0.1,283.15,10,CC#N,0.0,CC#N,0,CC#N,O,2,0.167,2.2,44,74.0,87.0,6.692307692,1.069630365,4.475333447,1
216,R1935,OC1=C(CCC(O)=O)C(COCC2=CC=CC=C2)=CC3=C1C=CC=C3,O=C1[C@@]2(OC(CC2)=O)C(COCC3=CC=CC=C3)=CC4=C1C=CC=C4,IC1=C(O[C@H](C)C(NC2=C(C)C=C(C)C=C2C)=O)C=CC=C1O[C@H](C)C(NC3=C(C)C=C(C)C=C3C)=O,0.1,273.15,0,ClC(Cl)Cl,0.0,ClC(Cl)Cl,0,C(Cl)(Cl)Cl,C(Cl)(Cl)Cl,0,0.02,1.3,53,91.0,95.5,21.22222222,1.658302768,6.938338782,2
217,R0166,OC1=C(CCC(O)=O)C=CC2=C1C=CC=C2,O=C1[C@@]2(OC(CC2)=O)C=CC3=C1C=CC=C3,IC1=C(O[C@@H](C)CNC(C2=C(C=CC=C3)C3=CC4=C2C=CC=C4)=O)C=CC=C1O[C@@H](C)CNC(C5=C(C=CC=C6)C6=CC7=C5C=CC=C7)=O,0.05,273.15,0,CCO,86.0,CCO,0,C(CCl)Cl,C(CCl)Cl,0,0.02,1.2,55,98.0,99.0,99.0,2.494264524,10.43600277,3
218,R1703,OC1=C(CCC(O)=O)C=CC2=CC=CC=C21,O=C1[C@@]2(OC(CC2)=O)C=CC3=CC=CC=C31,IC1=C(O[C@H](C)C(NC2=C(F)C(F)=C(F)C(F)=C2F)=O)C=CC=C1O[C@H](C)C(NC3=C(F)C(F)=C(F)C(F)=C3F)=O,0.15,253.15,-20,ClC(Cl)Cl,0.0,ClC(Cl)Cl,0,C(Cl)(Cl)Cl,C(Cl)(Cl)Cl,0,0.02,1.3,65,92.0,96.0,24.0,1.598761357,6.689217518,4
219,R0520,OC1=C(CCCO)C=C(C2=CC=C(S(=O)(C)=O)C=C2)C3=CC=CC=C31,O=C1[C@@]2(OCCC2)C=C(C3=CC=C(S(=O)(C)=O)C=C3)C4=CC=CC=C41,IC1=C(OC[C@H](C(C)(C)C)NC(C2=C(C)C=C(C)C=C2C)=O)C=CC=C1OC[C@H](C(C)(C)C)NC(C3=C(C)C=C(C)C=C3C)=O,0.2,253.15,-20,ClCCl,0.0,ClCCl,0,C(Cl)Cl,C(Cl)Cl,0,0.02,1.3,78,90.0,95.0,19.0,1.481238365,6.197501317,0
220,R0141,OC1=C(CCC(O)=O)C=CC2=C1C=CC=C2,O=C1[C@@]2(OC(CC2)=O)C=CC3=C1C=CC=C3,IC1=C(O[C@@H](C)CNC(C2=C(C(C)C)C=C(C(C)C)C=C2C(C)C)=O)C=CC=C1O[C@@H](C)CNC(C3=C(C(C)C)C=C(C(C)C)C=C3C(C)C)=O,0.1,273.15,0,ClC(Cl)Cl,0.0,ClC(Cl)Cl,0,C(Cl)(Cl)Cl,C(Cl)(Cl)Cl,0,0.02,1.2,90,88.0,94.0,15.66666667,1.493553409,6.249027465,9
221,R0155,OC1=C(CCC(O)=O)C=CC2=C1C=CC=C2,O=C1[C@@]2(OC(CC2)=O)C=CC3=C1C=CC=C3,IC1=C(O[C@@H](C)CNC(C2=C(C)C=C(C)C=C2C)=O)C=CC=C1O[C@@H](C)CNC(C3=C(C)C=C(C)C=C3C)=O,0.05,273.15,0,CC(C)(O)C,6.0,CC(C)(O)C,0,C(CCl)Cl,C(CCl)Cl,0,0.02,1.2,81,96.0,98.0,49.0,2.112508405,8.838735165,9
222,R0821,OC1=C(C(N(C)C2=CC=C(OC)C=C2)=O)C=CC3=CC=CC=C31,O=C1[C@@]2(C(C=C(OC)C=C3)=C3N(C)C2=O)C=CC4=CC=CC=C41,IC1=C(O[C@H](C)C(NC2=C(C)C=C(C)C=C2C)=O)C=CC=C1O[C@H](C)C(NC3=C(C)C=C(C)C=C3C)=O,0.15,243.15,-30,OCC(F)(F)F,50.0,[H]O[H],10,C[N+](=O)[O-],C[N+](=O)[O-],0,0.07,1.3,52,86.0,93.0,13.28571429,1.249864721,5.229433993,9
223,R0102,OC1=C(CCC(O)=O)C2=C(C=CC=C2)C=C1Br,O=C1[C@@]2(OC(CC2)=O)C3=C(C=CC=C3)C=C1Br,IC1=C(O[C@@H](C)CNC(C2=C(C)C=C(C)C=C2C)=O)C=CC=C1O[C@@H](C)CNC(C3=C(C)C=C(C)C=C3C)=O,0.05,253.15,-20,OC(C(F)(F)F)C(F)(F)F,50.0,OC(C(F)(F)F)C(F)(F)F,0,C(CCl)Cl,C(CCl)Cl,0,0.02,1.2,95,95.0,97.5,39.0,1.843002385,7.711121979,9
224,R2054,OC1=C(C(N(C2=CC=CC=C2)C3=CC=CC=C3)=O)C=CC4=CC=CC=C41,O=C1[C@@]2(C(C=CC=C3)=C3N(C4=CC=CC=C4)C2=O)C=CC5=CC=CC=C51,IC1=C(C=CC=C1O[C@@H]([C@@H](NC(C2=CC=C([N+]([O-])=O)C=C2)=O)CO[Si](C3=CC=CC=C3)(C(C)(C)C)C4=CC=CC=C4)C(C=C5)=CC=C5[N+]([O-])=O)O[C@@H]([C@H](CO[Si](C6=CC=CC=C6)(C(C)(C)C)C7=CC=CC=C7)NC(C8=CC=C([N+]([O-])=O)C=C8)=O)C(C=C9)=CC=C9[N+]([O-])=O,0.15,263.15,-10,OCC(F)(F)F,50.0,[H]O[H],10,C[N+](=O)[O-],C[N+](=O)[O-],0,0.067,1.3,40,96.0,98.0,49.0,2.035169638,8.515149766,3
225,R0202,OC1=C(CCC(O)=O)C=C(C(C)(C)C)C=C1C(C)(C)C,O=C1[C@@]2(OC(CC2)=O)C=C(C(C)(C)C)C=C1C(C)(C)C,IC1=C(O[C@@H](C)CNC(C2=C(C)C=C(C)C=C2C)=O)C=CC=C1O[C@@H](C)CNC(C3=C(C)C=C(C)C=C3C)=O,0.1,263.15,-10,ClC(Cl)Cl,0.0,ClC(Cl)Cl,0,C(Cl)(Cl)Cl,C(Cl)(Cl)Cl,0,0.02,1.2,13,69.0,84.5,5.451612903,0.886851743,3.710587693,6
226,R1502,OC1=C(CCC(O)=O)C=CC2=CC=CC=C21,O=C1[C@@]2(OC(CC2)=O)C=CC3=CC=CC=C31,IC1=C([C@@H](O[Si](C(C)C)(C(C)C)C(C)C)C2=CN(CC3=CC=CC=C3)N=N2)C=CC=C1Cl,0.1,273.15,0,ClCCl,0.0,ClCCl,0,C(Cl)Cl,C(Cl)Cl,0,0.02,1.3,54,60.0,80.0,4.0,0.752490677,3.148420991,8
227,R0625,OC1=C(OCC(O)=O)C(OC)=CC2=C1C=CC=C2,O=C1[C@@]2(CCC(O2)=O)C(OC)=CC3=C1C=CC=C3,IC1=C(O[C@H](C)C(NC2=C(C)C=C(C)C=C2C)=O)C=CC=C1O[C@H](C)C(NC3=C(C)C=C(C)C=C3C)=O,0.1,273.15,0,ClC(Cl)Cl,0.0,ClC(Cl)Cl,0,C(Cl)(Cl)Cl,C[N+](=O)[O-],2,0.02,1.3,3,88.0,94.0,15.66666667,1.493553409,6.249027465,8
228,R0219,OC1=C(CCC(O)=O)C(C)=CC(C)=C1C,O=C1[C@@]2(OC(CC2)=O)C(C)=CC(C)=C1C,IC1=C(O[C@@H](C)CNC(C2=C(C)C=C(C)C=C2C)=O)C=CC=C1O[C@@H](C)CNC(C3=C(C)C=C(C)C=C3C)=O,0.1,263.15,-10,CO,25.0,CO,0,C(Cl)Cl,C(Cl)Cl,0,0.02,1.2,80,98.0,99.0,99.0,2.402949696,10.05394153,0
229,R0751,OC1=C(CCCNS(=O)(C)=O)C=CC2=C1C=CC=C2,O=C1[C@]2(N(S(=O)(C)=O)CCC2)C=CC3=C1C=CC=C3,IC1=C(O[C@@H](C)CNS(C2=CC=C(C)C=C2)(=O)=O)C=CC=C1O[C@@H](C)CNS(C3=CC=C(C)C=C3)(=O)=O,0.2,253.15,-20,ClCCl,0.0,ClCCl,0,C(Cl)Cl,C(Cl)Cl,0,0.02,1.3,15,18.0,59.0,1.43902439,0.183097522,0.766080031,2
230,R1348,OC1=CC=C(C)C=C1Br,O=C1C=C[C@@](O)(C)C=C1Br,IC1=C2C(CC(C)(C)[C@@H]2OCC3=CC=CC=C3)=CC=C1O[C@@H](C)C(NC4=C(C5=CC=CC=C5)C=CC=C4C6=CC=CC=C6)=O,0.1,283.15,10,O=C(CC)CC,0.0,O=C(CC)CC,0,CCC(=O)CC,O,2,0.165,2.2,32,67.0,83.5,5.060606061,0.912376936,3.817385101,0
231,R1905,OC1=C(CCC(O)=O)C=CC2=C1C=CC=C2,O=C1[C@@]2(OC(CC2)=O)C=CC3=C1C=CC=C3,IC1=C(O[C@H](C)C(NC2=CC(C(F)(F)F)=CC(C(F)(F)F)=C2)=O)C=CC=C1O[C@H](C)C(NC3=CC(C(F)(F)F)=CC(C(F)(F)F)=C3)=O,0.15,273.15,0,ClCCl,0.0,ClCCl,0,C(Cl)Cl,C(Cl)Cl,0,0.2,1.3,53,75.0,87.5,7.0,1.056254202,4.419367583,1
232,R2115,OC1=C(CCC(O)=O)C=C(Cl)C2=CC=CC=C21,O=C1[C@@]2(CCC(O2)=O)C=C(Cl)C3=CC=CC=C31,CC1=C2C([C@@H]3CC[C@H]2C3)=C(I)C4=C1[C@H]5CC[C@@H]4C5,0.1,253.15,-20,ClC(Cl)Cl,0.0,ClC(Cl)Cl,0,C(Cl)(Cl)Cl,C[N+](=O)[O-],2,0.13,1.5,59,31.0,65.5,1.898550725,0.322509083,1.349378004,3
233,R2412,OC1=C(CCC(O)=O)C=C(CC2=CC=CC=C2)C3=CC=CC=C31,O=C1[C@@]2(CCC(O2)=O)C=C(CC3=CC=CC=C3)C4=CC=CC=C41,O=C(OI1C2=CC=CC3=C2C4(CCC5=C4C(I(OC(C)=O)O1)=CC=C5)CC3)C,0.55,223.15,-50,ClC(Cl)Cl,0.0,ClC(Cl)Cl,0,C(Cl)(Cl)Cl,C(Cl)(Cl)Cl,0,0.02,0.0,86,86.0,93.0,13.28571429,1.147058657,4.799293422,6
234,R0914,OC1=C(CCC(O)=O)C=CC2=CC=CC=C21,O=C1[C@]2(CCC(O2)=O)C=CC3=CC=CC=C31,IC1=CC=CC=C1[C@@H](O[Si](C(C)C)(C(C)C)C(C)C)C2=CN(CC3=CC=CC=C3)N=N2,0.25,273.15,0,ClCCl,0.0,ClCCl,0,C(Cl)Cl,C(Cl)Cl,0,0.02,1.3,32,80.0,90.0,9.0,1.192669505,4.990129207,9
235,R1341,OC1=CC=C(C)C=C1Br,O=C1C=C[C@@](O)(C)C=C1Br,IC1=C2C(CC(C)(C)[C@@H]2OCC3=CC=CC=C3)=CC=C1O[C@@H](C)C(NC4=C(C(C)C)C=CC=C4C(C)C)=O,0.1,283.15,10,CC(C)=O,0.0,CC(C)=O,0,CC(=O)C,O,2,0.165,2.2,62,78.0,89.0,8.090909091,1.176416979,4.922128639,5
236,R0533,OC1=C(CCCO)C=CC2=CC=CC=C21,O=C1[C@@]2(OCCC2)C=CC3=CC=CC=C31,IC1=C(O[C@@H](C)CNC(C2=C(C)C=C(C)C=C2C)=O)C=CC=C1O[C@@H](C)CNC(C3=C(C)C=C(C)C=C3C)=O,0.1,298.15,25,ClCCl,0.0,ClCCl,0,C(Cl)Cl,C(Cl)Cl,0,0.02,1.3,30,86.0,93.0,13.28571429,1.532581396,6.412320563,4
237,R0317,OC1=C(OCC(O)=O)C(C)=CC=C1C(C)C,O=C1[C@@]2(OC(CO2)=O)C(C)=CC=C1C(C)C,IC1=C(O[C@@H](C)CNC(C2=C(C)C=C(C)C=C2C)=O)C=CC=C1O[C@@H](C)CNC(C3=C(C)C=C(C)C=C3C)=O,0.1,253.15,-20,CO,60.0,CO,0,C(Cl)(Cl)Cl,C(Cl)(Cl)Cl,0,0.02,1.2,95,91.0,95.5,21.22222222,1.536882101,6.430314709,9
238,R0932,OC1=C(CCC(O)=O)C=C(C2=CC=CC=C2)C3=CC=CC=C31,O=C1[C@]2(CCC(O2)=O)C=C(C3=CC=CC=C3)C4=CC=CC=C41,IC1=CC=CC=C1[C@@H](O[Si](C(C)C)(C(C)C)C(C)C)C2=CN(CC3=CC=CC=C3)N=N2,0.15,273.15,0,ClCCl,0.0,ClCCl,0,C(Cl)Cl,C(Cl)Cl,0,0.02,1.3,39,70.0,85.0,5.666666667,0.941554087,3.939462301,9
239,R2027,OC1=C(CCC(O)=O)C=CC2=CC(OC)=CC=C21,O=C1[C@]2(OC(CC2)=O)C=CC3=CC(OC)=CC=C31,IC1=C(C=CC=C1O[C@@H]([C@@H](NC(C2=C(C)C=C(C)C=C2C)=O)CO[Si](C3=CC=CC=C3)(C(C)(C)C)C4=CC=CC=C4)C5=CC=C([N+]([O-])=O)C=C5)O[C@@H]([C@H](CO[Si](C6=CC=CC=C6)(C(C)(C)C)C7=CC=CC=C7)NC(C8=C(C)C=C(C)C=C8C)=O)C9=CC=C([N+]([O-])=O)C=C9,0.15,253.15,-20,CCO,5.0,CCO,0,C(Cl)Cl,C(Cl)Cl,0,0.02,1.5,95,97.0,98.5,65.66666667,2.105113207,8.807793657,0
240,R2302,OC1=C(CCC(O)=O)C=CC2=CC=CC=C21,O=C1[C@@]2(CCC(O2)=O)C=CC3=CC=CC=C31,IC1=C(C(C2=C(C)C=CC3=C2C(I)=CC=C3)=C(C)C=C4)C4=CC=C1,0.55,233.15,-40,ClC(Cl)Cl,0.0,ClC(Cl)Cl,0,C(Cl)(Cl)Cl,C(Cl)(Cl)Cl,0,0.01,2.0,70,74.0,87.0,6.692307692,0.880749848,3.685057366,9
241,R0810,OC1=C(C(N(C)C2=CC(C=CC=C3)=C3C=C2)=O)C=CC4=CC=CC=C41,O=C1[C@@]2(C(C(C=CC=C3)=C3C=C4)=C4N(C)C2=O)C=CC5=CC=CC=C51,IC1=C(O[C@H](C)C(NC2=C(C)C=C(C)C=C2C)=O)C=CC=C1O[C@H](C)C(NC3=C(C)C=C(C)C=C3C)=O,0.1,298.15,25,OCC(F)(F)F,50.0,OCC(F)(F)F,0,C[N+](=O)[O-],C[N+](=O)[O-],0,0.07,1.3,44,31.0,65.5,1.898550725,0.379838369,1.589243737,3
242,R0344,OC1=C(OC(CCC)(CCC)CO)C=C(C(C)C)C=C1[Si](C)(C)C,O=C1[C@@]2(OC(C(CCC)(CCC)O2)=O)C=C(C(C)C)C=C1[Si](C)(C)C,IC1=C(O[C@@H](C)CNC(C2=C(C)C=C(C(F)(F)F)C=C2C)=O)C=CC=C1O[C@@H](C)CNC(C3=C(C)C=C(C(F)(F)F)C=C3C)=O,0.1,273.15,0,CC1=CC=CC=C1,0.0,CC1=CC=CC=C1,0,Cc1ccccc1,O,5,0.02,1.2,60,78.0,89.0,8.090909091,1.134869496,4.74829397,2
243,R1511,OC1=C(Br)C=C(C)C=C1,O=C1C(Br)=C[C@](C)(O)C=C1,IC1=C([C@@H](O[Si](C(C)C)(C(C)C)C(C)C)C2=CN(CC3=CC=CC=C3)N=N2)C=CC=C1OC,0.1,273.15,0,CC#N,0.0,CC#N,0,CC#N,O,9,1.64,2.2,70,78.0,89.0,8.090909091,1.134869496,4.74829397,0
244,R0374,OC1=CC=C(OC(C(O)=O)(C)C)C=C1[Si](C2=CC=CC=C2)(C(C)(C)C)C3=CC=CC=C3,O=C1C=C[C@@]2(OC(C(C)(C)O2)=O)C=C1[Si](C3=CC=CC=C3)(C(C)(C)C)C4=CC=CC=C4,IC1=C(O[C@@H](C)C(NC2=C(C)C=C(C)C=C2C)=O)C=CC=C1O[C@@H](C)C(NC3=C(C)C=C(C)C=C3C)=O,0.1,273.15,0,CCO,10.0,CCO,0,C(CCl)Cl,C(CCl)Cl,0,0.02,1.2,48,65.0,82.5,4.714285714,0.84167557,3.521570583,2
245,R2116,OC1=C(CCC(O)=O)C=C(Cl)C2=CC=CC=C21,O=C1[C@@]2(CCC(O2)=O)C=C(Cl)C3=CC=CC=C31,CC1=C2C([C@@H]3CC[C@H]2C3)=C(I)C4=C1[C@H]5CC[C@@H]4C5,0.1,253.15,-20,ClC(Cl)Cl,0.0,ClC(Cl)Cl,0,C(Cl)(Cl)Cl,OCC(F)(F)F,2,0.13,1.5,60,33.0,66.5,1.985074627,0.344928434,1.443180568,2
246,R1937,OC1=C(CCC(O)=O)C=C(C)C2=C1C=CC=C2,O=C1[C@@]2(OC(CC2)=O)C=C(C)C3=C1C=CC=C3,O=C(NC1=C(C)C=C(C)C=C1C)[C@@H](C)OC2=CC=CC(O[C@H](C)C(NC3=C(C)C=C(C)C=C3C)=O)=C2I(OC(C)=O)OC(C)=O,1.0,253.15,-20,ClC(Cl)Cl,0.0,ClC(Cl)Cl,0,C(Cl)(Cl)Cl,C(Cl)(Cl)Cl,0,0.02,0.0,85,89.0,94.5,17.18181818,1.430636645,5.985783724,1
247,R0917,OC1=C(CCC(O)=O)C=CC2=CC=CC=C21,O=C1[C@]2(CCC(O2)=O)C=CC3=CC=CC=C31,IC1=CC=CC=C1[C@@H](O[Si](C(C)C)(C(C)C)C(C)C)C2=CN(CC3=CC=CC=C3)N=N2,1.0,253.15,-20,ClCCl,0.0,ClCCl,0,C(Cl)Cl,C(Cl)Cl,0,0.02,1.3,61,86.0,93.0,13.28571429,1.301267753,5.444504278,6
248,R1354,OC1=CC=C(C)C=C1Cl,O=C1C=C[C@@](O)(C)C=C1Cl,IC1=C2C(CC(C)(C)[C@@H]2OCC3=CC=CC=C3)=CC=C1O[C@@H](C)C(NC4=C(C5=CC=CC=C5)C=C(C)C=C4C6=CC=CC=C6)=O,0.1,283.15,10,O=C(C)CC,0.0,O=C(C)CC,0,CCC(=O)C,O,2,0.167,2.2,73,84.0,92.0,11.5,1.374258403,5.749897157,2
249,R2521,OC1=C(CCC(O)=O)C=CC2=CC=CC=C21,O=C1[C@@]2(CCC(O2)=O)C=CC3=CC=CC=C31,IC1=C(CCC2=CC=C(CC3)C=C2)C=CC3=C1OCC(OCC)=O,0.15,273.15,0,ClCCl,0.0,ClCCl,0,C(Cl)Cl,C(Cl)Cl,0,0.01,1.3,63,65.0,82.5,4.714285714,0.84167557,3.521570583,0
250,R1814,OC1=C(CCC(O)=O)C=CC2=CC=CC=C21,O=C1[C@@]2(CCC(O2)=O)C=CC3=CC=CC=C31,IC1=C(C=CC=C1OC[C@@H]2[C@@H](OCC3=CC=CC=C3)[C@H](OCC4=CC=CC=C4)[C@@H](OCC5=CC=CC=C5)[C@@H](OC)O2)OC[C@H]6O[C@H](OC)[C@H](OCC7=CC=CC=C7)[C@@H](OCC8=CC=CC=C8)[C@@H]6OCC9=CC=CC=C9,0.3,223.15,-50,ClCCl,0.0,ClCCl,0,C(Cl)Cl,C(Cl)Cl,0,0.05,1.3,74,60.0,80.0,4.0,0.614747554,2.572103767,7
251,R1626,OC1=CC(C2=CC=CC=C2C(O)=O)=CC=C1,O=C1C=C[C@]2(OC)C(C3=CC=CC=C3C(O2)=O)=C1,IC1=C(O[C@H](C)C(NC2=CC=C(C)C=C2)=O)C=CC=C1O[C@H](C)C(NC3=CC=C(C)C=C3)=O,0.2,243.15,-30,CO,0.0,CO,0,CO,CO,0,0.3,1.2,16,39.0,69.5,2.278688525,0.397956049,1.665048108,2
252,R1802,OC1=C(CCC(O)=O)C=CC2=CC=CC=C21,O=C1[C@@]2(CCC(O2)=O)C=CC3=CC=CC=C31,IC1=C(C=CC=C1OC[C@@H]2[C@@H](OC(C)=O)[C@H](OC(C)=O)[C@@H](OC(C)=O)[C@@H](OC)O2)OC[C@H]3O[C@H](OC)[C@H](OC(C)=O)[C@@H](OC(C)=O)[C@@H]3OC(C)=O,0.15,273.15,0,ClCCl,0.0,ClCCl,0,C(Cl)Cl,C(Cl)Cl,0,0.05,1.3,13,0.0,50.0,1.0,0.0,0.0,0
253,R1305,OC1=CC=C(C)C=C1Br,O=C1C=C[C@@](O)(C)C=C1Br,IC1=C2C(CC(C)(C)[C@@H]2OCC3=CC=CC=C3)=CC=C1OC,0.1,298.15,25,CC#N,0.0,CC#N,0,CC#N,O,9,0.165,2.2,31,30.0,65.0,1.857142857,0.366773063,1.534578497,3
254,R2304,OC1=C(CCC(O)=O)C=CC2=CC=CC=C21,O=C1[C@@]2(CCC(O2)=O)C=CC3=CC=CC=C31,IC1=C(C(C2=C(C)C=CC3=C2C(I)=CC=C3)=C(C)C=C4)C4=CC=C1,0.55,233.15,-40,ClC(Cl)Cl,0.0,ClC(Cl)Cl,0,C(Cl)(Cl)Cl,C(Cl)(Cl)Cl,0,0.04,2.0,70,72.0,86.0,6.142857143,0.841057889,3.518986208,3
255,R0702,OC1=C(CCCNS(C)(=O)=O)C=CC2=C1C=CC=C2,O=C1[C@]2(N(S(=O)(C)=O)CCC2)C=CC3=C1C=CC=C3,IC1=C(O[C@@H](C)CNC(C2=C(C)C=C(C)C=C2C)=O)C=CC=C1O[C@@H](C)CNC(C3=C(C)C=C(C)C=C3C)=O,0.2,253.15,-20,ClCCl,0.0,ClCCl,0,C(Cl)Cl,C(Cl)Cl,0,0.02,1.3,20,46.0,73.0,2.703703704,0.500357836,2.093497187,1
256,R2528,OC1=C(CCC(O)=O)C=C(C(C)=O)C2=CC=CC=C21,O=C1[C@@]2(CCC(O2)=O)C=C(C(C)=O)C3=CC=CC=C31,IC1=C(CCC2=CC=C(CC3)C=C2)C=CC3=C1OCC(OCC)=O,0.15,273.15,0,ClCCl,0.0,ClCCl,0,C(Cl)Cl,C(Cl)Cl,0,0.02,1.3,37,8.0,54.0,1.173913043,0.087035158,0.364155102,2
257,R0528,OC1=C(CCCO)C=CC2=CC=CC=C21,O=C1[C@@]2(OCCC2)C=CC3=CC=CC=C31,IC1=C(OC[C@H](C(C)(C)C)NC(C2=C(C)C=C(C)C=C2C)=O)C=CC=C1OC[C@H](C(C)(C)C)NC(C3=C(C)C=C(C)C=C3C)=O,0.05,298.15,25,ClCCl,0.0,ClCCl,0,C(Cl)Cl,C(Cl)Cl,0,0.02,1.3,35,89.0,94.5,17.18181818,1.684946932,7.049817963,2
258,R1417,O=C(C1=CC=C(Cl)C=C1)NCC2=C(O)C=CC3=C2C=CC=C3,O=C1C=CC2=C(C=CC=C2)[C@]13CN=C(C4=CC=C(Cl)C=C4)O3,IC1=C([C@@H](O[Si](C(C)C)(C(C)C)C(C)C)C2=CN(CC3=CC=CC=C3)N=N2)C=CC=C1OC(C)C,0.1,273.15,0,CC#N,0.0,CC#N,0,CC#N,C(C(F)(F)F)(C(F)(F)F)O,3,0.05,1.5,75,97.0,98.5,65.66666667,2.271426713,9.503649367,3
259,R0230,OC1=C(CCC(O)=O)C=C(C(C)(C)C)C=C1C(C)(C)C,O=C1[C@@]2(OC(CC2)=O)C=C(C(C)(C)C)C=C1C(C)(C)C,IC1=C(O[C@@H](C)CNC(C2=C(C)C=C(C)C=C2C)=O)C=CC=C1OC,0.1,263.15,-10,CO,25.0,CO,0,C(Cl)Cl,C(Cl)Cl,0,0.02,1.2,59,38.0,69.0,2.225806452,0.418410508,1.750629564,6
260,R0228,OC1=C(CCC(O)=O)C=C(C(C)(C)C)C=C1C(C)(C)C,O=C1[C@@]2(OC(CC2)=O)C=C(C(C)(C)C)C=C1C(C)(C)C,IC1=C(O[C@@H](C)CN(C)C(C2=C(C)C=C(C)C=C2C)=O)C=CC=C1O[C@@H](C)CN(C)C(C3=C(C)C=C(C)C=C3C)=O,0.1,263.15,-10,CO,25.0,CO,0,C(Cl)Cl,C(Cl)Cl,0,0.02,1.2,17,30.0,65.0,1.857142857,0.323717362,1.354433444,3
261,R2303,OC1=C(CCC(O)=O)C=CC2=CC=CC=C21,O=C1[C@@]2(CCC(O2)=O)C=CC3=CC=CC=C31,IC1=C(C(C2=C(C(C)C)C=CC3=C2C(I)=CC=C3)=C(C(C)C)C=C4)C4=CC=C1,0.55,233.15,-40,ClC(Cl)Cl,0.0,ClC(Cl)Cl,0,C(Cl)(Cl)Cl,C(Cl)(Cl)Cl,0,0.01,2.0,50,64.0,82.0,4.555555556,0.702552232,2.939478541,0
262,R2052,OC1=C(C(N(C)C2=CC=C(OC)C=C2)=O)C=CC3=CC=CC=C31,O=C1[C@@]2(C(C=C(OC)C=C3)=C3N(C)C2=O)C=CC4=CC=CC=C41,IC1=C(C=CC=C1O[C@@H]([C@@H](NC(C2=CC=C([N+]([O-])=O)C=C2)=O)CO[Si](C3=CC=CC=C3)(C(C)(C)C)C4=CC=CC=C4)C(C=C5)=CC=C5[N+]([O-])=O)O[C@@H]([C@H](CO[Si](C6=CC=CC=C6)(C(C)(C)C)C7=CC=CC=C7)NC(C8=CC=C([N+]([O-])=O)C=C8)=O)C(C=C9)=CC=C9[N+]([O-])=O,0.15,263.15,-10,OCC(F)(F)F,50.0,[H]O[H],10,C[N+](=O)[O-],C[N+](=O)[O-],0,0.067,1.3,74,92.0,96.0,24.0,1.661916062,6.953456804,8
263,R1706,OC1=C(CCC(O)=O)C=C(Br)C2=CC=CC=C21,O=C1[C@@]2(OC(CC2)=O)C=C(Br)C3=CC=CC=C31,IC1=C(O[C@H](C)C(NC2=C(C)C=C(C)C=C2C)=O)C=CC=C1O[C@H](C)C(NC3=C(C)C=C(C)C=C3C)=O,0.15,253.15,-20,ClCCl,0.0,ClCCl,0,C(Cl)Cl,C(Cl)Cl,0,0.02,1.3,79,75.0,87.5,7.0,0.978915436,4.095782184,9
264,R1359,OC1=C(CO[Si](C2=CC=CC=C2)(C(C)(C)C)C3=CC=CC=C3)C=C(C)C=C1,O=C1C(CO[Si](C2=CC=CC=C2)(C(C)(C)C)C3=CC=CC=C3)=C[C@@](O)(C)C=C1,IC1=C2C(CC(C)(C)[C@@H]2OCC3=CC=CC=C3)=CC=C1O[C@@H](C)C(NC4=C(C5=CC=CC=C5)C=C(C)C=C4C6=CC=CC=C6)=O,0.1,283.15,10,O=C(C)CC,0.0,O=C(C)CC,0,CCC(=O)C,O,2,0.167,2.2,57,75.0,87.5,7.0,1.094923586,4.581160282,6
265,R0237,BrC1=CC(CCC(O)=O)=C(O)C=C1C(C)C,BrC1=C[C@]2(OC(CC2)=O)C(C=C1C(C)C)=O,IC1=C(O[C@@H](C)CNC(C2=C(C)C=C(C)C=C2C)=O)C=CC=C1O[C@@H](C)CNC(C3=C(C)C=C(C)C=C3C)=O,0.1,253.15,-20,ClCCCl,0.0,ClCCCl,0,C(CCl)Cl,CC(O)C,9,0.02,1.2,7,24.0,62.0,1.631578947,0.246273609,1.030408778,3
266,R0521,OC1=C(CCCO)C=C(C2=CC=C(C(F)(F)F)C=C2)C3=CC=CC=C31,O=C1[C@@]2(OCCC2)C=C(C3=CC=C(C(F)(F)F)C=C3)C4=CC=CC=C41,IC1=C(OC[C@H](C(C)(C)C)NC(C2=C(C)C=C(C)C=C2C)=O)C=CC=C1OC[C@H](C(C)(C)C)NC(C3=C(C)C=C(C)C=C3C)=O,0.2,253.15,-20,ClCCl,0.0,ClCCl,0,C(Cl)Cl,C(Cl)Cl,0,0.02,1.3,55,90.0,95.0,19.0,1.481238365,6.197501317,3
267,R2305,OC1=C(CCC(O)=O)C=CC2=CC=CC=C21,O=C1[C@@]2(CCC(O2)=O)C=CC3=CC=CC=C31,IC1=C(C(C2=C(C)C=CC3=C2C(I)=CC=C3)=C(C)C=C4)C4=CC=C1,0.55,233.15,-40,ClC(Cl)Cl,0.0,ClC(Cl)Cl,0,C(Cl)(Cl)Cl,C(Cl)(Cl)Cl,0,0.2,2.0,66,64.0,82.0,4.555555556,0.702552232,2.939478541,6
268,R0113,OC1=C(CCC(O)=O)C=C(C2=CC=CC=C2)C3=C1C=CC=C3,O=C1[C@@]2(OC(CC2)=O)C=C(C3=CC=CC=C3)C4=C1C=CC=C4,IC1=C(O[C@@H](C)CNC(C2=C(C)C=C(C)C=C2C)=O)C=CC=C1O[C@@H](C)CNC(C3=C(C)C=C(C)C=C3C)=O,0.05,253.15,-20,CCO,6.0,CCO,0,C(CCl)Cl,C(CCl)Cl,0,0.02,1.2,90,96.0,98.0,49.0,1.957830872,8.191564368,7
269,R2314,OC1=C(CCC(O)=O)C=CC2=C(OCC3=CC=CC=C3)C=CC=C21,O=C1[C@@]2(CCC(O2)=O)C=CC3=C(OCC4=CC=CC=C4)C=CC=C31,IC1=C(C(C2=C(C)C=CC3=C2C(I)=CC=C3)=C(C)C=C4)C4=CC=C1,0.55,233.15,-40,ClC(Cl)Cl,0.0,ClC(Cl)Cl,0,C(Cl)(Cl)Cl,C(Cl)(Cl)Cl,0,0.01,2.0,59,70.0,85.0,5.666666667,0.803673203,3.362568682,0
270,R0377,OC1=CC=C(OC(C(O)=O)(C)C)C(Br)=C1,O=C1C=C[C@@]2(OC(C(C)(C)O2)=O)C(Br)=C1,CC([C@@H](C(NC(C(C1=CC(C)=CC(C)=C1)=CC=C2)=C2C3=CC(C)=CC(C)=C3)=O)OC(C=CC=C4O[C@H](C(NC(C(C5=CC(C)=CC(C)=C5)=CC=C6)=C6C7=CC(C)=CC(C)=C7)=O)C(C)C)=C4I)C,0.1,273.15,0,CO,10.0,CO,0,C(Cl)Cl,C(Cl)Cl,0,0.02,1.2,81,65.0,82.5,4.714285714,0.84167557,3.521570583,5
271,R0143,OC1=C(CCC(O)=O)C=CC2=C1C=CC=C2,O=C1[C@@]2(OC(CC2)=O)C=CC3=C1C=CC=C3,IC1=C(O[C@@H](C)CNC(C2=C(C)C=C(C)C=C2C)=O)C=CC=C1O[C@@H](C)CNC(C3=C(C)C=C(C)C=C3C)=O,0.05,273.15,0,ClC(Cl)Cl,0.0,ClC(Cl)Cl,0,C(Cl)(Cl)Cl,C(Cl)(Cl)Cl,0,0.02,1.2,71,97.0,98.5,65.66666667,2.271426713,9.503649367,4
272,R2012,OC1=C(CCC(O)=O)C=CC2=CC=CC=C21,O=C1[C@]2(OC(CC2)=O)C=CC3=CC=CC=C31,IC1=C(C=CC=C1O[C@@H]([C@@H](NC(C2=C(C)C=C(C)C=C2C)=O)CO[Si](C3=CC=CC=C3)(C(C)(C)C)C4=CC=CC=C4)C5=CC=C([N+]([O-])=O)C=C5)O[C@@H]([C@H](CO[Si](C6=CC=CC=C6)(C(C)(C)C)C7=CC=CC=C7)NC(C8=C(C)C=C(C)C=C8C)=O)C9=CC=C([N+]([O-])=O)C=C9,0.15,253.15,-20,CC(OCC)=O,0.0,CC(OCC)=O,0,CCOC(=O)C,CCOC(=O)C,0,0.02,1.5,44,87.0,93.5,14.38461538,1.341246128,5.611773801,0
273,R0348,OC1=CC=C(OC(C(O)=O)(C)C)C=C1Br,O=C1C=C[C@@]2(OC(C(C)(C)O2)=O)C=C1Br,IC1=C(O[C@@H](C)CNC(C2=C(C)C=C(C)C=C2C)=O)C=CC=C1O[C@@H](C)CNC(C3=C(C)C=C(C)C=C3C)=O,0.1,273.15,0,CO,10.0,CO,0,C(Cl)Cl,C(Cl)Cl,0,0.02,1.2,68,24.0,62.0,1.631578947,0.265730342,1.111815752,3
274,R2051,OC1=C(C(N(C)C2=CC=C(C(C)(C)C)C=C2)=O)C=CC3=CC=CC=C31,O=C1[C@@]2(C(C=C(C(C)(C)C)C=C3)=C3N(C)C2=O)C=CC4=CC=CC=C41,IC1=C(C=CC=C1O[C@@H]([C@@H](NC(C2=CC=C([N+]([O-])=O)C=C2)=O)CO[Si](C3=CC=CC=C3)(C(C)(C)C)C4=CC=CC=C4)C(C=C5)=CC=C5[N+]([O-])=O)O[C@@H]([C@H](CO[Si](C6=CC=CC=C6)(C(C)(C)C)C7=CC=CC=C7)NC(C8=CC=C([N+]([O-])=O)C=C8)=O)C(C=C9)=CC=C9[N+]([O-])=O,0.15,263.15,-10,OCC(F)(F)F,50.0,[H]O[H],10,C[N+](=O)[O-],C[N+](=O)[O-],0,0.067,1.3,64,94.0,97.0,32.33333333,1.817774196,7.605567236,8
275,R2106,OC1=C(CCC(O)=O)C=CC2=CC=CC=C21,O=C1[C@@]2(CCC(O2)=O)C=CC3=CC=CC=C31,CC1=C2C([C@@H]3CC[C@H]2C3)=C(I)C4=C1[C@H]5CC[C@@H]4C5,0.15,273.15,0,C[N+]([O-])=O,0.0,C[N+]([O-])=O,0,C[N+](=O)[O-],C[N+](=O)[O-],0,0.13,1.5,16,38.0,69.0,2.225806452,0.434310584,1.817155484,4
276,R2047,OC1=C(C(N(C)C2=CC=CC=C2)=O)C=CC3=CC=CC=C31,O=C1[C@@]2(C(C=CC=C3)=C3N(C)C2=O)C=CC4=CC=CC=C41,IC1=C(C=CC=C1O[C@@H]([C@@H](NC(C2=CC=C([N+]([O-])=O)C=C2)=O)CO[Si](C3=CC=CC=C3)(C(C)(C)C)C4=CC=CC=C4)C(C=C5)=CC=C5[N+]([O-])=O)O[C@@H]([C@H](CO[Si](C6=CC=CC=C6)(C(C)(C)C)C7=CC=CC=C7)NC(C8=CC=C([N+]([O-])=O)C=C8)=O)C(C=C9)=CC=C9[N+]([O-])=O,0.15,253.15,-20,OCC(F)(F)F,50.0,[H]O[H],10,C[N+](=O)[O-],C[N+](=O)[O-],0,0.067,1.3,55,91.0,95.5,21.22222222,1.536882101,6.430314709,2
277,R2028,OC1=C(CCC(O)=O)C2=CC=CC=C2C=C1,O=C1C=CC2=CC=CC=C2[C@]13CCC(O3)=O,IC1=C(C=CC=C1O[C@@H]([C@@H](NC(C2=C(C)C=C(C)C=C2C)=O)CO[Si](C3=CC=CC=C3)(C(C)(C)C)C4=CC=CC=C4)C5=CC=C([N+]([O-])=O)C=C5)O[C@@H]([C@H](CO[Si](C6=CC=CC=C6)(C(C)(C)C)C7=CC=CC=C7)NC(C8=C(C)C=C(C)C=C8C)=O)C9=CC=C([N+]([O-])=O)C=C9,0.15,253.15,-20,CCO,5.0,CCO,0,C(Cl)Cl,C(Cl)Cl,0,0.02,1.5,73,96.0,98.0,49.0,1.957830872,8.191564368,6
278,R1204,OC1=CC=C(C)C=C1C,O=C1C=C[C@@](O)(C)C=C1C,IC1=C(O[C@H](C)C(NC2=C(C(C)C)C=CC=C2C(C)C)=O)C=C(C)C=C1O[C@H](C)C(NC3=C(C(C)C)C=CC=C3C(C)C)=O,0.1,297.15,24,CC#N,0.0,CC#N,0,CC#N,O,9,0.16,2.2,33,26.0,63.0,1.702702703,0.314274242,1.314923427,0
279,R2209,OC1=C(CCC(O)=O)C=CC2=CC=CC=C21,O=C1[C@@]2(CCC(O2)=O)C=CC3=CC=CC=C31,IC1=C(C(OC(C(C)(C)C)=O)C)C=CC2=C1[C@]3(CCC4=C3C(I)=C(C(C)OC(C(C)(C)C)=O)C=C4)CC2,0.15,273.15,0,CC(O)=O,1.0,CC(O)=O,0,C(Cl)Cl,C(Cl)Cl,0,0.05,1.3,52,75.0,87.5,7.0,1.056254202,4.419367583,2
280,R2315,OC1=C(CCC(O)=O)C=CC2=CC(N=[N+]=[N-])=CC=C21,O=C1[C@]2(CCC(O2)=O)C=CC3=CC(N=[N+]=[N-])=CC=C31,IC1=C(C(C2=C(C)C=CC3=C2C(I)=CC=C3)=C(C)C=C4)C4=CC=C1,1.0,233.15,-40,ClC(Cl)Cl,0.0,ClC(Cl)Cl,0,C(Cl)(Cl)Cl,C(Cl)(Cl)Cl,0,0.01,2.0,84,78.0,89.0,8.090909091,0.968679564,4.052955296,7
281,R0167,OC1=C(CCC(O)=O)C=CC2=C1C=CC=C2,O=C1[C@@]2(OC(CC2)=O)C=CC3=C1C=CC=C3,IC1=C(O[C@@H](C)CNC(C2=C(C=CC=C3)C3=CC4=C2C=CC=C4)=O)C=CC=C1O[C@@H](C)CNC(C5=C(C=CC=C6)C6=CC7=C5C=CC=C7)=O,0.05,273.15,0,CCO,172.0,CCO,0,C(CCl)Cl,C(CCl)Cl,0,0.02,1.2,37,98.0,99.0,99.0,2.494264524,10.43600277,8
282,R0746,OC1=C(CCCNS(=O)(C)=O)C=CC2=C1C=CC=C2,O=C1[C@]2(N(S(=O)(C)=O)CCC2)C=CC3=C1C=CC=C3,IC1=C(O[C@@H](C)CNC(C2=C(C)C=C(C)C=C2C)=O)C=CC=C1O[C@@H](C)CNC(C3=C(C)C=C(C)C=C3C)=O,0.2,253.15,-20,ClCCl,0.0,ClCCl,0,C(Cl)Cl,C(Cl)Cl,0,0.02,1.3,20,46.0,73.0,2.703703704,0.500357836,2.093497187,3
283,R0329,OC1=C(OC(CCC)(CCC)CO)C=C(Br)C2=C1C=CC=C2,O=C1[C@@]2(OC(C(CCC)(CCC)O2)=O)C=C(Br)C3=C1C=CC=C3,IC1=C(O[C@@H](C)CNC(C2=C(C)C=C(C)C=C2C)=O)C=CC=C1O[C@@H](C)CNC(C3=C(C)C=C(C)C=C3C)=O,0.1,253.15,-20,CC1=CC=CC=C1,0.0,CC1=CC=CC=C1,0,Cc1ccccc1,Cc1ccccc1,0,0.02,1.2,76,25.0,62.5,1.666666667,0.256977481,1.075193781,6
284,R0409,OC(C(Cl)=C(OC)C=C1C(OC)=O)=C1OC2=C(C(O)=O)C(O)=CC(C)=C2,O=C1[C@]2(OC(C(C(O)=CC(C)=C3)=C3O2)=O)C(C(OC)=O)=CC(OC)=C1Cl,IC1=C(O[C@H](C)CNC(C2=C(C)C=C(C)C=C2C)=O)C=CC=C1O[C@H](C)CNC(C3=C(C)C=C(C)C=C3C)=O,0.2,298.15,25,CO,10.0,CO,0,C(Cl)(Cl)Cl,C(Cl)(Cl)Cl,0,0.01,1.5,71,98.0,99.0,99.0,2.722551594,11.39115587,1
285,R2309,OC1=C(CCC(O)=O)C=C(Cl)C2=CC=CC=C21,O=C1[C@@]2(CCC(O2)=O)C=C(Cl)C3=CC=CC=C31,IC1=C(C(C2=C(C)C=CC3=C2C(I)=CC=C3)=C(C)C=C4)C4=CC=C1,0.55,233.15,-40,ClC(Cl)Cl,0.0,ClC(Cl)Cl,0,C(Cl)(Cl)Cl,C(Cl)(Cl)Cl,0,0.01,2.0,71,61.0,80.5,4.128205128,0.656913125,2.748524514,3
286,R0359,OC1=CC=C(OC(C(O)=O)(C)C)C=C1Br,O=C1C=C[C@@]2(OC(C(C)(C)O2)=O)C=C1Br,CC([C@@H](C(NC(C(C1=CC=C(C2=CC(C(F)(F)F)=CC(C(F)(F)F)=C2)C=C1)=CC=C3)=C3C4=CC=C(C5=CC(C(F)(F)F)=CC(C(F)(F)F)=C5)C=C4)=O)OC(C=CC=C6O[C@H](C(NC(C(C7=CC=C(C8=CC(C(F)(F)F)=CC(C(F)(F)F)=C8)C=C7)=CC=C9)=C9C%10=CC=C(C%11=CC(C(F)(F)F)=CC(C(F)(F)F)=C%11)C=C%10)=O)C(C)C)=C6I)C,0.1,273.15,0,CO,10.0,CO,0,C(Cl)Cl,C(Cl)Cl,0,0.02,1.2,84,63.0,81.5,4.405405405,0.804892167,3.367668825,9
287,R1217,OC1=CC=C(C)C=C1C,O=C1C=C[C@@](O)(C)C=C1C,IC1=C(O[C@H](C)C(NC2=C(C(C)C)C=CC=C2C(C)C)=O)C=C(C)C=C1O[C@H](C)C(NC3=C(C(C)C)C=CC=C3C(C)C)=O,0.1,268.15,-5,CC#N,0.0,CC#N,0,CC#N,O,9,0.16,1.8,94,46.0,73.0,2.703703704,0.530005743,2.217544028,3
288,R0540,OC1=C(CCCNS(C)(=O)=O)C=CC2=CC=CC=C21,O=C1[C@@]2(N(S(C)(=O)=O)CCC2)C=CC3=CC=CC=C31,IC1=C(O[C@@H](C)CNC(C2=C(C)C=C(C)C=C2C)=O)C=CC=C1O[C@@H](C)CNC(C3=C(C)C=C(C)C=C3C)=O,0.2,253.15,-20,ClCCl,0.0,ClCCl,0,C(Cl)Cl,C(Cl)Cl,0,0.02,1.3,20,46.0,73.0,2.703703704,0.500357836,2.093497187,3
289,R2117,OC1=C(CCC(O)=O)C=C(C#N)C2=CC=CC=C21,O=C1[C@@]2(CCC(O2)=O)C=C(C#N)C3=CC=CC=C31,CC1=C2C([C@@H]3CC[C@H]2C3)=C(I)C4=C1[C@H]5CC[C@@H]4C5,0.1,253.15,-20,ClC(Cl)Cl,0.0,ClC(Cl)Cl,0,C(Cl)(Cl)Cl,C(Cl)(Cl)Cl,0,0.13,1.5,47,41.0,70.5,2.389830508,0.438279795,1.833762661,1
290,R1336,OC1=CC=C(C)C=C1Br,O=C1C=C[C@@](O)(C)C=C1Br,IC1=C2C(CC(C)(C)[C@@H]2OCC3=CC=CC=C3)=CC=C1O[C@@H](C)C(NC4=CC=CC=C4)=O,0.1,283.15,10,CC(C)=O,0.0,CC(C)=O,0,CC(=O)C,O,2,0.165,2.2,49,73.0,86.5,6.407407407,1.045151541,4.372914048,9
291,R2225,OC1=C(CCC(O)=O)C=CC2=CC(C3=CC=CC=C3)=CC=C21,O=C1[C@@]2(CCC(O2)=O)C=CC3=CC(C4=CC=CC=C4)=CC=C31,IC1=C(CC)C=CC2=C1[C@]3(CCC4=C3C(I)=C(CC)C=C4)CC2,0.1,273.15,0,ClC(Cl)Cl,0.0,ClC(Cl)Cl,0,C(Cl)(Cl)Cl,C(Cl)(Cl)Cl,0,0.02,1.3,50,88.0,94.0,15.66666667,1.493553409,6.249027465,9
292,R0618,OC1=C(OCC(O)=O)C=C(Cl)C2=C1C=CC=C2,O=C1[C@@]2(CCC(O2)=O)C=C(Cl)C3=C1C=CC=C3,IC1=C(O[C@H](C)C(NC2=C(C)C=C(C)C=C2C)=O)C=CC=C1O[C@H](C)C(NC3=C(C)C=C(C)C=C3C)=O,0.1,273.15,0,ClC(Cl)Cl,0.0,ClC(Cl)Cl,0,C(Cl)(Cl)Cl,C(Cl)(Cl)Cl,0,0.02,1.3,72,90.0,95.0,19.0,1.598262924,6.687132075,7
293,R0244,OC1=C(CCC(O)=O)C=C(C(C)(C)C)C=C1C(C)(C)C,O=C1[C@@]2(OC(CC2)=O)C=C(C(C)(C)C)C=C1C(C)(C)C,C[C@@H](CNC(C1=C(C)C=C(C)C=C1C)=O)OC2=CC=CC(O[C@@H](C)CNC(C3=C(C)C=C(C)C=C3C)=O)=C2I(OC(C)=O)OC(C)=O,1.0,273.15,0,CO,250.0,CO,0,C(Cl)Cl,C(Cl)Cl,0,0.02,0.0,84,90.0,95.0,19.0,1.598262924,6.687132075,7
294,R0813,OC1=C(C(N(C)C2=CC(C=CC=C3)=C3C=C2)=O)C=CC4=CC=CC=C41,O=C1[C@@]2(C(C(C=CC=C3)=C3C=C4)=C4N(C)C2=O)C=CC5=CC=CC=C51,IC1=C(O[C@H](C)C(NC2=C(C)C=C(C)C=C2C)=O)C=CC=C1O[C@H](C)C(NC3=C(C)C=C(C)C=C3C)=O,0.15,243.15,-30,OCC(F)(F)F,50.0,[H]O[H],10,C[N+](=O)[O-],C[N+](=O)[O-],0,0.07,1.3,72,87.0,93.5,14.38461538,1.28826386,5.390095989,5
295,R1334,OC1=CC=C(C)C=C1Br,O=C1C=C[C@@](O)(C)C=C1Br,IC1=C2C(CC(C)(C)[C@@H]2OCC3=CC=CC=C3)=CC=C1O[C@@H](C)C(O[C@@H]4C[C@H](C)CC[C@H]4C(C)C)=O,0.1,283.15,10,CC(C)=O,0.0,CC(C)=O,0,CC(=O)C,O,2,0.165,2.2,44,64.0,82.0,4.555555556,0.853217519,3.569862101,5
296,R0330,OC1=C(OC(CCC)(CCC)CO)C=C(Br)C2=C1C=CC=C2,O=C1[C@@]2(OC(C(CCC)(CCC)O2)=O)C=C(Br)C3=C1C=CC=C3,IC1=C(O[C@@H](C)CNC(C2=C(C)C=C(C)C=C2C)=O)C=CC=C1O[C@@H](C)CNC(C3=C(C)C=C(C)C=C3C)=O,0.1,273.15,0,CC1=CC=CC=C1,0.0,CC1=CC=CC=C1,0,Cc1ccccc1,O,5,0.02,1.2,82,89.0,94.5,17.18181818,1.543663439,6.45868783,7
297,R0209,OC1=C(CCC(O)=O)C=C(C(C)(C)C)C=C1C(C)(C)C,O=C1[C@@]2(OC(CC2)=O)C=C(C(C)(C)C)C=C1C(C)(C)C,IC1=C(O[C@@H](C)CNC(C2=C(C)C=C(C)C=C2C)=O)C=CC=C1O[C@@H](C)CNC(C3=C(C)C=C(C)C=C3C)=O,0.1,263.15,-10,CO,10.0,CO,0,C(Cl)Cl,C(Cl)Cl,0,0.02,1.2,93,91.0,95.5,21.22222222,1.597592434,6.684326745,8
298,R1345,OC1=CC=C(C)C=C1Br,O=C1C=C[C@@](O)(C)C=C1Br,IC1=C2C(CC(C)(C)[C@@H]2OCC3=CC=CC=C3)=CC=C1O[C@@H](C)C(NC4=C(C5=CC=CC=C5)C=C(C)C=C4C6=CC=CC=C6)=O,0.1,283.15,10,CC(C)=O,0.0,CC(C)=O,0,CC(=O)C,O,2,0.165,2.2,55,75.0,87.5,7.0,1.094923586,4.581160282,9
299,R0308,OC1=C(OCC(O)=O)C(C)=CC=C1C(C)C,O=C1[C@@]2(OC(CO2)=O)C(C)=CC=C1C(C)C,IC1=C(O[C@@H](C)CNC(C2=C(C)C=C(C)C=C2C)=O)C=CC=C1O[C@@H](C)CNC(C3=C(C)C=C(C)C=C3C)=O,0.1,253.15,-20,ClC(Cl)Cl,0.0,ClC(Cl)Cl,0,C(Cl)(Cl)Cl,C(Cl)(Cl)Cl,0,0.02,1.2,61,23.0,61.5,1.597402597,0.235624121,0.985851321,0
300,R1303,OC1=CC=C(C)C=C1Br,O=C1C=C[C@@](O)(C)C=C1Br,IC1=C2C(CC(C)(C)[C@@H]2OC(C3=CC=CC=C3)=O)=CC=C1OC,0.1,298.15,25,CC(C)=O,0.0,CC(C)=O,0,CC(=O)C,O,9,0.165,2.2,3,32.0,66.0,1.941176471,0.392993608,1.644285256,3
301,R1360,OC1=C(C(N(CC2=CC=CC=C2)CC3=CC=CC=C3)=O)C=C(C)C=C1,O=C1C(C(N(CC2=CC=CC=C2)CC3=CC=CC=C3)=O)=C[C@@](O)(C)C=C1,IC1=C2C(CC(C)(C)[C@@H]2OCC3=CC=CC=C3)=CC=C1O[C@@H](C)C(NC4=C(C5=CC=CC=C5)C=CC=C4C6=CC=CC=C6)=O,0.1,283.15,10,CC#N,0.0,CC#N,0,CC#N,O,2,0.167,2.2,51,70.0,85.0,5.666666667,0.976024308,4.083685706,6
302,R0524,OC1=C(CCCO)C=CC2=CC=CC=C21,O=C1[C@@]2(OCCC2)C=CC3=CC=CC=C31,IC1=C(OC[C@H](C(C)(C)C)NC(C2=C(C)C=C(C)C=C2C)=O)C=CC=C1OC[C@H](C(C)(C)C)NC(C3=C(C)C=C(C)C=C3C)=O,0.2,298.15,25,ClCCl,0.0,ClCCl,0,C(Cl)Cl,C(Cl)Cl,0,0.02,1.3,45,93.0,96.5,27.57142857,1.96515109,8.222192162,7
303,R1014,CC1=CC=C(O)C(C)=C1,O=C1C=C[C@@](O)(C)C=C1C,IC1=C(C2(C)O[C@@H](C(O)=O)[C@H](C(O)=O)O2)C=CC=C1,0.1,298.15,25,CC#N,0.0,CC#N,0,CC#N,O,2,0.16,2.2,27,8.0,54.0,1.173913043,0.095001034,0.397484326,8
304,R0203,OC1=C(CCC(O)=O)C=C(C(C)(C)C)C=C1C(C)(C)C,O=C1[C@@]2(OC(CC2)=O)C=C(C(C)(C)C)C=C1C(C)(C)C,IC1=C(O[C@@H](C)CNC(C2=C(C)C=C(C)C=C2C)=O)C=CC=C1O[C@@H](C)CNC(C3=C(C)C=C(C)C=C3C)=O,0.1,263.15,-10,CCO,10.0,CCO,0,C(Cl)(Cl)Cl,C(Cl)(Cl)Cl,0,0.02,1.2,74,91.0,95.5,21.22222222,1.597592434,6.684326745,3
305,R1618,OC1=CC(C2=CC=CC=C2C(O)=O)=CC=C1,O=C1C=C[C@]2(OC)C(C3=CC=CC=C3C(O2)=O)=C1,IC1=C(O[C@H](C)C(NC2=CC=C(C)C=C2)=O)C=CC=C1O[C@H](C)C(NC3=CC=C(C)C=C3)=O,0.2,293.15,20,CO,0.0,CO,0,CO,CO,0,0.3,1.5,22,41.0,70.5,2.389830508,0.507531984,2.123513823,5
306,R2517,OC1=C(CCC(O)=O)C=CC2=CC=CC=C21,O=C1[C@@]2(CCC(O2)=O)C=CC3=CC=CC=C31,IC1=C(CCC2=CC=C(CC3)C=C2)C=CC3=C1OCC(OCC)=O,0.15,273.15,0,CC(O)=O,20.0,ClCCl,0,C(Cl)Cl,C(Cl)Cl,0,0.02,1.3,74,68.0,84.0,5.25,0.900098278,3.766011195,1
307,R0532,OC1=C(CCCO)C=CC2=CC=CC=C21,O=C1[C@@]2(OCCC2)C=CC3=CC=CC=C31,IC1=C(O[C@@H](C)CNC(C2=C(C)C=C(C)C=C2C)=O)C=CC=C1O[C@@H](C)CNC(C3=C(C)C=C(C)C=C3C)=O,0.1,273.15,0,ClCCl,0.0,ClCCl,0,C(Cl)Cl,C(Cl)Cl,0,0.02,1.3,42,89.0,94.5,17.18181818,1.543663439,6.45868783,6
308,R0238,BrC1=CC(CCC(O)=O)=C(O)C=C1C(C)C,BrC1=C[C@]2(OC(CC2)=O)C(C=C1C(C)C)=O,IC1=C(O[C@@H](C)CNC(C2=C(C)C=C(C)C=C2C)=O)C=CC=C1O[C@@H](C)CNC(C3=C(C)C=C(C)C=C3C)=O,0.1,253.15,-20,CC1=CC=CC=C1,0.0,CC1=CC=CC=C1,0,Cc1ccccc1,C(C(F)(F)F)(C(F)(F)F)O,9,0.02,1.2,87,85.0,92.5,12.33333333,1.263848054,5.287940257,1
309,R2105,OC1=C(CCC(O)=O)C=CC2=CC=CC=C21,O=C1[C@@]2(CCC(O2)=O)C=CC3=CC=CC=C31,CC1=C2C([C@@H]3CC[C@H]2C3)=C(I)C4=C1[C@H]5CC[C@@H]4C5,0.15,273.15,0,CC#N,0.0,CC#N,0,CC#N,CC#N,0,0.13,1.5,35,29.0,64.5,1.816901408,0.324127885,1.356151071,9
310,R0740,OC1=C(CCCNS(=O)(C)=O)C=CC2=C1C=CC=C2,O=C1[C@]2(N(S(=O)(C)=O)CCC2)C=CC3=C1C=CC=C3,IC1=C(O[C@H](C)C(OC)=O)C=CC=C1O[C@H](C)C(OC)=O,0.2,253.15,-20,O=S(O[Sc](OS(=O)(C(F)(F)F)=O)OS(=O)(C(F)(F)F)=O)(C(F)(F)F)=O,1.1,ClCCl,0,C(Cl)Cl,C(Cl)Cl,0,0.02,1.3,25,0.0,50.0,1.0,0.0,0.0,8
311,R0146,OC1=C(CCC(O)=O)C=CC2=C1C=CC=C2,O=C1[C@@]2(OC(CC2)=O)C=CC3=C1C=CC=C3,IC1=C(O[C@@H](C)CNC(C2=C(C)C=C(C)C=C2C)=O)C=CC=C1O[C@@H](C)CNC(C3=C(C)C=C(C)C=C3C)=O,0.05,273.15,0,OC(C(F)(F)F)C(F)(F)F,6.0,OC(C(F)(F)F)C(F)(F)F,0,C(Cl)(Cl)Cl,C(Cl)(Cl)Cl,0,0.02,1.2,49,78.0,89.0,8.090909091,1.134869496,4.74829397,0
312,R2029,OC1=C(CCC(O)=O)C2=CC(OC)=CC=C2C=C1,O=C1C=CC2=CC=C(OC)C=C2[C@]13CCC(O3)=O,IC1=C(C=CC=C1O[C@@H]([C@@H](NC(C2=C(C)C=C(C)C=C2C)=O)CO[Si](C3=CC=CC=C3)(C(C)(C)C)C4=CC=CC=C4)C5=CC=C([N+]([O-])=O)C=C5)O[C@@H]([C@H](CO[Si](C6=CC=CC=C6)(C(C)(C)C)C7=CC=CC=C7)NC(C8=C(C)C=C(C)C=C8C)=O)C9=CC=C([N+]([O-])=O)C=C9,0.15,253.15,-20,CCO,5.0,CCO,0,C(Cl)Cl,C(Cl)Cl,0,0.02,1.5,80,95.0,97.5,39.0,1.843002385,7.711121979,2
313,R1609,OC1=CC(C2=CC=CC=C2C(O)=O)=CC=C1,O=C1C=C[C@]2(OC)C(C3=CC=CC=C3C(O2)=O)=C1,IC1=C(O[C@H](C)C(NC2=CC(C)=CC(C)=C2)=O)C=CC=C1O[C@H](C)C(NC3=CC(C)=CC(C)=C3)=O,0.2,293.15,20,CO,0.0,CO,0,CO,CO,0,0.3,1.5,18,40.0,70.0,2.333333333,0.49359468,2.06520014,8
314,R0825,OC1=C(C(N(C)C2=CC(C=CC=C3)=C3C=C2)=O)C=C(Br)C4=CC=CC=C41,O=C1[C@@]2(C(C(C=CC=C3)=C3C=C4)=C4N(C)C2=O)C=C(Br)C5=CC=CC=C51,IC1=C(O[C@H](C)C(NC2=C(C)C=C(C)C=C2C)=O)C=CC=C1O[C@H](C)C(NC3=C(C)C=C(C)C=C3C)=O,0.15,243.15,-30,OCC(F)(F)F,50.0,[H]O[H],10,C[N+](=O)[O-],C[N+](=O)[O-],0,0.07,1.3,67,80.0,90.0,9.0,1.061678894,4.442064494,3
315,R1603,OC1=CC(C2=CC=CC=C2C(O)=O)=CC=C1,O=C1C=C[C@]2(OC)C(C3=CC=CC=C3C(O2)=O)=C1,IC1=C(O[C@H](C)C(NCCC)=O)C=CC=C1O[C@H](C)C(NCCC)=O,0.2,293.15,20,CO,0.0,CO,0,CO,CO,0,0.3,1.5,20,11.0,55.5,1.247191011,0.128682043,0.538405669,4
316,R0908,OC1=C(CCC(O)=O)C=CC2=CC=CC=C21,O=C1[C@]2(CCC(O2)=O)C=CC3=CC=CC=C31,IC1=CC=CC=C1[C@@H](O[Si](C(C)C)(C(C)C)C(C)C)C2=CN(CC3=CC=CC=C3)N=N2,0.15,273.15,0,ClCCl,0.0,ClCCl,0,C(Cl)Cl,C(Cl)Cl,0,0.02,1.3,25,80.0,90.0,9.0,1.192669505,4.990129207,2
317,R0375,OC1=CC=C(OC(C(O)=O)(C)C)C=C1[Si](C2=CC=CC=C2)(C(C)(C)C)C3=CC=CC=C3,O=C1C=C[C@@]2(OC(C(C)(C)O2)=O)C=C1[Si](C3=CC=CC=C3)(C(C)(C)C)C4=CC=CC=C4,CC([C@@H](C(NC(C(C1=CC(C)=CC(C)=C1)=CC=C2)=C2C3=CC(C)=CC(C)=C3)=O)OC(C=CC=C4O[C@H](C(NC(C(C5=CC(C)=CC(C)=C5)=CC=C6)=C6C7=CC(C)=CC(C)=C7)=O)C(C)C)=C4I)C,0.1,273.15,0,CCO,10.0,CCO,0,C(CCl)Cl,C(CCl)Cl,0,0.02,1.2,52,70.0,85.0,5.666666667,0.941554087,3.939462301,3
318,R0416,OC(C(Cl)=C(OC)C=C1C(OC)=O)=C1OC2=C(C(O)=O)C(O)=CC(C)=C2,O=C1[C@]2(OC(C(C(O)=CC(C)=C3)=C3O2)=O)C(C(OC)=O)=CC(OC)=C1Cl,IC1=C(O[C@H](C)CNC(C2=C(C)C=C(C)C=C2C)=O)C=CC=C1O[C@H](C)CNC(C3=C(C)C=C(C)C=C3C)=O,0.1,273.15,0,CO,20.0,CO,0,C(Cl)(Cl)Cl,C(Cl)(Cl)Cl,0,0.01,1.5,93,99.0,99.5,199.0,2.873244414,12.02165463,2
319,R2021,OC1=C(CCC(O)=O)C=C(C2=CC=CC=C2)C3=CC=CC=C31,O=C1[C@]2(OC(CC2)=O)C=C(C3=CC=CC=C3)C4=CC=CC=C41,IC1=C(C=CC=C1O[C@@H]([C@@H](NC(C2=C(C)C=C(C)C=C2C)=O)CO[Si](C3=CC=CC=C3)(C(C)(C)C)C4=CC=CC=C4)C5=CC=C([N+]([O-])=O)C=C5)O[C@@H]([C@H](CO[Si](C6=CC=CC=C6)(C(C)(C)C)C7=CC=CC=C7)NC(C8=C(C)C=C(C)C=C8C)=O)C9=CC=C([N+]([O-])=O)C=C9,0.15,253.15,-20,CCO,5.0,CCO,0,C(Cl)Cl,C(Cl)Cl,0,0.02,1.5,60,96.0,98.0,49.0,1.957830872,8.191564368,0
320,R0368,OC1=CC=C(OC(C(O)=O)(C)C)C=C1[Si](C2=CC=CC=C2)(C(C)(C)C)C3=CC=CC=C3,O=C1C=C[C@@]2(OC(C(C)(C)O2)=O)C=C1[Si](C3=CC=CC=C3)(C(C)(C)C)C4=CC=CC=C4,CC([C@@H](C(NC(C(C1=CC=CC=C1)=CC=C2)=C2C3=CC=CC=C3)=O)OC(C=CC=C4O[C@H](C(NC(C(C5=CC=CC=C5)=CC=C6)=C6C7=CC=CC=C7)=O)C(C)C)=C4I)C,0.1,273.15,0,OCCC,10.0,OCCC,0,C(Cl)Cl,C(Cl)Cl,0,0.02,1.2,85,82.0,91.0,10.11111111,1.255857891,5.254509417,4
321,R0382,OC1=C(OC(C)(C)CO)C=C(Br)C2=C1C=CC=C2,O=C1[C@@]2(OC(C(C)(C)O2)=O)C=C(Br)C3=C1C=CC=C3,IC1=C(O[C@@H](C)CNC(C2=C(C)C=C(C)C=C2C)=O)C=CC=C1O[C@@H](C)CNC(C3=C(C)C=C(C)C=C3C)=O,0.1,273.15,0,CO,60.0,CO,0,C(Cl)(Cl)Cl,C(Cl)(Cl)Cl,0,0.02,1.2,44,12.0,56.0,1.272727273,0.130904521,0.547704516,5
322,R1629,OC1=CC(C2=CC=CC=C2C(O)=O)=CC=C1,O=C1C=C[C@]2(OC)C(C3=CC=CC=C3C(O2)=O)=C1,IC1=C(O[C@H](C)C(NC2=CC=C(C)C=C2)=O)C=CC=C1O[C@H](C)C(NC3=CC=C(C)C=C3)=O,0.2,293.15,20,O=S(O[Na])(O[Na])=O,0.2,O=S(O[Na])(O[Na])=O,0,CO,CO,0,0.3,1.2,49,34.0,67.0,2.03030303,0.412554301,1.726127197,4
323,R0205,OC1=C(CCC(O)=O)C=C(C(C)(C)C)C=C1C(C)(C)C,O=C1[C@@]2(OC(CC2)=O)C=C(C(C)(C)C)C=C1C(C)(C)C,IC1=C(O[C@@H](C)CNC(C2=C(C)C=C(C)C=C2C)=O)C=CC=C1O[C@@H](C)CNC(C3=C(C)C=C(C)C=C3C)=O,0.1,263.15,-10,CC(O)C,10.0,CC(O)C,0,C(Cl)(Cl)Cl,C(Cl)(Cl)Cl,0,0.02,1.2,28,85.0,92.5,12.33333333,1.313772923,5.496825908,9
324,R2211,OC1=C(CCC(O)=O)C=CC2=CC=CC=C21,O=C1[C@@]2(CCC(O2)=O)C=CC3=CC=CC=C31,IC1=C(Br)C=C(Br)C2=C1[C@]3(CCC4=C3C(I)=C(Br)C=C4Br)CC2,0.15,273.15,0,CC(O)=O,1.0,CC(O)=O,0,C(Cl)Cl,C(Cl)Cl,0,0.05,1.3,15,83.0,91.5,10.76470588,1.289858189,5.396766661,1
325,R1624,OC1=CC(C2=CC=CC=C2C(O)=O)=CC=C1,O=C1C=C[C@]2(OC)C(C3=CC=CC=C3C(O2)=O)=C1,IC1=C(O[C@H](C)C(NC2=CC=C(C)C=C2)=O)C=CC=C1O[C@H](C)C(NC3=CC=C(C)C=C3)=O,0.2,273.15,0,CO,0.0,CO,0,CO,CO,0,0.3,1.2,40,40.0,70.0,2.333333333,0.45991945,1.924302979,3
326,R2114,OC1=C(CCC(O)=O)C=C(Cl)C2=CC=CC=C21,O=C1[C@@]2(CCC(O2)=O)C=C(Cl)C3=CC=CC=C31,CC1=C2C([C@@H]3CC[C@H]2C3)=C(I)C4=C1[C@H]5CC[C@@H]4C5,0.1,253.15,-20,ClC(Cl)Cl,0.0,ClC(Cl)Cl,0,C(Cl)(Cl)Cl,C(Cl)(Cl)Cl,0,0.13,1.5,57,42.0,71.0,2.448275862,0.450434603,1.884618377,8
327,R2516,OC1=C(CCC(O)=O)C=CC2=CC=CC=C21,O=C1[C@@]2(CCC(O2)=O)C=CC3=CC=CC=C31,IC1=C(CCC2=CC=C(CC3)C=C2)C=CC3=C1OCC(OCC)=O,0.15,273.15,0,COCCOC,0.0,COCCOC,0,COCCOC,COCCOC,0,0.02,1.3,51,8.0,54.0,1.173913043,0.087035158,0.364155102,7
328,R1340,OC1=CC=C(C)C=C1Br,O=C1C=C[C@@](O)(C)C=C1Br,IC1=C2C(CC(C)(C)[C@@H]2OCC3=CC=CC=C3)=CC=C1O[C@@H](C)C(NC4=C(C)C=C(C)C=C4C)=O,0.1,283.15,10,CC(C)=O,0.0,CC(C)=O,0,CC(=O)C,O,2,0.165,2.2,65,77.0,88.5,7.695652174,1.148234854,4.804214628,1
329,R2056,OC1=C(CCC(O)=O)C=CC2=CC=CC=C21,O=C1[C@]2(OC(CC2)=O)C=CC3=CC=CC=C31,C[C@@H](OC1=CC=CC(O[C@@H]([C@H](CO[Si](C2=CC=CC=C2)(C(C)(C)C)C3=CC=CC=C3)NC(C4=C(C)C=C(C)C=C4C)=O)C)=C1I)[C@@H](NC(C5=C(C)C=C(C)C=C5C)=O)CO[Si](C6=CC=CC=C6)(C(C)(C)C)C7=CC=CC=C7,0.15,253.15,-20,CCO,5.0,CCO,0,C(Cl)Cl,C(Cl)Cl,0,0.02,1.5,92,97.0,98.5,65.66666667,2.105113207,8.807793657,0
330,R0405,OC(C(Cl)=C(OC)C=C1C(OC)=O)=C1OC2=C(C(O)=O)C(O)=CC(C)=C2,O=C1[C@]2(OC(C(C(O)=CC(C)=C3)=C3O2)=O)C(C(OC)=O)=CC(OC)=C1Cl,O=C(NC1=C(C)C=C(C)C=C1C)[C@@H](C)OC2=CC=CC(O[C@H](C)C(NC3=C(C)C=C(C)C=C3C)=O)=C2I(OC(C)=O)OC(C)=O,2.0,273.15,0,ClCCl,0.0,ClCCl,0,C(Cl)Cl,C(Cl)Cl,0,0.01,0.0,57,77.0,88.5,7.695652174,1.107682678,4.634544325,9
331,R0139,OC1=C(CCC(O)=O)C2=C(C=CC=C2)C=C1,O=C1[C@@]2(OC(CC2)=O)C3=C(C=CC=C3)C=C1,IC1=C(O[C@@H](C)C(NC2=C(C)C=C(C)C=C2C)=O)C=CC=C1O[C@@H](C)C(NC3=C(C)C=C(C)C=C3C)=O,0.1,253.15,-20,ClCCl,0.0,ClCCl,0,C(Cl)Cl,C(Cl)Cl,0,0.02,1.2,32,48.0,74.0,2.846153846,0.5261881,2.20157101,8
332,R0706,OC1=C(CCCNS(C)(=O)=O)C=C(Br)C2=C1C=CC=C2,O=C1[C@]2(N(S(=O)(C)=O)CCC2)C=C(Br)C3=C1C=CC=C3,IC1=C(O[C@@H](C)CNC(C2=C(C)C=C(C)C=C2C)=O)C=CC=C1O[C@@H](C)CNC(C3=C(C)C=C(C)C=C3C)=O,0.2,253.15,-20,ClCCl,0.0,ClCCl,0,C(Cl)Cl,C(Cl)Cl,0,0.02,1.3,45,17.0,58.5,1.409638554,0.1727183,0.722653368,4
333,R0502,OC1=C(CCCO)C=C(Cl)C2=CC=CC=C21,O=C1[C@@]2(OCCC2)C=C(Cl)C3=CC=CC=C31,IC1=C(O[C@H](C)C(O)=O)C=CC=C1O[C@H](C)C(O)=O,0.2,253.15,-20,ClCCl,0.0,ClCCl,0,C(Cl)Cl,C(Cl)Cl,0,0.02,1.3,51,29.0,64.5,1.816901408,0.300395292,1.256853903,3
334,R2509,OC1=C(CCC(O)=O)C=CC2=CC=CC=C21,O=C1[C@@]2(CCC(O2)=O)C=CC3=CC=CC=C31,IC1=C(CCC2=CC=C(CC3)C=C2)C=CC3=C1OC(C)(C)C(OCC)=O,0.15,273.15,0,ClCCl,0.0,ClCCl,0,C(Cl)Cl,C(Cl)Cl,0,0.02,1.3,37,44.0,72.0,2.571428571,0.51266064,2.144972119,5
335,R1512,OC1=C(Br)C=C(C)C=C1,O=C1C(Br)=C[C@](C)(O)C=C1,IC1=C([C@@H](O[Si](C(C)C)(C(C)C)C(C)C)C2=CN(CC3=CC=CC=C3)N=N2)C=CC=C1OC,0.1,273.15,0,CN(C)C=O,0.0,CN(C)C=O,0,CN(C)C=O,O,9,1.64,2.2,40,55.0,77.5,3.444444444,0.671323762,2.808818621,8
336,R0733,OC1=C(CCCNS(=O)(C)=O)C=CC2=C1C=CC=C2,O=C1[C@]2(N(S(=O)(C)=O)CCC2)C=CC3=C1C=CC=C3,IC1=C(O[C@H](C)C(OC)=O)C=CC=C1O[C@H](C)C(OC)=O,0.4,253.15,-20,CO,2.0,CO,0,C(Cl)Cl,C(Cl)Cl,0,0.02,1.3,15,31.0,65.5,1.898550725,0.322509083,1.349378004,4
337,R2045,OC1=C(C(N(C)C2=CC=CC=C2)=O)C=CC3=CC=CC=C31,O=C1[C@@]2(C(C=CC=C3)=C3N(C)C2=O)C=CC4=CC=CC=C41,IC1=C(C=CC=C1O[C@@H]([C@@H](NC(C2=CC=C(C)C=C2)=O)CO[Si](C3=CC=CC=C3)(C(C)(C)C)C4=CC=CC=C4)C(C=C5)=CC=C5[N+]([O-])=O)O[C@@H]([C@H](CO[Si](C6=CC=CC=C6)(C(C)(C)C)C7=CC=CC=C7)NC(C8=CC=C(C)C=C8)=O)C(C=C9)=CC=C9[N+]([O-])=O,0.15,253.15,-20,OCC(F)(F)F,50.0,[H]O[H],10,C[N+](=O)[O-],C[N+](=O)[O-],0,0.067,1.3,37,79.0,89.5,8.523809524,1.077995317,4.510332407,8
338,R0728,OC1=C(CCCNS(=O)(C)=O)C=CC2=C1C=CC=C2,O=C1[C@]2(N(S(=O)(C)=O)CCC2)C=CC3=C1C=CC=C3,IC1=C(O[C@H](C)C(NC2=C(C)C=C(C)C=C2C)=O)C=CC=C1O[C@H](C)C(NC3=C(C)C=C(C)C=C3C)=O,0.2,253.15,-20,ClCCl,0.0,ClCCl,0,C(Cl)Cl,C(Cl)Cl,0,0.02,1.3,13,20.0,60.0,1.5,0.203974502,0.853429315,9
339,R0411,OC(C(Cl)=C(OC)C=C1C(OC)=O)=C1OC2=C(C(O)=O)C(O)=CC(C)=C2,O=C1[C@]2(OC(C(C(O)=CC(C)=C3)=C3O2)=O)C(C(OC)=O)=CC(OC)=C1Cl,IC1=C(O[C@H](C)CNC(C2=C(C)C=C(C)C=C2C)=O)C=CC=C1O[C@H](C)CNC(C3=C(C)C=C(C)C=C3C)=O,0.2,298.15,25,CO,37.5,CO,0,C(Cl)(Cl)Cl,C(Cl)(Cl)Cl,0,0.01,1.5,76,99.0,99.5,199.0,3.136217543,13.1219342,1
340,R0234,BrC1=CC(CCC(O)=O)=C(O)C=C1C(C)C,BrC1=C[C@]2(OC(CC2)=O)C(C=C1C(C)C)=O,IC1=C(O[C@@H](C)CNC(C2=C(C)C=C(C)C=C2C)=O)C=CC=C1O[C@@H](C)CNC(C3=C(C)C=C(C)C=C3C)=O,0.1,253.15,-20,ClCCCl,0.0,ClCCCl,0,C(CCl)Cl,C(C(F)(F)F)(C(F)(F)F)O,9,0.02,1.2,85,84.0,92.0,11.5,1.228654475,5.140690324,0
341,R1221,OC1=CC=C(C)C=C1[Si](C)(C)C(C)(C)C,O=C1C=C[C@@](O)(C)C=C1[Si](C)(C)C(C)(C)C,IC1=C(O[C@H](C)C(NC2=C(C(C)C)C=CC=C2C(C)C)=O)C=C(C)C=C1O[C@H](C)C(NC3=C(C(C)C)C=CC=C3C(C)C)=O,0.1,268.15,-5,CC#N,0.0,CC#N,0,CC#N,O,9,0.16,2.2,36,48.0,74.0,2.846153846,0.557366538,2.332021594,3
342,R0216,OC1=C(CCC(O)=O)C=C(C(C)(C)C)C=C1C(C)(C)C,O=C1[C@@]2(OC(CC2)=O)C=C(C(C)(C)C)C=C1C(C)(C)C,IC1=C(O[C@@H](C)CNC(C2=C(C)C=C(C)C=C2C)=O)C=CC=C1O[C@@H](C)CNC(C3=C(C)C=C(C)C=C3C)=O,0.1,263.15,-10,CO,100.0,CO,0,C(Cl)Cl,C(Cl)Cl,0,0.02,1.2,53,92.0,96.0,24.0,1.661916062,6.953456804,1
343,R0827,OC1=C(C(N(C)C2=CC(C=CC=C3)=C3C=C2)=O)C=CC4=CC=CC=C41,O=C1[C@@]2(C(C(C=CC=C3)=C3C=C4)=C4N(C)C2=O)C=CC5=CC=CC=C51,IC1=C(O[C@H](C)C(NC2=C(C)C=C(C)C=C2C)=O)C=CC=C1O[C@H](C)C(NC3=C(C)C=C(C)C=C3C)=O,0.15,243.15,-30,OCC(F)(F)F,50.0,[H]O[H],15,C[N+](=O)[O-],C[N+](=O)[O-],0,0.07,1.3,72,82.0,91.0,10.11111111,1.117927316,4.677407889,8
344,R0614,OC1=C(OCC(O)=O)C=CC2=C1C=CC=C2,O=C1[C@@]2(CCC(O2)=O)C=CC3=C1C=CC=C3,IC1=C(O[C@H](C)C(NC2=C(C)C=C(C)C=C2C)=O)C=CC=C1O[C@H](C)C(NC3=C(C)C=C(C)C=C3C)=O,0.15,253.15,-20,ClCCl,0.0,ClCCl,0,C(Cl)Cl,C(Cl)Cl,0,0.02,1.3,75,90.0,95.0,19.0,1.481238365,6.197501317,3
345,R0312,OC1=C(OCC(O)=O)C(C)=CC=C1C(C)C,O=C1[C@@]2(OC(CO2)=O)C(C)=CC=C1C(C)C,IC1=C(O[C@@H](C)CNC(C2=C(C)C=C(C)C=C2C)=O)C=CC=C1O[C@@H](C)CNC(C3=C(C)C=C(C)C=C3C)=O,0.1,253.15,-20,CC1=CC(C)=CC(C)=C1,0.0,CC1=CC(C)=CC(C)=C1,0,CC1=CC(=CC(=C1)C)C,CC1=CC(=CC(=C1)C)C,0,0.02,1.2,55,8.0,54.0,1.173913043,0.080662458,0.337491722,4
346,R0332,OC1=C(OC(CCC)(CCC)CO)C=C(Br)C2=C1C=CC=C2,O=C1[C@@]2(OC(C(CCC)(CCC)O2)=O)C=C(Br)C3=C1C=CC=C3,IC1=C(O[C@@H](C)CNC(C2=C(C)C=C(C)C=C2C)=O)C=CC=C1O[C@@H](C)CNC(C3=C(C)C=C(C)C=C3C)=O,0.1,273.15,0,ClC(Cl)Cl,0.0,ClC(Cl)Cl,0,C(Cl)(Cl)Cl,O,5,0.02,1.2,79,56.0,78.0,3.545454545,0.687012926,2.874462083,8
347,R1931,OC1=C(CCC(O)=O)C=C(C(C2=CC=C(Br)C=C2)=O)C3=C1C=CC=C3,O=C1[C@@]2(OC(CC2)=O)C=C(C(C3=CC=C(Br)C=C3)=O)C4=C1C=CC=C4,IC1=C(O[C@H](C)C(NC2=C(C)C=C(C)C=C2C)=O)C=CC=C1O[C@H](C)C(NC3=C(C)C=C(C)C=C3C)=O,0.1,273.15,0,ClC(Cl)Cl,0.0,ClC(Cl)Cl,0,C(Cl)(Cl)Cl,C(Cl)(Cl)Cl,0,0.02,1.3,88,91.0,95.5,21.22222222,1.658302768,6.938338782,9
348,R1601,OC1=CC(C2=CC=CC=C2C(O)=O)=CC=C1,O=C1C=C[C@]2(OC)C(C3=CC=CC=C3C(O2)=O)=C1,IC1=C(O[C@H](C)C(OCC)=O)C=CC=C1O[C@H](C)C(OCC)=O,0.2,293.15,20,CO,0.0,CO,0,CO,CO,0,0.3,1.5,22,4.0,52.0,1.083333333,0.046629003,0.195095749,8
349,R0513,OC1=C(CCCO)C=C(C(C2=CC=C(C)C=C2)=O)C3=CC=CC=C31,O=C1[C@@]2(OCCC2)C=C(C(C3=CC=C(C)C=C3)=O)C4=CC=CC=C41,IC1=C(OC[C@H](C(C)(C)C)NC(C2=C(C)C=C(C)C=C2C)=O)C=CC=C1OC[C@H](C(C)(C)C)NC(C3=C(C)C=C(C)C=C3C)=O,0.2,253.15,-20,ClCCl,0.0,ClCCl,0,C(Cl)Cl,C(Cl)Cl,0,0.02,1.3,41,92.0,96.0,24.0,1.598761357,6.689217518,7
350,R0140,OC1=C(CCC(O)=O)C=CC2=C1C=CC=C2,O=C1[C@@]2(OC(CC2)=O)C=CC3=C1C=CC=C3,IC1=C(O[C@@H](C)C(NC2=C(C)C=C(C)C=C2C)=O)C=CC=C1O[C@@H](C)C(NC3=C(C)C=C(C)C=C3C)=O,0.15,253.15,-20,ClC(Cl)Cl,0.0,ClC(Cl)Cl,0,C(Cl)(Cl)Cl,C(Cl)(Cl)Cl,0,0.02,1.2,55,92.0,96.0,24.0,1.598761357,6.689217518,8
351,R0379,OC1=C(Br)C=C(OC(C(O)=O)(C)C)C=C1Br,OC1C(Br)=C[C@@]2(OC(C(C)(C)O2)=O)C=C1Br,CC([C@@H](C(NC(C(C1=CC(C)=CC(C)=C1)=CC=C2)=C2C3=CC(C)=CC(C)=C3)=O)OC(C=CC=C4O[C@H](C(NC(C(C5=CC(C)=CC(C)=C5)=CC=C6)=C6C7=CC(C)=CC(C)=C7)=O)C(C)C)=C4I)C,0.1,273.15,0,CO,10.0,CO,0,C(Cl)Cl,C(Cl)Cl,0,0.02,1.2,75,66.0,83.0,4.882352941,0.860690028,3.601127077,3
352,R2520,OC1=C(CCC(O)=O)C=CC2=CC=CC=C21,O=C1[C@@]2(CCC(O2)=O)C=CC3=CC=CC=C31,IC1=C(CCC2=CC=C(CC3)C=C2)C=CC3=C1OCC(OCC)=O,0.15,273.15,0,ClCCl,0.0,ClCCl,0,C(Cl)Cl,C(Cl)Cl,0,0.1,1.3,58,59.0,79.5,3.87804878,0.735684155,3.078102504,1
353,R0747,OC1=C(CCCNS(=O)(C)=O)C=CC2=C1C=CC=C2,O=C1[C@]2(N(S(=O)(C)=O)CCC2)C=CC3=C1C=CC=C3,IC1=C(O[C@@H](C)CNC(C2=C(C)C=C(C)C=C2C)=O)C=CC=C1O[C@@H](C)CNC(C3=C(C)C=C(C)C=C3C)=O,1.0,253.15,-20,ClCCl,0.0,ClCCl,0,C(Cl)Cl,C(Cl)Cl,0,0.02,1.3,21,51.0,75.5,3.081632653,0.566177074,2.368884879,3
354,R0148,OC1=C(CCC(O)=O)C=CC2=C1C=CC=C2,O=C1[C@@]2(OC(CC2)=O)C=CC3=C1C=CC=C3,IC1=C(O[C@@H](C)CNC(C2=C(C)C=C(C)C=C2C)=O)C=CC=C1O[C@@H](C)CNC(C3=C(C)C=C(C)C=C3C)=O,0.05,273.15,0,ClCCCl,0.0,ClCCCl,0,C(CCl)Cl,C(CCl)Cl,0,0.02,1.2,88,93.0,96.5,27.57142857,1.800372364,7.532757971,5
355,R2301,OC1=C(CCC(O)=O)C=CC2=CC=CC=C21,O=C1[C@@]2(CCC(O2)=O)C=CC3=CC=CC=C31,IC1=C(C(C2=CC=CC3=C2C(I)=CC=C3)=CC=C4)C4=CC=C1,0.55,233.15,-40,ClC(Cl)Cl,0.0,ClC(Cl)Cl,0,C(Cl)(Cl)Cl,C(Cl)(Cl)Cl,0,0.01,2.0,51,50.0,75.0,3.0,0.509007679,2.129688128,0
356,R0730,OC1=C(CCCNS(=O)(C)=O)C=CC2=C1C=CC=C2,O=C1[C@]2(N(S(=O)(C)=O)CCC2)C=CC3=C1C=CC=C3,IC1=C(O[C@H](C)C(OC)=O)C=CC=C1O[C@H](C)C(OC)=O,0.4,253.15,-20,ClC(Cl)Cl,0.0,ClC(Cl)Cl,0,C(Cl)(Cl)Cl,C(Cl)(Cl)Cl,0,0.02,1.3,10,31.0,65.5,1.898550725,0.322509083,1.349378004,1
357,R1302,OC1=CC=C(C)C=C1Br,O=C1C=C[C@@](O)(C)C=C1Br,COC1=CC=C(CC(C)(C)[C@@H]2OCC3=CC=CC=C3)C2=C1I,0.1,298.15,25,CC(C)=O,0.0,CC(C)=O,0,CC(=O)C,O,9,0.165,2.2,49,50.0,75.0,3.0,0.650914173,2.7234249,1
358,R1028,CC1=CC=C(O)C([Si](C)(C)C)=C1,O=C1C=C[C@@](O)(C)C=C1[Si](C)(C)C,IC1=C2C(CCCC23O[C@@H](C(NC4=C(C)C=C(C)C=C4C)=O)[C@H](C(NC5=C(C)C=C(C)C=C5C)=O)O3)=CC=C1,0.1,298.15,25,CC#N,0.0,CC#N,0,CC#N,O,9,0.16,2.2,79,50.0,75.0,3.0,0.650914173,2.7234249,1
359,R1625,OC1=CC(C2=CC=CC=C2C(O)=O)=CC=C1,O=C1C=C[C@]2(OC)C(C3=CC=CC=C3C(O2)=O)=C1,IC1=C(O[C@H](C)C(NC2=CC=C(C)C=C2)=O)C=CC=C1O[C@H](C)C(NC3=CC=C(C)C=C3)=O,0.2,263.15,-10,CO,0.0,CO,0,CO,CO,0,0.3,1.2,24,41.0,70.5,2.389830508,0.455592842,1.906200452,8
360,R0537,OC1=C(CC(C)(C)CO)C=C(Br)C2=CC=CC=C21,O=C1[C@@]2(OCC(C)(C)C2)C=C(Br)C3=CC=CC=C31,IC1=C(OC[C@H](C(C)(C)C)NC(C2=C(C)C=C(C)C=C2C)=O)C=CC=C1OC[C@H](C(C)(C)C)NC(C3=C(C)C=C(C)C=C3C)=O,0.2,253.15,-20,ClCCl,0.0,ClCCl,0,C(Cl)Cl,C(Cl)Cl,0,0.02,1.8,77,74.0,87.0,6.692307692,0.956302055,4.001167798,2
361,R2015,OC1=C(CCC(O)=O)C=CC2=CC=CC=C21,O=C1[C@]2(OC(CC2)=O)C=CC3=CC=CC=C31,IC1=C(C=CC=C1O[C@@H]([C@@H](NC(C2=C(C)C=C(C)C=C2C)=O)CO[Si](C3=CC=CC=C3)(C(C)(C)C)C4=CC=CC=C4)C5=CC=C([N+]([O-])=O)C=C5)O[C@@H]([C@H](CO[Si](C6=CC=CC=C6)(C(C)(C)C)C7=CC=CC=C7)NC(C8=C(C)C=C(C)C=C8C)=O)C9=CC=C([N+]([O-])=O)C=C9,0.05,253.15,-20,CCO,5.0,CCO,0,C(Cl)Cl,C(Cl)Cl,0,0.02,1.5,72,98.0,99.0,99.0,2.311634868,9.671880289,8
362,R2310,OC1=C(CCC(O)=O)C=C(CC)C2=CC=CC=C21,O=C1[C@@]2(CCC(O2)=O)C=C(CC)C3=CC=CC=C31,IC1=C(C(C2=C(C)C=CC3=C2C(I)=CC=C3)=C(C)C=C4)C4=CC=C1,0.55,233.15,-40,ClC(Cl)Cl,0.0,ClC(Cl)Cl,0,C(Cl)(Cl)Cl,C(Cl)(Cl)Cl,0,0.01,2.0,42,59.0,79.5,3.87804878,0.627950799,2.627346143,6
363,R1616,OC1=CC(C2=CC=CC=C2C(O)=O)=CC=C1,O=C1C=C[C@]2(OC)C(C3=CC=CC=C3C(O2)=O)=C1,IC1=C(O[C@H](C)C(NC2=CC=C(C)C=C2)=O)C=CC=C1O[C@H](C)C(NC3=CC=C(C)C=C3)=O,0.1,293.15,20,CO,0.0,CO,0,CO,CO,0,0.3,1.5,17,38.0,69.0,2.225806452,0.466110737,1.950207322,7
364,R1024,CC1=CC=C(O)C(Cl)=C1,O=C1C=C[C@@](O)(C)C=C1Cl,IC1=C2C(CCCC23O[C@@H](C(NC4=C(C)C=C(C)C=C4C)=O)[C@H](C(NC5=C(C)C=C(C)C=C5C)=O)O3)=CC=C1,0.1,273.15,0,CC#N,0.0,CC#N,0,CC#N,O,2,0.16,2.2,76,30.0,65.0,1.857142857,0.336018991,1.405903459,3
365,R2008,OC1=C(CCC(O)=O)C=CC2=CC=CC=C21,O=C1[C@]2(OC(CC2)=O)C=CC3=CC=CC=C31,IC1=C(C=CC=C1O[C@@H]([C@@H](NC(C2=C(C)C=C(C)C=C2C)=O)CO[Si](C3=CC=CC=C3)(C(C)(C)C)C4=CC=CC=C4)C5=CC=C([N+]([O-])=O)C=C5)O[C@@H]([C@H](CO[Si](C6=CC=CC=C6)(C(C)(C)C)C7=CC=CC=C7)NC(C8=C(C)C=C(C)C=C8C)=O)C9=CC=C([N+]([O-])=O)C=C9,0.15,253.15,-20,ClCCl,0.0,ClCCl,0,C(Cl)Cl,C(Cl)Cl,0,0.02,1.5,82,98.0,99.0,99.0,2.311634868,9.671880289,8
366,R2403,OC1=C(CCC(O)=O)C=CC2=CC=CC=C21,O=C1[C@@]2(CCC(O2)=O)C=CC3=CC=CC=C31,O=C(OI1C2=CC=CC3=C2C4(CCC5=C4C(I(OC(C)=O)O1)=CC=C5)CC3)C,0.55,273.15,0,ClCCl,0.0,ClCCl,0,C(Cl)Cl,C(Cl)Cl,0,0.02,0.0,65,59.0,79.5,3.87804878,0.735684155,3.078102504,9
367,R1038,OC1=CC=C(C(C)C)C=C1[Si](C)(C)C,O=C1C=C[C@](C(C)C)(O)C=C1[Si](C)(C)C,IC1=C2C(CCCC23O[C@@H](C(NC4=C(C)C=C(C)C=C4C)=O)[C@H](C(NC5=C(C)C=C(C)C=C5C)=O)O3)=CC=C1,0.1,295.15,22,CC(C)=O,0.0,CC(C)=O,0,CC(=O)C,O,9,0.16,2.2,66,36.0,68.0,2.125,0.442106741,1.849774602,1
368,R0910,OC1=C(CCC(O)=O)C=CC2=CC=CC=C21,O=C1[C@]2(CCC(O2)=O)C=CC3=CC=CC=C31,IC1=CC=CC=C1[C@@H](O[Si](C(C)C)(C(C)C)C(C)C)C2=CN(C3=C(C(C)C)C=CC=C3C(C)C)N=N2,0.15,273.15,0,ClCCl,0.0,ClCCl,0,C(Cl)Cl,C(Cl)Cl,0,0.02,1.3,21,74.0,87.0,6.692307692,1.031854262,4.31727823,8
369,R0829,OC1=C(C(N(C)C2=CC(C=CC=C3)=C3C=C2)=O)C=CC4=CC=CC=C41,O=C1[C@@]2(C(C(C=CC=C3)=C3C=C4)=C4N(C)C2=O)C=CC5=CC=CC=C51,IC1=C(O[C@H](C)C(NC2=C(C)C=C(C)C=C2C)=O)C=CC=C1O[C@H](C)C(NC3=C(C)C=C(C)C=C3C)=O,0.15,243.15,-30,OCC(F)(F)F,50.0,[H]O[H],25,C[N+](=O)[O-],C[N+](=O)[O-],0,0.07,1.3,74,82.0,91.0,10.11111111,1.117927316,4.677407889,5
370,R0802,OC1=C(C(N(C)C2=CC(C=CC=C3)=C3C=C2)=O)C=CC4=CC=CC=C41,O=C1[C@@]2(C(C(C=CC=C3)=C3C=C4)=C4N(C)C2=O)C=CC5=CC=CC=C51,IC1=C(O[C@H](C)C(NC2=C(C)C=C(C)C=C2C)=O)C=CC=C1O[C@H](C)C(NC3=C(C)C=C(C)C=C3C)=O,0.1,273.15,0,C[N+]([O-])=O,0.0,C[N+]([O-])=O,0,C[N+](=O)[O-],C[N+](=O)[O-],0,0.07,1.3,30,42.0,71.0,2.448275862,0.486020982,2.033511791,2
371,R0115,OC1=C(CCC(O)=O)C(COCC2=CC=CC=C2)=CC3=C1C=CC=C3,O=C1[C@@]2(OC(CC2)=O)C(COCC3=CC=CC=C3)=CC4=C1C=CC=C4,IC1=C(O[C@@H](C)CNC(C2=C(C)C=C(C)C=C2C)=O)C=CC=C1O[C@@H](C)CNC(C3=C(C)C=C(C)C=C3C)=O,0.05,253.15,-20,CCO,6.0,CCO,0,C(CCl)Cl,C(CCl)Cl,0,0.02,1.2,74,97.0,98.5,65.66666667,2.105113207,8.807793657,9
372,R0936,OC1=C(CCC(O)=O)C=C(CC)C2=CC=CC=C21,O=C1[C@]2(CCC(O2)=O)C=C(CC)C3=CC=CC=C31,IC1=CC=CC=C1[C@@H](O[Si](C(C)C)(C(C)C)C(C)C)C2=CN(CC3=CC=CC=C3)N=N2,1.0,253.15,-20,ClCCl,0.0,ClCCl,0,C(Cl)Cl,C(Cl)Cl,0,0.02,1.3,62,76.0,88.0,7.333333333,1.002317935,4.193698242,4
373,R0105,OC1=C(CCC(O)=O)C2=C(C=CC=C2F)C=C1,O=C1[C@@]2(OC(CC2)=O)C3=C(C=CC=C3F)C=C1,IC1=C(O[C@@H](C)CNC(C2=C(C)C=C(C)C=C2C)=O)C=CC=C1O[C@@H](C)CNC(C3=C(C)C=C(C)C=C3C)=O,0.05,253.15,-20,OC(C(F)(F)F)C(F)(F)F,50.0,OC(C(F)(F)F)C(F)(F)F,0,C(CCl)Cl,C(CCl)Cl,0,0.02,1.2,65,89.0,94.5,17.18181818,1.430636645,5.985783724,9
374,R1815,OC1=C(CCC(O)=O)C=CC2=CC=CC=C21,O=C1[C@@]2(CCC(O2)=O)C=CC3=CC=CC=C31,IC1=C(C=CC=C1OC[C@@H]2[C@@H](OCC3=CC=CC=C3)[C@H](OCC4=CC=CC=C4)[C@@H](OCC5=CC=CC=C5)[C@@H](OC)O2)OC[C@H]6O[C@H](OC)[C@H](OCC7=CC=CC=C7)[C@@H](OCC8=CC=CC=C8)[C@@H]6OCC9=CC=CC=C9,0.15,253.15,-20,CO,25.0,CO,0,C(Cl)Cl,C(Cl)Cl,0,0.05,1.3,60,58.0,79.0,3.761904762,0.66652098,2.788723781,2
375,R0353,OC1=CC=C(OC(C(O)=O)(C)C)C=C1Br,O=C1C=C[C@@]2(OC(C(C)(C)O2)=O)C=C1Br,IC1=C(O[C@@H](C)C(NC2=C(C)C=C(C)C=C2C)=O)C=CC=C1O[C@@H](C)C(NC3=C(C)C=C(C)C=C3C)=O,0.1,273.15,0,CCO,10.0,CCO,0,C(Cl)Cl,C(Cl)Cl,0,0.02,1.2,59,43.0,71.5,2.50877193,0.499270537,2.088947925,0
376,R1027,CC1=CC=C(O)C([Si](C)(C)C)=C1,O=C1C=C[C@@](O)(C)C=C1[Si](C)(C)C,IC1=C2C(CCCC23O[C@@H](C(NC4=C(C)C=C(C)C=C4C)=O)[C@H](C(NC5=C(C)C=C(C)C=C5C)=O)O3)=CC=C1,0.1,273.15,0,CC#N,0.0,CC#N,0,CC#N,O,9,0.16,2.2,58,58.0,79.0,3.761904762,0.719179165,3.009045628,6
377,R0110,OC1=C(CCC(O)=O)C=CC2=C1C=CC=C2,O=C1[C@@]2(OC(CC2)=O)C=CC3=C1C=CC=C3,IC1=C(O[C@@H](C)CNC(C2=C(C)C=C(C)C=C2C)=O)C=CC=C1O[C@@H](C)CNC(C3=C(C)C=C(C)C=C3C)=O,0.05,253.15,-20,CCO,6.0,CCO,0,C(CCl)Cl,C(CCl)Cl,0,0.02,1.2,86,98.0,99.0,99.0,2.311634868,9.671880289,2
378,R0131,OC1=C(CCC(O)=O)C2=C(C=CC=C2)C=C1,O=C1[C@@]2(OC(CC2)=O)C3=C(C=CC=C3)C=C1,IC1=C(O[C@@H](C)CNC(C2=C(C=CC=C3)C3=CC4=C2C=CC=C4)=O)C=CC=C1O[C@@H](C)CNC(C5=C(C=CC=C6)C6=CC7=C5C=CC=C7)=O,0.1,253.15,-20,ClCCCl,0.0,ClCCCl,0,C(CCl)Cl,C(CCl)Cl,0,0.02,1.2,72,89.0,94.5,17.18181818,1.430636645,5.985783724,4
379,R1608,OC1=CC(C2=CC=CC=C2C(O)=O)=CC=C1,O=C1C=C[C@]2(OC)C(C3=CC=CC=C3C(O2)=O)=C1,IC1=C(O[C@H](C)C(NC2=C(C=CC=C3)C3=CC=C2)=O)C=CC=C1O[C@H](C)C(NC4=CC=CC5=C4C=CC=C5)=O,0.2,293.15,20,CO,0.0,CO,0,CO,CO,0,0.3,1.5,14,31.0,65.5,1.898550725,0.373468449,1.562591989,5
380,R1933,OC1=C(CCC(O)=O)C=CC2=C1C=CC(OC)=C2,O=C1[C@@]2(OC(CC2)=O)C=CC3=C1C=CC(OC)=C3,IC1=C(O[C@H](C)C(NC2=C(C)C=C(C)C=C2C)=O)C=CC=C1O[C@H](C)C(NC3=C(C)C=C(C)C=C3C)=O,0.1,273.15,0,ClC(Cl)Cl,0.0,ClC(Cl)Cl,0,C(Cl)(Cl)Cl,C[N+](=O)[O-],2,0.02,1.3,40,87.0,93.5,14.38461538,1.447210666,6.055129424,1
381,R2034,OC1=C(CCCO)C=C(CCC)C2=CC=CC=C21,O=C1[C@]2(OCCC2)C=C(CCC)C3=CC=CC=C31,IC1=C(C=CC=C1O[C@@H]([C@@H](NC(C2=C(C)C=C(C)C=C2C)=O)CO[Si](C3=CC=CC=C3)(C(C)(C)C)C4=CC=CC=C4)C5=CC=C([N+]([O-])=O)C=C5)O[C@@H]([C@H](CO[Si](C6=CC=CC=C6)(C(C)(C)C)C7=CC=CC=C7)NC(C8=C(C)C=C(C)C=C8C)=O)C9=CC=C([N+]([O-])=O)C=C9,0.15,253.15,-20,CCO,5.0,CCO,0,C(Cl)Cl,C(Cl)Cl,0,0.02,1.5,64,92.0,96.0,24.0,1.598761357,6.689217518,4
382,R2213,OC1=C(CCC(O)=O)C=CC2=CC=CC=C21,O=C1[C@@]2(CCC(O2)=O)C=CC3=CC=CC=C31,IC1=C(CC)C=CC2=C1[C@]3(CCC4=C3C(I)=C(CC)C=C4)CC2,0.1,273.15,0,ClC(Cl)Cl,0.0,ClC(Cl)Cl,0,C(Cl)(Cl)Cl,C(Cl)(Cl)Cl,0,0.02,1.3,83,87.0,93.5,14.38461538,1.447210666,6.055129424,7
383,R1362,OC1=CC=C(CCOC(C)=O)C=C1Br,O=C1C=C[C@](CCOC(C)=O)(O)C=C1Br,IC1=C2C(CC(C)(C)[C@@H]2OCC3=CC=CC=C3)=CC=C1O[C@@H](C)C(NC4=C(C5=CC=CC=C5)C=CC=C4C6=CC=CC=C6)=O,0.1,283.15,10,O=C(C)CC,0.0,O=C(C)CC,0,CCC(=O)C,O,2,0.167,2.2,53,82.0,91.0,10.11111111,1.30183475,5.446876593,0
384,R1351,OC1=CC=C(C)C=C1Br,O=C1C=C[C@@](O)(C)C=C1Br,IC1=C2C(CC(C)(C)[C@@H]2OCC3=CC=CC=C3)=CC=C1O[C@@H](C)C(NC4=C(C5=CC=CC=C5)C=CC=C4C6=CC=CC=C6)=O,0.1,283.15,10,O=C(C)CC,0.0,O=C(C)CC,0,CCC(=O)C,O,2,0.167,2.2,61,82.0,91.0,10.11111111,1.30183475,5.446876593,7
385,R1344,OC1=CC=C(C)C=C1Br,O=C1C=C[C@@](O)(C)C=C1Br,IC1=C2C(CC(C)(C)[C@@H]2OCC3=CC=CC=C3)=CC=C1O[C@@H](C)C(NC4=C(C5=CC=CC=C5)C=C(C(F)(F)F)C=C4C6=CC=CC=C6)=O,0.1,283.15,10,CC(C)=O,0.0,CC(C)=O,0,CC(=O)C,O,2,0.165,2.2,12,71.0,85.5,5.896551724,0.998400195,4.177306418,6
386,R2120,OC1=C(CCC(O)=O)C=C(C2=CC=CC=C2)C3=CC=CC=C31,O=C1[C@@]2(CCC(O2)=O)C=C(C3=CC=CC=C3)C4=CC=CC=C41,CC1=C2C([C@@H]3CC[C@H]2C3)=C(I)C4=C1[C@H]5CC[C@@H]4C5,0.1,253.15,-20,ClC(Cl)Cl,0.0,ClC(Cl)Cl,0,C(Cl)(Cl)Cl,C(Cl)(Cl)Cl,0,0.13,1.5,62,57.0,78.5,3.651162791,0.651489595,2.725832468,8
387,R1631,OC1=CC(C2=CC=CC=C2C(O)=O)=CC=C1,O=C1C=C[C@]2(OCC)C(C3=CC=CC=C3C(O2)=O)=C1,IC1=C(O[C@H](C)C(NC2=CC=C(C)C=C2)=O)C=CC=C1O[C@H](C)C(NC3=CC=C(C)C=C3)=O,0.2,293.15,20,CCO,0.0,CCO,0,CCO,CCO,0,0.3,1.2,55,52.0,76.0,3.166666667,0.671495232,2.809536052,8
388,R0727,OC1=C(CCCNS(=O)(C)=O)C=CC2=C1C=CC=C2,O=C1[C@]2(N(S(=O)(C)=O)CCC2)C=CC3=C1C=CC=C3,IC1=C(O[C@H](C)C(NC2=C(C)C=C(C)C=C2C)=O)C=CC=C1O[C@H](C)C(NC3=C(C)C=C(C)C=C3C)=O,0.2,263.15,-10,ClCCl,0.0,ClCCl,0,C(Cl)Cl,C(Cl)Cl,0,0.02,1.3,12,16.0,58.0,1.380952381,0.168789553,0.706215489,7
389,R0151,OC1=C(CCC(O)=O)C=CC2=C1C=CC=C2,O=C1[C@@]2(OC(CC2)=O)C=CC3=C1C=CC=C3,IC1=C(O[C@@H](C)CNC(C2=C(C)C=C(C)C=C2C)=O)C=CC=C1O[C@@H](C)CNC(C3=C(C)C=C(C)C=C3C)=O,0.05,273.15,0,CCO,6.0,CCO,0,C(CCl)Cl,C(CCl)Cl,0,0.02,1.2,83,96.0,98.0,49.0,2.112508405,8.838735165,7
390,R0340,OC1=C(OC(CCC)(CCC)CO)C=C(C(C)C)C=C1[Si](C)(C)C,O=C1[C@@]2(OC(C(CCC)(CCC)O2)=O)C=C(C(C)C)C=C1[Si](C)(C)C,IC1=C(O[C@@H](C)CNC(C2=C(C)C=C(C)C=C2C)=O)C=CC=C1O[C@@H](C)CNC(C3=C(C)C=C(C)C=C3C)=O,0.1,273.15,0,ClC(Cl)Cl,0.0,ClC(Cl)Cl,0,C(Cl)(Cl)Cl,C(Cl)(Cl)Cl,0,0.02,1.2,30,68.0,84.0,5.25,0.900098278,3.766011195,1
391,R1704,OC1=C(CCC(O)=O)C=C(C)C2=CC=CC=C21,O=C1[C@@]2(OC(CC2)=O)C=C(C)C3=CC=CC=C31,IC1=C(O[C@H](C)C(NC2=C(C)C=C(C)C=C2C)=O)C=CC=C1O[C@H](C)C(NC3=C(C)C=C(C)C=C3C)=O,0.15,253.15,-20,ClCCl,0.0,ClCCl,0,C(Cl)Cl,C(Cl)Cl,0,0.02,1.3,84,74.5,87.25,6.843137255,0.967514086,4.048078937,4
392,R0307,OC1=C(OCC(O)=O)C(C)=CC=C1C(C)C,O=C1[C@@]2(OC(CO2)=O)C(C)=CC=C1C(C)C,IC1=C(O[C@@H](C)CNC(C2=C(C)C=C(C)C=C2C)=O)C=CC=C1O[C@@H](C)CNC(C3=C(C)C=C(C)C=C3C)=O,0.1,253.15,-20,ClC(Cl)Cl,0.0,ClC(Cl)Cl,0,C(Cl)(Cl)Cl,C(Cl)(Cl)Cl,0,0.02,1.2,29,33.0,66.5,1.985074627,0.344928434,1.443180568,5
393,R0506,OC1=C(CCCO)C=C(Cl)C2=CC=CC=C21,O=C1[C@@]2(OCCC2)C=C(Cl)C3=CC=CC=C31,IC1=C(O[C@@H](C)CNC(C2=C(OC)C=C(OC)C=C2OC)=O)C=CC=C1O[C@@H](C)CNC(C3=C(OC)C=C(OC)C=C3OC)=O,0.2,253.15,-20,ClCCl,0.0,ClCCl,0,C(Cl)Cl,C(Cl)Cl,0,0.02,1.3,60,74.0,87.0,6.692307692,0.956302055,4.001167798,9
394,R0709,OC1=C(CCCNS(C)(=O)=O)C=C(C2=CC=C(F)C=C2)C3=C1C=CC=C3,O=C1[C@]2(N(S(=O)(C)=O)CCC2)C=C(C3=CC=C(F)C=C3)C4=C1C=CC=C4,IC1=C(OC[C@H](C(C)(C)C)NC(C2=C(C)C=C(C)C=C2C)=O)C=CC=C1OC[C@H](C(C)(C)C)NC(C3=C(C)C=C(C)C=C3C)=O,0.2,253.15,-20,ClCCl,0.0,ClCCl,0,C(Cl)Cl,C(Cl)Cl,0,0.02,1.3,27,29.0,64.5,1.816901408,0.300395292,1.256853903,2
395,R2220,OC1=C(CCC(O)=O)C(C2=CC=CC=C2)=CC3=CC=CC=C31,O=C1[C@@]2(CCC(O2)=O)C(C3=CC=CC=C3)=CC4=CC=CC=C41,IC1=C(CC)C=CC2=C1[C@]3(CCC4=C3C(I)=C(CC)C=C4)CC2,0.1,263.15,-10,CC(O)=O,1.0,ClC(Cl)Cl,0,C(Cl)(Cl)Cl,CCCCCC,1,0.05,1.3,88,86.0,93.0,13.28571429,1.352670785,5.659574564,0
396,R1317,OC1=CC=C(C)C=C1Br,O=C1C=C[C@@](O)(C)C=C1Br,COC1=CC=C(CC(C)(C)[C@@H]2OCC3=CC=CC=N3)C2=C1I,0.1,283.15,10,CC(C)=O,0.0,CC(C)=O,0,CC(=O)C,O,2,0.165,2.2,53,45.0,72.5,2.636363636,0.545461739,2.282211916,6
397,R2217,OC1=C(CCC(O)=O)C=C(OC)C2=CC=CC=C21,O=C1[C@@]2(CCC(O2)=O)C=C(OC)C3=CC=CC=C31,IC1=C(CC)C=CC2=C1[C@]3(CCC4=C3C(I)=C(CC)C=C4)CC2,0.1,273.15,0,ClC(Cl)Cl,0.0,ClC(Cl)Cl,0,C(Cl)(Cl)Cl,C(Cl)(Cl)Cl,0,0.02,1.3,16,0.0,50.0,1.0,0.0,0.0,7
398,R0378,OC1=CC=C(OC(C(O)=O)(C)C)C(Br)=C1,O=C1C=C[C@@]2(OC(C(C)(C)O2)=O)C(Br)=C1,CC([C@@H](C(NC(C(C1=CC=C(C2=CC(C(F)(F)F)=CC(C(F)(F)F)=C2)C=C1)=CC=C3)=C3C4=CC=C(C5=CC(C(F)(F)F)=CC(C(F)(F)F)=C5)C=C4)=O)OC(C=CC=C6O[C@H](C(NC(C(C7=CC=C(C8=CC(C(F)(F)F)=CC(C(F)(F)F)=C8)C=C7)=CC=C9)=C9C%10=CC=C(C%11=CC(C(F)(F)F)=CC(C(F)(F)F)=C%11)C=C%10)=O)C(C)C)=C6I)C,0.1,273.15,0,CO,10.0,CO,0,C(Cl)Cl,C(Cl)Cl,0,0.02,1.2,84,60.0,80.0,4.0,0.752490677,3.148420991,1
399,R1036,OC1=CC=C(C(C)C)C=C1[Si](C)(C)C,O=C1C=C[C@](C(C)C)(O)C=C1[Si](C)(C)C,IC1=C2C(CCCC23O[C@@H](C(NC4=C(C)C=C(C)C=C4C)=O)[C@H](C(NC5=C(C)C=C(C)C=C5C)=O)O3)=CC=C1,0.1,295.15,22,C1CCCO1,0.0,C1CCCO1,0,C1CCOC1,O,9,0.16,2.2,33,24.0,62.0,1.631578947,0.28713275,1.201363424,6
400,R1405,O=C(C1=CC=CC=C1)NCC2=C(O)C=CC3=CC=CC=C32,O=C1C=CC2=CC=CC=C2[C@]13CN=C(C4=CC=CC=C4)O3,IC1=C([C@@H](O[Si](C(C)C)(C(C)C)C(C)C)C2=CN(CC3=CC=CC=C3)N=N2)C=CC=C1OC(C)C,0.1,298.15,25,CC(OCC)=O,0.0,CC(OCC)=O,0,CCOC(=O)C,CCOC(=O)C,0,0.05,1.5,71,64.0,82.0,4.555555556,0.898417105,3.758977169,0
401,R1338,OC1=CC=C(C)C=C1Br,O=C1C=C[C@@](O)(C)C=C1Br,IC1=C2C(CC(C)(C)[C@@H]2OCC3=CC=CC=C3)=CC=C1O[C@@H](C)C(NC4=CC(C)=CC(C)=C4)=O,0.1,283.15,10,CC(C)=O,0.0,CC(C)=O,0,CC(=O)C,O,2,0.165,2.2,55,74.0,87.0,6.692307692,1.069630365,4.475333447,4
402,R0911,OC1=C(CCC(O)=O)C=CC2=CC=CC=C21,O=C1[C@]2(CCC(O2)=O)C=CC3=CC=CC=C31,IC1=CC=CC=C1[C@@H](O[Si](C(C)C)(C(C)C)C(C)C)C2=CN(C3=CC=CC4=C3C=CC=C4)N=N2,0.15,273.15,0,ClCCl,0.0,ClCCl,0,C(Cl)Cl,C(Cl)Cl,0,0.02,1.3,28,72.0,86.0,6.142857143,0.985352616,4.122715345,7
403,R2017,OC1=C(CCC(O)=O)C=C(Cl)C2=CC=CC=C21,O=C1[C@]2(OC(CC2)=O)C=C(Cl)C3=CC=CC=C31,IC1=C(C=CC=C1O[C@@H]([C@@H](NC(C2=C(C)C=C(C)C=C2C)=O)CO[Si](C3=CC=CC=C3)(C(C)(C)C)C4=CC=CC=C4)C5=CC=C([N+]([O-])=O)C=C5)O[C@@H]([C@H](CO[Si](C6=CC=CC=C6)(C(C)(C)C)C7=CC=CC=C7)NC(C8=C(C)C=C(C)C=C8C)=O)C9=CC=C([N+]([O-])=O)C=C9,0.15,253.15,-20,CCO,5.0,CCO,0,C(Cl)Cl,C(Cl)Cl,0,0.02,1.5,92,98.0,99.0,99.0,2.311634868,9.671880289,9
404,R1356,OC1=CC=C(C)C=C1OS(C2=CC=C(C)C=C2)(=O)=O,O=C1C=C[C@@](O)(C)C=C1OS(C2=CC=C(C)C=C2)(=O)=O,IC1=C2C(CC(C)(C)[C@@H]2OCC3=CC=CC=C3)=CC=C1O[C@@H](C)C(NC4=C(C5=CC=CC=C5)C=CC=C4C6=CC=CC=C6)=O,0.1,283.15,10,O=C(C)CC,0.0,O=C(C)CC,0,CCC(=O)C,O,2,0.167,2.2,61,65.0,82.5,4.714285714,0.872489246,3.650495005,2
405,R0119,OC1=C(CCC(O)=O)C2=C(C=CC=C2)C=C1,O=C1[C@@]2(OC(CC2)=O)C3=C(C=CC=C3)C=C1,IC1=C(O[C@@H](C)C(NC2=C(C)C=C(C)C=C2C)=O)C=CC=C1O[C@@H](C)C(NC3=C(C)C=C(C)C=C3C)=O,0.1,273.15,0,ClCCCl,0.0,ClCCCl,0,C(CCl)Cl,C(CCl)Cl,0,0.02,1.2,36,36.0,68.0,2.125,0.409152825,1.711895418,9
406,R0824,OC1=C(C(N(C2=CC=CC=C2)C3=CC=CC=C3)=O)C=CC4=CC=CC=C41,O=C1[C@@]2(C(C=CC=C3)=C3N(C4=CC=CC=C4)C2=O)C=CC5=CC=CC=C51,IC1=C(O[C@H](C)C(NC2=C(C)C=C(C)C=C2C)=O)C=CC=C1O[C@H](C)C(NC3=C(C)C=C(C)C=C3C)=O,0.15,243.15,-30,OCC(F)(F)F,50.0,[H]O[H],10,C[N+](=O)[O-],C[N+](=O)[O-],0,0.07,1.3,47,86.0,93.0,13.28571429,1.249864721,5.229433993,5
407,R1224,OC1=CC=C(C)C=C1[Si](C(C)C)(C(C)C)C(C)C,O=C1C=C[C@@](O)(C)C=C1[Si](C(C)C)(C(C)C)C(C)C,IC1=C(O[C@H](C)C(NC2=C(C(C)C)C=CC=C2C(C)C)=O)C=C(C)C=C1O[C@H](C)C(NC3=C(C(C)C)C=CC=C3C(C)C)=O,0.1,268.15,-5,CC#N,0.0,CC#N,0,CC#N,O,9,0.16,1.8,75,36.0,68.0,2.125,0.401663298,1.68055924,3
408,R0921,OC1=C(CCC(O)=O)C=C(Br)C2=CC=CC=C21,O=C1[C@]2(CCC(O2)=O)C=C(Br)C3=CC=CC=C31,IC1=CC=CC=C1[C@@H](O[Si](C(C)C)(C(C)C)C(C)C)C2=CN(CC3=CC=CC=C3)N=N2,1.0,273.15,0,ClCCl,0.0,ClCCl,0,C(Cl)Cl,C(Cl)Cl,0,0.02,1.3,85,62.0,81.0,4.263157895,0.787076085,3.293126339,2
409,R0626,OC1=C(OCC(O)=O)C=C(C(C2=CC=CC=C2)=O)C3=C1C=CC=C3,O=C1[C@@]2(CCC(O2)=O)C=C(C(C3=CC=CC=C3)=O)C4=C1C=CC=C4,IC1=C(O[C@H](C)C(NC2=C(C)C=C(C)C=C2C)=O)C=CC=C1O[C@H](C)C(NC3=C(C)C=C(C)C=C3C)=O,0.1,273.15,0,ClC(Cl)Cl,0.0,ClC(Cl)Cl,0,C(Cl)(Cl)Cl,C(Cl)(Cl)Cl,0,0.02,1.3,67,91.0,95.5,21.22222222,1.658302768,6.938338782,6
410,R0602,OC1=C(OCC(O)=O)C=CC2=C1C=CC=C2,O=C1[C@@]2(CCC(O2)=O)C=CC3=C1C=CC=C3,IC1=C(O[C@H](C)C(O)=O)C=CC=C1O[C@H](C)C(O)=O,0.15,273.15,0,ClCCl,0.0,ClCCl,0,C(Cl)Cl,C(Cl)Cl,0,0.2,1.3,26,43.0,71.5,2.50877193,0.499270537,2.088947925,4
411,R0108,OC1=C(CCC(O)=O)C2=C(C=CC(OCOC)=C2)C=C1,O=C1[C@@]2(OC(CC2)=O)C3=C(C=CC(OCOC)=C3)C=C1,IC1=C(O[C@@H](C)CNC(C2=C(C)C=C(C)C=C2C)=O)C=CC=C1O[C@@H](C)CNC(C3=C(C)C=C(C)C=C3C)=O,0.05,253.15,-20,OC(C(F)(F)F)C(F)(F)F,50.0,OC(C(F)(F)F)C(F)(F)F,0,C(CCl)Cl,C(CCl)Cl,0,0.02,1.2,57,87.0,93.5,14.38461538,1.341246128,5.611773801,3
412,R1327,OC1=CC=C(C)C=C1Br,O=C1C=C[C@@](O)(C)C=C1Br,IC1=C2C(CC(C)(C)[C@@H]2OCC3=CC=CC=C3)=CC=C1OC(C4=CC=CC=C4)=O,0.1,283.15,10,CC(C)=O,0.0,CC(C)=O,0,CC(=O)C,O,2,0.165,2.2,10,37.0,68.5,2.174603175,0.437115366,1.82889069,6
413,R1206,OC1=CC=C(C)C=C1C,O=C1C=C[C@@](O)(C)C=C1C,IC1=C(O[C@H](C)C(NC2=C(C3=CC=CC=C3)C=CC=C2)=O)C=C(C)C=C1O[C@H](C)C(NC4=CC=CC=C4C5=CC=CC=C5)=O,0.1,297.15,24,CC#N,0.0,CC#N,0,CC#N,O,9,0.16,2.2,53,25.0,62.5,1.666666667,0.301642735,1.262073205,3
414,R2525,OC1=C(CCC(O)=O)C=C(Cl)C2=CC=CC=C21,O=C1[C@@]2(CCC(O2)=O)C=C(Cl)C3=CC=CC=C31,IC1=C(CCC2=CC=C(CC3)C=C2)C=CC3=C1OCC(OCC)=O,0.15,273.15,0,ClCCl,0.0,ClCCl,0,C(Cl)Cl,C(Cl)Cl,0,0.02,1.3,42,38.0,69.0,2.225806452,0.434310584,1.817155484,3
415,R1033,OC1=CC=C(C(C)C)C=C1[Si](C)(C)C(C)(C)C,O=C1C=C[C@](C(C)C)(O)C=C1[Si](C)(C)C(C)(C)C,IC1=C2C(CCCC23O[C@@H](C(NC4=C(C)C=C(C)C=C4C)=O)[C@H](C(NC5=C(C)C=C(C)C=C5C)=O)O3)=CC=C1,0.1,298.15,25,CC#N,0.0,CC#N,0,CC#N,O,9,0.16,2.2,41,24.0,62.0,1.631578947,0.29005126,1.21357447,2
416,R1212,OC1=CC=C(C)C=C1C,O=C1C=C[C@@](O)(C)C=C1C,IC1=C(O[C@H](C)C(NC2=C(C(C)C)C=CC=C2C(C)C)=O)C=C(C)C=C1O[C@H](C)C(NC3=C(C(C)C)C=CC=C3C(C)C)=O,0.15,268.15,-5,CC#N,0.0,CC#N,0,CC#N,O,9,0.16,2.2,98,50.0,75.0,3.0,0.585418868,2.449392544,0
417,R0303,OC1=C(OCC(O)=O)C=CC2=C1C=CC=C2,O=C1[C@@]2(OC(CO2)=O)C=CC3=C1C=CC=C3,IC1=C(O[C@@H](C)CNC(C2=C(C)C=C(C)C=C2C)=O)C=CC=C1O[C@@H](C)CNC(C3=C(C)C=C(C)C=C3C)=O,0.1,253.15,-20,CO,6.0,CO,0,C(Cl)(Cl)Cl,C(Cl)(Cl)Cl,0,0.02,1.2,66,91.0,95.5,21.22222222,1.536882101,6.430314709,7
418,R1203,OC1=CC=C(C)C=C1C,O=C1C=C[C@@](O)(C)C=C1C,IC1=C(O[C@H](C)C(NC2=C(C(C)C)C=CC=C2C(C)C)=O)C=CC=C1O[C@H](C)C(NC3=C(C(C)C)C=CC=C3C(C)C)=O,0.2,297.15,24,CC#N,0.0,CC#N,0,CC#N,O,9,0.16,2.2,62,28.0,64.0,1.777777778,0.339752758,1.421525539,0
419,R0705,OC1=C(CCCNS(C)(=O)=O)C=C(Br)C2=C1C=CC=C2,O=C1[C@]2(N(S(=O)(C)=O)CCC2)C=C(Br)C3=C1C=CC=C3,IC1=C(OC[C@H](C(C)(C)C)NC(C2=C(C)C=C(C)C=C2C)=O)C=CC=C1OC[C@H](C(C)(C)C)NC(C3=C(C)C=C(C)C=C3C)=O,0.2,253.15,-20,ClCCl,0.0,ClCCl,0,C(Cl)Cl,C(Cl)Cl,0,0.02,1.3,35,17.0,58.5,1.409638554,0.1727183,0.722653368,8
420,R1342,OC1=CC=C(C)C=C1Br,O=C1C=C[C@@](O)(C)C=C1Br,IC1=C2C(CC(C)(C)[C@@H]2OCC3=CC=CC=C3)=CC=C1O[C@@H](C)C(NC4=C(C5=CC=CC=C5)C=CC=C4C6=CC=CC=C6)=O,0.1,283.15,10,CC(C)=O,0.0,CC(C)=O,0,CC(=O)C,O,2,0.165,2.2,46,81.0,90.5,9.526315789,1.268312068,5.306617691,4
421,R1008,CC1=CC=C(O)C(Br)=C1,O=C1C=C[C@@](O)(C)C=C1Br,IC1=C2C(CCCC23O[C@@H](C(NC4=C(C)C=C(C)C=C4C)=O)[C@H](C(NC5=C(C)C=C(C)C=C5C)=O)O3)=CC=C1,0.1,298.15,25,CC#N,0.0,CC#N,0,CC#N,O,2,0.16,2.2,45,30.0,65.0,1.857142857,0.366773063,1.534578497,8
422,R0726,OC1=C(CCCNS(=O)(C)=O)C=CC2=C1C=CC=C2,O=C1[C@]2(N(S(=O)(C)=O)CCC2)C=CC3=C1C=CC=C3,IC1=C(O[C@H](C)C(NC2=C(C)C=C(C)C=C2C)=O)C=CC=C1O[C@H](C)C(NC3=C(C)C=C(C)C=C3C)=O,0.2,273.15,0,ClCCl,0.0,ClCCl,0,C(Cl)Cl,C(Cl)Cl,0,0.02,1.3,20,11.0,55.5,1.247191011,0.119902781,0.501673234,2
423,R0305,OC1=C(OCC(O)=O)C(C)=CC=C1C(C)C,O=C1[C@@]2(OC(CO2)=O)C(C)=CC=C1C(C)C,IC1=C(O[C@@H](C)CNC(C2=C(C)C=C(C)C=C2C)=O)C=CC=C1O[C@@H](C)CNC(C3=C(C)C=C(C)C=C3C)=O,0.1,253.15,-20,ClC(Cl)Cl,0.0,ClC(Cl)Cl,0,C(Cl)(Cl)Cl,C(Cl)(Cl)Cl,0,0.02,1.2,83,13.0,56.5,1.298850575,0.131540768,0.550366572,3
424,R1908,OC1=C(CCC(O)=O)C=CC2=C1C=CC=C2,O=C1[C@@]2(OC(CC2)=O)C=CC3=C1C=CC=C3,IC1=C(O[C@H](C)C(N2CCCC2)=O)C=CC=C1O[C@H](C)C(N3CCCC3)=O,0.15,273.15,0,ClCCl,0.0,ClCCl,0,C(Cl)Cl,C(Cl)Cl,0,0.2,1.3,37,51.0,75.5,3.081632653,0.610907635,2.556037545,4
425,R2024,OC1=C(CCC(O)=O)C=C(CC)C2=CC=CC=C21,O=C1[C@]2(OC(CC2)=O)C=C(CC)C3=CC=CC=C31,IC1=C(C=CC=C1O[C@@H]([C@@H](NC(C2=C(C)C=C(C)C=C2C)=O)CO[Si](C3=CC=CC=C3)(C(C)(C)C)C4=CC=CC=C4)C5=CC=C([N+]([O-])=O)C=C5)O[C@@H]([C@H](CO[Si](C6=CC=CC=C6)(C(C)(C)C)C7=CC=CC=C7)NC(C8=C(C)C=C(C)C=C8C)=O)C9=CC=C([N+]([O-])=O)C=C9,0.15,253.15,-20,CCO,5.0,CCO,0,C(Cl)Cl,C(Cl)Cl,0,0.02,1.5,67,96.0,98.0,49.0,1.957830872,8.191564368,1
426,R0406,OC(C(Cl)=C(OC)C=C1C(OC)=O)=C1OC2=C(C(O)=O)C(O)=CC(C)=C2,O=C1[C@]2(OC(C(C(O)=CC(C)=C3)=C3O2)=O)C(C(OC)=O)=CC(OC)=C1Cl,O=C(NC1=C(C)C=C(C)C=C1C)[C@@H](C)OC2=CC=CC(O[C@H](C)C(NC3=C(C)C=C(C)C=C3C)=O)=C2I(OC(C)=O)OC(C)=O,2.0,263.15,-10,ClC(Cl)Cl,0.0,ClC(Cl)Cl,0,C(Cl)(Cl)Cl,C(Cl)(Cl)Cl,0,0.01,0.0,59,90.0,95.0,19.0,1.539750644,6.442316696,7
427,R2223,OC1=C(CCC(O)=O)C=CC2=C(N=[N+]=[N-])C=CC=C21,O=C1[C@@]2(CCC(O2)=O)C=CC3=C(N=[N+]=[N-])C=CC=C31,IC1=C(CC)C=CC2=C1[C@]3(CCC4=C3C(I)=C(CC)C=C4)CC2,0.1,273.15,0,ClC(Cl)Cl,0.0,ClC(Cl)Cl,0,C(Cl)(Cl)Cl,C(Cl)(Cl)Cl,0,0.02,1.3,68,86.0,93.0,13.28571429,1.404073817,5.87464485,7
428,R0621,OC1=C(OCC(O)=O)C=C(C(C2=CC=CC=C2)=O)C3=C1C=CC=C3,O=C1[C@@]2(CCC(O2)=O)C=C(C(C3=CC=CC=C3)=O)C4=C1C=CC=C4,IC1=C(O[C@H](C)C(NC2=C(C)C=C(C)C=C2C)=O)C=CC=C1O[C@H](C)C(NC3=C(C)C=C(C)C=C3C)=O,0.1,273.15,0,ClC(Cl)Cl,0.0,ClC(Cl)Cl,0,C(Cl)(Cl)Cl,C[N+](=O)[O-],2,0.02,1.3,94,83.0,91.5,10.76470588,1.289858189,5.396766661,3
429,R0124,OC1=C(CCC(O)=O)C2=C(C=CC=C2)C=C1,O=C1[C@@]2(OC(CC2)=O)C3=C(C=CC=C3)C=C1,IC1=C(O[C@@H](C)CNC(C2=C(C)C=C(C)C=C2C)=O)C=CC=C1O[C@@H](C)CNC(C3=C(C)C=C(C)C=C3C)=O,0.1,273.15,0,CC#N,0.0,CC#N,0,CC#N,CC#N,0,0.02,1.2,90,2.0,51.0,1.040816327,0.021715187,0.090856343,5
430,R0226,OC1=C(CCC(O)=O)C=C(Br)C2=C1CCCC2,BrC1=C[C@]2(OC(CC2)=O)C(C3=C1CCCC3)=O,IC1=C(O[C@@H](C)CNC(C2=C(C)C=C(C)C=C2C)=O)C=CC=C1O[C@@H](C)CNC(C3=C(C)C=C(C)C=C3C)=O,0.1,253.15,-20,ClCCCl,0.0,ClCCCl,0,C(CCl)Cl,C[N+](=O)[O-],2,0.02,1.2,99,98.0,99.0,99.0,2.311634868,9.671880289,7
431,R1425,O=C(C1=C(OCC)C=CC=C1)NCC2=C(O)C=CC3=C2C=CC=C3,O=C1C=CC2=C(C=CC=C2)[C@]13CN=C(C4=C(OCC)C=CC=C4)O3,IC1=C([C@@H](O[Si](C(C)C)(C(C)C)C(C)C)C2=CN(CC3=CC=CC=C3)N=N2)C=CC=C1OC(C)C,0.1,273.15,0,CC#N,0.0,CC#N,0,CC#N,C(C(F)(F)F)(C(F)(F)F)O,3,0.05,1.5,86,73.0,86.5,6.407407407,1.008239956,4.218475975,7
432,R0222,OC1=C(CCC(O)=O)C(C)=C(Cl)C(C)=C1Br,BrC1=C(C)C(Cl)=C(C)[C@]2(OC(CC2)=O)C1=O,IC1=C(O[C@@H](C)CNC(C2=C(C)C=C(C)C=C2C)=O)C=CC=C1O[C@@H](C)CNC(C3=C(C)C=C(C)C=C3C)=O,0.05,253.15,-20,OC(C(F)(F)F)C(F)(F)F,50.0,OC(C(F)(F)F)C(F)(F)F,0,C(Cl)Cl,C(Cl)Cl,0,0.02,1.2,78,91.0,95.5,21.22222222,1.536882101,6.430314709,1
433,R0242,OC1=C(CCC(O)=O)C=C(C(C)(C)C)C=C1C(C)(C)C,O=C1[C@@]2(OC(CC2)=O)C=C(C(C)(C)C)C=C1C(C)(C)C,C[C@@H](CNC(C1=C(C)C=C(C)C=C1C)=O)OC2=CC=CC(O[C@@H](C)CNC(C3=C(C)C=C(C)C=C3C)=O)=C2I(OC(C)=O)OC(C)=O,1.0,273.15,0,ClCCl,0.0,ClCCl,0,C(Cl)Cl,C(Cl)Cl,0,0.02,0.0,47,84.0,92.0,11.5,1.32572376,5.546828212,2
434,R0401,OC(C(Cl)=C(OC)C=C1C(OC)=O)=C1OC2=C(C(O)=O)C(O)=CC(C)=C2,O=C1[C@]2(OC(C(C(O)=CC(C)=C3)=C3O2)=O)C(C(OC)=O)=CC(OC)=C1Cl,O=C(NC1=C(C)C=C(C)C=C1C)[C@@H](C)OC2=CC=CC(O[C@H](C)C(NC3=C(C)C=C(C)C=C3C)=O)=C2I(OC(C)=O)OC(C)=O,2.0,273.15,0,ClCCl,0.0,ClCCl,0,C(Cl)Cl,C(C(F)(F)F)(C(F)(F)F)O,2,0.01,0.0,47,59.0,79.5,3.87804878,0.735684155,3.078102504,2
435,R1504,OC1=C(CCC(O)=O)C=CC2=CC=CC=C21,O=C1[C@@]2(OC(CC2)=O)C=CC3=CC=CC=C31,IC1=C([C@@H](O[Si](C(C)C)(C(C)C)C(C)C)C2=CN(CC3=CC=CC=C3)N=N2)C=CC=C1OC,0.1,273.15,0,ClCCl,0.0,ClCCl,0,C(Cl)Cl,C(Cl)Cl,0,0.02,1.3,81,82.0,91.0,10.11111111,1.255857891,5.254509417,0
436,R0160,OC1=C(CCC(O)=O)C=CC2=C1C=CC=C2,O=C1[C@@]2(OC(CC2)=O)C=CC3=C1C=CC=C3,IC1=C(O[C@@H](C)C(NC2=C(C)C=C(C)C=C2C)=O)C=CC=C1O[C@@H](C)C(NC3=C(C)C=C(C)C=C3C)=O,0.05,273.15,0,ClCCCl,0.0,ClCCCl,0,C(CCl)Cl,C(CCl)Cl,0,0.02,1.2,53,86.0,93.0,13.28571429,1.404073817,5.87464485,8
437,R1318,OC1=CC=C(C)C=C1Br,O=C1C=C[C@@](O)(C)C=C1Br,COC1=CC=C(CC(C)(C)[C@@H]2OC3=NC=CC=C3)C2=C1I,0.1,283.15,10,CC(C)=O,0.0,CC(C)=O,0,CC(=O)C,O,2,0.165,2.2,55,27.0,63.5,1.739726027,0.311571148,1.303613682,7
438,R0336,OC1=C(OC(CCC)(CCC)CO)C=C(Cl)C2=C1C=CC=C2,O=C1[C@@]2(OC(C(CCC)(CCC)O2)=O)C=C(Cl)C3=C1C=CC=C3,IC1=C(O[C@@H](C)CNC(C2=C(C)C=C(C)C=C2C)=O)C=CC=C1O[C@@H](C)CNC(C3=C(C)C=C(C)C=C3C)=O,0.1,273.15,0,CC1=CC=CC=C1,0.0,CC1=CC=CC=C1,0,Cc1ccccc1,O,5,0.02,1.2,81,93.0,96.5,27.57142857,1.800372364,7.532757971,1
439,R1304,OC1=CC=C(C)C=C1Br,O=C1C=C[C@@](O)(C)C=C1Br,IC1=C2C(CC(C)(C)[C@@H]2O[Si](C3=CC=CC=C3)(C4=CC=CC=C4)C5=CC=CC=C5)=CC=C1OC,0.1,298.15,25,CC(C)=O,0.0,CC(C)=O,0,CC(=O)C,O,9,0.165,2.2,51,4.0,52.0,1.083333333,0.047424313,0.198423324,4
440,R2048,OC1=C(C(N(C)C2=CC=CC=C2)=O)C=CC3=CC=CC=C31,O=C1[C@@]2(C(C=CC=C3)=C3N(C)C2=O)C=CC4=CC=CC=C41,IC1=C(C=CC=C1O[C@@H]([C@@H](NC(C2=CC=C([N+]([O-])=O)C=C2)=O)CO[Si](C3=CC=CC=C3)(C(C)(C)C)C4=CC=CC=C4)C(C=C5)=CC=C5[N+]([O-])=O)O[C@@H]([C@H](CO[Si](C6=CC=CC=C6)(C(C)(C)C)C7=CC=CC=C7)NC(C8=CC=C([N+]([O-])=O)C=C8)=O)C(C=C9)=CC=C9[N+]([O-])=O,0.15,273.15,0,OCC(F)(F)F,50.0,[H]O[H],10,C[N+](=O)[O-],C[N+](=O)[O-],0,0.067,1.3,61,91.0,95.5,21.22222222,1.658302768,6.938338782,8
441,R2020,OC1=C(CCC(O)=O)C=C(C(C)=O)C2=CC=CC=C21,O=C1[C@]2(OC(CC2)=O)C=C(C(C)=O)C3=CC=CC=C31,IC1=C(C=CC=C1O[C@@H]([C@@H](NC(C2=C(C)C=C(C)C=C2C)=O)CO[Si](C3=CC=CC=C3)(C(C)(C)C)C4=CC=CC=C4)C5=CC=C([N+]([O-])=O)C=C5)O[C@@H]([C@H](CO[Si](C6=CC=CC=C6)(C(C)(C)C)C7=CC=CC=C7)NC(C8=C(C)C=C(C)C=C8C)=O)C9=CC=C([N+]([O-])=O)C=C9,0.15,253.15,-20,CCO,5.0,CCO,0,C(Cl)Cl,C(Cl)Cl,0,0.02,1.5,71,94.0,97.0,32.33333333,1.748696704,7.31654701,4
442,R1211,OC1=CC=C(C)C=C1C,O=C1C=C[C@@](O)(C)C=C1C,IC1=C(O[C@H](C)C(NC2=C(C(C)C)C=CC=C2C(C)C)=O)C=C(C)C=C1O[C@H](C)C(NC3=C(C(C)C)C=CC=C3C(C)C)=O,0.1,268.15,-5,CC#N,0.0,CC#N,0,CC#N,O,9,0.16,2.2,96,50.0,75.0,3.0,0.585418868,2.449392544,9
443,R0215,OC1=C(CCC(O)=O)C=C(C(C)(C)C)C=C1C(C)(C)C,O=C1[C@@]2(OC(CC2)=O)C=C(C(C)(C)C)C=C1C(C)(C)C,IC1=C(O[C@@H](C)CNC(C2=C(C)C=C(C)C=C2C)=O)C=CC=C1O[C@@H](C)CNC(C3=C(C)C=C(C)C=C3C)=O,0.1,263.15,-10,CO,25.0,CO,0,C(Cl)Cl,C(Cl)Cl,0,0.02,1.2,90,92.0,96.0,24.0,1.661916062,6.953456804,2
444,R2013,OC1=C(CCC(O)=O)C=CC2=CC=CC=C21,O=C1[C@]2(OC(CC2)=O)C=CC3=CC=CC=C31,IC1=C(C=CC=C1O[C@@H]([C@@H](NC(C2=C(C)C=C(C)C=C2C)=O)CO[Si](C3=CC=CC=C3)(C(C)(C)C)C4=CC=CC=C4)C5=CC=C([N+]([O-])=O)C=C5)O[C@@H]([C@H](CO[Si](C6=CC=CC=C6)(C(C)(C)C)C7=CC=CC=C7)NC(C8=C(C)C=C(C)C=C8C)=O)C9=CC=C([N+]([O-])=O)C=C9,0.15,253.15,-20,CCO,5.0,CCO,0,C(Cl)Cl,C(Cl)Cl,0,0.02,1.5,92,98.0,99.0,99.0,2.311634868,9.671880289,1
445,R1606,OC1=CC(C2=CC=CC=C2C(O)=O)=CC=C1,O=C1C=C[C@]2(OC)C(C3=CC=CC=C3C(O2)=O)=C1,IC1=C(O[C@H](C)C(NC2=C(F)C(Cl)=CC=C2)=O)C=CC=C1O[C@H](C)C(NC3=CC=CC(Cl)=C3F)=O,0.2,293.15,20,CO,0.0,CO,0,CO,CO,0,0.3,1.5,17,25.0,62.5,1.666666667,0.297582258,1.245084167,5
446,R0619,OC1=C(OCC(O)=O)C=C(Br)C2=C1C=CC=C2,O=C1[C@@]2(CCC(O2)=O)C=C(Br)C3=C1C=CC=C3,IC1=C(O[C@H](C)C(NC2=C(C)C=C(C)C=C2C)=O)C=CC=C1O[C@H](C)C(NC3=C(C)C=C(C)C=C3C)=O,0.1,273.15,0,ClC(Cl)Cl,0.0,ClC(Cl)Cl,0,C(Cl)(Cl)Cl,C(Cl)(Cl)Cl,0,0.02,1.3,67,85.0,92.5,12.33333333,1.363697792,5.705711559,5
447,R0362,OC1=CC=C(OC(C(O)=O)(C)C)C=C1[Si](C)(C(C)(C)C)C,O=C1C=C[C@@]2(OC(C(C)(C)O2)=O)C=C1[Si](C)(C(C)(C)C)C,CC([C@@H](C(NC(C(C1=CC=CC=C1)=CC=C2)=C2C3=CC=CC=C3)=O)OC(C=CC=C4O[C@H](C(NC(C(C5=CC=CC=C5)=CC=C6)=C6C7=CC=CC=C7)=O)C(C)C)=C4I)C,0.1,273.15,0,CCO,10.0,CCO,0,C(CCl)Cl,C(CCl)Cl,0,0.02,1.2,84,70.0,85.0,5.666666667,0.941554087,3.939462301,0
448,R2202,OC1=C(CCC(O)=O)C=C(Br)C2=CC=CC=C21,O=C1[C@@]2(CCC(O2)=O)C=C(Br)C3=CC=CC=C31,IC1=CC=CC2=C1[C@]3(CCC4=C3C(I)=CC=C4)CC2,0.15,273.15,0,CC(O)=O,1.0,CC(O)=O,0,C(Cl)Cl,C(Cl)Cl,0,0.05,1.3,75,69.0,84.5,5.451612903,0.92055312,3.851594256,4
449,R0403,OC(C(Cl)=C(OC)C=C1C(OC)=O)=C1OC2=C(C(O)=O)C(O)=CC(C)=C2,O=C1[C@]2(OC(C(C(O)=CC(C)=C3)=C3O2)=O)C(C(OC)=O)=CC(OC)=C1Cl,O=C(NC1=C(C)C=C(C)C=C1C)[C@@H](C)OC2=CC=CC(O[C@H](C)C(NC3=C(C)C=C(C)C=C3C)=O)=C2I(OC(C)=O)OC(C)=O,2.0,298.15,25,ClC(Cl)(Cl)Cl,0.0,ClC(Cl)(Cl)Cl,0,ClC(Cl)(Cl)Cl,ClC(Cl)(Cl)Cl,0,0.01,0.0,51,76.0,88.0,7.333333333,1.180490193,4.939170969,3
450,R1037,OC1=CC=C(C(C)C)C=C1[Si](C)(C)C,O=C1C=C[C@](C(C)C)(O)C=C1[Si](C)(C)C,IC1=C2C(CCCC23O[C@@H](C(NC4=C(C)C=C(C)C=C4C)=O)[C@H](C(NC5=C(C)C=C(C)C=C5C)=O)O3)=CC=C1,0.1,295.15,22,C[N+]([O-])=O,0.0,C[N+]([O-])=O,0,C[N+](=O)[O-],O,9,0.16,2.2,62,6.0,53.0,1.127659574,0.07046776,0.294837105,8
451,R1002,CC1=CC=C(O)C(C)=C1,O=C1C=C[C@@](O)(C)C=C1C,IC1=C2C(CCCC23O[C@@H](C(N4CCOCC4)=O)[C@H](C(N5CCOCC5)=O)O3)=CC=C1,0.1,298.15,25,CC#N,0.0,CC#N,0,CC#N,O,3,0.16,2.2,33,18.0,59.0,1.43902439,0.215644978,0.902258586,3
452,R1414,O=C(C1=CC=CC=C1)NCC2=C(O)C(C(OCC)=O)=CC3=CC=CC=C32,O=C1C(C(OCC)=O)=CC2=CC=CC=C2[C@]13CN=C(C4=CC=CC=C4)O3,IC1=C([C@@H](O[Si](C(C)C)(C(C)C)C(C)C)C2=CN(CC3=CC=CC=C3)N=N2)C=CC=C1OC(C)C,0.1,273.15,0,CC#N,0.0,CC#N,0,CC#N,C(C(F)(F)F)(C(F)(F)F)O,3,0.05,1.5,61,84.0,92.0,11.5,1.32572376,5.546828212,5
453,R1316,OC1=CC=C(C)C=C1Br,O=C1C=C[C@@](O)(C)C=C1Br,COC1=CC=C(CC(C)(C)[C@@H]2OCC3=CC=C(C(F)(F)F)C=C3)C2=C1I,0.1,283.15,10,CC(C)=O,0.0,CC(C)=O,0,CC(=O)C,O,2,0.165,2.2,55,54.0,77.0,3.347826087,0.679891843,2.844667472,5
454,R0623,OC1=C(OCC(O)=O)C=C(OC)C2=C1C=CC=C2,O=C1[C@@]2(CCC(O2)=O)C=C(OC)C3=C1C=CC=C3,IC1=C(O[C@H](C)C(NC2=C(C)C=C(C)C=C2C)=O)C=CC=C1O[C@H](C)C(NC3=C(C)C=C(C)C=C3C)=O,0.1,273.15,0,ClC(Cl)Cl,0.0,ClC(Cl)Cl,0,C(Cl)(Cl)Cl,C[N+](=O)[O-],2,0.02,1.3,28,0.0,50.0,1.0,0.0,0.0,4
455,R1335,OC1=CC=C(C)C=C1Br,O=C1C=C[C@@](O)(C)C=C1Br,IC1=C2C(CC(C)(C)[C@@H]2OCC3=CC=CC=C3)=CC=C1O[C@@H](C)C4=CC=CC=C4,0.1,283.15,10,CC(C)=O,0.0,CC(C)=O,0,CC(=O)C,O,2,0.165,2.2,60,63.0,81.5,4.405405405,0.834359205,3.490958915,9
456,R0357,OC1=CC=C(OC(C(O)=O)(C)C)C=C1Br,O=C1C=C[C@@]2(OC(C(C)(C)O2)=O)C=C1Br,CC([C@@H](C(NC(C(C1=CC=CC=C1)=CC=C2)=C2C3=CC=CC=C3)=O)OC(C=CC=C4O[C@H](C(NC(C(C5=CC=CC=C5)=CC=C6)=C6C7=CC=CC=C7)=O)C(C)C)=C4I)C,0.1,273.15,0,CO,10.0,CO,0,C(Cl)Cl,C(Cl)Cl,0,0.02,1.2,70,52.0,76.0,3.166666667,0.625682834,2.617856977,3
457,R2531,OC1=C(CCC(O)=O)C=CC2=CC(OC)=CC=C21,O=C1[C@]2(CCC(O2)=O)C=CC3=CC(OC)=CC=C31,IC1=C(CCC2=CC=C(CC3)C=C2)C=CC3=C1OCC(OCC)=O,0.15,273.15,0,ClCCl,0.0,ClCCl,0,C(Cl)Cl,C(Cl)Cl,0,0.02,1.3,41,60.0,80.0,4.0,0.752490677,3.148420991,5
458,R0243,OC1=C(CCC(O)=O)C=C(C(C)(C)C)C=C1C(C)(C)C,O=C1[C@@]2(OC(CC2)=O)C=C(C(C)(C)C)C=C1C(C)(C)C,C[C@@H](CNC(C1=C(C)C=C(C)C=C1C)=O)OC2=CC=CC(O[C@@H](C)CNC(C3=C(C)C=C(C)C=C3C)=O)=C2I(OC)OC,1.0,273.15,0,ClCCl,0.0,ClCCl,0,C(Cl)Cl,C(Cl)Cl,0,0.02,0.0,54,89.0,94.5,17.18181818,1.543663439,6.45868783,9
459,R0101,OC1=C(CCC(O)=O)C2=C(C=CC=C2)C=C1,O=C1[C@@]2(OC(CC2)=O)C3=C(C=CC=C3)C=C1,IC1=C(O[C@@H](C)CNC(C2=C(C)C=C(C)C=C2C)=O)C=CC=C1O[C@@H](C)CNC(C3=C(C)C=C(C)C=C3C)=O,0.05,253.15,-20,OC(C(F)(F)F)C(F)(F)F,50.0,OC(C(F)(F)F)C(F)(F)F,0,C(CCl)Cl,C(CCl)Cl,0,0.02,1.2,85,89.0,94.5,17.18181818,1.430636645,5.985783724,2
460,R0138,OC1=C(CCC(O)=O)C2=C(C=CC=C2)C=C1,O=C1[C@@]2(OC(CC2)=O)C3=C(C=CC=C3)C=C1,IC1=C(O[C@@H](C)C(NC2=C(C)C=C(C)C=C2C)=O)C=CC=C1O[C@@H](C)C(NC3=C(C)C=C(C)C=C3C)=O,0.1,253.15,-20,OC(C(F)(F)F)C(F)(F)F,50.0,OC(C(F)(F)F)C(F)(F)F,0,C(Cl)Cl,C(Cl)Cl,0,0.02,1.2,50,79.0,89.5,8.523809524,1.077995317,4.510332407,8
461,R0414,OC(C(Cl)=C(OC)C=C1C(OC)=O)=C1OC2=C(C(O)=O)C(O)=CC(C)=C2,O=C1[C@]2(OC(C(C(O)=CC(C)=C3)=C3O2)=O)C(C(OC)=O)=CC(OC)=C1Cl,IC1=C(O[C@H](C)CNC(C2=C(C)C=C(C)C=C2C)=O)C=CC=C1O[C@H](C)CNC(C3=C(C)C=C(C)C=C3C)=O,0.2,298.15,25,CO,100.0,CO,0,C(Cl)(Cl)Cl,C(Cl)(Cl)Cl,0,0.01,1.5,36,87.0,93.5,14.38461538,1.579666337,6.609323953,8
462,R2313,OC1=C(CCC(O)=O)C=CC2=C(N=[N+]=[N-])C=CC=C21,O=C1[C@@]2(CCC(O2)=O)C=CC3=C(N=[N+]=[N-])C=CC=C31,IC1=C(C(C2=C(C)C=CC3=C2C(I)=CC=C3)=C(C)C=C4)C4=CC=C1,1.0,233.15,-40,ClC(Cl)Cl,0.0,ClC(Cl)Cl,0,C(Cl)(Cl)Cl,C(Cl)(Cl)Cl,0,0.01,2.0,79,68.0,84.0,5.25,0.76828817,3.214517702,8
463,R2513,OC1=C(CCC(O)=O)C=CC2=CC=CC=C21,O=C1[C@@]2(CCC(O2)=O)C=CC3=CC=CC=C31,IC1=C(CCC2=CC=C(CC3)C=C2)C=CC3=C1OCC(OCC)=O,0.15,273.15,0,CCOCC,0.0,CCOCC,0,CCOCC,CCOCC,0,0.02,1.3,24,16.0,58.0,1.380952381,0.175203748,0.733052483,6
464,R0112,OC1=C(CCC(O)=O)C=C(Br)C2=C1C=CC=C2,O=C1[C@@]2(OC(CC2)=O)C=C(Br)C3=C1C=CC=C3,IC1=C(O[C@@H](C)CNC(C2=C(C)C=C(C)C=C2C)=O)C=CC=C1O[C@@H](C)CNC(C3=C(C)C=C(C)C=C3C)=O,0.05,253.15,-20,CCO,6.0,CCO,0,C(CCl)Cl,C(CCl)Cl,0,0.02,1.2,99,96.0,98.0,49.0,1.957830872,8.191564368,7
465,R0309,OC1=C(OCC(O)=O)C(C)=CC=C1C(C)C,O=C1[C@@]2(OC(CO2)=O)C(C)=CC=C1C(C)C,IC1=C(O[C@@H](C)CNC(C2=C(C)C=C(C)C=C2C)=O)C=CC=C1O[C@@H](C)CNC(C3=C(C)C=C(C)C=C3C)=O,0.1,253.15,-20,ClCCCl,0.0,ClCCCl,0,C(CCl)Cl,C(CCl)Cl,0,0.02,1.2,82,30.0,65.0,1.857142857,0.311415734,1.302963429,3
466,R1922,OC1=C(CCC(O)=O)C=CC2=C1C=CC=C2,O=C1[C@@]2(OC(CC2)=O)C=CC3=C1C=CC=C3,IC1=C(O[C@H](C)C(NC2=C(C)C=C(C)C=C2C)=O)C=CC=C1O[C@H](C)C(NC3=C(C)C=C(C)C=C3C)=O,0.15,273.15,0,CC(OCC)=O,0.0,CC(OCC)=O,0,CCOC(=O)C,CCOC(=O)C,0,0.02,1.3,14,81.0,90.5,9.526315789,1.223519129,5.119204034,2
467,R2035,OC1=C(CCCO)C=C(CCCC)C2=CC=CC=C21,O=C1[C@]2(OCCC2)C=C(CCCC)C3=CC=CC=C31,IC1=C(C=CC=C1O[C@@H]([C@@H](NC(C2=C(C)C=C(C)C=C2C)=O)CO[Si](C3=CC=CC=C3)(C(C)(C)C)C4=CC=CC=C4)C5=CC=C([N+]([O-])=O)C=C5)O[C@@H]([C@H](CO[Si](C6=CC=CC=C6)(C(C)(C)C)C7=CC=CC=C7)NC(C8=C(C)C=C(C)C=C8C)=O)C9=CC=C([N+]([O-])=O)C=C9,0.15,253.15,-20,CCO,5.0,CCO,0,C(Cl)Cl,C(Cl)Cl,0,0.02,1.5,61,88.0,94.0,15.66666667,1.384195664,5.791474658,5
468,R2032,OC1=C(CCCO)C=C(C)C2=CC=CC=C21,O=C1[C@]2(OCCC2)C=C(C)C3=CC=CC=C31,IC1=C(C=CC=C1O[C@@H]([C@@H](NC(C2=C(C)C=C(C)C=C2C)=O)CO[Si](C3=CC=CC=C3)(C(C)(C)C)C4=CC=CC=C4)C5=CC=C([N+]([O-])=O)C=C5)O[C@@H]([C@H](CO[Si](C6=CC=CC=C6)(C(C)(C)C)C7=CC=CC=C7)NC(C8=C(C)C=C(C)C=C8C)=O)C9=CC=C([N+]([O-])=O)C=C9,0.15,253.15,-20,CCO,5.0,CCO,0,C(Cl)Cl,C(Cl)Cl,0,0.02,1.5,52,90.0,95.0,19.0,1.481238365,6.197501317,3
469,R1315,OC1=CC=C(C)C=C1Br,O=C1C=C[C@@](O)(C)C=C1Br,COC1=CC=C(CC(C)(C)[C@@H]2OCC3=CC=C(C)C=C3)C2=C1I,0.1,283.15,10,CC(C)=O,0.0,CC(C)=O,0,CC(=O)C,O,2,0.165,2.2,58,60.0,80.0,4.0,0.780039301,3.263684435,6
470,R2506,OC1=C(CCC(O)=O)C=CC2=CC=CC=C21,O=C1[C@@]2(CCC(O2)=O)C=CC3=CC=CC=C31,IC1=C(CCC2=CC=C(CC3)C=C2)C=CC3=C1OCC(OC(C)(C)C)=O,0.15,273.15,0,ClCCl,0.0,ClCCl,0,C(Cl)Cl,C(Cl)Cl,0,0.02,1.3,66,69.0,84.5,5.451612903,0.92055312,3.851594256,6
471,R1018,CC1=CC=C(O)C(C)=C1,O=C1C=C[C@@](O)(C)C=C1C,IC1=C(C2(C)O[C@@H](C(O)=O)[C@H](C(O)=O)O2)C=CC3=C1C=CC=C3,0.1,298.15,25,CC#N,0.0,CC#N,0,CC#N,O,2,0.16,2.2,39,10.0,55.0,1.222222222,0.118894901,0.497456267,0
472,R0938,OC1=C(CCC(O)=O)C=C(CCC)C2=CC=CC=C21,O=C1[C@]2(CCC(O2)=O)C=C(CCC)C3=CC=CC=C31,IC1=CC=CC=C1[C@@H](O[Si](C(C)C)(C(C)C)C(C)C)C2=CN(CC3=CC=CC=C3)N=N2,1.0,253.15,-20,ClCCl,0.0,ClCCl,0,C(Cl)Cl,C(Cl)Cl,0,0.02,1.3,60,72.0,86.0,6.142857143,0.913205252,3.820850776,7
473,R1633,OC1=CC(C2=CC=CC=C2C(O)=O)=CC=C1,O=C1C=C[C@]2(OCCCC)C(C3=CC=CC=C3C(O2)=O)=C1,IC1=C(O[C@H](C)C(NC2=CC=C(C)C=C2)=O)C=CC=C1O[C@H](C)C(NC3=CC=C(C)C=C3)=O,0.2,293.15,20,CCCCO,0.0,CCCCO,0,CCCCO,CCCCO,0,0.3,1.2,21,40.0,70.0,2.333333333,0.49359468,2.06520014,1
474,R0826,OC1=C(C(N(C)C2=CC(C=CC=C3)=C3C=C2)=O)C=CC4=CC=CC=C41,O=C1[C@@]2(C(C(C=CC=C3)=C3C=C4)=C4N(C)C2=O)C=CC5=CC=CC=C51,IC1=C(O[C@H](C)C(NC2=C(C)C=C(C)C=C2C)=O)C=CC=C1O[C@H](C)C(NC3=C(C)C=C(C)C=C3C)=O,0.15,243.15,-30,OCC(F)(F)F,50.0,[H]O[H],5,C[N+](=O)[O-],C[N+](=O)[O-],0,0.07,1.3,69,80.0,90.0,9.0,1.061678894,4.442064494,4
475,R1339,OC1=CC=C(C)C=C1Br,O=C1C=C[C@@](O)(C)C=C1Br,IC1=C2C(CC(C)(C)[C@@H]2OCC3=CC=CC=C3)=CC=C1O[C@@H](C)C(NC4=CC(C(C)(C)C)=CC(C(C)(C)C)=C4)=O,0.1,283.15,10,CC(C)=O,0.0,CC(C)=O,0,CC(=O)C,O,2,0.165,2.2,57,71.0,85.5,5.896551724,0.998400195,4.177306418,0
476,R2404,OC1=C(CCC(O)=O)C=CC2=CC=CC=C21,O=C1[C@@]2(CCC(O2)=O)C=CC3=CC=CC=C31,O=C(OI1C2=CC=CC3=C2C4(CCC5=C4C(I(OC(C)=O)O1)=CC=C5)CC3)C,0.55,273.15,0,ClCCCl,0.0,ClCCCl,0,C(CCl)Cl,C(CCl)Cl,0,0.02,0.0,69,60.0,80.0,4.0,0.752490677,3.148420991,5
477,R0920,OC1=C(CCC(O)=O)C=C(Cl)C2=CC=CC=C21,O=C1[C@]2(CCC(O2)=O)C=C(Cl)C3=CC=CC=C31,IC1=CC=CC=C1[C@@H](O[Si](C(C)C)(C(C)C)C(C)C)C2=CN(CC3=CC=CC=C3)N=N2,0.15,273.15,0,ClCCl,0.0,ClCCl,0,C(Cl)Cl,C(Cl)Cl,0,0.02,1.3,72,58.0,79.0,3.761904762,0.719179165,3.009045628,7
478,R2112,OC1=C(CCC(O)=O)C=C(Br)C2=CC=CC=C21,O=C1[C@@]2(CCC(O2)=O)C=C(Br)C3=CC=CC=C31,CC1=C2C([C@@H]3CC[C@H]2C3)=C(I)C4=C1[C@H]5CC[C@@H]4C5,0.1,253.15,-20,ClC(Cl)Cl,0.0,ClC(Cl)Cl,0,C(Cl)(Cl)Cl,C[N+](=O)[O-],2,0.13,1.5,63,67.0,83.5,5.060606061,0.81570977,3.412929678,7
479,R2104,OC1=C(CCC(O)=O)C=CC2=CC=CC=C21,O=C1[C@@]2(CCC(O2)=O)C=CC3=CC=CC=C31,CC1=C2C([C@@H]3CC[C@H]2C3)=C(I)C4=C1[C@H]5CC[C@@H]4C5,0.15,273.15,0,ClC(Cl)Cl,0.0,ClC(Cl)Cl,0,C(Cl)(Cl)Cl,C(Cl)(Cl)Cl,0,0.13,1.5,36,40.0,70.0,2.333333333,0.45991945,1.924302979,1
480,R2511,OC1=C(CCC(O)=O)C=CC2=CC=CC=C21,O=C1[C@@]2(CCC(O2)=O)C=CC3=CC=CC=C31,IC1=C(CCC2=CC=C(CC3)C=C2)C=CC3=C1OCC(OCC)=O,0.15,273.15,0,CC1=CC=CC=C1,0.0,CC1=CC=CC=C1,0,Cc1ccccc1,Cc1ccccc1,0,0.02,1.3,62,67.0,83.5,5.060606061,0.880154547,3.682566627,2
481,R0729,OC1=C(CCCNS(=O)(C)=O)C=CC2=C1C=CC=C2,O=C1[C@]2(N(S(=O)(C)=O)CCC2)C=CC3=C1C=CC=C3,IC1=C(O[C@H](C)C(OC)=O)C=CC=C1O[C@H](C)C(OC)=O,0.4,253.15,-20,ClCCl,0.0,ClCCl,0,C(Cl)Cl,C(Cl)Cl,0,0.02,1.3,15,37.0,68.5,2.174603175,0.390802595,1.635118058,7
482,R2524,OC1=C(CCC(O)=O)C(OC)=CC2=CC=CC=C21,O=C1[C@@]2(CCC(O2)=O)C(OC)=CC3=CC=CC=C31,IC1=C(CCC2=CC=C(CC3)C=C2)C=CC3=C1OCC(OCC)=O,0.15,273.15,0,ClCCl,0.0,ClCCl,0,C(Cl)Cl,C(Cl)Cl,0,0.02,1.3,1,58.0,79.0,3.761904762,0.719179165,3.009045628,9
483,R0612,OC1=C(OCC(O)=O)C=CC2=C1C=CC=C2,O=C1[C@@]2(CCC(O2)=O)C=CC3=C1C=CC=C3,IC1=C(O[C@H](C)C(NC2=C(C)C=C(C)C=C2C)=O)C=CC=C1,0.15,273.15,0,ClCCl,0.0,ClCCl,0,C(Cl)Cl,C(Cl)Cl,0,0.2,1.3,42,32.0,66.0,1.941176471,0.360040932,1.506411262,7
484,R0321,OC1=C(OCC(O)=O)C=C(C(C)C)C=C1[Si](C)(C)C,O=C1[C@@]2(OC(CO2)=O)C=C(C(C)C)C=C1[Si](C)(C)C,IC1=C(O[C@@H](C)CNC(C2=C(C)C=C(C)C=C2C)=O)C=CC=C1O[C@@H](C)CNC(C3=C(C)C=C(C)C=C3C)=O,0.1,273.15,0,ClC(Cl)Cl,0.0,ClC(Cl)Cl,0,C(Cl)(Cl)Cl,C(Cl)(Cl)Cl,0,0.02,1.2,92,79.0,89.5,8.523809524,1.163161844,4.866669156,7
485,R1324,OC1=CC=C(C)C=C1Br,O=C1C=C[C@@](O)(C)C=C1Br,IC1=C2C(CC(C)(C)[C@@H]2OCC3=CC=CC=C3)=CC=C1OC4=CC=C([N+]([O-])=O)C=C4,0.1,283.15,10,CC(C)=O,0.0,CC(C)=O,0,CC(=O)C,O,2,0.165,2.2,23,54.0,77.0,3.347826087,0.679891843,2.844667472,5
486,R2039,OC1=C(CCCO)C=C(Cl)C2=CC=CC=C21,O=C1[C@]2(OCCC2)C=C(Cl)C3=CC=CC=C31,IC1=C(C=CC=C1O[C@@H]([C@@H](NC(C2=C(C)C=C(C)C=C2C)=O)CO[Si](C3=CC=CC=C3)(C(C)(C)C)C4=CC=CC=C4)C5=CC=C([N+]([O-])=O)C=C5)O[C@@H]([C@H](CO[Si](C6=CC=CC=C6)(C(C)(C)C)C7=CC=CC=C7)NC(C8=C(C)C=C(C)C=C8C)=O)C9=CC=C([N+]([O-])=O)C=C9,0.15,253.15,-20,CCO,5.0,CCO,0,C(Cl)Cl,C(Cl)Cl,0,0.02,1.5,83,95.0,97.5,39.0,1.843002385,7.711121979,0
487,R0801,OC1=C(C(N(C)C2=CC(C=CC=C3)=C3C=C2)=O)C=CC4=CC=CC=C41,O=C1[C@@]2(C(C(C=CC=C3)=C3C=C4)=C4N(C)C2=O)C=CC5=CC=CC=C51,IC1=C(O[C@H](C)C(NC2=C(C)C=C(C)C=C2C)=O)C=CC=C1O[C@H](C)C(NC3=C(C)C=C(C)C=C3C)=O,0.1,273.15,0,OC(C(F)(F)F)=O,2.0,OC(C(F)(F)F)=O,0,C[N+](=O)[O-],C[N+](=O)[O-],0,0.07,1.3,64,10.0,55.0,1.222222222,0.108925515,0.455744355,0
488,R0210,OC1=C(CCC(O)=O)C=C(C(C)(C)C)C=C1C(C)(C)C,O=C1[C@@]2(OC(CC2)=O)C=C(C(C)(C)C)C=C1C(C)(C)C,IC1=C(O[C@@H](C)CNC(C2=C(C)C=C(C)C=C2C)=O)C=CC=C1O[C@@H](C)CNC(C3=C(C)C=C(C)C=C3C)=O,0.1,263.15,-10,CO,10.0,CO,0,C(CCl)Cl,C(CCl)Cl,0,0.02,1.2,80,90.0,95.0,19.0,1.539750644,6.442316696,5
489,R0818,OC1=C(C(N(C)C2=CC=CC=C2)=O)C=CC3=CC=CC=C31,O=C1[C@@]2(C(C=CC=C3)=C3N(C)C2=O)C=CC4=CC=CC=C41,IC1=C(O[C@H](C)C(NC2=C(C)C=C(C)C=C2C)=O)C=CC=C1O[C@H](C)C(NC3=C(C)C=C(C)C=C3C)=O,0.15,243.15,-30,OCC(F)(F)F,50.0,[H]O[H],10,C[N+](=O)[O-],C[N+](=O)[O-],0,0.07,1.3,44,91.0,95.5,21.22222222,1.476171767,6.176302672,8
490,R0233,BrC1=CC(CCC(O)=O)=C(O)C=C1C(C)C,BrC1=C[C@]2(OC(CC2)=O)C(C=C1C(C)C)=O,IC1=C(O[C@@H](C)CNC(C2=C(C)C=C(C)C=C2C)=O)C=CC=C1O[C@@H](C)CNC(C3=C(C)C=C(C)C=C3C)=O,0.1,253.15,-20,ClCCl,0.0,ClCCl,0,C(Cl)Cl,C(C(F)(F)F)(C(F)(F)F)O,9,0.02,1.2,98,87.0,93.5,14.38461538,1.341246128,5.611773801,7
491,R0507,OC1=C(CCCO)C=C(Cl)C2=CC=CC=C21,O=C1[C@@]2(OCCC2)C=C(Cl)C3=CC=CC=C31,IC1=C(O[C@@H](C)CNS(C2=CC=C(C)C=C2)(=O)=O)C=CC=C1O[C@@H](C)CNS(C3=CC=C(C)C=C3)(=O)=O,0.2,253.15,-20,ClCCl,0.0,ClCCl,0,C(Cl)Cl,C(Cl)Cl,0,0.02,1.3,46,27.0,63.5,1.739726027,0.278559901,1.165494627,9
492,R0129,OC1=C(CCC(O)=O)C2=C(C=CC=C2)C=C1,O=C1[C@@]2(OC(CC2)=O)C3=C(C=CC=C3)C=C1,IC1=C(OC[C@H](C(C)C)NC(C2=C(C)C=C(C)C=C2C)=O)C=CC=C1OC[C@H](C(C)C)NC(C3=C(C)C=C(C)C=C3C)=O,0.1,273.15,0,ClCCCl,0.0,ClCCCl,0,C(CCl)Cl,C(CCl)Cl,0,0.02,1.2,42,66.0,83.0,4.882352941,0.860690028,3.601127077,3
493,R1105,OC1=C(C)C=CC2=C1C=CC=C2,O=C1[C@@](C)(O)C=CC2=C1C=CC=C2,COC1=CC=C2C(C=CC=C2)=[C@]1[C@]3=C(I)C(C(O)=O)=CC4=CC=CC=C43,2.0,298.15,25,ClCCl,0.0,ClCCl,0,C(Cl)Cl,C(Cl)Cl,0,0.33,1.0,83,50.0,75.0,3.0,0.650914173,2.7234249,4
494,R0923,OC1=C(CCC(O)=O)C=C(Br)C2=CC=CC=C21,O=C1[C@]2(CCC(O2)=O)C=C(Br)C3=CC=CC=C31,IC1=CC=CC=C1[C@@H](O[Si](C(C)C)(C(C)C)C(C)C)C2=CN(CC3=CC=CC=C3)N=N2,0.15,273.15,0,ClCCl,0.0,ClCCl,0,C(Cl)Cl,C(Cl)Cl,0,0.02,1.3,73,64.0,82.0,4.555555556,0.823084462,3.443785389,6
495,R0820,OC1=C(C(N(C)C2=CC=C(C(C)(C)C)C=C2)=O)C=CC3=CC=CC=C31,O=C1[C@@]2(C(C=C(C(C)(C)C)C=C3)=C3N(C)C2=O)C=CC4=CC=CC=C41,IC1=C(O[C@H](C)C(NC2=C(C)C=C(C)C=C2C)=O)C=CC=C1O[C@H](C)C(NC3=C(C)C=C(C)C=C3C)=O,0.15,243.15,-30,OCC(F)(F)F,50.0,[H]O[H],10,C[N+](=O)[O-],C[N+](=O)[O-],0,0.07,1.3,42,92.0,96.0,24.0,1.535606652,6.424978232,2
496,R0241,BrC1=CC(CCC(O)=O)=C(O)C=C1C(C)C,BrC1=C[C@]2(OC(CC2)=O)C(C=C1C(C)C)=O,IC1=C(O[C@@H](C)CNC(C2=C(C)C=C(C)C=C2C)=O)C=CC=C1O[C@@H](C)CNC(C3=C(C)C=C(C)C=C3C)=O,0.1,253.15,-20,CC(C)(C)OC,0.0,CC(C)(C)OC,0,O(C(C)(C)C)C,C(C(F)(F)F)(C(F)(F)F)O,9,0.02,1.2,3,25.0,62.5,1.666666667,0.256977481,1.075193781,4
497,R0204,OC1=C(CCC(O)=O)C=C(C(C)(C)C)C=C1C(C)(C)C,O=C1[C@@]2(OC(CC2)=O)C=C(C(C)(C)C)C=C1C(C)(C)C,IC1=C(O[C@@H](C)CNC(C2=C(C)C=C(C)C=C2C)=O)C=CC=C1O[C@@H](C)CNC(C3=C(C)C=C(C)C=C3C)=O,0.1,263.15,-10,CO,10.0,CO,0,C(Cl)(Cl)Cl,C(Cl)(Cl)Cl,0,0.02,1.2,85,91.0,95.5,21.22222222,1.597592434,6.684326745,5
498,R0811,OC1=C(C(N(C)C2=CC(C=CC=C3)=C3C=C2)=O)C=CC4=CC=CC=C41,O=C1[C@@]2(C(C(C=CC=C3)=C3C=C4)=C4N(C)C2=O)C=CC5=CC=CC=C51,IC1=C(O[C@H](C)C(NC2=C(C)C=C(C)C=C2C)=O)C=CC=C1O[C@H](C)C(NC3=C(C)C=C(C)C=C3C)=O,0.1,243.15,-30,OCC(F)(F)F,50.0,OCC(F)(F)F,0,C[N+](=O)[O-],C[N+](=O)[O-],0,0.07,1.3,51,71.0,85.5,5.896551724,0.857358317,3.587187199,4
499,R0737,OC1=C(CCCNS(=O)(C)=O)C=CC2=C1C=CC=C2,O=C1[C@]2(N(S(=O)(C)=O)CCC2)C=CC3=C1C=CC=C3,IC1=C(O[C@H](C)C(NC2=C(C)C=C(C)C=C2C)=O)C=CC=C1O[C@H](C)C(NC3=C(C)C=C(C)C=C3C)=O,0.2,253.15,-20,C[Si](C)(OS(=O)(C(F)(F)F)=O)C(C)(C)C,1.1,ClCCl,0,C(Cl)Cl,C(Cl)Cl,0,0.02,1.3,25,0.0,50.0,1.0,0.0,0.0,5
500,R0716,OC1=C(CCCNS(C2=CC=C(C)C=C2)(=O)=O)C=C(Br)C3=C1C=CC=C3,O=C1[C@]2(N(S(C3=CC=C(C)C=C3)(=O)=O)CCC2)C=C(Br)C4=C1C=CC=C4,IC1=C(O[C@@H](C)CNC(C2=C(C)C=C(C)C=C2C)=O)C=CC=C1O[C@@H](C)CNC(C3=C(C)C=C(C)C=C3C)=O,0.2,253.15,-20,ClCCl,0.0,ClCCl,0,C(Cl)Cl,C(Cl)Cl,0,0.02,1.3,25,23.0,61.5,1.597402597,0.235624121,0.985851321,7
501,R2505,OC1=C(CCC(O)=O)C=CC2=CC=CC=C21,O=C1[C@@]2(CCC(O2)=O)C=CC3=CC=CC=C31,IC1=C(CCC2=CC=C(CC3)C=C2)C=CC3=C1OCC(OC4=CC=CC=C4)=O,0.15,273.15,0,ClCCl,0.0,ClCCl,0,C(Cl)Cl,C(Cl)Cl,0,0.02,1.3,52,60.0,80.0,4.0,0.752490677,3.148420991,9
502,R0933,OC1=C(CCC(O)=O)C=C(C)C2=CC=CC=C21,O=C1[C@]2(CCC(O2)=O)C=C(C)C3=CC=CC=C31,IC1=CC=CC=C1[C@@H](O[Si](C(C)C)(C(C)C)C(C)C)C2=CN(CC3=CC=CC=C3)N=N2,1.0,273.15,0,ClCCl,0.0,ClCCl,0,C(Cl)Cl,C(Cl)Cl,0,0.02,1.3,62,74.0,87.0,6.692307692,1.031854262,4.31727823,5
503,R2055,OC1=C(CCC(O)=O)C=CC2=CC=CC=C21,O=C1[C@]2(OC(CC2)=O)C=CC3=CC=CC=C31,IC1=C(C=CC=C1O[C@@H]([C@@H](N(C)C(C2=C(C)C=C(C)C=C2C)=O)CO[Si](C3=CC=CC=C3)(C(C)(C)C)C4=CC=CC=C4)C5=CC=C([N+]([O-])=O)C=C5)O[C@@H]([C@H](CO[Si](C6=CC=CC=C6)(C(C)(C)C)C7=CC=CC=C7)N(C)C(C8=C(C)C=C(C)C=C8C)=O)C9=CC=C([N+]([O-])=O)C=C9,0.15,253.15,-20,CCO,5.0,CCO,0,C(Cl)Cl,C(Cl)Cl,0,0.02,1.5,9,15.0,57.5,1.352941176,0.152066328,0.636245517,2
504,R1925,OC1=C(CCC(O)=O)C=CC2=C1C=CC=C2,O=C1[C@@]2(OC(CC2)=O)C=CC3=C1C=CC=C3,IC1=C(O[C@H](C)C(NC2=C(C)C=C(C)C=C2C)=O)C=CC=C1O[C@H](C)C(NC3=C(C)C=C(C)C=C3C)=O,0.15,273.15,0,ClC(Cl)Cl,0.0,ClC(Cl)Cl,0,C(Cl)(Cl)Cl,C[N+](=O)[O-],2,0.02,1.3,65,90.0,95.0,19.0,1.598262924,6.687132075,7
505,R1225,OC1=CC=C(C)C=C1C(C)(C)C,O=C1C=C[C@@](O)(C)C=C1C(C)(C)C,IC1=C(O[C@H](C)C(NC2=C(C(C)C)C=CC=C2C(C)C)=O)C=C(C)C=C1O[C@H](C)C(NC3=C(C(C)C)C=CC=C3C(C)C)=O,0.1,268.15,-5,CC#N,0.0,CC#N,0,CC#N,O,9,0.16,2.2,77,48.0,74.0,2.846153846,0.557366538,2.332021594,4
506,R2121,OC1=C(CCC(O)=O)C=C(C2=CC=CC=C2)C3=CC=CC=C31,O=C1[C@@]2(CCC(O2)=O)C=C(C3=CC=CC=C3)C4=CC=CC=C41,CC1=C2C([C@@H]3CC[C@H]2C3)=C(I)C4=C1[C@H]5CC[C@@H]4C5,0.1,253.15,-20,ClC(Cl)Cl,0.0,ClC(Cl)Cl,0,C(Cl)(Cl)Cl,C[N+](=O)[O-],2,0.13,1.5,58,24.0,62.0,1.631578947,0.246273609,1.030408778,5
507,R0345,OC1=C(OC(CCC)(CCC)CO)C(C)=C(Cl)C(C)=C1C,O=C1[C@@]2(OC(C(CCC)(CCC)O2)=O)C(C)=C(Cl)C(C)=C1C,IC1=C(O[C@@H](C)CNC(C2=C(C)C=C(C)C=C2C)=O)C=CC=C1O[C@@H](C)CNC(C3=C(C)C=C(C)C=C3C)=O,0.1,273.15,0,ClC(Cl)Cl,0.0,ClC(Cl)Cl,0,C(Cl)(Cl)Cl,O,5,0.02,1.2,67,91.0,95.5,21.22222222,1.658302768,6.938338782,2
508,R2201,OC1=C(CCC(O)=O)C=CC2=CC=CC=C21,O=C1[C@@]2(CCC(O2)=O)C=CC3=CC=CC=C31,IC1=CC=CC2=C1[C@]3(CCC4=C3C(I)=CC=C4)CC2,0.15,273.15,0,CC(O)=O,1.0,CC(O)=O,0,C(Cl)Cl,C(Cl)Cl,0,0.05,1.3,70,65.0,82.5,4.714285714,0.84167557,3.521570583,7
509,R0916,OC1=C(CCC(O)=O)C=CC2=CC=CC=C21,O=C1[C@]2(CCC(O2)=O)C=CC3=CC=CC=C31,IC1=CC=CC=C1[C@@H](O[Si](C(C)C)(C(C)C)C(C)C)C2=CN(CC3=CC=CC=C3)N=N2,1.0,273.15,0,ClCCl,0.0,ClCCl,0,C(Cl)Cl,C(Cl)Cl,0,0.02,1.3,64,80.0,90.0,9.0,1.192669505,4.990129207,6
510,R0415,OC(C(Cl)=C(OC)C=C1C(OC)=O)=C1OC2=C(C(O)=O)C(O)=CC(C)=C2,O=C1[C@]2(OC(C(C(O)=CC(C)=C3)=C3O2)=O)C(C(OC)=O)=CC(OC)=C1Cl,IC1=C(O[C@H](C)CNC(C2=C(C)C=C(C)C=C2C)=O)C=CC=C1O[C@H](C)CNC(C3=C(C)C=C(C)C=C3C)=O,0.2,273.15,0,CO,37.5,CO,0,C(Cl)(Cl)Cl,C(Cl)(Cl)Cl,0,0.01,1.5,86,99.0,99.5,199.0,2.873244414,12.02165463,0
511,R0358,OC1=CC=C(OC(C(O)=O)(C)C)C=C1Br,O=C1C=C[C@@]2(OC(C(C)(C)O2)=O)C=C1Br,CC([C@@H](C(NC(C(C1=CC(C)=CC(C)=C1)=CC=C2)=C2C3=CC(C)=CC(C)=C3)=O)OC(C=CC=C4O[C@H](C(NC(C(C5=CC(C)=CC(C)=C5)=CC=C6)=C6C7=CC(C)=CC(C)=C7)=O)C(C)C)=C4I)C,0.1,273.15,0,CO,10.0,CO,0,C(Cl)Cl,C(Cl)Cl,0,0.02,1.2,70,61.0,80.5,4.128205128,0.769615355,3.220070645,6
512,R2203,OC1=C(CCC(O)=O)C=C(CC2=CC=CC=C2)C3=CC=CC=C31,O=C1[C@@]2(CCC(O2)=O)C=C(CC3=CC=CC=C3)C4=CC=CC=C41,IC1=CC=CC2=C1[C@]3(CCC4=C3C(I)=CC=C4)CC2,0.15,273.15,0,CC(O)=O,1.0,CC(O)=O,0,C(Cl)Cl,C(Cl)Cl,0,0.05,1.3,55,67.0,83.5,5.060606061,0.880154547,3.682566627,5
513,R1421,O=C(C1=CC(Br)=CC(Br)=C1)NCC2=C(O)C=CC3=C2C=CC=C3,O=C1C=CC2=C(C=CC=C2)[C@]13CN=C(C4=CC(Br)=CC(Br)=C4)O3,IC1=C([C@@H](O[Si](C(C)C)(C(C)C)C(C)C)C2=CN(CC3=CC=CC=C3)N=N2)C=CC=C1OC(C)C,0.1,273.15,0,CC#N,0.0,CC#N,0,CC#N,C(C(F)(F)F)(C(F)(F)F)O,3,0.05,1.5,78,88.0,94.0,15.66666667,1.493553409,6.249027465,0
514,R0744,OC1=C(CCCNS(=O)(C)=O)C=CC2=C1C=CC=C2,O=C1[C@]2(N(S(=O)(C)=O)CCC2)C=CC3=C1C=CC=C3,IC1=C(O[C@H](C)C(O)=O)C=CC=C1O[C@H](C)C(O)=O,0.4,253.15,-20,ClCCl,0.0,ClCCl,0,C(Cl)Cl,C(Cl)Cl,0,0.02,1.3,15,12.0,56.0,1.272727273,0.121319713,0.507601678,4
515,R0162,OC1=C(CCC(O)=O)C=CC2=C1C=CC=C2,O=C1[C@@]2(OC(CC2)=O)C=CC3=C1C=CC=C3,IC1=C(O[C@@H](C)CNC(C2=C(C=CC=C3)C3=CC4=C2C=CC=C4)=O)C=CC=C1O[C@@H](C)CNC(C5=C(C=CC=C6)C6=CC7=C5C=CC=C7)=O,0.05,273.15,0,ClCCCl,0.0,ClCCCl,0,C(CCl)Cl,C(CCl)Cl,0,0.02,1.2,67,90.0,95.0,19.0,1.598262924,6.687132075,1
516,R2508,OC1=C(CCC(O)=O)C=CC2=CC=CC=C21,O=C1[C@@]2(CCC(O2)=O)C=CC3=CC=CC=C31,IC1=C(CCC2=CC=C(CC3)C=C2)C=CC3=C1OCC(OCCC)=O,0.15,273.15,0,ClCCl,0.0,ClCCl,0,C(Cl)Cl,C(Cl)Cl,0,0.02,1.3,57,69.0,84.5,5.451612903,0.92055312,3.851594256,5
517,R0402,OC(C(Cl)=C(OC)C=C1C(OC)=O)=C1OC2=C(C(O)=O)C(O)=CC(C)=C2,O=C1[C@]2(OC(C(C(O)=CC(C)=C3)=C3O2)=O)C(C(OC)=O)=CC(OC)=C1Cl,O=C(NC1=C(C)C=C(C)C=C1C)[C@@H](C)OC2=CC=CC(O[C@H](C)C(NC3=C(C)C=C(C)C=C3C)=O)=C2I(OC(C)=O)OC(C)=O,2.0,298.15,25,CC1=CC=CC=C1,0.0,CC1=CC=CC=C1,0,Cc1ccccc1,Cc1ccccc1,0,0.01,0.0,50,67.0,83.5,5.060606061,0.960710519,4.019612812,6
518,R1012,CC1=CC=C(O)C(Br)=C1,O=C1C=C[C@@](O)(C)C=C1Br,IC1=C2C(CCCC23O[C@@H](C(NC4=C(C=CC=C5)C5=CC6=C4C=CC=C6)=O)[C@H](C(NC7=C(C=CC=C8)C8=CC9=C7C=CC=C9)=O)O3)=CC=C1,0.1,298.15,25,CC#N,0.0,CC#N,0,CC#N,O,9,0.16,2.2,70,26.0,63.0,1.702702703,0.31533187,1.319348544,9
519,R0213,OC1=C(CCC(O)=O)C=C(C(C)(C)C)C=C1C(C)(C)C,O=C1[C@@]2(OC(CC2)=O)C=C(C(C)(C)C)C=C1C(C)(C)C,IC1=C(O[C@@H](C)CNC(C2=C(C)C=C(C)C=C2C)=O)C=CC=C1O[C@@H](C)CNC(C3=C(C)C=C(C)C=C3C)=O,0.1,263.15,-10,CO,10.0,CO,0,CC#N,CC#N,0,0.02,1.2,15,52.0,76.0,3.166666667,0.602776634,2.522017439,7
520,R1628,OC1=CC(C2=CC=CC=C2C(O)=O)=CC=C1,O=C1C=C[C@]2(OC)C(C3=CC=CC=C3C(O2)=O)=C1,IC1=C(O[C@H](C)C(NC2=CC=C(C)C=C2)=O)C=CC=C1O[C@H](C)C(NC3=CC=C(C)C=C3)=O,0.2,293.15,20,[H]O[H],0.2,[H]O[H],0,CO,CO,0,0.3,1.2,47,37.0,68.5,2.174603175,0.452552956,1.893481567,1
521,R2205,OC1=C(CCC(O)=O)C=CC2=CC=CC=C21,O=C1[C@@]2(CCC(O2)=O)C=CC3=CC=CC=C31,IC1=C(CC)C=CC2=C1[C@]3(CCC4=C3C(I)=C(CC)C=C4)CC2,0.15,273.15,0,CC(O)=O,1.0,CC(O)=O,0,C(Cl)Cl,C(Cl)Cl,0,0.05,1.3,62,82.0,91.0,10.11111111,1.255857891,5.254509417,5
522,R0111,OC1=C(CCC(O)=O)C=C(Cl)C2=C1C=CC=C2,O=C1[C@@]2(OC(CC2)=O)C=C(Cl)C3=C1C=CC=C3,IC1=C(O[C@@H](C)CNC(C2=C(C)C=C(C)C=C2C)=O)C=CC=C1O[C@@H](C)CNC(C3=C(C)C=C(C)C=C3C)=O,0.1,253.15,-20,CCO,6.0,CCO,0,C(CCl)Cl,C(CCl)Cl,0,0.02,1.2,93,98.0,99.0,99.0,2.311634868,9.671880289,3
523,R0145,OC1=C(CCC(O)=O)C=CC2=C1C=CC=C2,O=C1[C@@]2(OC(CC2)=O)C=CC3=C1C=CC=C3,IC1=C(O[C@@H](C)CNC(C2=C(C)C=C(C)C=C2C)=O)C=CC=C1O[C@@H](C)CNC(C3=C(C)C=C(C)C=C3C)=O,0.05,273.15,0,CCO,6.0,CCO,0,C(Cl)(Cl)Cl,C(Cl)(Cl)Cl,0,0.02,1.2,72,97.0,98.5,65.66666667,2.271426713,9.503649367,6
524,R0723,OC1=C(CCCNS(C)(=O)=O)C2=CC(OC)=CC=C2C=C1,O=C1C=CC2=CC=C(OC)C=C2[C@@]13CCCN3S(C)(=O)=O,IC1=C(O[C@H](C)C(OC)=O)C=CC=C1O[C@H](C)C(OC)=O,0.4,253.15,-20,ClCCl,0.0,ClCCl,0,C(Cl)Cl,C(Cl)Cl,0,0.02,1.3,21,46.0,73.0,2.703703704,0.500357836,2.093497187,8
525,R0245,OC1=C(CCC(O)=O)C=C(C(C)(C)C)C=C1C(C)(C)C,O=C1[C@@]2(OC(CC2)=O)C=C(C(C)(C)C)C=C1C(C)(C)C,C[C@@H](CNC(C1=C(C)C=C(C)C=C1C)=O)OC2=CC=CC(O[C@@H](C)CNC(C3=C(C)C=C(C)C=C3C)=O)=C2I(OC)OC,1.0,273.15,0,CO,250.0,CO,0,C(Cl)Cl,C(Cl)Cl,0,0.02,0.0,80,92.0,96.0,24.0,1.725070767,7.21769609,5
526,R0905,OC1=C(CCC(O)=O)C=CC2=CC=CC=C21,O=C1[C@]2(CCC(O2)=O)C=CC3=CC=CC=C31,IC1=CC=CC=C1[C@@H](OCC2=CC=CC=C2)C3=CN(CC4=CC=CC=C4)N=N3,1.0,273.15,0,ClCCl,0.0,ClCCl,0,C(Cl)Cl,C(Cl)Cl,0,0.02,1.3,62,52.0,76.0,3.166666667,0.625682834,2.617856977,1
527,R0316,OC1=C(OCC(O)=O)C(C)=CC=C1C(C)C,O=C1[C@@]2(OC(CO2)=O)C(C)=CC=C1C(C)C,IC1=C(O[C@@H](C)CNC(C2=C(C)C=C(C)C=C2C)=O)C=CC=C1O[C@@H](C)CNC(C3=C(C)C=C(C)C=C3C)=O,0.1,253.15,-20,CO,40.0,CO,0,C(Cl)(Cl)Cl,C(Cl)(Cl)Cl,0,0.02,1.2,99,86.0,93.0,13.28571429,1.301267753,5.444504278,5
528,R1039,CC1=CC=C(O)C([Si](C)(C)C)=C1,O=C1C=C[C@@](O)(C)C=C1[Si](C)(C)C,IC1=C(O[C@H](C)C(NC2=CC(C)=CC(C)=C2)=O)C=CC=C1O[C@H](C)C(NC3=CC(C)=CC(C)=C3)=O,0.1,273.15,0,CC#N,0.0,CC#N,0,CC#N,O,9,0.16,2.2,36,22.0,61.0,1.564102564,0.24280433,1.015893317,6
529,R0235,BrC1=CC(CCC(O)=O)=C(O)C=C1C(C)C,BrC1=C[C@]2(OC(CC2)=O)C(C=C1C(C)C)=O,IC1=C(O[C@@H](C)CNC(C2=C(C)C=C(C)C=C2C)=O)C=CC=C1O[C@@H](C)CNC(C3=C(C)C=C(C)C=C3C)=O,0.1,253.15,-20,ClCCCl,0.0,ClCCCl,0,C(CCl)Cl,OCC(F)(F)F,9,0.02,1.2,59,78.0,89.0,8.090909091,1.05177453,4.400624633,3
530,R0354,OC1=CC=C(OC(C(O)=O)(C)C)C=C1Br,O=C1C=C[C@@]2(OC(C(C)(C)O2)=O)C=C1Br,IC1=C(O[C@@H](C)C(NC2=C(C)C=C(C)C=C2C)=O)C=CC=C1O[C@@H](C)C(NC3=C(C)C=C(C)C=C3C)=O,0.1,273.15,0,CC(O)C,10.0,CC(O)C,0,C(Cl)Cl,C(Cl)Cl,0,0.02,1.2,53,42.0,71.0,2.448275862,0.486020982,2.033511791,6
531,R0536,OC1=C(CC(C)(C)CO)C=C(Cl)C2=CC=CC=C21,O=C1[C@@]2(OCC(C)(C)C2)C=C(Cl)C3=CC=CC=C31,IC1=C(OC[C@H](C(C)(C)C)NC(C2=C(C)C=C(C)C=C2C)=O)C=CC=C1OC[C@H](C(C)(C)C)NC(C3=C(C)C=C(C)C=C3C)=O,0.2,253.15,-20,ClCCl,0.0,ClCCl,0,C(Cl)Cl,C(Cl)Cl,0,0.02,1.3,66,76.0,88.0,7.333333333,1.002317935,4.193698242,6
532,R0306,OC1=C(OCC(O)=O)C(C)=CC=C1C(C)C,O=C1[C@@]2(OC(CO2)=O)C(C)=CC=C1C(C)C,IC1=C(O[C@@H](C)CNC(C2=C(C)C=C(C)C=C2C)=O)C=CC=C1O[C@@H](C)CNC(C3=C(C)C=C(C)C=C3C)=O,0.1,253.15,-20,ClC(Cl)Cl,0.0,ClC(Cl)Cl,0,C(Cl)(Cl)Cl,C(Cl)(Cl)Cl,0,0.02,1.2,54,16.0,58.0,1.380952381,0.162375357,0.679378496,2
533,R0352,OC1=CC=C(OC(C(O)=O)(C)C)C=C1Br,O=C1C=C[C@@]2(OC(C(C)(C)O2)=O)C=C1Br,IC1=C(O[C@@H](C)C(NC2=C(C)C=C(C)C=C2C)=O)C=CC=C1O[C@@H](C)C(NC3=C(C)C=C(C)C=C3C)=O,0.1,273.15,0,CO,50.0,CO,0,C(Cl)Cl,C(Cl)Cl,0,0.02,1.2,45,41.0,70.5,2.389830508,0.47290589,1.978638242,1
534,R1636,OC1=CC(C2=CC=C(F)C=C2C(O)=O)=CC=C1,O=C1C=C[C@]2(OC)C(C3=CC=C(F)C=C3C(O2)=O)=C1,IC1=C(O[C@H](C)C(NC2=CC=C(C)C=C2)=O)C=CC=C1O[C@H](C)C(NC3=CC=C(C)C=C3)=O,0.2,293.15,20,CO,0.0,CO,0,CO,CO,0,0.3,1.2,42,23.0,61.5,1.597402597,0.272854873,1.141624786,0
535,R2119,OC1=C(CCC(O)=O)C=C(C#N)C2=CC=CC=C21,O=C1[C@@]2(CCC(O2)=O)C=C(C#N)C3=CC=CC=C31,CC1=C2C([C@@H]3CC[C@H]2C3)=C(I)C4=C1[C@H]5CC[C@@H]4C5,0.1,253.15,-20,ClC(Cl)Cl,0.0,ClC(Cl)Cl,0,C(Cl)(Cl)Cl,OCC(F)(F)F,2,0.13,1.5,44,48.0,74.0,2.846153846,0.5261881,2.20157101,3
536,R1017,CC1=CC=C(O)C(C)=C1,O=C1C=C[C@@](O)(C)C=C1C,IC1=C(C2(O[C@@H](C(NC3=C(C)C=C(C)C=C3C)=O)[C@H](C(NC4=C(C)C=C(C)C=C4C)=O)O2)C5=CC=CC=C5)C=CC=C1,0.1,298.15,25,CC#N,0.0,CC#N,0,CC#N,O,2,0.16,2.2,35,8.0,54.0,1.173913043,0.095001034,0.397484326,3
537,R1301,OC1=CC=C(C)C=C1Br,O=C1C=C[C@@](O)(C)C=C1Br,COC1=CC=C(CC(C)(C)[C@@H]2OC)C2=C1I,0.1,298.15,25,CC(C)=O,0.0,CC(C)=O,0,CC(=O)C,O,9,0.165,2.2,36,37.0,68.5,2.174603175,0.460271751,1.925777006,9
538,R1427,O=C(C1=NC=CC=C1)NCC2=C(O)C=CC3=C2C=CC=C3,O=C1C=CC2=C(C=CC=C2)[C@]13CN=C(C4=NC=CC=C4)O3,IC1=C([C@@H](O[Si](C(C)C)(C(C)C)C(C)C)C2=CN(CC3=CC=CC=C3)N=N2)C=CC=C1OC(C)C,0.1,273.15,0,CC#N,0.0,CC#N,0,CC#N,C(C(F)(F)F)(C(F)(F)F)O,3,0.05,1.5,82,81.0,90.5,9.526315789,1.223519129,5.119204034,9
539,R1611,OC1=CC(C2=CC=CC=C2C(O)=O)=CC=C1,O=C1C=C[C@]2(OC)C(C3=CC=CC=C3C(O2)=O)=C1,IC1=C(O[C@H](C)C(NC2=C(C)C=CC=C2)=O)C=CC=C1O[C@H](C)C(NC3=CC=CC=C3C)=O,0.2,293.15,20,CO,0.0,CO,0,CO,CO,0,0.3,1.5,17,23.0,61.5,1.597402597,0.272854873,1.141624786,0
540,R0823,OC1=C(C(N(CC)C2=CC(C=CC=C3)=C3C=C2)=O)C=CC4=CC=CC=C41,O=C1[C@@]2(C(C(C=CC=C3)=C3C=C4)=C4N(CC)C2=O)C=CC5=CC=CC=C51,IC1=C(O[C@H](C)C(NC2=C(C)C=C(C)C=C2C)=O)C=CC=C1O[C@H](C)C(NC3=C(C)C=C(C)C=C3C)=O,0.15,243.15,-30,OCC(F)(F)F,50.0,[H]O[H],10,C[N+](=O)[O-],C[N+](=O)[O-],0,0.07,1.3,65,80.0,90.0,9.0,1.061678894,4.442064494,9
541,R0333,OC1=C(OC(CCC)(CCC)CO)C=CC2=C1C=CC=C2,O=C1[C@@]2(OC(C(CCC)(CCC)O2)=O)C=CC3=C1C=CC=C3,IC1=C(O[C@@H](C)CNC(C2=C(C)C=C(C)C=C2C)=O)C=CC=C1O[C@@H](C)CNC(C3=C(C)C=C(C)C=C3C)=O,0.1,273.15,0,ClC(Cl)Cl,0.0,ClC(Cl)Cl,0,C(Cl)(Cl)Cl,O,5,0.02,1.2,43,85.0,92.5,12.33333333,1.363697792,5.705711559,8
542,R1015,CC1=CC=C(O)C(C)=C1,O=C1C=C[C@@](O)(C)C=C1C,CC1(O[C@@H](C(NC2=C(C)C=C(C)C=C2C)=O)[C@H](C(NC3=C(C)C=C(C)C=C3C)=O)O1)C4=C(I)C=CC=C4,0.1,298.15,25,CC#N,0.0,CC#N,0,CC#N,O,2,0.16,2.2,29,8.0,54.0,1.173913043,0.095001034,0.397484326,5
543,R0206,OC1=C(CCC(O)=O)C=C(C(C)(C)C)C=C1C(C)(C)C,O=C1[C@@]2(OC(CC2)=O)C=C(C(C)(C)C)C=C1C(C)(C)C,IC1=C(O[C@@H](C)CNC(C2=C(C)C=C(C)C=C2C)=O)C=CC=C1O[C@@H](C)CNC(C3=C(C)C=C(C)C=C3C)=O,0.1,263.15,-10,CC(C)(O)C,10.0,CC(C)(O)C,0,C(Cl)(Cl)Cl,C(Cl)(Cl)Cl,0,0.02,1.2,18,72.0,86.0,6.142857143,0.949278934,3.971783061,9
544,R2025,OC1=C(CCC(O)=O)C=C(CCC)C2=CC=CC=C21,O=C1[C@]2(OC(CC2)=O)C=C(CCC)C3=CC=CC=C31,IC1=C(C=CC=C1O[C@@H]([C@@H](NC(C2=C(C)C=C(C)C=C2C)=O)CO[Si](C3=CC=CC=C3)(C(C)(C)C)C4=CC=CC=C4)C5=CC=C([N+]([O-])=O)C=C5)O[C@@H]([C@H](CO[Si](C6=CC=CC=C6)(C(C)(C)C)C7=CC=CC=C7)NC(C8=C(C)C=C(C)C=C8C)=O)C9=CC=C([N+]([O-])=O)C=C9,0.15,253.15,-20,CCO,5.0,CCO,0,C(Cl)Cl,C(Cl)Cl,0,0.02,1.5,63,94.0,97.0,32.33333333,1.748696704,7.31654701,4
545,R0743,OC1=C(CCCNS(=O)(C)=O)C=CC2=C1C=CC=C2,O=C1[C@]2(N(S(=O)(C)=O)CCC2)C=CC3=C1C=CC=C3,IC1=C(O[C@H](C)C(OC)=O)C=CC=C1O[C@H](C)C(OC)=O,0.4,253.15,-20,ClCCl,0.0,ClCCl,0,C(Cl)Cl,C(Cl)Cl,0,0.02,1.3,26,37.0,68.5,2.174603175,0.390802595,1.635118058,8
546,R1026,CC1=CC=C(O)C([Si](C)(C)C)=C1,O=C1C=C[C@@](O)(C)C=C1[Si](C)(C)C,IC1=C2C(CCCC23O[C@@H](C(NC4=C(C)C=C(C)C=C4C)=O)[C@H](C(NC5=C(C)C=C(C)C=C5C)=O)O3)=CC=C1,0.1,273.15,0,CC#N,0.0,CC#N,0,CC#N,O,2,0.16,2.2,21,52.0,76.0,3.166666667,0.625682834,2.617856977,4
547,R1809,OC1=C(CCC(O)=O)C=CC2=CC=CC=C21,O=C1[C@@]2(CCC(O2)=O)C=CC3=CC=CC=C31,IC1=C(C=CC=C1OC[C@@H]2[C@@H](OCC3=CC=CC=C3)[C@H](OCC4=CC=CC=C4)[C@@H](OCC5=CC=CC=C5)[C@@H](OC)O2)OC[C@H]6O[C@H](OC)[C@H](OCC7=CC=CC=C7)[C@@H](OCC8=CC=CC=C8)[C@@H]6OCC9=CC=CC=C9,0.15,298.15,25,ClC(Cl)Cl,0.0,ClC(Cl)Cl,0,C(Cl)(Cl)Cl,C(Cl)(Cl)Cl,0,0.05,1.3,48,54.0,77.0,3.347826087,0.715909423,2.995365025,2
548,R1415,O=C(C1=CC=CC=C1)NCC2=C(O)C=CC3=C2CCCC3,OC1C=CC2=C(CCCC2)[C@]13CN=C(C4=CC=CC=C4)O3,IC1=C([C@@H](O[Si](C(C)C)(C(C)C)C(C)C)C2=CN(CC3=CC=CC=C3)N=N2)C=CC=C1OC(C)C,0.1,273.15,0,CC#N,0.0,CC#N,0,CC#N,C(C(F)(F)F)(C(F)(F)F)O,3,0.05,1.5,84,95.0,97.5,39.0,1.988607946,8.320335645,3
549,R0503,OC1=C(CCCO)C=C(Cl)C2=CC=CC=C21,O=C1[C@@]2(OCCC2)C=C(Cl)C3=CC=CC=C31,IC1=C(O[C@H](C)C(NC2=C(C)C=C(C)C=C2C)=O)C=CC=C1O[C@H](C)C(NC3=C(C)C=C(C)C=C3C)=O,0.2,253.15,-20,ClCCl,0.0,ClCCl,0,C(Cl)Cl,C(Cl)Cl,0,0.02,1.3,62,65.0,82.5,4.714285714,0.780048217,3.263721739,7
550,R0365,OC1=CC=C(OC(C(O)=O)(C)C)C=C1[Si](C2=CC=CC=C2)(C(C)(C)C)C3=CC=CC=C3,O=C1C=C[C@@]2(OC(C(C)(C)O2)=O)C=C1[Si](C3=CC=CC=C3)(C(C)(C)C)C4=CC=CC=C4,CC([C@@H](C(NC(C(C1=CC=CC=C1)=CC=C2)=C2C3=CC=CC=C3)=O)OC(C=CC=C4O[C@H](C(NC(C(C5=CC=CC=C5)=CC=C6)=C6C7=CC=CC=C7)=O)C(C)C)=C4I)C,0.1,273.15,0,CO,10.0,CO,0,C(Cl)Cl,C(Cl)Cl,0,0.02,1.2,93,76.0,88.0,7.333333333,1.081505606,4.525019454,0
551,R1613,OC1=CC(C2=CC=CC=C2C(O)=O)=CC=C1,O=C1C=C[C@]2(OC)C(C3=CC=CC=C3C(O2)=O)=C1,IC1=C(O[C@H](C)C(NC2=CC(C)=C(C)C(C)=C2)=O)C=CC=C1O[C@H](C)C(NC3=CC(C)=C(C)C(C)=C3)=O,0.2,293.15,20,CO,0.0,CO,0,CO,CO,0,0.3,1.5,17,41.0,70.5,2.389830508,0.507531984,2.123513823,8
552,R1806,OC1=C(CCC(O)=O)C=CC2=CC=CC=C21,O=C1[C@@]2(CCC(O2)=O)C=CC3=CC=CC=C31,IC1=C(C=CC=C1OC[C@@H]2[C@@H](OC)[C@H](OC)[C@@H](OC)[C@@H](OC)O2)OC[C@H]3O[C@H](OC)[C@H](OC)[C@@H](OC)[C@@H]3OC,0.15,273.15,0,ClCCl,0.0,ClCCl,0,C(Cl)Cl,C(Cl)Cl,0,0.05,1.3,61,38.0,69.0,2.225806452,0.434310584,1.817155484,8
553,R2033,OC1=C(CCCO)C=C(CC)C2=CC=CC=C21,O=C1[C@]2(OCCC2)C=C(CC)C3=CC=CC=C31,IC1=C(C=CC=C1O[C@@H]([C@@H](NC(C2=C(C)C=C(C)C=C2C)=O)CO[Si](C3=CC=CC=C3)(C(C)(C)C)C4=CC=CC=C4)C5=CC=C([N+]([O-])=O)C=C5)O[C@@H]([C@H](CO[Si](C6=CC=CC=C6)(C(C)(C)C)C7=CC=CC=C7)NC(C8=C(C)C=C(C)C=C8C)=O)C9=CC=C([N+]([O-])=O)C=C9,0.15,253.15,-20,CCO,5.0,CCO,0,C(Cl)Cl,C(Cl)Cl,0,0.02,1.5,63,91.0,95.5,21.22222222,1.536882101,6.430314709,0
554,R1006,CC1=CC=C(O)C(Br)=C1,O=C1C=C[C@@](O)(C)C=C1Br,IC1=C2C(CCCC23O[C@@H](C(NC4=CC=CC=C4)=O)[C@H](C(NC5=CC=CC=C5)=O)O3)=CC=C1,0.1,298.15,25,CC#N,0.0,CC#N,0,CC#N,O,9,0.16,2.2,48,20.0,60.0,1.5,0.240233054,1.005135099,7
555,R1918,OC1=C(CCC(O)=O)C=CC2=C1C=CC=C2,O=C1[C@@]2(OC(CC2)=O)C=CC3=C1C=CC=C3,IC1=C(O[C@H](C)C(NC2=C(C)C=C(C)C=C2C)=O)C=CC=C1O[C@H](C)C(NC3=C(C)C=C(C)C=C3C)=O,0.15,253.15,-20,ClC(Cl)Cl,0.0,ClC(Cl)Cl,0,C(Cl)(Cl)Cl,C(Cl)(Cl)Cl,0,0.02,1.3,55,92.0,96.0,24.0,1.598761357,6.689217518,6
556,R1416,O=C(C1=CC=C(Br)C=C1)NCC2=C(O)C=CC3=C2C=CC=C3,O=C1C=CC2=C(C=CC=C2)[C@]13CN=C(C4=CC=C(Br)C=C4)O3,IC1=C([C@@H](O[Si](C(C)C)(C(C)C)C(C)C)C2=CN(CC3=CC=CC=C3)N=N2)C=CC=C1OC(C)C,0.1,273.15,0,CC#N,0.0,CC#N,0,CC#N,C(C(F)(F)F)(C(F)(F)F)O,3,0.05,1.5,64,91.0,95.5,21.22222222,1.658302768,6.938338782,6
557,R1637,OC1=CC(C2=CC=CC=C2C(O)=O)=C(C)C=C1,O=C1C=C[C@]2(C)C(C3=CC=CC=C3C(O2)=O)=C1,IC1=C(O[C@H](C)C(NC2=CC=C(C)C=C2)=O)C=CC=C1O[C@H](C)C(NC3=CC=C(C)C=C3)=O,0.2,293.15,20,ClCCl,0.0,ClCCl,0,C(Cl)Cl,C(Cl)Cl,0,0.3,1.2,61,13.0,56.5,1.298850575,0.152325404,0.637329491,1
558,R1938,OC1=C(CCC(O)=O)C=CC2=C1C=CC(OC)=C2,O=C1[C@@]2(OC(CC2)=O)C=CC3=C1C=CC(OC)=C3,O=C(NC1=C(C)C=C(C)C=C1C)[C@@H](C)OC2=CC=CC(O[C@H](C)C(NC3=C(C)C=C(C)C=C3C)=O)=C2I(OC(C)=O)OC(C)=O,1.0,253.15,-20,ClC(Cl)Cl,0.0,ClC(Cl)Cl,0,C(Cl)(Cl)Cl,C(Cl)(Cl)Cl,0,0.02,0.0,89,90.0,95.0,19.0,1.481238365,6.197501317,6
559,R1011,CC1=CC=C(O)C(Br)=C1,O=C1C=C[C@@](O)(C)C=C1Br,IC1=C2C(CCCC23O[C@@H](C(NC4=CC(C(F)(F)F)=CC(C(F)(F)F)=C4)=O)[C@H](C(NC5=CC(C(F)(F)F)=CC(C(F)(F)F)=C5)=O)O3)=CC=C1,0.1,298.15,25,CC#N,0.0,CC#N,0,CC#N,O,9,0.16,2.2,75,14.0,57.0,1.325581395,0.166993317,0.698700036,4
560,R2207,OC1=C(CCC(O)=O)C=CC2=CC=CC=C21,O=C1[C@@]2(CCC(O2)=O)C=CC3=CC=CC=C31,IC1=C(C(OCC2=CC=CC=C2)C)C=CC3=C1[C@]4(CCC5=C4C(I)=C(C(C)OCC6=CC=CC=C6)C=C5)CC3,0.15,273.15,0,CC(O)=O,1.0,CC(O)=O,0,C(Cl)Cl,C(Cl)Cl,0,0.05,1.3,42,72.0,86.0,6.142857143,0.985352616,4.122715345,7
561,R1909,OC1=C(CCC(O)=O)C=CC2=C1C=CC=C2,O=C1[C@@]2(OC(CC2)=O)C=CC3=C1C=CC=C3,IC1=C(O[C@H](C)C(N(C2=CC=CC=C2)C3=CC=CC=C3)=O)C=CC=C1O[C@H](C)C(N(C4=CC=CC=C4)C5=CC=CC=C5)=O,0.15,273.15,0,ClCCl,0.0,ClCCl,0,C(Cl)Cl,C(Cl)Cl,0,0.2,1.3,39,52.0,76.0,3.166666667,0.625682834,2.617856977,9
562,R1207,OC1=CC=C(C)C=C1C,O=C1C=C[C@@](O)(C)C=C1C,IC1=C(O[C@H](C)C(NC2=C(C(C)C)C=CC=C2C(C)C)=O)C=CC=C1O[C@H](C)C(NC3=C(C(C)C)C=CC=C3C(C)C)=O,0.1,273.15,0,CC#N,0.0,CC#N,0,CC#N,O,9,0.16,2.2,49,45.0,72.5,2.636363636,0.526197683,2.201611106,1
563,R1602,OC1=CC(C2=CC=CC=C2C(O)=O)=CC=C1,O=C1C=C[C@]2(OC)C(C3=CC=CC=C3C(O2)=O)=C1,IC1=C(O[C@H](C)C(O)=O)C=CC=C1O[C@H](C)C(O)=O,0.2,293.15,20,CO,0.0,CO,0,CO,CO,0,0.3,1.5,18,10.0,55.0,1.222222222,0.116901024,0.489113885,5
564,R0413,OC(C(Cl)=C(OC)C=C1C(OC)=O)=C1OC2=C(C(O)=O)C(O)=CC(C)=C2,O=C1[C@]2(OC(C(C(O)=CC(C)=C3)=C3O2)=O)C(C(OC)=O)=CC(OC)=C1Cl,IC1=C(O[C@H](C)CNC(C2=C(C)C=C(C)C=C2C)=O)C=CC=C1O[C@H](C)CNC(C3=C(C)C=C(C)C=C3C)=O,0.2,298.15,25,CO,75.0,CO,0,C(Cl)(Cl)Cl,C(Cl)(Cl)Cl,0,0.01,1.5,61,98.0,99.0,99.0,2.722551594,11.39115587,2
565,R2214,OC1=C(CCC(O)=O)C=CC2=CC=CC=C21,O=C1[C@@]2(CCC(O2)=O)C=CC3=CC=CC=C31,IC1=C(CC)C=CC2=C1[C@]3(CCC4=C3C(I)=C(CC)C=C4)CC2,0.15,273.15,0,ClC(Cl)Cl,0.0,ClC(Cl)Cl,0,C(Cl)(Cl)Cl,CCCCCC,1,0.02,1.3,56,92.0,96.0,24.0,1.725070767,7.21769609,6
566,R0315,OC1=C(OCC(O)=O)C(C)=CC=C1C(C)C,O=C1[C@@]2(OC(CO2)=O)C(C)=CC=C1C(C)C,IC1=C(O[C@@H](C)CNC(C2=C(C)C=C(C)C=C2C)=O)C=CC=C1O[C@@H](C)CNC(C3=C(C)C=C(C)C=C3C)=O,0.1,253.15,-20,CO,20.0,CO,0,C(Cl)(Cl)Cl,C(Cl)(Cl)Cl,0,0.02,1.2,93,83.0,91.5,10.76470588,1.195414975,5.001616256,3
567,R1331,OC1=CC=C(C)C=C1Br,O=C1C=C[C@@](O)(C)C=C1Br,IC1=C2C(CC(C)(C)[C@@H]2OCC3=CC=CC=C3)=CC=C1OC(C)(C)C(OC)=O,0.1,283.15,10,CC(C)=O,0.0,CC(C)=O,0,CC(=O)C,O,2,0.165,2.2,66,62.0,81.0,4.263157895,0.815890878,3.413687435,4
568,R1347,OC1=CC=C(C)C=C1Br,O=C1C=C[C@@](O)(C)C=C1Br,IC1=C2C(CC(C)(C)[C@@H]2OCC3=CC=CC=C3)=CC=C1O[C@@H](C)C(NC4=C(C5=CC=CC=C5)C=CC=C4C6=CC=CC=C6)=O,0.1,283.15,10,O=C(C)CC,0.0,O=C(C)CC,0,CCC(=O)C,O,2,0.165,2.2,56,79.0,89.5,8.523809524,1.205745108,5.044837531,9
569,R2009,OC1=C(CCC(O)=O)C=CC2=CC=CC=C21,O=C1[C@]2(OC(CC2)=O)C=CC3=CC=CC=C31,IC1=C(C=CC=C1O[C@@H]([C@@H](NC(C2=C(C)C=C(C)C=C2C)=O)CO[Si](C3=CC=CC=C3)(C(C)(C)C)C4=CC=CC=C4)C5=CC=C([N+]([O-])=O)C=C5)O[C@@H]([C@H](CO[Si](C6=CC=CC=C6)(C(C)(C)C)C7=CC=CC=C7)NC(C8=C(C)C=C(C)C=C8C)=O)C9=CC=C([N+]([O-])=O)C=C9,0.15,273.15,0,ClCCl,0.0,ClCCl,0,C(Cl)Cl,C(Cl)Cl,0,0.02,1.5,87,96.0,98.0,49.0,2.112508405,8.838735165,6
570,R2402,OC1=C(CCC(O)=O)C=CC2=CC=CC=C21,O=C1[C@@]2(CCC(O2)=O)C=CC3=CC=CC=C31,O=C(OI1C2=CC=CC3=C2C4(CCC5=C4C(I(OC(C)=O)O1)=CC=C5)CC3)C,0.55,273.15,0,ClC(Cl)Cl,0.0,ClC(Cl)Cl,0,C(Cl)(Cl)Cl,C(Cl)(Cl)Cl,0,0.02,0.0,64,72.0,86.0,6.142857143,0.985352616,4.122715345,4
571,R1003,CC1=CC=C(O)C(C)=C1,O=C1C=C[C@@](O)(C)C=C1C,IC1=C2C(CCCC23O[C@@H](C(NC4=CC=CC=C4)=O)[C@H](C(NC5=CC=CC=C5)=O)O3)=CC=C1,0.1,298.15,25,CC#N,0.0,CC#N,0,CC#N,O,3,0.16,2.2,19,20.0,60.0,1.5,0.240233054,1.005135099,9
572,R2410,OC1=C(CCC(O)=O)C=C(CC)C2=CC=CC=C21,O=C1[C@@]2(CCC(O2)=O)C=C(CC)C3=CC=CC=C31,O=C(OI1C2=CC=CC3=C2C4(CCC5=C4C(I(OC(C)=O)O1)=CC=C5)CC3)C,0.55,223.15,-50,ClC(Cl)Cl,0.0,ClC(Cl)Cl,0,C(Cl)(Cl)Cl,C(Cl)(Cl)Cl,0,0.02,0.0,83,81.0,90.5,9.526315789,0.999554434,4.18213575,4
573,R0927,OC1=C(CCC(O)=O)C=C(C(C)=O)C2=CC=CC=C21,O=C1[C@]2(CCC(O2)=O)C=C(C(C)=O)C3=CC=CC=C31,IC1=CC=CC=C1[C@@H](O[Si](C(C)C)(C(C)C)C(C)C)C2=CN(CC3=CC=CC=C3)N=N2,1.0,273.15,0,ClCCl,0.0,ClCCl,0,C(Cl)Cl,C(Cl)Cl,0,0.02,1.3,76,68.0,84.0,5.25,0.900098278,3.766011195,0
574,R1328,OC1=CC=C(C)C=C1Br,O=C1C=C[C@@](O)(C)C=C1Br,IC1=C2C(CC(C)(C)[C@@H]2OCC3=CC=CC=C3)=CC=C1O[C@@H](C)C(OC)=O,0.1,283.15,10,CC(C)=O,0.0,CC(C)=O,0,CC(=O)C,O,2,0.165,2.2,68,70.0,85.0,5.666666667,0.976024308,4.083685706,0
575,R1306,OC1=CC=C(C)C=C1Br,O=C1C=C[C@@](O)(C)C=C1Br,COC1=CC=C(CC(C)(C)[C@@H]2OCC3=CC=CC=C3)C2=C1I,0.1,298.15,25,COCCOC,0.0,COCCOC,0,COCCOC,O,9,0.165,2.2,27,44.0,72.0,2.571428571,0.559581805,2.34129027,9
576,R2042,OC1=C(C(N(C)C2=CC=CC=C2)=O)C=CC3=CC=CC=C31,O=C1[C@@]2(C(C=CC=C3)=C3N(C)C2=O)C=CC4=CC=CC=C41,IC1=C(C=CC=C1O[C@@H]([C@@H](NC(C2=C(C)C=C(C)C=C2C)=O)COC(C3=C(C)C=C(C)C=C3C)=O)C4=CC=C([N+]([O-])=O)C=C4)O[C@@H]([C@H](COC(C5=C(C)C=C(C)C=C5C)=O)NC(C6=C(C)C=C(C)C=C6C)=O)C7=CC=C([N+]([O-])=O)C=C7,0.15,253.15,-20,OCC(F)(F)F,50.0,[H]O[H],10,C[N+](=O)[O-],C[N+](=O)[O-],0,0.067,1.3,27,53.0,76.5,3.255319149,0.593760413,2.484293566,5
577,R0334,OC1=C(OC(CCC)(CCC)CO)C=CC2=C1C=CC=C2,O=C1[C@@]2(OC(C(CCC)(CCC)O2)=O)C=CC3=C1C=CC=C3,IC1=C(O[C@@H](C)CNC(C2=C(C)C=C(C)C=C2C)=O)C=CC=C1O[C@@H](C)CNC(C3=C(C)C=C(C)C=C3C)=O,0.1,273.15,0,CC1=CC=CC=C1,0.0,CC1=CC=CC=C1,0,Cc1ccccc1,O,5,0.02,1.2,60,86.0,93.0,13.28571429,1.404073817,5.87464485,7
578,R0351,OC1=CC=C(OC(C(O)=O)(C)C)C=C1Br,O=C1C=C[C@@]2(OC(C(C)(C)O2)=O)C=C1Br,IC1=C(O[C@@H](C)C(NC2=C(C)C=C(C)C=C2C)=O)C=CC=C1O[C@@H](C)C(NC3=C(C)C=C(C)C=C3C)=O,0.1,273.15,0,CO,10.0,CO,0,C(Cl)Cl,C(Cl)Cl,0,0.02,1.2,49,46.0,73.0,2.703703704,0.539888378,2.258892975,9
579,R0331,OC1=C(OC(CCC)(CCC)CO)C=C(Br)C2=C1C=CC=C2,O=C1[C@@]2(OC(C(CCC)(CCC)O2)=O)C=C(Br)C3=C1C=CC=C3,IC1=C(O[C@@H](C)CNC(C2=C(C)C=C(C)C=C2C)=O)C=CC=C1O[C@@H](C)CNC(C3=C(C)C=C(C)C=C3C)=O,0.1,273.15,0,CC1=CC=CC=C1,0.0,CC1=CC=CC=C1,0,Cc1ccccc1,O,1,0.02,1.2,80,88.0,94.0,15.66666667,1.493553409,6.249027465,6
580,R1508,OC1=C(Br)C=C(C)C=C1,O=C1C(Br)=C[C@](C)(O)C=C1,IC1=C([C@@H](O[Si](C(C)C)(C(C)C)C(C)C)C2=CN(CC3=CC=CC=C3)N=N2)C=CC=C1Cl,0.1,273.15,0,CC(C)=O,0.0,CC(C)=O,0,CC(=O)C,O,2,1.64,2.2,72,63.0,81.5,4.405405405,0.804892167,3.367668825,0
581,R0232,BrC1=CC(CCC(O)=O)=C(O)C=C1C(C)C,BrC1=C[C@]2(OC(CC2)=O)C(C=C1C(C)C)=O,IC1=C(O[C@@H](C)CNC(C2=C(C)C=C(C)C=C2C)=O)C=CC=C1O[C@@H](C)CNC(C3=C(C)C=C(C)C=C3C)=O,0.05,253.15,-20,ClCCl,0.0,ClCCl,0,C(Cl)Cl,C(C(F)(F)F)(C(F)(F)F)O,9,0.02,1.2,84,87.0,93.5,14.38461538,1.341246128,5.611773801,0
582,R0903,OC1=C(CCC(O)=O)C=CC2=CC=CC=C21,O=C1[C@]2(CCC(O2)=O)C=CC3=CC=CC=C31,IC1=CC=CC=C1[C@@H](OCC2=CC=CC=C2)C3=CN(CC4=CC=CC=C4)N=N3,0.25,273.15,0,ClCCl,0.0,ClCCl,0,C(Cl)Cl,C(Cl)Cl,0,0.02,1.3,34,40.0,70.0,2.333333333,0.45991945,1.924302979,1
583,R2102,OC1=C(CCC(O)=O)C=CC2=CC=CC=C21,O=C1[C@@]2(CCC(O2)=O)C=CC3=CC=CC=C31,CC1=C2C([C@@H]3CC[C@H]2C3)=C(I)C4=C1[C@H]5CC[C@@H]4C5,0.15,253.15,-20,ClCCl,0.0,ClCCl,0,C(Cl)Cl,C(Cl)Cl,0,0.13,1.5,29,37.0,68.5,2.174603175,0.390802595,1.635118058,7
584,R1353,OC1=CC=C(C)C=C1Br,O=C1C=C[C@@](O)(C)C=C1Br,IC1=C2C(CC(C)(C)[C@@H]2OCC3=CC=CC=C3)=CC=C1O[C@@H](C)C(NC4=C(C5=CC=CC=C5)C=CC=C4C6=CC=CC=C6)=O,0.1,283.15,10,O=C(C)CC,0.0,O=C(C)CC,0,CCC(=O)C,O,2,0.167,2.2,54,82.0,91.0,10.11111111,1.30183475,5.446876593,5
585,R2011,OC1=C(CCC(O)=O)C=CC2=CC=CC=C21,O=C1[C@]2(OC(CC2)=O)C=CC3=CC=CC=C31,IC1=C(C=CC=C1O[C@@H]([C@@H](NC(C2=C(C)C=C(C)C=C2C)=O)CO[Si](C3=CC=CC=C3)(C(C)(C)C)C4=CC=CC=C4)C5=CC=C([N+]([O-])=O)C=C5)O[C@@H]([C@H](CO[Si](C6=CC=CC=C6)(C(C)(C)C)C7=CC=CC=C7)NC(C8=C(C)C=C(C)C=C8C)=O)C9=CC=C([N+]([O-])=O)C=C9,0.15,253.15,-20,CC1=CC=CC=C1,0.0,CC1=CC=CC=C1,0,Cc1ccccc1,Cc1ccccc1,0,0.02,1.5,77,96.0,98.0,49.0,1.957830872,8.191564368,5
586,R0918,OC1=C(CCC(O)=O)C=C(Cl)C2=CC=CC=C21,O=C1[C@]2(CCC(O2)=O)C=C(Cl)C3=CC=CC=C31,IC1=CC=CC=C1[C@@H](O[Si](C(C)C)(C(C)C)C(C)C)C2=CN(CC3=CC=CC=C3)N=N2,1.0,273.15,0,ClCCl,0.0,ClCCl,0,C(Cl)Cl,C(Cl)Cl,0,0.02,1.3,82,64.0,82.0,4.555555556,0.823084462,3.443785389,5
587,R1311,OC1=CC=C(C)C=C1Br,O=C1C=C[C@@](O)(C)C=C1Br,COC1=CC=C(CC(C)(C)[C@@H]2OCC3=CC=CC=C3)C2=C1I,0.1,283.15,10,CC(C)=O,0.0,CC(C)=O,0,CC(=O)C,O,2,0.165,2.2,73,59.0,79.5,3.87804878,0.762617494,3.190791595,8
588,R2107,OC1=C(CCC(O)=O)C=CC2=CC=CC=C21,O=C1[C@@]2(CCC(O2)=O)C=CC3=CC=CC=C31,CC1=C2C([C@@H]3CC[C@H]2C3)=C(I)C4=C1[C@H]5CC[C@@H]4C5,0.1,273.15,0,ClC(Cl)Cl,0.0,ClC(Cl)Cl,0,C(Cl)(Cl)Cl,C(Cl)(Cl)Cl,0,0.13,1.5,36,40.0,70.0,2.333333333,0.45991945,1.924302979,7
589,R1932,OC1=C(CCC(O)=O)C=C(OC)C2=C1C=CC=C2,O=C1[C@@]2(OC(CC2)=O)C=C(OC)C3=C1C=CC=C3,IC1=C(O[C@H](C)C(NC2=C(C)C=C(C)C=C2C)=O)C=CC=C1O[C@H](C)C(NC3=C(C)C=C(C)C=C3C)=O,0.1,273.15,0,ClC(Cl)Cl,0.0,ClC(Cl)Cl,0,C(Cl)(Cl)Cl,C[N+](=O)[O-],2,0.02,1.3,28,0.0,50.0,1.0,0.0,0.0,4
590,R1916,OC1=C(CCC(O)=O)C=CC2=C1C=CC=C2,O=C1[C@@]2(OC(CC2)=O)C=CC3=C1C=CC=C3,IC1=C(O[C@H](C)C(NC2=C(C)C=C(C)C=C2C)=O)C=CC=C1O[C@H](C)C(NC3=C(C)C=C(C)C=C3C)=O,0.15,253.15,-20,ClCCl,0.0,ClCCl,0,C(Cl)Cl,C(Cl)Cl,0,0.02,1.3,75,90.0,95.0,19.0,1.481238365,6.197501317,4
591,R0128,OC1=C(CCC(O)=O)C2=C(C=CC=C2)C=C1,O=C1[C@@]2(OC(CC2)=O)C3=C(C=CC=C3)C=C1,IC1=C(O[C@@H](C)CNC(C2=C(C(C)C)C=C(C(C)C)C=C2C(C)C)=O)C=CC=C1O[C@@H](C)CNC(C3=C(C(C)C)C=C(C(C)C)C=C3C(C)C)=O,0.1,273.15,0,ClCCCl,0.0,ClCCCl,0,C(CCl)Cl,C(CCl)Cl,0,0.02,1.2,57,48.0,74.0,2.846153846,0.56775935,2.375505121,7
592,R0142,OC1=C(CCC(O)=O)C=CC2=C1C=CC=C2,O=C1[C@@]2(OC(CC2)=O)C=CC3=C1C=CC=C3,IC1=C(OC[C@H](C(C)C)NC(C2=C(C)C=C(C)C=C2C)=O)C=CC=C1OC[C@H](C(C)C)NC(C3=C(C)C=C(C)C=C3C)=O,0.1,273.15,0,ClC(Cl)Cl,0.0,ClC(Cl)Cl,0,C(Cl)(Cl)Cl,C(Cl)(Cl)Cl,0,0.02,1.2,74,98.0,99.0,99.0,2.494264524,10.43600277,9
593,R1812,OC1=C(CCC(O)=O)C=CC2=CC=CC=C21,O=C1[C@@]2(CCC(O2)=O)C=CC3=CC=CC=C31,IC1=C(C=CC=C1OC[C@@H]2[C@@H](OCC3=CC=CC=C3)[C@H](OCC4=CC=CC=C4)[C@@H](OCC5=CC=CC=C5)[C@@H](OC)O2)OC[C@H]6O[C@H](OC)[C@H](OCC7=CC=CC=C7)[C@@H](OCC8=CC=CC=C8)[C@@H]6OCC9=CC=CC=C9,0.3,253.15,-20,ClCCl,0.0,ClCCl,0,C(Cl)Cl,C(Cl)Cl,0,0.05,1.3,77,60.0,80.0,4.0,0.697393428,2.917894101,4
594,R1605,OC1=CC(C2=CC=CC=C2C(O)=O)=CC=C1,O=C1C=C[C@]2(OC)C(C3=CC=CC=C3C(O2)=O)=C1,IC1=C(O[C@H](C)C(NC2=CC=C(C(F)(F)F)C=C2)=O)C=CC=C1O[C@H](C)C(NC3=CC=C(C(F)(F)F)C=C3)=O,0.2,293.15,20,CO,0.0,CO,0,CO,CO,0,0.3,1.5,17,31.0,65.5,1.898550725,0.373468449,1.562591989,9
595,R0217,BrC1=CC(CCC(O)=O)=C(O)C=C1C(C)C,BrC1=C[C@]2(OC(CC2)=O)C(C=C1C(C)C)=O,IC1=C(O[C@@H](C)CNC(C2=C(C)C=C(C)C=C2C)=O)C=CC=C1O[C@@H](C)CNC(C3=C(C)C=C(C)C=C3C)=O,0.05,253.15,-20,OC(C(F)(F)F)C(F)(F)F,50.0,OC(C(F)(F)F)C(F)(F)F,0,C(Cl)Cl,C(Cl)Cl,0,0.02,1.2,84,87.0,93.5,14.38461538,1.341246128,5.611773801,5
596,R0607,OC1=C(OCC(O)=O)C=CC2=C1C=CC=C2,O=C1[C@@]2(CCC(O2)=O)C=CC3=C1C=CC=C3,IC1=C(O[C@H](C)C(NC2=C(C)C=C(C)C=C2C)=O)C=CC=C1O[C@H](C)C(NC3=C(C)C=C(C)C=C3C)=O,0.15,273.15,0,ClCCl,0.0,ClCCl,0,C(Cl)Cl,C(Cl)Cl,0,0.2,1.3,64,82.0,91.0,10.11111111,1.255857891,5.254509417,6
597,R1307,OC1=CC=C(C)C=C1Br,O=C1C=C[C@@](O)(C)C=C1Br,COC1=CC=C(CC(C)(C)[C@@H]2OCC3=CC=CC=C3)C2=C1I,0.1,298.15,25,CN(C)C=O,0.0,CN(C)C=O,0,CN(C)C=O,O,9,0.165,2.2,5,68.0,84.0,5.25,0.982479596,4.110694629,0
598,R0161,OC1=C(CCC(O)=O)C=CC2=C1C=CC=C2,O=C1[C@@]2(OC(CC2)=O)C=CC3=C1C=CC=C3,IC1=C(O[C@@H](C)C(NC2=C(C)C=C(C)C=C2C)=O)C=CC=C1O[C@@H](C)C(NC3=C(C)C=C(C)C=C3C)=O,0.05,273.15,0,CCO,6.0,CCO,0,C(CCl)Cl,C(CCl)Cl,0,0.02,1.2,55,92.0,96.0,24.0,1.725070767,7.21769609,7
599,R1364,OC1=CC=C(CCOCC2=CC=CC=C2)C=C1Br,O=C1C=C[C@](CCOCC2=CC=CC=C2)(O)C=C1Br,IC1=C2C(CC(C)(C)[C@@H]2OCC3=CC=CC=C3)=CC=C1O[C@@H](C)C(NC4=C(C5=CC=CC=C5)C=CC=C4C6=CC=CC=C6)=O,0.1,283.15,10,O=C(C)CC,0.0,O=C(C)CC,0,CCC(=O)C,O,2,0.167,2.2,38,71.0,85.5,5.896551724,0.998400195,4.177306418,0
600,R1346,OC1=CC=C(C)C=C1Br,O=C1C=C[C@@](O)(C)C=C1Br,IC1=C2C(CC(C)(C)[C@@H]2OCC3=CC=CC=C3)=CC=C1O[C@@H](C)C(NC4=C(C5=CC=CC=C5)C=C(OC)C=C4C6=CC=CC=C6)=O,0.1,283.15,10,CC(C)=O,0.0,CC(C)=O,0,CC(=O)C,O,2,0.165,2.2,17,70.0,85.0,5.666666667,0.976024308,4.083685706,4
601,R0133,OC1=C(CCC(O)=O)C2=C(C=CC=C2)C=C1,O=C1[C@@]2(OC(CC2)=O)C3=C(C=CC=C3)C=C1,IC1=C(O[C@@H](C)CNC(C2=C(C)C=C(C)C=C2C)=O)C=CC=C1O[C@@H](C)CNC(C3=C(C)C=C(C)C=C3C)=O,0.1,253.15,-20,CO,25.0,CO,0,C(CCl)Cl,C(CCl)Cl,0,0.02,1.2,20,73.0,86.5,6.407407407,0.934416785,3.909599828,2
602,R1907,OC1=C(CCC(O)=O)C=CC2=C1C=CC=C2,O=C1[C@@]2(OC(CC2)=O)C=CC3=C1C=CC=C3,IC1=C(O[C@H](C)C(NC2=C(C)C=C(C)C=C2C)=O)C=CC=C1O[C@H](C)C(NC3=C(C)C=C(C)C=C3C)=O,0.15,273.15,0,ClCCl,0.0,ClCCl,0,C(Cl)Cl,C(Cl)Cl,0,0.2,1.3,64,82.0,91.0,10.11111111,1.255857891,5.254509417,9
603,R1343,OC1=CC=C(C)C=C1Br,O=C1C=C[C@@](O)(C)C=C1Br,IC1=C2C(CC(C)(C)[C@@H]2OCC3=CC=CC=C3)=CC=C1O[C@@H](C)C(NC4=C(C5=CC=C(C=CC=C6)C6=C5)C=CC=C4C7=CC(C=CC=C8)=C8C=C7)=O,0.1,283.15,10,CC(C)=O,0.0,CC(C)=O,0,CC(=O)C,O,2,0.165,2.2,43,73.0,86.5,6.407407407,1.045151541,4.372914048,7
604,R1228,OC1=CC=C(C)C(C)=C1,O=C1C=C[C@@](O)(C)C(C)=C1,IC1=C(O[C@H](C)C(NC2=C(C(C)C)C=CC=C2C(C)C)=O)C=C(C)C=C1O[C@H](C)C(NC3=C(C(C)C)C=CC=C3C(C)C)=O,0.1,268.15,-5,CC#N,0.0,CC#N,0,CC#N,O,9,0.16,2.2,33,4.0,52.0,1.083333333,0.042652455,0.178457871,8
605,R0615,OC1=C(OCC(O)=O)C=CC2=C1C=CC=C2,O=C1[C@@]2(CCC(O2)=O)C=CC3=C1C=CC=C3,IC1=C(O[C@H](C)C(NC2=C(C)C=C(C)C=C2C)=O)C=CC=C1O[C@H](C)C(NC3=C(C)C=C(C)C=C3C)=O,0.15,273.15,0,C[N+]([O-])=O,0.0,C[N+]([O-])=O,0,C[N+](=O)[O-],C[N+](=O)[O-],0,0.02,1.3,82,85.0,92.5,12.33333333,1.363697792,5.705711559,0
606,R2041,OC1=C(C(N(C)C2=CC=CC=C2)=O)C=CC3=CC=CC=C31,O=C1[C@@]2(C(C=CC=C3)=C3N(C)C2=O)C=CC4=CC=CC=C41,IC1=C(C=CC=C1O[C@@H]([C@@H](NC(C2=C(C)C=C(C)C=C2C)=O)CO[Si](C3=CC=CC=C3)(C(C)(C)C)C4=CC=CC=C4)C5=CC=C([N+]([O-])=O)C=C5)O[C@@H]([C@H](CO[Si](C6=CC=CC=C6)(C(C)(C)C)C7=CC=CC=C7)NC(C8=C(C)C=C(C)C=C8C)=O)C9=CC=C([N+]([O-])=O)C=C9,0.15,253.15,-20,OCC(F)(F)F,50.0,[H]O[H],10,C[N+](=O)[O-],C[N+](=O)[O-],0,0.067,1.3,30,56.0,78.0,3.545454545,0.636709948,2.663994422,1
607,R1323,OC1=CC=C(C)C=C1Br,O=C1C=C[C@@](O)(C)C=C1Br,IC1=C2C(CC(C)(C)[C@@H]2OCC3=CC=CC=C3)=CC=C1OCP(OCC)(OCC)=O,0.1,283.15,10,CC(C)=O,0.0,CC(C)=O,0,CC(=O)C,O,2,0.165,2.2,23,59.0,79.5,3.87804878,0.762617494,3.190791595,1
608,R1902,OC1=C(CCC(O)=O)C=CC2=C1C=CC=C2,O=C1[C@@]2(OC(CC2)=O)C=CC3=C1C=CC=C3,IC1=C(O[C@H](C)C(O)=O)C=CC=C1O[C@H](C)C(O)=O,0.15,273.15,0,ClCCl,0.0,ClCCl,0,C(Cl)Cl,C(Cl)Cl,0,0.2,1.3,26,43.0,71.5,2.50877193,0.499270537,2.088947925,6
609,R1917,OC1=C(CCC(O)=O)C=CC2=C1C=CC=C2,O=C1[C@@]2(OC(CC2)=O)C=CC3=C1C=CC=C3,IC1=C(O[C@H](C)C(NC2=C(C)C=C(C)C=C2C)=O)C=CC=C1O[C@H](C)C(NC3=C(C)C=C(C)C=C3C)=O,0.15,298.15,25,ClCCl,0.0,ClCCl,0,C(Cl)Cl,C(Cl)Cl,0,0.02,1.3,70,83.0,91.5,10.76470588,1.407912206,5.890704668,6
610,R2208,OC1=C(CCC(O)=O)C=CC2=CC=CC=C21,O=C1[C@@]2(CCC(O2)=O)C=CC3=CC=CC=C31,IC1=C(C(OC(C)=O)C)C=CC2=C1[C@]3(CCC4=C3C(I)=C(C(C)OC(C)=O)C=C4)CC2,0.15,273.15,0,CC(O)=O,1.0,CC(O)=O,0,C(Cl)Cl,C(Cl)Cl,0,0.05,1.3,45,77.0,88.5,7.695652174,1.107682678,4.634544325,4
611,R0322,OC1=C(OCC(O)=O)C=C(C(C)C)C=C1[Si](C)(C)C,O=C1[C@@]2(OC(CO2)=O)C=C(C(C)C)C=C1[Si](C)(C)C,IC1=C(O[C@@H](C)CNC(C2=C(C)C=C(C)C=C2C)=O)C=CC=C1O[C@@H](C)CNC(C3=C(C)C=C(C)C=C3C)=O,0.1,273.15,0,CO,10.0,CO,0,C(Cl)(Cl)Cl,C(Cl)(Cl)Cl,0,0.02,1.2,93,92.0,96.0,24.0,1.725070767,7.21769609,5
612,R1912,OC1=C(CCC(O)=O)C=CC2=C1C=CC=C2,O=C1[C@@]2(OC(CC2)=O)C=CC3=C1C=CC=C3,IC1=C(O[C@H](C(C)C)C(NC2=C(C)C=C(C)C=C2C)=O)C=CC=C1O[C@H](C(C)C)C(NC3=C(C)C=C(C)C=C3C)=O,0.15,273.15,0,ClCCl,0.0,ClCCl,0,C(Cl)Cl,C(Cl)Cl,0,0.2,1.3,70,83.0,91.5,10.76470588,1.289858189,5.396766661,3
613,R0904,OC1=C(CCC(O)=O)C=CC2=CC=CC=C21,O=C1[C@]2(CCC(O2)=O)C=CC3=CC=CC=C31,IC1=CC=CC=C1[C@@H](OCC2=CC=CC=C2)C3=CN(CC4=CC=CC=C4)N=N3,0.5,273.15,0,ClCCl,0.0,ClCCl,0,C(Cl)Cl,C(Cl)Cl,0,0.02,1.3,46,42.0,71.0,2.448275862,0.486020982,2.033511791,3
614,R2215,OC1=C(CCC(O)=O)C=C(Br)C2=CC=CC=C21,O=C1[C@@]2(CCC(O2)=O)C=C(Br)C3=CC=CC=C31,IC1=C(CC)C=CC2=C1[C@]3(CCC4=C3C(I)=C(CC)C=C4)CC2,0.1,273.15,0,CC(O)=O,1.0,ClC(Cl)Cl,0,C(Cl)(Cl)Cl,C(Cl)(Cl)Cl,0,0.05,1.3,96,82.0,91.0,10.11111111,1.255857891,5.254509417,8
615,R2518,OC1=C(CCC(O)=O)C=CC2=CC=CC=C21,O=C1[C@@]2(CCC(O2)=O)C=CC3=CC=CC=C31,IC1=C(CCC2=CC=C(CC3)C=C2)C=CC3=C1OCC(OCC)=O,0.15,273.15,0,OC(C(F)(F)F)=O,20.0,ClCCl,0,C(Cl)Cl,C(Cl)Cl,0,0.02,1.3,31,14.0,57.0,1.325581395,0.152990858,0.640113751,2
616,R0749,OC1=C(CCCNS(=O)(C)=O)C=CC2=C1C=CC=C2,O=C1[C@]2(N(S(=O)(C)=O)CCC2)C=CC3=C1C=CC=C3,IC1=C(O[C@@H](C)CNC(C2=CC(OC)=CC(OC)=C2)=O)C=CC=C1O[C@@H](C)CNC(C3=CC(OC)=CC(OC)=C3)=O,0.4,253.15,-20,ClCCl,0.0,ClCCl,0,C(Cl)Cl,C(Cl)Cl,0,0.02,1.3,15,6.0,53.0,1.127659574,0.06044016,0.25288163,1
617,R0246,OC1=C(CCC(O)=O)C=C(C(C)(C)C)C=C1C(C)(C)C,O=C1[C@@]2(OC(CC2)=O)C=C(C(C)(C)C)C=C1C(C)(C)C,C[C@@H](CNC(C1=C(C)C=C(C)C=C1C)=O)OC2=CC=CC(O[C@@H](C)CNC(C3=C(C)C=C(C)C=C3C)=O)=C2I(OC(C)=O)OC(C)=O,1.0,273.15,0,OC(C(F)(F)F)C(F)(F)F,250.0,OC(C(F)(F)F)C(F)(F)F,0,C(Cl)Cl,C(Cl)Cl,0,0.02,0.0,80,31.0,65.5,1.898550725,0.347988766,1.455984997,1
618,R1034,OC1=CC=C(CCC(O)=O)C=C1Br,O=C1C=C[C@@]2(CCC(O2)=O)C=C1Br,IC1=C2C(CCCC23O[C@@H](C(NC4=C(C)C=C(C)C=C4C)=O)[C@H](C(NC5=C(C)C=C(C)C=C5C)=O)O3)=CC=C1,0.1,273.15,0,CC#N,0.0,CC#N,0,CC#N,O,1,0.16,2.2,27,20.0,60.0,1.5,0.220089414,0.920854108,4
619,R1615,OC1=CC(C2=CC=CC=C2C(O)=O)=CC=C1,O=C1C=C[C@]2(OC)C(C3=CC=CC=C3C(O2)=O)=C1,IC1=C(O[C@H](C)C(NC2=CC=C(C)C=C2)=O)C=CC=C1O[C@H](C)C(NC3=CC=C(C)C=C3)=O,0.05,293.15,20,CO,0.0,CO,0,CO,CO,0,0.3,1.5,15,34.0,67.0,2.03030303,0.412554301,1.726127197,8
620,R0218,BrC1=CC(CCC(O)=O)=C(O)C=C1C(C)C,BrC1=C[C@]2(OC(CC2)=O)C(C=C1C(C)C)=O,IC1=C(O[C@@H](C)C(NC2=C(C)C=C(C)C=C2C)=O)C=CC=C1O[C@@H](C)C(NC3=C(C)C=C(C)C=C3C)=O,0.05,253.15,-20,OC(C(F)(F)F)C(F)(F)F,50.0,OC(C(F)(F)F)C(F)(F)F,0,C(Cl)Cl,C(Cl)Cl,0,0.02,1.2,34,79.0,89.5,8.523809524,1.077995317,4.510332407,1
621,R1309,OC1=CC=C(C)C=C1Br,O=C1C=C[C@@](O)(C)C=C1Br,COC1=CC=C(CC(C)(C)[C@@H]2OCC3=CC=CC=C3)C2=C1I,0.1,283.15,10,CC(C)=O,0.0,CC(C)=O,0,CC(=O)C,O,9,0.165,2.2,51,54.0,77.0,3.347826087,0.679891843,2.844667472,0
622,R0156,OC1=C(CCC(O)=O)C=CC2=C1C=CC=C2,O=C1[C@@]2(OC(CC2)=O)C=CC3=C1C=CC=C3,IC1=C(O[C@@H](C)CNC(C2=C(C)C=C(C)C=C2C)=O)C=CC=C1O[C@@H](C)CNC(C3=C(C)C=C(C)C=C3C)=O,0.05,273.15,0,CC(O)=O,6.0,CC(O)=O,0,C(CCl)Cl,C(CCl)Cl,0,0.02,1.2,78,93.0,96.5,27.57142857,1.800372364,7.532757971,6
623,R0227,OC1=C(CCC(O)=O)C=C(C(C)(C)C)C=C1C(C)(C)C,O=C1[C@@]2(OC(CC2)=O)C=C(C(C)(C)C)C=C1C(C)(C)C,IC1=C(O[C@@H](C)C(NC2=C(C)C=C(C)C=C2C)=O)C=CC=C1O[C@@H](C)C(NC3=C(C)C=C(C)C=C3C)=O,0.1,263.15,-10,CO,25.0,CO,0,C(Cl)Cl,C(Cl)Cl,0,0.02,1.2,30,92.0,96.0,24.0,1.661916062,6.953456804,5
624,R2110,OC1=C(CCC(O)=O)C=C(Br)C2=CC=CC=C21,O=C1[C@@]2(CCC(O2)=O)C=C(Br)C3=CC=CC=C31,CC1=C2C([C@@H]3CC[C@H]2C3)=C(I)C4=C1[C@H]5CC[C@@H]4C5,0.1,273.15,0,ClC(Cl)Cl,0.0,ClC(Cl)Cl,0,C(Cl)(Cl)Cl,C(Cl)(Cl)Cl,0,0.13,1.5,64,40.0,70.0,2.333333333,0.45991945,1.924302979,0
625,R1801,OC1=C(CCC(O)=O)C=CC2=CC=CC=C21,O=C1[C@@]2(CCC(O2)=O)C=CC3=CC=CC=C31,IC1=C(C=CC=C1OC[C@@H]2[C@@H](OC(C)=O)[C@H](OC(C)=O)[C@@H](OC(C)=O)[C@@H](OC)O2)OC[C@H]3O[C@H](OC)[C@H](OC(C)=O)[C@@H](OC(C)=O)[C@@H]3OC(C)=O,0.15,298.15,25,ClCCl,0.0,ClCCl,0,C(Cl)Cl,C(Cl)Cl,0,0.05,1.3,14,0.0,50.0,1.0,0.0,0.0,0
626,R1030,CC1=CC=C(O)C=C1C,O=C1C=C[C@@](O)(C)C(C)=C1,IC1=C2C(CCCC23O[C@@H](C(NC4=C(C)C=C(C)C=C4C)=O)[C@H](C(NC5=C(C)C=C(C)C=C5C)=O)O3)=CC=C1,0.1,298.15,25,CC#N,0.0,CC#N,0,CC#N,O,9,0.16,2.2,43,0.0,50.0,1.0,0.0,0.0,8
627,R2046,OC1=C(C(N(C)C2=CC=CC=C2)=O)C=CC3=CC=CC=C31,O=C1[C@@]2(C(C=CC=C3)=C3N(C)C2=O)C=CC4=CC=CC=C41,IC1=C(C=CC=C1O[C@@H]([C@@H](NC(C2=CC=C(C(C)(C)C)C=C2)=O)CO[Si](C3=CC=CC=C3)(C(C)(C)C)C4=CC=CC=C4)C5=CC=C([N+]([O-])=O)C=C5)O[C@@H]([C@H](CO[Si](C6=CC=CC=C6)(C(C)(C)C)C7=CC=CC=C7)NC(C8=CC=C(C(C)(C)C)C=C8)=O)C9=CC=C([N+]([O-])=O)C=C9,0.15,253.15,-20,OCC(F)(F)F,50.0,[H]O[H],10,C[N+](=O)[O-],C[N+](=O)[O-],0,0.067,1.3,40,87.0,93.5,14.38461538,1.341246128,5.611773801,3
628,R0715,OC1=C(CCCNS(C2=CC=C(C)C=C2)(=O)=O)C=C(Br)C3=C1C=CC=C3,O=C1[C@]2(N(S(C3=CC=C(C)C=C3)(=O)=O)CCC2)C=C(Br)C4=C1C=CC=C4,IC1=C(OC[C@H](C(C)(C)C)NC(C2=C(C)C=C(C)C=C2C)=O)C=CC=C1OC[C@H](C(C)(C)C)NC(C3=C(C)C=C(C)C=C3C)=O,0.2,253.15,-20,ClCCl,0.0,ClCCl,0,C(Cl)Cl,C(Cl)Cl,0,0.02,1.3,22,26.0,63.0,1.702702703,0.267738598,1.120218292,6
629,R0718,OC1=C(CCCNS(C2=CC=C([N+]([O-])=O)C=C2)(=O)=O)C=C(Br)C3=C1C=CC=C3,O=C1[C@]2(N(S(C3=CC=C([N+]([O-])=O)C=C3)(=O)=O)CCC2)C=C(Br)C4=C1C=CC=C4,IC1=C(O[C@@H](C)CNC(C2=C(C)C=C(C)C=C2C)=O)C=CC=C1O[C@@H](C)CNC(C3=C(C)C=C(C)C=C3C)=O,0.2,253.15,-20,ClCCl,0.0,ClCCl,0,C(Cl)Cl,C(Cl)Cl,0,0.02,1.3,18,37.0,68.5,2.174603175,0.390802595,1.635118058,4
630,R1021,CC1=CC=C(O)C(Br)=C1,O=C1C=C[C@@](O)(C)C=C1Br,IC1=C2C(CCCC23O[C@@H](C(NC4=C(C)C=C(C)C=C4C)=O)[C@H](C(NC5=C(C)C=C(C)C=C5C)=O)O3)=CC=C1,0.1,273.15,0,CC#N,0.0,CC#N,0,CC#N,O,2,0.16,2.2,21,36.0,68.0,2.125,0.409152825,1.711895418,7
631,R1910,OC1=C(CCC(O)=O)C=CC2=C1C=CC=C2,O=C1[C@@]2(OC(CC2)=O)C=CC3=C1C=CC=C3,IC1=C(O[C@H](C)C(NC2=C(C)C=C(C)C=C2C)=O)C=C(C)C=C1O[C@H](C)C(NC3=C(C)C=C(C)C=C3C)=O,0.15,273.15,0,ClCCl,0.0,ClCCl,0,C(Cl)Cl,C(Cl)Cl,0,0.2,1.3,37,50.0,75.0,3.0,0.596334752,2.495064603,9
632,R1808,OC1=C(CCC(O)=O)C=CC2=CC=CC=C21,O=C1[C@@]2(CCC(O2)=O)C=CC3=CC=CC=C31,IC1=C(C=CC=C1OC[C@@H]2[C@@H](OCC3=CC=CC=C3)[C@H](OCC4=CC=CC=C4)[C@@H](OCC5=CC=CC=C5)[C@@H](OC)O2)OC[C@H]6O[C@H](OC)[C@H](OCC7=CC=CC=C7)[C@@H](OCC8=CC=CC=C8)[C@@H]6OCC9=CC=CC=C9,0.15,273.15,0,ClCCl,0.0,ClCCl,0,C(Cl)Cl,C(Cl)Cl,0,0.05,1.3,67,56.0,78.0,3.545454545,0.687012926,2.874462083,6
633,R0539,OC1=C(CC(C)(C)CO)C=C(C2=CC=C(C(F)(F)F)C=C2)C3=CC=CC=C31,O=C1[C@@]2(OCC(C)(C)C2)C=C(C3=CC=C(C(F)(F)F)C=C3)C4=CC=CC=C41,IC1=C(OC[C@H](C(C)(C)C)NC(C2=C(C)C=C(C)C=C2C)=O)C=CC=C1OC[C@H](C(C)(C)C)NC(C3=C(C)C=C(C)C=C3C)=O,0.2,253.15,-20,ClCCl,0.0,ClCCl,0,C(Cl)Cl,C(Cl)Cl,0,0.02,1.8,64,87.0,93.5,14.38461538,1.341246128,5.611773801,1
634,R0361,OC1=CC=C(OC(C(O)=O)(C)C)C=C1[Si](C)(C(C)(C)C)C,O=C1C=C[C@@]2(OC(C(C)(C)O2)=O)C=C1[Si](C)(C(C)(C)C)C,CC([C@@H](C(NC(C(C1=CC=CC=C1)=CC=C2)=C2C3=CC=CC=C3)=O)OC(C=CC=C4O[C@H](C(NC(C(C5=CC=CC=C5)=CC=C6)=C6C7=CC=CC=C7)=O)C(C)C)=C4I)C,0.1,273.15,0,CO,10.0,CO,0,C(Cl)Cl,C(Cl)Cl,0,0.02,1.2,70,63.0,81.5,4.405405405,0.804892167,3.367668825,2
635,R2101,OC1=C(CCC(O)=O)C=CC2=CC=CC=C21,O=C1[C@@]2(CCC(O2)=O)C=CC3=CC=CC=C31,CC1=C2C([C@@H]3CC[C@H]2C3)=C(I)C4=C1[C@H]5CC[C@@H]4C5,0.15,298.15,25,ClCCl,0.0,ClCCl,0,C(Cl)Cl,C(Cl)Cl,0,0.13,1.5,65,39.0,69.5,2.278688525,0.487972839,2.04167836,0
636,R0211,OC1=C(CCC(O)=O)C=C(C(C)(C)C)C=C1C(C)(C)C,O=C1[C@@]2(OC(CC2)=O)C=C(C(C)(C)C)C=C1C(C)(C)C,IC1=C(O[C@@H](C)CNC(C2=C(C)C=C(C)C=C2C)=O)C=CC=C1O[C@@H](C)CNC(C3=C(C)C=C(C)C=C3C)=O,0.1,263.15,-10,CO,10.0,CO,0,Cc1ccccc1,Cc1ccccc1,0,0.02,1.2,39,76.0,88.0,7.333333333,1.041911771,4.359358848,5
637,R0212,OC1=C(CCC(O)=O)C=C(C(C)(C)C)C=C1C(C)(C)C,O=C1[C@@]2(OC(CC2)=O)C=C(C(C)(C)C)C=C1C(C)(C)C,IC1=C(O[C@@H](C)CNC(C2=C(C)C=C(C)C=C2C)=O)C=CC=C1O[C@@H](C)CNC(C3=C(C)C=C(C)C=C3C)=O,0.1,263.15,-10,CO,10.0,CO,0,C[N+](=O)[O-],C[N+](=O)[O-],0,0.02,1.2,66,81.0,90.5,9.526315789,1.17872619,4.931790377,0
638,R1352,OC1=CC=C(C)C=C1Br,O=C1C=C[C@@](O)(C)C=C1Br,IC1=C(O[C@H](C(NC(C(C2=CC=CC=C2)=CC=C3)=C3C4=CC=CC=C4)=O)C)C=CC=C1O[C@@H](C)C(NC5=C(C6=CC=CC=C6)C=CC=C5C7=CC=CC=C7)=O,0.1,283.15,10,O=C(C)CC,0.0,O=C(C)CC,0,CCC(=O)C,O,2,0.167,2.2,7,33.0,66.5,1.985074627,0.385804804,1.614207299,8
639,R1314,OC1=CC=C(C)C=C1Br,O=C1C=C[C@@](O)(C)C=C1Br,COC1=CC=C(CC(C)(C)[C@@H]2OCC3=CC=CC4=C3C=CC=C4)C2=C1I,0.1,283.15,10,CC(C)=O,0.0,CC(C)=O,0,CC(=O)C,O,2,0.165,2.2,57,53.0,76.5,3.255319149,0.664125067,2.778699282,2
640,R2040,OC1=C(CCCO)C=CC2=CC(OC)=CC=C21,O=C1[C@]2(OCCC2)C=CC3=CC(OC)=CC=C31,IC1=C(C=CC=C1O[C@@H]([C@@H](NC(C2=C(C)C=C(C)C=C2C)=O)CO[Si](C3=CC=CC=C3)(C(C)(C)C)C4=CC=CC=C4)C5=CC=C([N+]([O-])=O)C=C5)O[C@@H]([C@H](CO[Si](C6=CC=CC=C6)(C(C)(C)C)C7=CC=CC=C7)NC(C8=C(C)C=C(C)C=C8C)=O)C9=CC=C([N+]([O-])=O)C=C9,0.15,253.15,-20,CCO,5.0,CCO,0,C(Cl)Cl,C(Cl)Cl,0,0.02,1.5,73,94.0,97.0,32.33333333,1.748696704,7.31654701,4
641,R1222,OC1=CC=C(C)C=C1[Si](C)(C)C(C)(C)C,O=C1C=C[C@@](O)(C)C=C1[Si](C)(C)C(C)(C)C,IC1=C(O[C@H](C)C(NC2=C(C(C)C)C=CC=C2C(C)C)=O)C=C(C)C=C1O[C@H](C)C(NC3=C(C(C)C)C=CC=C3C(C)C)=O,0.1,268.15,-5,CC#N,0.0,CC#N,0,CC#N,O,9,0.16,1.8,30,44.0,72.0,2.571428571,0.503276408,2.105708489,6
642,R1927,OC1=C(CCC(O)=O)C=C(Cl)C2=C1C=CC=C2,O=C1[C@@]2(OC(CC2)=O)C=C(Cl)C3=C1C=CC=C3,IC1=C(O[C@H](C)C(NC2=C(C)C=C(C)C=C2C)=O)C=CC=C1O[C@H](C)C(NC3=C(C)C=C(C)C=C3C)=O,0.1,273.15,0,ClC(Cl)Cl,0.0,ClC(Cl)Cl,0,C(Cl)(Cl)Cl,C(Cl)(Cl)Cl,0,0.02,1.3,72,90.0,95.0,19.0,1.598262924,6.687132075,6
643,R1031,CC1=CC=C(O)C(C)=C1OC,O=C1C=C[C@@](O)(C)C(OC)=C1C,IC1=C2C(CCCC23O[C@@H](C(NC4=C(C)C=C(C)C=C4C)=O)[C@H](C(NC5=C(C)C=C(C)C=C5C)=O)O3)=CC=C1,0.1,273.15,0,CC#N,0.0,CC#N,0,CC#N,O,2,0.16,2.2,20,34.0,67.0,2.03030303,0.384408008,1.608363104,2
644,R0347,OC1=CC=C(OC(C(O)=O)(C)C)C=C1Br,O=C1C=C[C@@]2(OC(C(C)(C)O2)=O)C=C1Br,IC1=C(O[C@@H](C)CNC(C2=C(C)C=C(C)C=C2C)=O)C=CC=C1O[C@@H](C)CNC(C3=C(C)C=C(C)C=C3C)=O,0.1,273.15,0,ClCCl,0.0,ClCCl,0,C(Cl)Cl,C(Cl)Cl,0,0.02,1.2,60,40.0,70.0,2.333333333,0.45991945,1.924302979,9
645,R0152,OC1=C(CCC(O)=O)C=CC2=C1C=CC=C2,O=C1[C@@]2(OC(CC2)=O)C=CC3=C1C=CC=C3,IC1=C(O[C@@H](C)CNC(C2=C(C)C=C(C)C=C2C)=O)C=CC=C1O[C@@H](C)CNC(C3=C(C)C=C(C)C=C3C)=O,0.05,273.15,0,CCO,17.0,CCO,0,C(CCl)Cl,C(CCl)Cl,0,0.02,1.2,76,97.0,98.5,65.66666667,2.271426713,9.503649367,8
646,R0616,OC1=C(OCC(O)=O)C=CC2=C1C=CC=C2,O=C1[C@@]2(CCC(O2)=O)C=CC3=C1C=CC=C3,IC1=C(O[C@H](C)C(NC2=C(C)C=C(C)C=C2C)=O)C=CC=C1O[C@H](C)C(NC3=C(C)C=C(C)C=C3C)=O,0.15,253.15,-20,ClC(Cl)Cl,0.0,ClC(Cl)Cl,0,C(Cl)(Cl)Cl,C(Cl)(Cl)Cl,0,0.02,1.3,55,92.0,96.0,24.0,1.598761357,6.689217518,4
647,R2118,OC1=C(CCC(O)=O)C=C(C#N)C2=CC=CC=C21,O=C1[C@@]2(CCC(O2)=O)C=C(C#N)C3=CC=CC=C31,CC1=C2C([C@@H]3CC[C@H]2C3)=C(I)C4=C1[C@H]5CC[C@@H]4C5,0.1,253.15,-20,ClC(Cl)Cl,0.0,ClC(Cl)Cl,0,C(Cl)(Cl)Cl,C[N+](=O)[O-],2,0.13,1.5,32,23.0,61.5,1.597402597,0.235624121,0.985851321,7
648,R0724,OC1=C(CCCNS(=O)(C)=O)C=CC2=C1C=CC=C2,O=C1[C@]2(N(S(=O)(C)=O)CCC2)C=CC3=C1C=CC=C3,IC1=C(O[C@H](C)C(OC)=O)C=CC=C1,0.2,273.15,0,ClCCl,0.0,ClCCl,0,C(Cl)Cl,C(Cl)Cl,0,0.02,1.3,23,0.0,50.0,1.0,0.0,0.0,0
649,R1321,OC1=CC=C(C)C=C1Br,O=C1C=C[C@@](O)(C)C=C1Br,IC1=C2C(CC(C)(C)[C@@H]2OCC3=CC=CC=C3)=CC=C1O[Si](C4=CC=CC=C4)(C5=CC=CC=C5)C6=CC=CC=C6,0.1,283.15,10,CC(C)=O,0.0,CC(C)=O,0,CC(=O)C,O,2,0.165,2.2,46,52.0,76.0,3.166666667,0.648589033,2.713696515,6
650,R2523,OC1=C(CCC(O)=O)C=CC2=CC=CC=C21,O=C1[C@@]2(CCC(O2)=O)C=CC3=CC=CC=C31,IC1=C(CCC2=CC=C(CC3)C=C2)C=CC3=C1OCC(OCC)=O,0.15,253.15,-20,ClCCl,0.0,ClCCl,0,C(Cl)Cl,C(Cl)Cl,0,0.02,1.3,57,62.0,81.0,4.263157895,0.729446498,3.052004146,4
651,R1926,OC1=C(CCC(O)=O)C=C(C)C2=C1C=CC=C2,O=C1[C@@]2(OC(CC2)=O)C=C(C)C3=C1C=CC=C3,IC1=C(O[C@H](C)C(NC2=C(C)C=C(C)C=C2C)=O)C=CC=C1O[C@H](C)C(NC3=C(C)C=C(C)C=C3C)=O,0.1,273.15,0,ClC(Cl)Cl,0.0,ClC(Cl)Cl,0,C(Cl)(Cl)Cl,C[N+](=O)[O-],2,0.02,1.3,59,84.0,92.0,11.5,1.32572376,5.546828212,9
652,R1035,CC1=CC=C(O)C(Br)=C1,O=C1C=C[C@@](O)(C)C=C1Br,IC1=C2C(CCCC23O[C@@H](C(NC4=C(C)C=C(C)C=C4C)=O)[C@H](C(NC5=C(C)C=C(C)C=C5C)=O)O3)=CC=C1,0.1,273.15,0,CO,0.0,CO,0,CO,CO,0,0.16,2.2,60,30.0,65.0,1.857142857,0.336018991,1.405903459,5
653,R0408,OC(C(Cl)=C(OC)C=C1C(OC)=O)=C1OC2=C(C(O)=O)C(O)=CC(C)=C2,O=C1[C@]2(OC(C(C(O)=CC(C)=C3)=C3O2)=O)C(C(OC)=O)=CC(OC)=C1Cl,IC1=C(O[C@H](C)CNC(C2=C(C)C=C(C)C=C2C)=O)C=CC=C1O[C@H](C)CNC(C3=C(C)C=C(C)C=C3C)=O,0.2,298.15,25,ClC(Cl)Cl,0.0,ClC(Cl)Cl,0,C(Cl)(Cl)Cl,C(Cl)(Cl)Cl,0,0.01,1.5,65,96.0,98.0,49.0,2.305855321,9.647698662,1
654,R2407,OC1=C(CCC(O)=O)C=CC2=CC=CC=C21,O=C1[C@@]2(CCC(O2)=O)C=CC3=CC=CC=C31,O=C(OI1C2=CC=CC3=C2C4(CCC5=C4C(I(OC(C)=O)O1)=CC=C5)CC3)C,0.55,273.15,0,OC(C(F)(F)F)C(F)(F)F,0.0,OC(C(F)(F)F)C(F)(F)F,0,C(C(F)(F)F)(C(F)(F)F)O,C(C(F)(F)F)(C(F)(F)F)O,0,0.02,0.0,87,0.0,50.0,1.0,0.0,0.0,3
655,R1420,O=C(C1=CC(Br)=CC=C1)NCC2=C(O)C=CC3=C2C=CC=C3,O=C1C=CC2=C(C=CC=C2)[C@]13CN=C(C4=CC(Br)=CC=C4)O3,IC1=C([C@@H](O[Si](C(C)C)(C(C)C)C(C)C)C2=CN(CC3=CC=CC=C3)N=N2)C=CC=C1OC(C)C,0.1,273.15,0,CC#N,0.0,CC#N,0,CC#N,C(C(F)(F)F)(C(F)(F)F)O,3,0.05,1.5,82,88.0,94.0,15.66666667,1.493553409,6.249027465,4
656,R0714,OC1=C(CCCNS(C)(=O)=O)C=C(C2=CC(C(F)(F)F)=CC(C(F)(F)F)=C2)C3=C1C=CC=C3,O=C1[C@]2(N(S(=O)(C)=O)CCC2)C=C(C3=CC(C(F)(F)F)=CC(C(F)(F)F)=C3)C4=C1C=CC=C4,IC1=C(O[C@@H](C)CNC(C2=C(C)C=C(C)C=C2C)=O)C=CC=C1O[C@@H](C)CNC(C3=C(C)C=C(C)C=C3C)=O,0.2,253.15,-20,ClCCl,0.0,ClCCl,0,C(Cl)Cl,C(Cl)Cl,0,0.02,1.3,15,14.0,57.0,1.325581395,0.141788892,0.593244722,3
657,R0341,OC1=C(OC(CCC)(CCC)CO)C=C(C(C)C)C=C1[Si](C)(C)C,O=C1[C@@]2(OC(C(CCC)(CCC)O2)=O)C=C(C(C)C)C=C1[Si](C)(C)C,IC1=C(O[C@@H](C)CNC(C2=C(C)C=C(C)C=C2C)=O)C=CC=C1O[C@@H](C)CNC(C3=C(C)C=C(C)C=C3C)=O,0.1,273.15,0,CC1=CC=CC=C1,0.0,CC1=CC=CC=C1,0,Cc1ccccc1,O,5,0.02,1.2,35,64.0,82.0,4.555555556,0.823084462,3.443785389,0
658,R1811,OC1=C(CCC(O)=O)C=CC2=CC=CC=C21,O=C1[C@@]2(CCC(O2)=O)C=CC3=CC=CC=C31,IC1=C(C=CC=C1OC[C@@H]2[C@@H](OCC3=CC=CC=C3)[C@H](OCC4=CC=CC=C4)[C@@H](OCC5=CC=CC=C5)[C@@H](OC)O2)OC[C@H]6O[C@H](OC)[C@H](OCC7=CC=CC=C7)[C@@H](OCC8=CC=CC=C8)[C@@H]6OCC9=CC=CC=C9,0.15,253.15,-20,ClCCl,0.0,ClCCl,0,C(Cl)Cl,C(Cl)Cl,0,0.05,1.3,75,60.0,80.0,4.0,0.697393428,2.917894101,4
659,R0381,OC1=C(OC(C)(C)CO)C=C(Br)C2=C1C=CC=C2,O=C1[C@@]2(OC(C(C)(C)O2)=O)C=C(Br)C3=C1C=CC=C3,IC1=C(O[C@@H](C)CNC(C2=C(C)C=C(C)C=C2C)=O)C=CC=C1O[C@@H](C)CNC(C3=C(C)C=C(C)C=C3C)=O,0.1,273.15,0,ClC(Cl)Cl,0.0,ClC(Cl)Cl,0,C(Cl)(Cl)Cl,C(Cl)(Cl)Cl,0,0.02,1.2,70,13.0,56.5,1.298850575,0.141933086,0.593848031,0
660,R0926,OC1=C(CCC(O)=O)C=C(C(C2=CC=CC=C2)=O)C3=CC=CC=C31,O=C1[C@]2(CCC(O2)=O)C=C(C(C3=CC=CC=C3)=O)C4=CC=CC=C41,IC1=CC=CC=C1[C@@H](O[Si](C(C)C)(C(C)C)C(C)C)C2=CN(CC3=CC=CC=C3)N=N2,0.15,273.15,0,ClCCl,0.0,ClCCl,0,C(Cl)Cl,C(Cl)Cl,0,0.02,1.3,76,72.0,86.0,6.142857143,0.985352616,4.122715345,8
661,R0320,OC1=C(OCC(O)=O)C(C)=CC=C1C(C)C,O=C1[C@@]2(OC(CO2)=O)C(C)=CC=C1C(C)C,IC1=C(O[C@@H](C)CNC(C2=C(C)C=C(C)C=C2C)=O)C=CC=C1O[C@@H](C)CNC(C3=C(C)C=C(C)C=C3C)=O,0.1,273.15,0,CO,100.0,CO,0,C(Cl)(Cl)Cl,C(Cl)(Cl)Cl,0,0.02,1.2,99,87.0,93.5,14.38461538,1.447210666,6.055129424,1
